# TreasureTurtle / Body  (local frame of part 'Body', bbox-centred; -Z = front)
v -0.96862 0.99092 0.39510
v -0.91209 1.09074 0.32694
v -0.93976 0.99755 0.23374
v -0.89912 1.03669 0.13089
v -0.81288 1.20870 0.17433
v -0.84417 1.21168 0.33998
v -0.82288 1.12736 0.04746
v -0.86891 0.99671 -0.02561
v -0.94685 1.05718 0.50119
v -1.01610 0.93835 0.52438
v -0.85173 1.22077 0.53800
v -0.81061 1.27097 0.41551
v -0.76280 1.30964 0.30818
v -0.78780 1.24606 0.17851
v -0.73604 1.22340 -0.01506
v -0.72539 1.27418 0.05858
v -0.82404 1.00767 -0.12494
v -0.84200 0.91746 -0.17665
v -0.92683 0.92230 0.09665
v -0.89509 0.92134 -0.01682
v -0.82547 0.93128 -0.24063
v -0.97056 0.92335 0.28114
v -0.73227 1.11923 -0.16084
v -0.77355 0.99873 -0.22825
v -0.65839 1.23323 -0.14669
v -0.74337 1.04953 -0.22236
v -0.70426 1.31494 0.10748
v -0.64608 1.30370 -0.04989
v -0.89376 1.14111 0.63541
v -0.77662 1.31506 0.51323
v -0.67507 1.12044 -0.24647
v -0.97579 0.90782 0.35684
v -0.99992 0.87811 0.25352
v -0.95212 0.91632 0.21707
v -0.96458 0.88008 0.09649
v -0.87779 0.87393 -0.07409
v -0.88068 0.87207 -0.16997
v -0.82768 1.24661 0.61589
v -0.68617 1.34841 0.18712
v -0.59856 1.29813 -0.12447
v -1.03474 0.87133 0.42701
v -0.99563 0.91331 0.44760
v -1.03807 0.86243 0.49711
v -0.99421 0.90866 0.55229
v -1.02513 0.86622 0.56711
v -1.12115 0.76935 0.50641
v -1.11142 0.78014 0.56267
v -1.17905 0.67776 0.54961
v -0.92109 1.06592 0.66901
v -0.83179 0.86475 -0.22714
v -0.62462 1.34954 0.04836
v -0.76979 1.29176 0.66214
v -0.73651 1.33498 0.61361
v -0.67497 1.36379 0.26483
v -0.62622 1.16658 -0.24771
v -0.69653 1.36266 0.42450
v -0.88061 1.09534 0.74972
v -0.80901 1.22081 0.72261
v -0.83485 1.14747 0.77965
v -0.75302 1.27354 0.74762
v -0.90861 1.04035 0.73681
v -0.77438 1.22273 0.78841
v -0.70864 1.35647 0.49340
v -0.95169 0.93690 0.63902
v -1.19569 0.68736 0.49945
v -1.22073 0.60525 0.54736
v -1.29003 0.51666 0.50402
v -1.26465 0.55538 0.56192
v -1.31528 0.48237 0.57752
v -1.31947 0.45425 0.50865
v -1.33451 0.41200 0.55604
v -1.33262 0.51902 0.75531
v -1.29739 0.63269 0.73220
v -1.26564 0.67028 0.64159
v -1.21926 0.75417 0.70647
v -1.24047 0.73802 0.84826
v -1.22411 0.71728 0.60758
v -1.14321 0.83118 0.64724
v -1.13147 0.86550 0.78368
v -1.09562 0.88877 0.71938
v -1.08215 0.88687 0.63423
v -1.30775 0.59495 0.89612
v -1.32410 0.56748 0.82484
v -1.13206 0.85396 0.90867
v -1.18552 0.79293 0.92335
v -1.25656 0.68073 0.96367
v -1.17643 0.75816 1.08102
v -1.12249 0.82318 1.07344
v -1.21036 0.67295 1.16235
v -1.04220 0.92531 0.93300
v -1.25043 0.60413 1.13853
v -1.16269 0.70591 1.24241
v -1.05755 0.86850 1.13184
v -1.08590 0.78362 1.25981
v -1.33090 0.51970 0.34845
v -1.20275 0.61514 1.27198
v -1.02168 0.92926 0.77084
v -1.34909 0.31610 0.44639
v -1.34121 0.37262 0.68104
v -1.35368 0.28339 0.68315
v -1.38008 0.23591 0.58255
v -1.39955 0.20715 0.64916
v -1.32421 0.27890 0.93365
v -1.33733 0.32056 0.77494
v -1.38381 0.20467 0.83968
v -1.36416 0.25538 0.37850
v -1.39141 0.20544 0.29841
v -1.34353 0.27177 0.24293
v -1.34567 0.20483 0.02172
v -1.31687 0.25877 0.05613
v -1.28795 0.23092 -0.11668
v -1.26978 0.19423 -0.26035
v -1.27998 0.29237 -0.04855
v -1.24925 0.28587 -0.15853
v -1.20577 0.23324 -0.33469
v -1.18971 0.27990 -0.32125
v -1.14897 0.20983 -0.48473
v -1.12811 0.28611 -0.44642
v -1.31205 0.34101 0.13306
v -1.50263 0.11036 0.47052
v -1.48477 0.10615 0.20899
v -1.54123 0.04594 0.26091
v -1.52634 0.01531 0.03538
v -1.45031 0.09969 -0.00934
v -1.57416 -0.03383 0.14299
v -1.59633 -0.03000 0.34918
v -1.55253 0.05126 0.49304
v -1.43103 0.08075 -0.14624
v -1.50635 -0.03483 -0.16061
v -1.40765 0.02153 -0.34763
v -1.60259 -0.02863 0.53693
v -1.56584 -0.11873 -0.06009
v -1.59612 -0.09089 0.13056
v -1.62370 -0.10413 0.31816
v -1.36148 0.08565 -0.33235
v -1.48160 -0.09303 -0.31081
v -1.42472 -0.07352 -0.43346
v -1.51993 -0.13978 -0.23821
v -1.55792 0.02677 0.77817
v -1.60271 -0.04642 0.73943
v -1.50882 0.10095 0.65977
v -1.63626 -0.11915 0.46422
v -1.37627 -0.05443 -0.51858
v -1.32770 0.03375 -0.50428
v -1.27416 0.11010 -0.47063
v -1.49617 0.09225 0.86864
v -1.58328 -0.04940 0.91479
v -1.63214 -0.12220 0.70649
v -1.30952 -0.05890 -0.64557
v -1.29002 -0.01170 -0.63257
v -1.51749 0.01434 1.07510
v -1.35029 0.20051 1.04067
v -1.45178 0.09821 1.07434
v -1.19621 0.08768 -0.64725
v -1.22365 -0.01777 -0.74276
v -1.42965 -0.13899 -0.46882
v -1.33784 0.37325 0.33957
v -1.63113 -0.20445 0.22461
v -1.60396 -0.13164 0.96083
v -1.07211 0.22204 -0.59276
v -1.09579 0.17787 -0.62615
v -1.03615 0.27738 -0.60329
v -1.34056 -0.14201 -0.64338
v -1.55977 -0.10801 1.14063
v -1.51471 -0.03697 1.20214
v -1.14785 -0.00514 -0.83328
v -1.10120 0.07709 -0.79459
v -1.59709 -0.27916 -0.00887
v -1.23688 -0.11695 -0.79491
v -1.26968 0.36099 -0.05566
v -1.20047 0.33655 -0.27038
v -1.30139 0.23921 1.11400
v -1.30610 0.20097 1.19841
v -1.26236 0.28870 1.17594
v -1.40375 0.09345 1.25942
v -1.45310 -0.00268 1.33473
v -1.62759 -0.26445 0.16719
v -1.61129 -0.31622 -0.00132
v -1.57694 -0.32460 -0.15695
v -1.56835 -0.27642 -0.12174
v -1.52212 -0.29607 -0.28228
v -1.57202 -0.37566 -0.34535
v -1.66995 -0.37248 0.00446
v -1.64973 -0.31533 0.22614
v -1.72615 -0.41315 0.16539
v -1.69582 -0.42572 -0.00412
v -1.68398 -0.40569 -0.05248
v -1.65260 -0.39157 -0.14594
v -1.71578 -0.37938 0.23823
v -1.74786 -0.39949 0.54193
v -1.72932 -0.37671 0.55855
v -1.71596 -0.38609 0.87950
v -1.72634 -0.41660 0.90252
v -1.70292 -0.38723 0.97247
v -1.45740 -0.31125 -0.45934
v -1.46021 -0.35725 -0.54800
v -1.62188 -0.39017 -0.24532
v -1.59918 -0.40240 -0.33570
v -1.55642 -0.39086 -0.42677
v -1.45486 -0.27445 -0.43978
v -1.40139 -0.31710 -0.58154
v -1.37771 -0.27211 -0.59648
v -1.46059 -0.38605 -0.62304
v -1.65566 -0.27293 0.52507
v -1.67212 -0.32649 0.40734
v -1.67377 -0.32740 0.63120
v -1.65138 -0.30023 0.76625
v -1.64289 -0.26043 0.77025
v -1.39716 -0.37662 -0.71592
v -1.43918 -0.42148 -0.69542
v -1.38408 -0.40976 -0.78689
v -1.30909 -0.38473 -0.86879
v -1.49138 -0.44697 -0.56852
v -1.30057 -0.31493 -0.75102
v -1.15508 0.37213 -0.37426
v -1.28525 -0.26066 -0.74909
v -1.50383 -0.38620 -0.53628
v -1.54228 -0.40307 -0.48001
v -1.12041 -0.07431 -0.92115
v -0.98427 0.22684 -0.70638
v -1.62206 -0.43985 -0.25770
v -0.97825 0.30890 -0.67454
v -1.51032 -0.10793 1.31102
v -1.37579 0.07548 1.38207
v -1.65723 -0.44077 -0.13766
v -1.31365 0.50709 0.94671
v -1.31786 0.37827 0.89842
v -1.27361 0.52310 1.11712
v -0.89132 0.18953 -0.84848
v -0.89508 0.28527 -0.77824
v -1.01502 0.00225 -0.97658
v -1.55992 -0.44400 -0.41996
v -1.15331 0.53424 -0.34670
v -1.22505 0.22577 1.36080
v -1.24903 0.19377 1.37154
v -1.29698 0.09994 1.50788
v -1.29374 0.62548 0.38591
v -1.30385 0.62982 0.28576
v -1.24247 0.73535 0.29462
v -1.23921 0.72440 0.15456
v -1.30711 0.60230 0.18192
v -1.23460 0.70578 0.06926
v -1.25538 0.59285 -0.07207
v -1.21054 0.64923 -0.14340
v -1.15070 0.73818 -0.15231
v -1.20032 0.78990 0.21413
v -1.15595 0.79063 0.00364
v -1.30559 0.54591 0.09820
v -1.14535 0.66099 -0.27015
v -1.19977 0.55319 -0.26257
v -1.09453 0.80625 -0.14071
v -1.22400 0.73433 0.43088
v -1.27558 0.65009 0.44164
v -1.22923 0.51291 -0.20275
v -1.16137 0.82098 0.37098
v -1.33498 0.47253 0.26610
v -1.09812 0.76377 -0.21042
v -1.26593 0.50579 -0.08739
v -1.13806 0.83468 0.43629
v -1.12005 0.58490 -0.36541
v -1.10849 0.83841 0.06905
v -1.07343 0.68093 -0.34239
v -1.12472 0.84826 0.26584
v -1.10013 0.86786 0.37545
v -1.20158 0.27385 1.35699
v -1.61652 -0.27765 0.98129
v -1.64422 -0.32705 0.92817
v -1.61692 -0.34071 1.12383
v -1.57917 -0.27520 1.15193
v -1.53392 -0.32750 1.36771
v -1.51951 -0.28236 1.35531
v -1.39716 -0.04890 1.53721
v -1.35464 0.03114 1.51774
v -1.28571 0.35920 1.05622
v -1.46068 -0.13480 1.46540
v -1.46003 -0.32543 1.54960
v -1.46591 -0.27509 1.49144
v -1.21829 0.52599 1.28945
v -1.23530 0.34471 1.23327
v -1.74543 -0.44095 0.52101
v -1.40806 -0.27138 1.61678
v -1.08500 0.38102 -0.50154
v -1.13368 0.23956 1.53171
v -1.17161 0.18985 1.54032
v -1.37769 -0.13251 1.64358
v -1.13241 0.29776 1.49248
v -1.19165 0.33393 1.35259
v -1.24847 0.00169 1.75388
v -1.32108 -0.05098 1.68832
v -1.23717 0.08628 1.64751
v -1.14426 0.61194 1.37570
v -1.11884 0.69092 1.33588
v -1.36667 -0.31703 1.72446
v -1.30255 -0.26780 1.80474
v -1.29713 -0.13442 1.78632
v -0.85052 1.04050 0.84059
v -1.15100 0.52006 1.41705
v -1.71688 -0.45463 0.83497
v -1.20917 -0.27841 -0.85942
v -1.16452 -0.15327 -0.90337
v -1.21176 -0.32926 -0.89217
v -1.24450 -0.38983 -0.96338
v -1.31570 -0.43823 -0.88005
v -1.11772 -0.29045 -0.97425
v -1.02486 0.78449 -0.27074
v -1.05320 0.23810 1.66667
v -1.06747 0.18273 1.72107
v -1.14716 0.08856 1.78473
v -1.05768 0.31205 1.62125
v -0.68419 1.34583 0.70061
v -1.06686 -0.32203 -1.04968
v -1.15138 -0.37809 -1.05237
v -0.99738 -0.05766 -1.04055
v -1.00228 0.09873 -0.87772
v -0.92941 0.49058 -0.74263
v -1.03440 0.47605 -0.57755
v -1.03991 0.50600 -0.50417
v -1.02203 0.55683 -0.55586
v -0.98413 0.62955 -0.44188
v -0.97035 0.67145 -0.53938
v -0.93989 0.73818 -0.49545
v -0.92305 0.73753 -0.37999
v -0.86502 0.81617 -0.32835
v -0.84019 0.86525 -0.42619
v -1.03150 0.57603 -0.40886
v -0.98315 0.66484 -0.36933
v -0.88737 0.80009 -0.28344
v -1.07835 0.48754 -0.44437
v -0.80255 0.88153 -0.28733
v -0.80456 0.90294 -0.38041
v -0.78865 0.91610 -0.25134
v -0.95219 0.73291 -0.33235
v -0.97943 0.59224 -0.61922
v -0.95824 0.56175 -0.68460
v -0.89412 0.58402 -0.76024
v -1.01232 0.84534 -0.17593
v -0.95780 0.85560 -0.23441
v -1.00297 -0.28399 -1.08978
v -1.04563 -0.11269 -1.02223
v -1.20007 -0.43030 -1.03548
v -1.12255 -0.41575 -1.12432
v -1.25170 -0.44435 -0.95941
v -1.06649 -0.38588 -1.15291
v -1.02249 0.85519 -0.10409
v -1.05126 0.86778 0.06049
v -0.91185 0.07861 -0.99206
v -0.90011 -0.01570 -1.09711
v -0.63350 1.05703 -0.32126
v -0.88434 -0.33011 -1.22019
v -0.93475 -0.38340 -1.26416
v -0.57340 1.23931 -0.21502
v -0.85672 -0.27737 -1.21095
v -0.88408 -0.11027 -1.16613
v -0.97637 -0.16135 -1.10388
v -0.97514 -0.43495 -1.25595
v -0.79523 0.03774 -1.13021
v -0.78974 -0.03806 -1.19674
v -0.95862 0.89089 0.62009
v -0.84180 -0.43409 -1.35832
v -1.71965 -0.45567 0.26270
v -0.84184 -0.38265 -1.33182
v -0.74059 -0.07968 -1.25326
v -0.72221 -0.42802 -1.43950
v -1.70636 -0.45055 0.12540
v -0.58264 1.09627 -0.32520
v -0.68959 -0.37547 -1.42718
v -0.67554 -0.41175 -1.47384
v -0.63751 -0.36339 -1.47286
v -0.62383 -0.41835 -1.53368
v -0.60939 -0.34661 -1.51526
v -0.57765 -0.27232 -1.45189
v -0.53326 -0.18915 -1.45235
v -0.49792 -0.15652 -1.49041
v -0.59083 -0.31938 -1.56587
v -0.52300 -0.20654 -1.53321
v -0.44401 -0.09294 -1.52694
v -0.44465 -0.07873 -1.47684
v -0.48239 -0.07294 -1.41408
v -0.58444 -0.24073 -1.41007
v -0.38551 -0.03208 -1.55056
v -0.63371 -0.29158 -1.38238
v -0.53672 -0.13345 -1.41000
v -0.50672 -0.17451 -1.56789
v -0.43824 -0.07776 -1.57900
v -0.54766 -0.21034 -1.62231
v -0.59909 -0.29774 -1.64257
v -0.49714 -0.11738 -1.63429
v -0.69346 -0.32472 -1.35357
v -0.50331 -0.02149 -1.34985
v -0.62271 -0.59959 -1.57576
v -0.59991 -0.57593 -1.60610
v -0.69713 -0.51623 -1.45419
v -0.57888 -0.66485 -1.64740
v -0.64213 -0.69483 -1.58565
v -0.69186 -0.59065 -1.50504
v -0.69989 -0.26417 -1.31652
v -0.78105 -0.30390 -1.27362
v -0.63024 -0.15579 -1.34866
v -0.57293 -0.09034 -1.35700
v -0.84032 -0.54229 -1.36367
v -0.82491 -0.66131 -1.45281
v -0.81690 -0.48536 -1.35279
v -0.95975 -0.50436 -1.24083
v -0.94739 -0.53948 -1.27196
v -1.11720 -0.54208 -1.09739
v -1.01127 -0.65104 -1.29022
v -1.11195 -0.65620 -1.18697
v -1.19930 -0.65034 -1.07729
v -1.04482 -0.74612 -1.28599
v -1.15332 -0.72899 -1.16450
v -0.89952 -0.62529 -1.37632
v -0.93649 -0.70271 -1.37891
v -1.16208 -0.78454 -1.15688
v -1.26871 -0.72675 -1.01251
v -1.25922 -0.84934 -1.01325
v -1.35383 -0.78879 -0.88264
v -1.35171 -0.89173 -0.84325
v -1.41197 -0.84634 -0.75991
v -0.89991 -0.78839 -1.41739
v -0.79903 -0.15413 -1.24225
v -0.66320 -0.10427 -1.30995
v -1.11787 -0.84566 -1.19506
v -0.99913 -0.86405 -1.31138
v -0.77501 -0.74179 -1.50892
v -0.67886 -0.64338 -1.54275
v -0.60773 -0.76576 -1.61260
v -0.41785 -0.00588 -1.64904
v -0.64533 -0.01386 -1.26758
v -0.67612 0.95016 -0.30149
v -1.20770 -0.50871 -0.96575
v -1.40930 -0.96560 -0.65821
v -1.26603 -0.93189 -0.94949
v -1.19181 -0.91446 -1.06765
v -1.14015 -0.90676 -1.13771
v -0.56685 -0.75458 -1.64645
v -0.51751 -0.75431 -1.70021
v -0.56049 1.03179 -0.37647
v -0.62581 0.97772 -0.33142
v -0.77514 -0.81034 -1.50657
v -1.44704 -0.93254 -0.61711
v -1.49744 -0.85974 -0.56574
v -1.49452 -0.96987 -0.44721
v -1.54648 -0.84750 -0.44417
v -1.54547 -0.93304 -0.35598
v -1.61283 -0.89314 -0.17034
v -1.55998 -0.98571 -0.20358
v -1.60722 -0.96633 -0.04060
v -1.65013 -0.93723 0.15418
v -1.57564 -0.49226 -0.24468
v -1.35415 -0.97505 -0.75544
v -1.61924 -0.98954 0.12731
v -1.04379 -0.91642 -1.23851
v -0.54438 -0.12595 -1.69369
v -0.50481 0.02858 -1.77236
v -0.44192 0.04907 -1.72392
v -0.78019 -0.85227 -1.49261
v -0.83688 -0.91274 -1.42411
v -0.52044 -0.83924 -1.64998
v -1.28462 -0.51450 -0.85525
v -1.32440 -0.52476 -0.79320
v -1.39005 -0.50733 -0.67400
v -1.25661 -0.99036 -0.90167
v -0.97830 0.90996 0.67317
v -0.56459 -0.85245 -1.61654
v -0.88879 0.92911 0.74821
v -1.69382 -0.46105 0.94814
v -1.68550 -0.45289 1.04547
v -1.68886 -0.40373 1.09812
v -1.65686 -0.45657 1.15660
v -1.67642 -0.40030 1.14637
v -1.65268 -0.40135 1.24075
v -1.62797 -0.45408 1.27452
v -1.61917 -0.39490 1.34092
v -1.59085 -0.45390 1.39132
v -1.58801 -0.39401 1.43043
v -1.56061 -0.40916 1.52035
v -0.89315 -0.93098 -1.36805
v -0.65511 -0.86201 -1.56565
v -0.99252 -0.95706 -1.25893
v -1.52765 -0.45122 1.56217
v -1.52344 -0.39570 1.59359
v -1.49252 -0.45128 1.63986
v -1.48132 -0.40848 1.69513
v -0.87334 0.94928 0.75879
v -1.44505 -0.45120 1.73469
v -1.42741 -0.40875 1.79617
v -1.44531 -0.50404 -0.56375
v -1.50439 -0.49757 -0.43394
v -0.67555 -0.92170 -1.52548
v -1.38450 -0.45191 1.84026
v -1.36096 -0.39788 1.89829
v -1.31007 -0.45182 1.95582
v -0.74253 0.93753 -0.27713
v -0.55829 0.99708 -0.36049
v -0.73498 0.90211 -0.26037
v -0.71997 0.91167 -0.32656
v -1.44229 -0.38202 1.73405
v -1.27931 -0.32709 1.87818
v -1.31627 -0.40339 1.96969
v -1.16395 -0.32668 2.03287
v -1.22315 -0.38935 2.08051
v -1.56059 -0.54993 -0.24493
v -1.53189 -0.55710 -0.34538
v -1.58283 -0.68359 -0.32857
v -1.52233 -0.66074 -0.49061
v -1.49263 -0.56823 -0.46837
v -1.59092 -0.55769 -0.13329
v -1.62987 -0.71354 -0.17254
v -1.60813 -0.58015 -0.08418
v -1.62435 -0.53661 0.03774
v -1.63643 -0.59101 0.05538
v -1.65980 -0.71046 -0.02186
v -1.69028 -0.72964 0.19479
v -1.69515 -0.73119 0.25674
v -1.65387 -0.57211 0.27246
v -1.66563 -0.59934 0.35645
v -1.69786 -0.71229 0.49725
v -1.65780 -0.53427 0.33698
v -1.66497 -0.60044 0.54801
v -1.65730 -0.56678 0.53957
v -1.65453 -0.54364 0.62018
v -1.68722 -0.72181 0.70037
v -1.64566 -0.57787 0.73031
v -1.66520 -0.78086 -0.01451
v -1.66603 -0.73300 0.87582
v -1.63343 -0.59291 0.85155
v -1.69364 -0.78002 0.65613
v -1.69504 -0.82383 0.29614
v -1.50939 -0.73148 -0.56260
v -1.56233 -0.79007 -0.42256
v -1.64607 -0.50552 0.09525
v -1.62181 -0.82515 -0.20428
v -1.66600 -0.85312 0.05130
v -1.50439 -0.49757 -0.43394
v -1.44924 -0.67530 -0.67604
v -1.43350 -0.55686 -0.60099
v -1.44531 -0.50404 -0.56375
v -1.43584 -0.76145 -0.73175
v -1.39005 -0.50733 -0.67400
v -1.38260 -0.56098 -0.71070
v -1.34486 -0.72387 -0.89356
v -1.33788 -0.66331 -0.87988
v -1.29807 -0.56054 -0.86107
v -1.57564 -0.49226 -0.24468
v -1.49744 -0.85974 -0.56574
v -1.35383 -0.78879 -0.88264
v -1.54648 -0.84750 -0.44417
v -1.68711 -0.87625 0.45521
v -1.68867 -0.83939 0.63578
v -1.41197 -0.84634 -0.75991
v -1.61283 -0.89314 -0.17034
v -1.65998 -0.83275 0.88844
v -1.65427 -0.50722 0.82846
v -1.58702 -0.60037 1.09435
v -1.59595 -0.56393 1.02870
v -1.56842 -0.53361 1.16586
v -1.55862 -0.52068 1.22701
v -1.61892 -0.71125 1.09584
v -1.62378 -0.82978 1.07191
v -1.53910 -0.58937 1.25344
v -1.56465 -0.70771 1.28515
v -1.56985 -0.79306 1.28192
v -1.59179 -0.83541 1.19132
v -1.65013 -0.93723 0.15418
v -1.66660 -0.93084 0.36107
v -1.62040 -0.52955 0.94572
v -1.52436 -0.80374 1.40922
v -1.49986 -0.71819 1.46715
v -1.51383 -0.59568 1.33409
v -1.66709 -0.91640 0.62391
v -1.46122 -0.59193 1.46799
v -1.51618 -0.52102 1.35615
v -1.40793 -0.60669 1.59640
v -1.38664 -0.54545 1.62703
v -1.44122 -0.74639 1.60597
v -1.44918 -0.55389 1.48942
v -1.33943 -0.69178 1.78022
v -1.64772 -0.92652 0.78000
v -1.32440 -0.52476 -0.79320
v -1.28462 -0.51450 -0.85525
v -1.22403 -0.56494 -0.97694
v -1.26871 -0.72675 -1.01251
v -1.19930 -0.65034 -1.07729
v -1.20770 -0.50871 -0.96575
v -1.15332 -0.72899 -1.16450
v -1.11720 -0.54208 -1.09739
v -1.11195 -0.65620 -1.18697
v -0.60348 -0.38625 -1.60036
v -0.59871 -0.52409 -1.63351
v -0.62383 -0.41835 -1.53368
v -0.59991 -0.57593 -1.60610
v -0.57888 -0.66485 -1.64740
v -0.59852 -0.44567 -1.64470
v -0.55428 -0.64622 -1.71184
v -0.60050 -0.39374 -1.67152
v -0.59962 -0.53169 -1.70395
v -0.59083 -0.31938 -1.56587
v -0.59909 -0.29774 -1.64257
v -0.60939 -0.34661 -1.51526
v -0.62553 -0.52111 -1.77639
v -0.58323 -0.59344 -1.75741
v -0.52269 -0.70050 -1.80060
v -0.51098 -0.72194 -1.74951
v -0.51751 -0.75431 -1.70021
v -0.62795 -0.59957 -1.88690
v -0.66514 -0.55278 -1.92425
v -0.66174 -0.50568 -1.85957
v -0.69531 -0.50480 -1.99736
v -0.69793 -0.45417 -1.95489
v -0.69439 -0.31900 -1.85958
v -0.72648 -0.31680 -1.99295
v -0.72748 -0.40638 -2.08534
v -0.63088 -0.35100 -1.71196
v -0.62704 -0.33234 -1.69677
v -0.66929 -0.59155 -2.06685
v -0.70514 -0.50213 -2.13184
v -0.62509 -0.65780 -2.03471
v -0.60107 -0.67036 -1.96216
v -0.73465 -0.28716 -2.13975
v -0.71248 -0.45001 -2.21103
v -0.72995 -0.37693 -2.16639
v -0.67428 -0.57354 -2.17994
v -0.70186 -0.20332 -1.93417
v -0.66359 -0.24967 -1.79912
v -0.72001 -0.19333 -2.04714
v -0.72713 -0.21505 -2.13214
v -0.72733 -0.26771 -2.20337
v -0.66448 -0.54320 -2.29982
v -0.62369 -0.66445 -2.15596
v -0.56249 -0.65023 -1.80906
v -0.61992 -0.61136 -2.36516
v -0.67472 -0.52184 -2.36731
v -0.69227 -0.44698 -2.30836
v -0.68869 -0.43055 -2.37808
v -0.70260 -0.52659 -2.45161
v -0.71994 -0.48699 -2.49804
v -0.68997 -0.56119 -2.49890
v -0.69699 -0.34417 -2.33105
v -0.70173 -0.50124 -2.56501
v -0.50216 -0.74792 -1.87821
v -0.55258 -0.75052 -2.06918
v -0.53004 -0.76111 -1.99919
v -0.46263 -0.77274 -1.80731
v -0.46895 -0.78519 -1.74518
v -0.53390 -0.76639 -2.18461
v -0.59348 -0.69375 -2.21881
v -0.59858 -0.64065 -2.34377
v -0.67715 -0.37044 -2.41233
v -0.65492 -0.56921 -2.57372
v -0.51145 -0.77064 -2.26093
v -0.46728 -0.82703 -2.13874
v -0.54570 -0.67606 -2.41374
v -0.45244 -0.82940 -2.01558
v -0.62591 -0.61278 -2.49815
v -0.39537 -0.83326 -1.86804
v -0.39242 -0.84599 -1.77036
v -0.69554 -0.19948 -2.30102
v -0.39461 -0.87243 -2.05608
v -0.44281 -0.84566 -1.70807
v -0.46972 -0.78998 -2.30957
v -0.37528 -0.87921 -2.20726
v -0.40651 -0.84842 -2.26762
v -0.37583 -0.88581 -2.10893
v -0.30824 -0.88417 -1.87313
v -0.66108 -0.33409 -2.43637
v -0.69372 -0.11610 -2.20597
v -0.68579 -0.10196 -2.00914
v -0.65662 -0.18903 -1.82394
v -0.68648 -0.08039 -2.11849
v -0.70003 -0.43677 -2.53234
v -0.67205 -0.11684 -1.93037
v -0.65914 -0.09427 -2.31164
v -0.58611 -0.24803 -1.66035
v -0.62509 -0.16022 -1.78535
v -0.54766 -0.21034 -1.62231
v -0.62099 -0.06270 -1.86162
v -0.64963 -0.27383 -2.43348
v -0.65902 -0.17309 -2.37947
v -0.63513 -0.33983 -2.50830
v -0.68202 -0.45103 -2.58050
v -0.65708 -0.03213 -2.19811
v -0.63133 -0.01762 -2.27713
v -0.64422 -0.01409 -2.01660
v -0.61934 -0.15090 -2.44109
v -0.60222 0.01587 -1.93069
v -0.54438 -0.12595 -1.69369
v -0.57879 -0.03834 -1.80878
v -0.62204 0.03344 -2.09899
v -0.58346 -0.27237 -2.53563
v -0.64762 -0.50780 -2.62020
v -0.61990 -0.04686 -2.35296
v -0.45298 -0.89372 -1.65872
v -0.59148 0.06541 -2.19687
v -0.55708 0.09477 -1.99221
v -0.53926 0.07238 -1.88850
v -0.56820 -0.10615 -2.48992
v -0.58667 -0.04099 -2.41109
v -0.61648 -0.55035 -2.62292
v -0.50481 0.02858 -1.77236
v -0.57392 -0.34680 -2.59442
v -0.53581 0.08784 -2.31829
v -0.53930 0.02805 -2.40990
v 0.79070 -0.70959 2.39659
v 0.75279 -0.78907 2.42699
v 0.87892 -0.74662 2.33769
v 0.68190 -0.70428 2.46284
v 0.61338 -0.77857 2.50587
v 0.57487 -0.70683 2.51779
v 0.44624 -0.77909 2.57673
v 0.44106 -0.70639 2.57134
v 0.38440 -0.77219 2.61576
v 0.37339 -0.85001 2.61694
v 0.36546 -0.74182 2.62812
v 0.60431 -0.84527 2.49987
v 0.43095 -0.85482 2.57149
v 0.91281 -0.80102 2.30904
v 0.76644 -0.86201 2.40243
v 0.85657 -0.85870 2.33967
v 0.94834 -0.70348 2.27255
v 1.01151 -0.77817 2.22251
v 1.03241 -0.70325 2.19325
v 0.97123 -0.85696 2.24404
v 1.10675 -0.77517 2.12320
v 1.10045 -0.71337 2.12373
v 0.85508 -0.61402 2.31150
v 0.73155 -0.61665 2.39941
v 1.10018 -0.85692 2.11274
v 1.15711 -0.81913 2.05826
v 0.60635 -0.90358 2.47665
v 1.16301 -0.71864 2.05156
v 1.26064 -0.72483 1.92258
v 1.25738 -0.80944 1.92755
v 0.81707 -0.58172 2.32619
v 0.69554 -0.56287 2.40371
v 0.75685 -0.53409 2.37292
v 0.84961 -0.52420 2.31417
v 0.62007 -0.59432 2.45299
v 0.57781 -0.53876 2.47069
v 0.50065 -0.55768 2.49958
v 0.51460 -0.59547 2.50205
v 0.93349 -0.61888 2.24903
v 0.91724 -0.55184 2.24332
v 0.96738 -0.56036 2.19674
v 1.01941 -0.59936 2.15682
v 1.07331 -0.54749 2.08934
v 1.09425 -0.60692 2.08012
v 0.44247 -0.55481 2.52128
v 0.39286 -0.60349 2.54903
v 0.42258 -0.52927 2.53672
v 0.37656 -0.67009 2.59083
v 0.33801 -0.68725 2.63061
v 0.26642 -0.58109 2.60861
v 0.34428 -0.55247 2.55222
v 0.27190 -0.52297 2.58978
v 0.20210 -0.52239 2.63017
v 0.14839 -0.53088 2.67173
v 1.15340 -0.59754 2.00328
v 1.21523 -0.62795 1.94171
v 1.16919 -0.56504 1.97112
v 0.32946 -0.74298 2.67424
v 0.33768 -0.80302 2.67657
v 1.22278 -0.57582 1.89988
v 1.27965 -0.58359 1.81717
v 1.34392 -0.70878 1.78782
v 0.29014 -0.71179 2.72053
v 1.23959 -0.54706 1.87512
v 1.35324 -0.59811 1.70041
v 1.31710 -0.54957 1.75067
v 0.23613 -0.59689 2.66065
v 0.15965 -0.55909 2.69483
v 0.27955 -0.76076 2.77653
v 0.24281 -0.74388 2.82299
v 0.28300 -0.81842 2.78536
v 0.22397 -0.83587 2.86088
v 0.18822 -0.71183 2.85821
v 0.14071 -0.79068 2.91688
v 0.10523 -0.72492 2.91162
v 0.12476 -0.67627 2.87219
v 0.20596 -0.65703 2.78981
v 0.04453 -0.77568 2.94216
v 0.13080 -0.87028 2.91631
v 0.11722 -0.62582 2.82517
v 0.08344 -0.49581 2.69101
v 0.10196 -0.54769 2.72245
v 0.03699 -0.69965 2.91372
v 0.03269 -0.54044 2.73696
v 0.07359 -0.64376 2.86233
v 0.04265 -0.83060 2.94604
v 1.36884 -0.80014 1.75153
v 0.17297 -0.89956 2.88289
v 0.00671 -0.48826 2.70226
v -0.01989 -0.71593 2.92289
v 0.27321 -0.88241 2.78330
v 1.18473 -0.52142 1.97180
v 0.32808 -0.88845 2.66324
v -0.00010 -0.62541 2.85278
v 1.28034 -0.51440 1.84349
v 0.21841 -0.91865 2.83377
v -0.00961 -0.81843 2.94796
v 0.66052 -0.51655 2.44573
v 0.80785 -0.92394 2.34419
v 0.16907 -0.46850 2.68636
v 0.01760 -0.88097 2.93912
v 0.69150 -0.93428 2.41363
v 0.44809 -0.91189 2.53929
v 0.36331 -0.92510 2.58304
v 0.90334 -0.96022 2.24356
v 1.00897 -0.91830 2.17660
v 0.06804 -0.93071 2.91169
v 0.25807 -0.92722 2.77204
v 0.57528 -0.97404 2.44788
v 0.45140 -0.96704 2.50461
v 0.10658 -0.97557 2.86582
v 0.15720 -0.97747 2.83469
v 0.83278 -0.99897 2.26711
v 0.70181 -0.99349 2.36316
v 0.32162 -0.94738 2.61126
v 0.37203 -1.00575 2.50313
v 0.18891 -0.98489 2.79627
v -0.02679 -0.93413 2.91424
v 0.22910 -0.98533 2.73431
v -0.09568 -0.89782 2.91541
v 1.56882 -0.50426 -0.23122
v 1.62951 -0.42921 -0.26293
v 1.60397 -0.51024 -0.07465
v 1.61103 -0.43876 -0.30148
v 1.65473 -0.44789 -0.11989
v 1.68350 -0.44782 0.00915
v 1.54334 -0.49183 -0.33987
v 1.65148 -0.48882 0.10908
v 1.70902 -0.44060 0.11264
v 1.71964 -0.45096 0.28620
v 1.66717 -0.50034 0.38911
v 1.72274 -0.45718 0.55513
v 1.65876 -0.50541 0.67688
v 1.72602 -0.44704 0.76147
v 1.75205 -0.42040 0.55770
v 1.59429 -0.41660 -0.37480
v 1.55926 -0.44552 -0.42856
v 1.46091 -0.50975 -0.53815
v 1.52185 -0.44235 -0.52544
v 1.49220 -0.42647 -0.61033
v 1.40637 -0.50271 -0.66086
v 1.72562 -0.42072 0.15584
v 1.66082 -0.42014 -0.16368
v 1.68824 -0.41648 -0.05189
v 1.62727 -0.52003 0.07593
v 1.63961 -0.53421 0.19867
v 1.65280 -0.53404 0.46263
v 1.69716 -0.41445 -0.00910
v 1.72885 -0.39028 0.32199
v 1.65816 -0.49016 0.83832
v 1.71446 -0.44498 0.88968
v 1.68281 -0.45547 1.00891
v 1.60792 -0.50127 1.06023
v 1.63197 -0.45715 1.22708
v 1.68031 -0.43770 1.12213
v 1.56564 -0.49544 1.25245
v 1.57752 -0.45878 1.39856
v 1.48592 -0.50559 1.45255
v 1.53561 -0.45098 1.54175
v 1.41757 -0.49394 1.64412
v 1.48867 -0.45018 1.65150
v 1.38719 -0.46303 1.80863
v 1.34919 -0.51419 1.72780
v 1.30190 -0.49482 1.85092
v 1.31497 -0.45437 1.94947
v 1.23673 -0.45703 2.05319
v 1.36653 -0.44305 1.89185
v 1.28034 -0.51440 1.84349
v 1.43378 -0.42630 1.79697
v 1.46559 -0.42788 1.73680
v 1.66006 -0.42845 1.22896
v 1.39848 -0.52658 1.61361
v 1.44237 -0.52935 1.51384
v 1.49056 -0.53084 1.39085
v 1.63221 -0.42265 1.33244
v 1.60135 -0.44095 1.39574
v 1.59434 -0.41244 1.44545
v 1.51917 -0.52562 1.31633
v 1.71919 -0.42103 0.95729
v 1.63959 -0.52256 0.77221
v 1.62135 -0.53230 0.88186
v 1.60327 -0.52484 0.99979
v 1.26541 -0.42177 2.05623
v 1.69216 -0.40856 1.09663
v 1.53513 -0.54564 1.24535
v 1.56540 -0.53617 1.14577
v 1.33564 -0.41888 1.95884
v 1.52922 -0.41552 1.60862
v 1.72684 -0.41601 0.90626
v 1.56096 -0.40513 1.52649
v 1.64436 -0.39424 1.25546
v 1.66041 -0.38390 1.14591
v 1.71943 -0.38471 0.78244
v 1.72486 -0.38074 0.59909
v 1.65720 -0.58474 0.55315
v 1.68466 -0.68918 0.67440
v 1.69425 -0.68995 0.50083
v 1.64979 -0.59083 0.69538
v 1.65335 -0.56962 0.35329
v 1.69455 -0.69645 0.33387
v 1.63426 -0.58454 0.81199
v 1.67022 -0.73756 0.85693
v 1.65444 -0.69715 0.91953
v 1.61145 -0.59505 0.97055
v 1.58660 -0.60231 1.09538
v 1.63361 -0.73414 1.05064
v 1.57589 -0.69892 1.24984
v 1.58717 -0.55355 1.04561
v 1.55592 -0.58941 1.19267
v 1.51146 -0.58110 1.32617
v 1.54319 -0.71190 1.35672
v 1.46990 -0.69542 1.53509
v 1.47004 -0.59058 1.44524
v 1.69374 -0.76281 0.66482
v 1.41867 -0.58304 1.55948
v 1.59190 -0.78034 1.21813
v 1.70267 -0.78499 0.41715
v 1.53035 -0.77135 1.40494
v 1.64545 -0.59275 0.12635
v 1.69140 -0.70778 0.23553
v 1.66097 -0.69980 -0.01815
v 1.63050 -0.81829 1.05563
v 1.69163 -0.79087 0.18582
v 1.62164 -0.56262 0.02865
v 1.61187 -0.59712 -0.10464
v 1.62853 -0.71054 -0.19542
v 1.67054 -0.81187 0.02062
v 1.65961 -0.75210 -0.06177
v 1.69173 -0.81001 0.66045
v 1.66016 -0.84403 0.87855
v 1.59886 -0.69406 -0.30233
v 1.58984 -0.54065 -0.12112
v 1.58068 -0.59389 -0.23796
v 1.63285 -0.79251 -0.19266
v 1.58303 -0.74867 -0.38246
v 1.68833 -0.86725 0.34137
v 1.48035 -0.78080 1.52886
v 1.68604 -0.87623 0.52022
v 1.44734 -0.75680 1.60216
v 1.40430 -0.72036 1.68237
v 1.59584 -0.84424 1.17549
v 1.35324 -0.59811 1.70041
v 1.36586 -0.55639 1.66046
v 1.31710 -0.54957 1.75067
v 1.34392 -0.70878 1.78782
v 1.54403 -0.84430 1.34277
v 1.36884 -0.80014 1.75153
v 1.62642 -0.87511 1.01720
v 1.65919 -0.89627 0.78271
v 1.44006 -0.83510 1.60296
v 1.49662 -0.88389 1.44040
v 1.66429 -0.88812 0.10291
v 1.56631 -0.55394 -0.23260
v 1.62179 -0.86146 -0.19131
v 1.63694 -0.91400 -0.02406
v 1.59973 -0.91211 1.07728
v 1.58291 -0.84682 -0.35473
v 1.54855 -0.82222 -0.47674
v 1.60928 -0.94063 0.97537
v 1.44703 -0.88943 1.55319
v 1.65406 -0.94892 0.59538
v 1.54260 -0.94177 1.23713
v 1.65538 -0.95247 0.34075
v 1.38415 -0.89202 1.68017
v 1.30714 -0.86738 1.83041
v 1.25738 -0.80944 1.92755
v 1.62313 -0.97312 0.78685
v 1.63555 -0.97272 0.19215
v 1.58424 -0.94982 -0.20498
v 1.44393 -0.94785 1.49774
v 1.49163 -0.98369 1.31848
v 1.54207 -0.91392 -0.41610
v 1.62862 -1.00119 0.40400
v 1.61146 -0.99372 0.08510
v 1.47009 -0.85440 -0.65866
v 1.48137 -0.91270 -0.58354
v 1.53326 -1.01787 1.10184
v 1.60790 -1.01600 0.67722
v 1.21390 -0.88769 1.95641
v 1.37798 -0.96943 1.61190
v 1.56042 -1.02878 0.94569
v 1.31711 -0.94830 1.74977
v 1.55810 -1.02646 -0.10276
v 1.15711 -0.81913 2.05826
v 1.51731 -0.97633 -0.39175
v 1.27965 -0.58359 1.81717
v 1.21964 -0.96379 1.88646
v 1.58580 -1.05913 0.45536
v 1.10018 -0.85692 2.11274
v 1.38631 -1.03153 1.49434
v 1.53481 -1.08726 0.80399
v 1.56049 -1.07921 0.22776
v 1.46482 -0.98070 -0.53172
v 1.39794 -0.90612 -0.77103
v 1.38140 -0.83669 -0.84564
v 1.51669 -1.04202 -0.23077
v 1.55073 -1.09479 0.56649
v 1.55300 -1.06664 0.05728
v 1.43622 -1.08434 1.23805
v 1.40077 -1.07285 1.36864
v 1.16003 -0.95652 1.97488
v 1.30453 -1.02593 1.66913
v 1.49033 -1.09472 1.00554
v 1.41642 -0.97297 -0.65761
v 1.10757 -0.95846 2.03809
v 1.22939 -1.02851 1.79121
v 1.45143 -1.05265 -0.41824
v 1.48744 -1.10889 -0.09037
v 1.50388 -1.14248 0.37298
v 1.48087 -1.13343 0.84646
v 1.31324 -0.92678 -0.90304
v 1.32831 -0.98780 -0.81006
v 1.37930 -1.05105 -0.60409
v 1.45317 -1.17539 0.68052
v 1.29799 -1.11037 1.51244
v 1.47641 -1.16610 0.48751
v 1.04910 -0.95786 2.10489
v 1.00897 -0.91830 2.17660
v 1.40228 -1.15951 1.06862
v 1.33898 -1.14621 1.31587
v 1.33525 -1.04007 -0.71645
v 1.20554 -1.11033 1.68385
v 1.07600 -1.03011 1.99704
v 1.32620 -1.19224 1.17705
v 1.14487 -1.07016 1.85046
v 1.35595 -1.10466 -0.53245
v 0.97123 -0.85696 2.24404
v 1.27194 -1.17381 1.38884
v 1.23914 -1.14531 1.54128
v 1.26739 -1.04472 -0.83001
v 1.26128 -0.94115 -0.97064
v 1.25629 -0.87170 -1.02837
v 1.18982 -1.02281 -0.97997
v 0.94527 -1.00963 2.15970
v 1.23918 -1.14675 -0.66816
v 1.09616 -1.15425 1.75672
v 1.02419 -1.11581 1.92715
v 1.01943 -1.07774 1.99557
v 0.93239 -1.07612 2.08933
v 0.90334 -0.96022 2.24356
v 1.16171 -1.12524 -0.84668
v 1.17766 -0.93308 -1.09214
v 1.15410 -1.07443 -0.95177
v 1.07695 -0.99437 -1.15370
v 1.16648 -0.84099 -1.15885
v 1.05015 -1.07071 -1.08657
v 1.09144 -0.93386 -1.19311
v 1.04782 -1.13311 -0.98377
v 1.08855 -0.88362 -1.22858
v 1.02476 -1.01670 -1.18473
v 0.84327 -1.14802 2.05731
v 0.83804 -1.07389 2.17741
v 0.73335 -1.13302 2.17212
v 0.93845 -1.16100 -1.05155
v 0.89165 -1.10263 -1.19724
v 0.90983 -1.02672 -1.28176
v 0.77082 -1.05181 2.25737
v 0.61517 -1.09516 2.30300
v 0.67501 -1.04813 2.32527
v 0.83278 -0.99897 2.26711
v 0.72232 -1.08032 -1.35789
v 0.84888 -1.02593 -1.33259
v 0.52882 -1.04719 2.40321
v 0.70181 -0.99349 2.36316
v 0.77165 -0.98290 -1.43061
v 0.71576 -1.02658 -1.42504
v -0.20311 -0.46479 2.67930
v -0.29758 -0.42160 2.69031
v -0.27326 -0.45843 2.67375
v -0.34501 -0.43830 2.67485
v -0.11833 -0.40832 2.71677
v -0.08467 -0.47177 2.69901
v -0.06386 -0.41386 2.72135
v 0.00671 -0.48826 2.70226
v 0.09725 -0.41550 2.72036
v 0.08344 -0.49581 2.69101
v 0.16907 -0.46850 2.68636
v 0.14839 -0.53088 2.67173
v 0.15248 -0.42500 2.71536
v 0.30397 -0.43032 2.69077
v -0.42277 -0.45825 2.63576
v -0.42926 -0.42253 2.65529
v -0.51503 -0.40917 2.62479
v -0.52259 -0.45359 2.60603
v -0.59279 -0.41853 2.59320
v -0.59101 -0.45782 2.57213
v -0.67266 -0.42052 2.55451
v -0.73172 -0.46292 2.49178
v -0.34840 -0.51571 2.56539
v -0.47627 -0.51299 2.52725
v -0.15018 -0.49400 2.66155
v -0.26025 -0.52907 2.58575
v -0.20692 -0.53251 2.61742
v -0.41743 -0.54556 2.52638
v -0.33398 -0.53999 2.55307
v -0.54893 -0.53712 2.47828
v -0.59685 -0.50341 2.48840
v -0.68998 -0.50423 2.43813
v -0.66801 -0.53904 2.41716
v -0.73070 -0.42769 2.52184
v -0.78570 -0.51526 2.36287
v 0.24671 -0.46817 2.66817
v 0.42910 -0.44146 2.65408
v -0.83100 -0.43163 2.45800
v -0.92016 -0.45776 2.36967
v -0.92481 -0.42306 2.39162
v -1.09004 -0.43496 2.24058
v -1.06140 -0.46391 2.23269
v -1.20896 -0.45351 2.08796
v 0.34253 -0.41838 2.68364
v -1.12286 -0.50939 2.06480
v -1.22635 -0.50946 1.93340
v -1.31007 -0.45182 1.95582
v -1.30935 -0.51515 1.79964
v -1.38450 -0.45191 1.84026
v -0.97451 -0.51046 2.21779
v -1.44505 -0.45120 1.73469
v -1.42493 -0.51137 1.59609
v -1.49252 -0.45128 1.63986
v -1.52765 -0.45122 1.56217
v -1.47579 -0.51392 1.47666
v -1.51618 -0.52102 1.35615
v -1.59085 -0.45390 1.39132
v -1.62797 -0.45408 1.27452
v -1.55862 -0.52068 1.22701
v -1.65686 -0.45657 1.15660
v -1.60706 -0.51211 1.06844
v -1.68550 -0.45289 1.04547
v -1.62040 -0.52955 0.94572
v -1.69382 -0.46105 0.94814
v -1.65427 -0.50722 0.82846
v -1.71688 -0.45463 0.83497
v -1.67800 -0.50404 0.54977
v -1.74543 -0.44095 0.52101
v -1.71965 -0.45567 0.26270
v -1.65780 -0.53427 0.33698
v -1.64607 -0.50552 0.09525
v -1.70636 -0.45055 0.12540
v -1.69582 -0.42572 -0.00412
v -1.65723 -0.44077 -0.13766
v -1.57564 -0.49226 -0.24468
v -1.07713 -0.54634 2.08027
v -1.20143 -0.55599 1.92429
v -1.27774 -0.57040 1.81232
v -1.38664 -0.54545 1.62703
v -1.44918 -0.55389 1.48942
v -1.56842 -0.53361 1.16586
v -1.65453 -0.54364 0.62018
v -1.59595 -0.56393 1.02870
v -1.65730 -0.56678 0.53957
v 0.28392 0.27662 -1.97916
v 0.30067 0.23287 -1.86000
v 0.39059 0.20811 -1.91195
v 0.21440 0.26020 -1.85255
v 0.14638 0.29023 -1.89046
v 0.14354 0.31477 -1.98160
v 0.19947 0.31577 -2.09428
v 0.35206 0.26146 -2.08152
v 0.39703 0.23575 -2.04979
v 0.27024 0.29305 -2.17257
v 0.10786 0.33277 -2.11624
v 0.03678 0.33616 -2.05832
v 0.01410 0.31657 -1.93756
v 0.00296 0.28929 -1.85306
v 0.13806 0.23237 -1.76010
v 0.21624 0.21011 -1.75572
v 0.04145 0.23400 -1.74357
v 0.32712 0.17926 -1.77946
v 0.38183 0.15183 -1.78547
v 0.47504 0.17334 -1.98271
v -0.07928 0.32263 -1.98622
v 0.13515 0.32126 -2.21887
v -0.10817 0.27885 -1.84883
v -0.12734 0.32535 -2.05451
v 0.00367 0.33306 -2.20681
v -0.10976 0.32761 -2.18085
v -0.16801 0.28916 -1.90930
v -0.08983 0.23203 -1.75007
v 0.05783 0.32129 -2.26596
v -0.05033 0.21171 -1.71176
v -0.23739 0.28933 -1.98362
v 0.20339 0.29133 -2.29487
v 0.09068 0.13551 -1.61467
v -0.20720 0.23065 -1.79350
v -0.26950 0.28883 -2.05370
v -0.23829 0.30137 -2.14402
v -0.27474 0.25477 -1.90254
v -0.12018 0.31572 -2.25194
v -0.03003 0.13640 -1.60889
v 0.03942 0.10414 -1.53469
v -0.05801 0.10146 -1.53412
v -0.09516 0.09076 -1.48747
v 0.17019 0.08538 -1.54201
v 0.21963 0.08090 -1.57490
v -0.13290 0.12480 -1.61438
v 0.10227 0.09291 -1.50563
v 0.20284 0.06987 -1.47858
v 0.20633 0.11478 -1.62516
v 0.30315 0.03251 -1.54442
v 0.32399 0.02062 -1.47432
v 0.29443 0.06598 -1.61103
v -0.19774 0.07855 -1.56104
v -0.18762 0.07040 -1.47872
v -0.21437 0.17699 -1.71223
v -0.24656 0.09001 -1.62040
v -0.28243 0.20851 -1.80339
v -0.35870 0.21072 -1.88674
v -0.31679 0.14459 -1.72962
v -0.37343 0.23958 -2.02211
v -0.40646 0.12959 -1.78762
v -0.27208 0.04341 -1.54911
v -0.35929 0.01640 -1.61261
v -0.29657 0.02574 -1.51576
v -0.34033 0.06902 -1.66009
v -0.45028 0.18062 -1.96615
v -0.33073 0.26500 -2.16947
v -0.46626 0.14449 -1.89727
v -0.24970 0.28353 -2.25560
v -0.42296 0.21839 -2.12526
v -0.47737 0.10111 -1.83202
v -0.44192 0.04907 -1.72392
v -0.48536 0.17158 -2.05318
v -0.05455 0.29856 -2.34526
v -0.38551 -0.03208 -1.55056
v -0.41785 -0.00588 -1.64904
v -0.43824 -0.07776 -1.57900
v -0.50481 0.02858 -1.77236
v -0.53926 0.07238 -1.88850
v -0.55708 0.09477 -1.99221
v -0.16303 0.28164 -2.34711
v -0.42585 0.20078 -2.25021
v -0.37522 0.21957 -2.29243
v -0.22820 0.25699 -2.36606
v -0.31843 0.21507 -2.38124
v 0.06053 0.28840 -2.37489
v -0.49348 0.16054 -2.20842
v -0.54168 0.12659 -2.10813
v -0.44401 -0.09294 -1.52694
v 0.33163 0.24879 -2.28511
v 0.41637 0.22046 -2.21068
v 0.49869 0.11652 -1.87942
v 0.34143 0.02066 -1.58088
v 0.37060 0.03519 -1.63723
v 0.43149 0.09378 -1.75396
v 0.46643 0.19546 -2.12777
v 0.40437 -0.03415 -1.56854
v 0.11443 0.25890 -2.42878
v -0.03246 0.25298 -2.45374
v 0.25803 0.24423 -2.38266
v -0.16262 0.23350 -2.45434
v 0.52378 0.15037 -2.10685
v 0.53751 0.11890 -1.97805
v 0.35020 0.22246 -2.33890
v 0.43719 -0.02030 -1.64261
v 0.51327 0.04130 -1.78543
v 0.58721 0.08368 -2.05752
v 0.23787 0.21187 -2.46032
v 0.52067 0.13920 -2.23418
v 0.43043 0.16502 -2.36224
v 0.46502 0.15892 -2.31743
v -0.40958 0.17341 -2.36034
v 0.12968 0.21611 -2.49973
v -0.01759 0.21312 -2.52032
v 0.34765 0.17802 -2.43513
v 0.57027 0.02904 -1.85990
v 0.59643 0.03795 -1.93619
v -0.12864 0.18000 -2.54675
v -0.30760 0.15613 -2.49213
v 0.59798 0.06937 -2.18440
v -0.22422 0.15849 -2.53816
v -0.40049 0.13735 -2.43746
v -0.53581 0.08784 -2.31829
v 0.22754 0.15781 -2.54352
v -0.59148 0.06541 -2.19687
v -0.60222 0.01587 -1.93069
v -0.47664 0.10341 -2.39572
v -0.62204 0.03344 -2.09899
v 0.41910 0.12140 -2.45244
v -0.57879 -0.03834 -1.80878
v 0.53721 -0.02093 -1.75148
v 0.55801 0.06359 -2.33716
v 0.47328 -0.09003 -1.60858
v 0.51137 -0.11155 -1.64517
v 0.50370 -0.15462 -1.56116
v 0.51455 0.04822 -2.43469
v 0.60400 0.01494 -2.31930
v -0.53930 0.02805 -2.40990
v -0.22082 0.06866 -1.42669
v -0.25857 0.08616 -1.35292
v -0.14891 0.11034 -1.35390
v -0.31035 0.04464 -1.40158
v -0.30514 0.02380 -1.47602
v -0.38215 0.05431 -1.33590
v -0.39386 0.00157 -1.40375
v -0.05235 0.10266 -1.41704
v -0.01493 0.14026 -1.31349
v -0.13428 0.13992 -1.29757
v -0.20018 0.15418 -1.25803
v -0.32084 0.12842 -1.26081
v -0.01533 0.18589 -1.24088
v -0.42546 0.04605 -1.32411
v -0.53517 0.16054 -1.13228
v -0.30256 0.17861 -1.19745
v -0.12385 0.20280 -1.21530
v -0.59566 0.08769 -1.19773
v -0.66246 0.11750 -1.12465
v -0.68250 0.19037 -1.01484
v 0.06644 0.11942 -1.35920
v 0.08165 0.16869 -1.25978
v 0.18494 0.11839 -1.32805
v 0.05052 0.09919 -1.44447
v 0.19477 0.16647 -1.24399
v 0.34193 0.17166 -1.19596
v 0.13909 0.20546 -1.21307
v 0.31204 0.07388 -1.35182
v 0.21432 0.07716 -1.41642
v 0.38270 0.08323 -1.30324
v 0.49874 0.15975 -1.15208
v 0.31724 0.04249 -1.41183
v -0.52793 0.19231 -1.10069
v 0.44418 0.01410 -1.35583
v 0.50883 0.08400 -1.24520
v 0.67886 0.08609 -1.15612
v 0.66566 0.17932 -1.03895
v 0.42394 -0.01606 -1.41294
v 0.24833 0.21852 -1.18476
v 0.51794 0.02770 -1.30151
v 0.77334 0.16392 -0.98393
v 0.79640 0.07030 -1.09689
v 0.40051 -0.03475 -1.50127
v 0.48312 0.19839 -1.11912
v 0.70356 0.01313 -1.21644
v -0.78150 0.17659 -0.96028
v -0.79726 0.10377 -1.05336
v -0.89132 0.18953 -0.84848
v -0.91185 0.07861 -0.99206
v -0.39071 -0.02595 -1.46345
v -0.65768 0.04075 -1.21434
v -0.79523 0.03774 -1.13021
v -1.00228 0.09873 -0.87772
v -1.09579 0.17787 -0.62615
v -1.10120 0.07709 -0.79459
v -0.50331 -0.02149 -1.34985
v -0.48239 -0.07294 -1.41408
v -0.44465 -0.07873 -1.47684
v -0.64533 -0.01386 -1.26758
v -0.78974 -0.03806 -1.19674
v -0.89294 -0.38626 2.40100
v -0.97506 -0.39222 2.34083
v -0.92481 -0.42306 2.39162
v -0.83100 -0.43163 2.45800
v -0.79889 -0.38307 2.46362
v -0.73647 -0.39205 2.51087
v -0.73070 -0.42769 2.52184
v -0.67266 -0.42052 2.55451
v -1.09004 -0.43496 2.24058
v -1.02831 -0.38227 2.28183
v -1.10792 -0.38745 2.20991
v -1.18263 -0.41342 2.14541
v -1.22315 -0.38935 2.08051
v -1.20896 -0.45351 2.08796
v -1.31007 -0.45182 1.95582
v -1.31627 -0.40339 1.96969
v -1.36096 -0.39788 1.89829
v 0.11565 -0.58944 -2.91074
v 0.16540 -0.64778 -2.91365
v 0.07625 -0.66019 -2.94649
v 0.02242 -0.62659 -2.94691
v 0.03828 -0.56250 -2.90710
v 0.20376 -0.62366 -2.87930
v 0.19111 -0.58506 -2.85971
v 0.13437 -0.56360 -2.87755
v -0.10126 -0.59983 -2.91749
v -0.08324 -0.63477 -2.93764
v -0.07985 -0.55053 -2.87994
v -0.03930 -0.69317 -2.94796
v 0.05518 -0.69471 -2.94749
v -0.16812 -0.65207 -2.90409
v -0.14018 -0.69966 -2.91641
v 0.11835 -0.73025 -2.91953
v -0.17702 -0.59142 -2.86615
v -0.21411 -0.62652 -2.85476
v -0.09276 -0.74464 -2.91463
v 0.21526 -0.69447 -2.87602
v -0.01372 -0.77122 -2.90954
v 0.04414 -0.77188 -2.90725
v 0.24092 -0.64346 -2.84685
v 0.19684 -0.74065 -2.86445
v -0.20471 -0.71491 -2.86208
v -0.12755 -0.76761 -2.87791
v -0.24820 -0.66116 -2.80931
v 0.23721 -0.71705 -2.83637
v -0.09483 -0.19578 -2.78558
v 0.00984 -0.21946 -2.79645
v -0.07527 -0.29503 -2.79914
v -0.17909 -0.30889 -2.78149
v -0.19431 -0.17966 -2.76216
v -0.27464 -0.24049 -2.74683
v -0.15217 -0.07370 -2.73796
v -0.03925 -0.10628 -2.76664
v -0.24784 -0.12787 -2.73074
v 0.08616 -0.16994 -2.78271
v -0.34896 -0.21559 -2.70945
v -0.35297 -0.14892 -2.69057
v -0.36057 -0.41342 -2.71851
v -0.26102 -0.38295 -2.75319
v -0.40428 -0.36233 -2.69792
v -0.54955 -0.47381 -2.66819
v -0.37326 -0.49209 -2.71151
v -0.46580 -0.50748 -2.68976
v -0.26615 -0.50528 -2.73094
v -0.09192 -0.45649 -2.78184
v -0.17080 -0.48007 -2.76157
v -0.02461 -0.42908 -2.79308
v -0.02123 -0.50312 -2.80425
v 0.04568 -0.50843 -2.81091
v -0.54582 -0.54462 -2.65736
v -0.56627 -0.43180 -2.65227
v -0.64762 -0.50780 -2.62020
v 0.08550 -0.31774 -2.79993
v -0.41673 -0.54844 -2.68823
v -0.44243 -0.30497 -2.66742
v 0.09600 -0.43113 -2.78830
v -0.29828 -0.57474 -2.69895
v -0.24223 -0.54038 -2.72561
v -0.61648 -0.55035 -2.62292
v 0.07484 -0.46153 -2.78468
v 0.15872 -0.23404 -2.78370
v -0.06993 -0.51603 -2.81258
v -0.49682 -0.29920 -2.62966
v -0.42806 -0.13890 -2.64031
v -0.14493 -0.53592 -2.79489
v -0.29709 -0.04236 -2.67333
v -0.21344 -0.57858 -2.76778
v -0.68202 -0.45103 -2.58050
v 0.05987 -0.05525 -2.74565
v -0.03382 0.01755 -2.70739
v -0.63243 -0.40748 -2.59723
v 0.18896 -0.37205 -2.78012
v 0.23612 -0.32309 -2.76988
v -0.12647 0.03223 -2.68561
v 0.16646 -0.07925 -2.74029
v 0.23533 -0.17036 -2.75211
v -0.37607 -0.00579 -2.60612
v -0.26006 0.05624 -2.62458
v -0.51396 -0.14506 -2.57074
v -0.46757 -0.07281 -2.57815
v 0.07862 0.01964 -2.70353
v -0.57392 -0.34680 -2.59442
v 0.30886 -0.22070 -2.73571
v 0.20397 -0.47277 -2.75883
v 0.16917 -0.50596 -2.76287
v 0.26152 -0.10700 -2.72337
v 0.30244 -0.49152 -2.72947
v 0.46466 -0.50915 -2.69277
v -0.27258 -0.61253 -2.68579
v -0.24399 -0.62822 -2.72768
v 0.34569 -0.55975 -2.69950
v 0.29580 -0.57624 -2.70182
v 0.25247 -0.55580 -2.72298
v 0.50112 -0.55450 -2.66991
v 0.58531 -0.52629 -2.65477
v 0.58888 -0.47515 -2.65850
v 0.48975 -0.43984 -2.68686
v 0.38644 -0.38644 -2.71315
v 0.45082 -0.33632 -2.67727
v 0.55154 -0.39543 -2.64894
v 0.65119 -0.51964 -2.62386
v -0.47140 -0.59688 -2.64698
v -0.32466 -0.62202 -2.66493
v 0.27581 -0.02025 -2.67638
v 0.41302 -0.19158 -2.67531
v 0.37060 -0.09039 -2.66555
v 0.63190 -0.43213 -2.62417
v 0.66551 -0.48210 -2.61804
v 0.32340 -0.62836 -2.66419
v 0.12391 0.05302 -2.67426
v 0.26041 -0.63274 -2.73211
v 0.27014 -0.62984 -2.68556
v 0.50870 -0.30009 -2.63060
v 0.21460 0.08328 -2.62583
v -0.02427 0.12972 -2.61948
v -0.09362 0.08758 -2.64997
v 0.47048 -0.12126 -2.61026
v 0.56774 -0.59575 -2.61682
v 0.35752 0.02067 -2.60684
v 0.08278 0.14959 -2.59475
v 0.28844 0.07677 -2.59959
v -0.17417 0.12820 -2.59248
v 0.57307 -0.29972 -2.57471
v 0.45585 -0.02360 -2.56657
v -0.30029 0.08711 -2.57664
v -0.12864 0.18000 -2.54675
v 0.68391 -0.43047 -2.57765
v 0.22754 0.15781 -2.54352
v 0.56643 -0.14852 -2.52810
v -0.44257 0.01250 -2.54009
v -0.22422 0.15849 -2.53816
v -0.01759 0.21312 -2.52032
v 0.39178 0.09406 -2.51345
v 0.47823 0.02276 -2.50648
v 0.53076 -0.05401 -2.51367
v 0.12968 0.21611 -2.49973
v -0.41026 0.07662 -2.50712
v -0.58346 -0.27237 -2.53563
v -0.48889 -0.00626 -2.51043
v -0.30760 0.15613 -2.49213
v -0.70173 -0.50124 -2.56501
v 0.23978 -0.59165 -2.76458
v -0.56820 -0.10615 -2.48992
v 0.34765 0.17802 -2.43513
v 0.16892 -0.54101 -2.79492
v 0.09354 -0.52150 -2.82097
v -0.40049 0.13735 -2.43746
v 0.41910 0.12140 -2.45244
v 0.51455 0.04822 -2.43469
v 0.60828 -0.13455 -2.46540
v -0.53930 0.02805 -2.40990
v -0.47664 0.10341 -2.39572
v -0.58667 -0.04099 -2.41109
v -0.63513 -0.33983 -2.50830
v 0.61247 -0.05045 -2.39117
v 0.44899 -0.31126 2.54359
v 0.49900 -0.37803 2.61579
v 0.54348 -0.32497 2.51800
v 0.63916 -0.36724 2.53998
v 0.60499 -0.31468 2.48278
v 0.38429 -0.37617 2.64957
v 0.78710 -0.37258 2.46597
v 0.69318 -0.39378 2.54476
v 0.55302 -0.40430 2.61478
v 0.34372 -0.32332 2.58253
v 0.19108 -0.31623 2.60665
v 0.29268 -0.37934 2.67514
v 0.19599 -0.37565 2.68674
v 0.73523 -0.33879 2.43692
v 0.88789 -0.36434 2.37945
v 0.08049 -0.32761 2.62566
v 0.02205 -0.37425 2.69734
v -0.10563 -0.32016 2.61696
v -0.13262 -0.36177 2.67005
v -0.27631 -0.32533 2.59618
v -0.27024 -0.38394 2.68157
v -0.11833 -0.40832 2.71677
v -0.06386 -0.41386 2.72135
v 0.42996 -0.40021 2.65672
v -0.07958 -0.26776 2.60005
v 0.09725 -0.41550 2.72036
v 0.34253 -0.41838 2.68364
v 0.15248 -0.42500 2.71536
v 0.30397 -0.43032 2.69077
v 0.42910 -0.44146 2.65408
v 0.53471 -0.42820 2.62287
v 0.61396 -0.43160 2.58869
v 0.68020 -0.43145 2.55664
v 0.74469 -0.42640 2.52269
v 0.40814 0.47868 2.16350
v 0.40525 0.41132 2.20348
v 0.50558 0.42969 2.16678
v 0.51162 0.51282 2.14636
v 0.58805 0.53494 2.11303
v 0.55046 0.62196 2.08856
v 0.49887 0.61239 2.10622
v 0.65112 0.63206 2.04153
v 0.59799 0.68222 2.03455
v 0.66630 0.53258 2.07080
v 0.70776 0.59216 2.02135
v 0.61688 0.44877 2.11023
v 0.44290 0.28858 2.19856
v 0.33007 0.42356 2.23974
v 0.30676 0.51094 2.23319
v 0.19899 0.47289 2.27748
v 0.18744 0.53981 2.27107
v 0.24728 0.58215 2.23785
v 0.33500 0.26233 2.24226
v 0.47579 0.24175 2.19470
v 0.58996 0.25460 2.13079
v 0.62194 0.32132 2.10122
v 0.67740 0.24977 2.07637
v 0.72901 0.48837 2.02994
v 0.30863 0.61157 2.18771
v 0.77069 0.27313 1.99633
v 0.75029 0.33277 2.00629
v 0.82288 0.52324 1.94353
v 0.76246 0.59791 1.97406
v 0.75313 0.23951 2.02451
v 0.81140 0.21420 1.99378
v 0.79314 0.36764 1.97063
v 0.84625 0.30128 1.92081
v 0.86781 0.23074 1.92785
v 0.83997 0.59513 1.90340
v 0.92022 0.49435 1.84502
v 0.92164 0.58450 1.81977
v 0.92333 0.33393 1.83425
v 0.93176 0.26100 1.84107
v 0.96869 0.54309 1.77317
v 0.19363 0.30890 2.27255
v 0.30544 0.23031 2.26123
v 0.18647 0.25156 2.28008
v 0.99762 0.32020 1.74126
v 1.03012 0.26972 1.71058
v 1.04440 0.36378 1.67101
v 1.00265 0.48162 1.73148
v 0.75567 0.66927 1.93189
v 0.09306 0.31392 2.28555
v -0.00243 0.23863 2.29870
v -0.00835 0.44640 2.29556
v 0.03557 0.51345 2.29072
v 0.08782 0.58892 2.26897
v 0.17922 0.65635 2.22242
v 0.58682 0.19427 2.17013
v 0.69722 0.19325 2.10282
v 0.21851 0.20996 2.29243
v 0.84837 0.66809 1.84349
v 0.94277 0.62791 1.76477
v 0.37455 0.56133 2.14547
v 0.42979 0.51992 2.13318
v 0.33386 0.68387 2.11949
v 0.42118 0.17399 2.26746
v 0.49995 0.18155 2.22675
v 0.30021 0.69179 2.13262
v 0.21309 0.73764 2.14363
v 0.67812 0.71514 1.95494
v 0.74778 0.18882 2.07138
v 0.01154 0.31261 2.28900
v 0.97192 0.18268 1.87165
v 1.01122 0.22761 1.76707
v 0.74597 0.73715 1.87608
v 0.63964 0.75908 1.93924
v 0.41339 0.58694 2.08240
v 0.40158 0.67715 2.01968
v 0.35326 0.68999 2.05157
v 0.57821 0.73807 1.99416
v 0.88438 0.17584 1.97289
v -0.09742 0.52749 2.28366
v 0.48287 0.71634 2.03416
v 0.03729 0.68412 2.21720
v -0.10114 0.62520 2.24998
v -0.14157 0.57895 2.26507
v 0.26789 0.78856 2.05205
v -0.13051 0.28893 2.28054
v -0.13937 0.21007 2.30265
v -0.16906 0.46872 2.28036
v 0.45077 0.60630 2.10422
v 0.11502 0.76587 2.14259
v 0.10407 0.19232 2.32099
v 0.26852 0.16850 2.31907
v 0.01291 0.18560 2.33092
v 0.51388 0.79195 1.95455
v 0.17037 0.84710 2.03838
v 0.61859 0.80825 1.89259
v 0.65075 0.14116 2.20192
v 0.33572 0.77212 1.95624
v 0.40221 0.72897 1.98569
v 0.39296 0.76787 1.94633
v 0.56115 0.07424 2.33121
v 0.44647 0.08074 2.37253
v 0.32683 0.07375 2.41723
v 0.47418 -0.00588 2.43901
v 0.60015 0.02081 2.36300
v 0.36285 -0.01220 2.48005
v 0.43393 -0.07563 2.49488
v 0.55166 -0.05963 2.44129
v 0.59136 -0.12927 2.45251
v 0.49772 -0.14297 2.49627
v 0.39582 -0.13260 2.52834
v 0.32134 -0.05842 2.51882
v 0.28904 -0.14000 2.55766
v 0.62890 -0.28306 2.45745
v 0.21815 -0.10833 2.56132
v 0.45487 -0.26059 2.52630
v 0.29950 -0.26211 2.57022
v 0.25060 -0.01053 2.50528
v 0.10991 -0.06430 2.55557
v 0.13042 -0.25734 2.59579
v 0.08832 -0.17097 2.59127
v 0.18320 0.08053 2.43922
v 0.26507 0.84848 1.97272
v 0.52271 0.83905 1.88939
v 0.08000 0.84856 2.05467
v 0.44189 0.85055 1.89502
v 0.29133 0.88285 1.87142
v 0.36304 0.82395 1.86210
v 0.19456 0.90495 1.91818
v 0.08003 0.91333 1.95969
v 0.00418 0.86188 2.04065
v -0.07225 0.90626 1.97270
v 0.60603 0.85682 1.79137
v 0.72513 0.81504 1.79274
v 0.50883 0.86318 1.83998
v 0.18677 0.92408 1.87094
v 0.04128 0.96575 1.81891
v 0.04097 0.93968 1.90492
v 0.36542 0.84029 1.84971
v 0.35184 0.86656 1.80584
v 0.43914 0.87587 1.77404
v 1.18555 -0.34061 2.03475
v 1.27339 -0.38928 2.02542
v 1.32770 -0.38519 1.94035
v 1.28139 -0.32338 1.87910
v 1.19531 -0.38536 2.11948
v 1.13447 -0.37501 2.17115
v 0.99981 -0.33387 2.22839
v 1.02057 -0.38279 2.30069
v 0.88789 -0.36434 2.37945
v 0.89278 -0.31545 2.30319
v 0.77598 -0.30102 2.37921
v 1.31750 -0.33554 1.83827
v 1.38780 -0.39551 1.86272
v 1.38472 -0.33484 1.72062
v 1.43834 -0.38516 1.75389
v 1.49283 -0.39506 1.66655
v 1.44597 -0.33133 1.59085
v 1.52071 -0.38623 1.58448
v 1.50713 -0.31022 1.41467
v 0.90745 -0.40374 2.41328
v 0.78710 -0.37258 2.46597
v 1.25126 -0.39904 2.06674
v 1.09776 -0.40738 2.24773
v 0.79767 -0.40067 2.48797
v 0.69318 -0.39378 2.54476
v 0.73523 -0.33879 2.43692
v 0.62890 -0.28306 2.45745
v 1.33564 -0.41888 1.95884
v 1.26541 -0.42177 2.05623
v 1.02264 -0.43415 2.31679
v 1.18592 -0.43871 2.14475
v 0.74469 -0.42640 2.52269
v 0.90480 -0.42699 2.41682
v 1.08430 0.89676 0.97380
v 1.03536 0.91093 1.07792
v 1.12954 0.81504 1.12516
v 1.15424 0.83079 0.96853
v 1.09107 0.84055 1.16794
v 1.16653 0.83335 0.89076
v 1.13236 0.87538 0.79523
v 1.20981 0.79347 0.80578
v 1.21205 0.72691 1.08375
v 1.25057 0.72750 0.89380
v 1.16355 0.72958 1.23878
v 1.23086 0.67403 1.13900
v 1.26047 0.72294 0.77940
v 1.27132 0.64062 1.04890
v 1.21685 0.64042 1.24479
v 1.31361 0.62845 0.83448
v 1.15580 0.69056 1.31053
v 1.09228 0.76671 1.30031
v 1.18404 0.62290 1.33698
v 1.30163 0.59704 0.98546
v 1.30423 0.64283 0.75715
v 1.04001 0.83301 1.26335
v 1.23331 0.74041 0.67794
v 1.14752 0.84678 0.70673
v 1.15753 0.81701 0.61435
v 1.06129 0.92180 0.86953
v 1.02500 0.93741 0.97725
v 1.11792 0.86259 0.62711
v 1.08352 0.89933 0.70560
v 1.30569 0.60601 0.64146
v 1.24847 0.70049 0.61326
v 1.26701 0.55407 1.17445
v 1.32782 0.55617 0.88811
v 1.00279 0.87908 1.22574
v 1.21177 0.55393 1.33292
v 1.29771 0.53061 1.06855
v 1.33213 0.53946 0.68148
v 1.23543 0.52481 1.28701
v 1.34125 0.52276 0.78099
v 1.08835 0.68492 1.40558
v 1.04565 0.75186 1.37883
v 1.11446 0.62830 1.42687
v 1.15051 0.57731 1.41612
v 1.15911 0.52887 1.42995
v 0.98329 0.84465 1.31002
v 1.32683 0.48543 0.93541
v 1.12997 0.46671 1.50011
v 1.35005 0.38572 0.58446
v 1.27886 0.45680 1.15478
v 1.16121 0.42006 1.45864
v 1.31982 0.48806 0.57593
v 1.32484 0.47494 0.49355
v 1.34995 0.40991 0.45480
v 1.29012 0.52189 0.51056
v 1.24735 0.58940 0.51152
v 1.32274 0.55729 0.44308
v 1.32903 0.55644 0.36605
v 1.30144 0.62579 0.38509
v 1.26202 0.68764 0.44193
v 1.26728 0.70566 0.31828
v 1.32811 0.58307 0.28571
v 1.30913 0.63076 0.21913
v 1.21512 0.76130 0.40411
v 1.24693 0.73612 0.20519
v 1.20719 0.79475 0.25938
v 1.18083 0.81026 0.36478
v 1.16704 0.81238 0.44427
v 1.12707 0.85236 0.44674
v 1.33950 0.51482 0.25000
v 1.34832 0.42289 0.39700
v 1.26083 0.59286 0.57090
v 1.36210 0.27790 0.41206
v 1.36196 0.28281 0.63730
v 1.40485 0.20390 0.42024
v 1.38517 0.22823 0.67582
v 1.35192 0.27629 0.79906
v 1.34672 0.35031 0.72171
v 1.39879 0.19795 0.80356
v 1.35713 0.23343 0.91029
v 1.32098 0.29307 0.97834
v 1.32654 0.25010 1.02724
v 1.29320 0.32516 1.08363
v 1.29932 0.23846 1.16449
v 1.27279 0.27988 1.19392
v 1.24700 0.21683 1.36336
v 1.32112 0.35490 0.93458
v 1.25716 0.34217 1.21114
v 1.37929 0.18361 1.02244
v 1.43479 0.17704 0.52891
v 1.48649 0.12403 0.38046
v 1.21125 0.29392 1.36080
v 1.20526 0.24545 1.41757
v 1.21582 0.19734 1.47476
v 1.14472 0.25713 1.53105
v 1.15193 0.33260 1.48227
v 1.21220 0.36663 1.34127
v 1.33092 0.19763 1.16406
v 1.29651 0.18534 1.31195
v 1.33679 0.35736 0.25872
v 1.54772 0.04984 0.34507
v 1.09549 0.29520 1.59762
v 1.08340 0.23151 1.66031
v 1.16036 0.20238 1.57245
v 1.03012 0.26972 1.71058
v 1.01122 0.22761 1.76707
v 1.04440 0.36378 1.67101
v 1.06136 0.47552 1.62120
v 1.08992 0.42165 1.56554
v 1.03769 0.55165 1.55926
v 1.01513 0.60911 1.62351
v 1.01497 0.55331 1.67595
v 0.98994 0.67537 1.59338
v 1.07582 0.50902 1.50861
v 0.94302 0.68609 1.69396
v 0.94277 0.62791 1.76477
v 0.96869 0.54309 1.77317
v 1.00265 0.48162 1.73148
v 1.00639 0.60556 1.50817
v 0.96006 0.71318 1.48182
v 1.00709 0.64699 1.44709
v 0.98556 0.70738 1.41713
v 0.92617 0.79536 1.51138
v 0.92960 0.75992 1.58511
v 0.88657 0.77801 1.65778
v 0.89344 0.70818 1.75319
v 0.88336 0.82006 1.55956
v 0.84132 0.74949 1.76637
v 1.12822 0.17974 1.66883
v 1.06243 0.18574 1.75400
v 0.84837 0.66809 1.84349
v 1.50475 0.09411 0.27160
v 0.87492 0.86055 1.46109
v 1.46160 0.08498 1.11255
v 1.53006 0.03786 0.95470
v 1.49507 0.02752 1.15857
v 1.57462 -0.04543 0.97974
v 1.55842 -0.06900 1.11238
v 1.58859 -0.13548 1.06792
v 1.55760 -0.13636 1.19999
v 1.49763 -0.02048 1.25725
v 1.61905 -0.11238 0.84377
v 1.59441 -0.02266 0.72119
v 1.54427 0.04318 0.82277
v 1.61415 -0.06803 0.73842
v 1.52618 -0.08026 1.25369
v 1.47188 -0.08996 1.42642
v 1.46210 -0.02877 1.37938
v 1.43356 -0.04016 1.46924
v 1.52906 -0.14070 1.30186
v 1.40805 0.04047 1.40472
v 1.36249 0.01153 1.56024
v 1.63093 -0.09366 0.57958
v 1.38337 -0.04778 1.59063
v 1.42357 -0.13730 1.57411
v 1.62133 -0.17211 0.91752
v 1.50466 -0.15956 1.38504
v 1.64246 -0.15652 0.68770
v 1.40087 0.09627 1.29226
v 1.55913 0.04384 0.58349
v 1.59852 -0.02613 0.39006
v 1.61884 -0.07397 0.36968
v 1.28449 0.02538 1.69011
v 1.31020 -0.04366 1.72475
v 1.32218 -0.11993 1.75904
v 1.50121 0.09521 0.83401
v 1.50846 0.10258 0.66848
v 1.29774 0.06365 1.60726
v 1.32954 0.10063 1.46812
v 1.53929 0.07007 0.49813
v 1.64246 -0.14476 0.42713
v 1.24068 -0.06120 1.85033
v 1.18946 0.02926 1.83495
v 1.26225 0.10449 1.59891
v 1.24145 -0.13366 1.89059
v 1.57972 -0.28696 1.15875
v 1.61072 -0.27955 1.01070
v 1.60733 -0.33834 1.12618
v 1.55499 -0.29626 1.25680
v 1.53361 -0.33741 1.38220
v 1.65006 -0.33521 0.87373
v 1.63264 -0.27747 0.86902
v 1.64886 -0.28744 0.71585
v 1.66812 -0.33507 0.67556
v 1.66487 -0.32388 0.49108
v 1.50278 -0.25236 1.40352
v 1.65309 -0.26593 0.54061
v 1.44610 -0.27537 1.54867
v 1.39498 -0.29615 1.66387
v 1.33116 -0.29071 1.77784
v 1.64537 -0.27480 0.32759
v 1.18432 0.09243 1.75200
v 1.18277 -0.07324 1.93932
v 1.10193 -0.01397 1.99349
v 1.64776 -0.32534 0.22503
v 1.40287 -0.24888 1.63697
v 1.33322 -0.24611 1.76562
v 1.23644 -0.28396 1.92155
v 1.17961 -0.13362 1.97416
v 0.92289 0.77626 1.37147
v 0.90206 0.79273 1.42150
v 1.56096 -0.40513 1.52649
v 1.52922 -0.41552 1.60862
v 1.11592 0.06795 1.88439
v 1.07860 0.05369 1.94895
v 1.04629 -0.06387 2.09289
v 1.10910 -0.13471 2.05937
v 0.97192 0.18268 1.87165
v 0.97957 0.02041 2.09184
v 0.81167 0.81728 1.69724
v 0.82890 0.83298 1.63419
v 1.17953 -0.30858 2.00826
v 1.15285 -0.27978 2.02966
v 1.06007 -0.30485 2.14363
v 1.01764 -0.25518 2.17259
v 0.94286 -0.28682 2.24770
v 0.96857 -0.06426 2.16910
v 0.97231 -0.13559 2.19843
v 1.18990 0.68018 0.51516
v 1.21663 0.64816 0.55964
v 1.16934 0.71425 0.55719
v 1.13248 0.75833 0.51211
v 1.03997 0.83660 0.52379
v 0.74597 0.73715 1.87608
v 0.89926 -0.02745 2.20491
v 0.97789 0.09438 2.00683
v 0.75567 0.66927 1.93189
v 1.06528 0.57968 1.47650
v 0.86031 0.01977 2.19742
v 0.88403 -0.12338 2.26901
v 0.81819 -0.07799 2.29874
v 1.14898 0.83746 0.24789
v 0.83537 0.86465 1.52189
v 0.72513 0.81504 1.79274
v 0.84491 0.09314 2.12996
v 1.07112 0.85011 0.49211
v 0.84330 -0.28398 2.32629
v 0.87072 0.81391 1.36474
v 0.87207 0.82838 1.32958
v 0.80750 0.87157 1.39619
v 0.73908 -0.01266 2.31093
v 0.77669 0.01413 2.26438
v 0.88438 0.17584 1.97289
v 0.63964 0.75908 1.93924
v 0.61859 0.80825 1.89259
v 0.77254 0.08412 2.19596
v 1.09998 0.87236 0.38990
v 0.81025 0.87256 1.30349
v 0.76825 0.91469 1.38762
v 0.72140 0.87802 1.48839
v 0.65351 0.91508 1.51155
v 0.62993 1.00188 1.50029
v 0.71951 0.99348 1.40628
v 0.56294 0.98387 1.58132
v 0.62565 1.13677 1.38537
v 0.69443 1.13217 1.29972
v 0.78382 1.00525 1.30619
v 0.73957 1.17714 1.17389
v 0.78709 1.12844 1.14052
v 0.73519 1.24076 1.03642
v 0.70075 1.24594 1.14865
v 0.80756 1.12424 1.02614
v 0.81920 1.08274 1.11058
v 0.76740 1.20963 0.95074
v 0.82174 1.03068 1.16108
v 0.82016 0.96298 1.30296
v 0.85481 1.03705 1.00312
v 0.80944 1.13388 0.95345
v 0.67455 1.30133 1.08152
v 0.65586 1.25529 1.21086
v 0.67302 1.18199 1.27832
v 0.76804 0.97059 1.36940
v 0.83720 0.94734 1.18763
v 0.71438 1.28072 0.91846
v 0.56402 1.21761 1.37709
v 0.59107 1.27190 1.27864
v 0.64269 1.32326 1.09770
v 0.60629 1.30446 1.20597
v 0.66292 1.32695 0.95746
v 0.83665 0.95838 1.12518
v 0.82831 0.91148 1.27729
v 0.87740 0.91503 1.17070
v 0.50741 1.12854 1.50918
v 0.54187 1.03253 1.55923
v 0.48055 1.21603 1.45783
v 0.49478 1.30114 1.34503
v 0.64556 1.34189 0.88579
v 0.52721 0.91060 1.62650
v 0.84286 0.98453 1.05291
v 0.40417 1.30549 1.41621
v 0.41503 1.01015 1.66934
v 0.43383 1.08675 1.59676
v 0.50696 0.97545 1.63702
v 0.38652 1.21852 1.52351
v 0.74778 0.18882 2.07138
v 0.39492 0.96973 1.72043
v 0.93934 0.90030 1.24860
v 0.81978 0.89110 1.22257
v 0.68599 0.05593 2.28332
v 0.36263 1.19319 1.55884
v 0.71796 -0.08331 2.36712
v 0.76212 -0.14940 2.36357
v 0.65213 -0.06361 2.39449
v 0.60015 0.02081 2.36300
v 0.30439 1.29134 1.49521
v 0.65075 0.14116 2.20192
v 0.69722 0.19325 2.10282
v 0.35388 0.99770 1.71581
v 0.27564 1.20123 1.59459
v 0.32859 0.95367 1.77673
v 0.36643 0.90445 1.75075
v 0.46394 0.90562 1.67596
v 0.23349 1.08195 1.69287
v 0.58682 0.19427 2.17013
v 0.56115 0.07424 2.33121
v 0.95064 0.92996 1.12339
v 0.55166 -0.05963 2.44129
v 0.77264 0.86767 1.59855
v 0.59136 -0.12927 2.45251
v 0.67829 -0.25825 2.42660
v 0.82504 0.92177 1.08347
v 0.87884 0.94488 1.04483
v 0.83987 0.99267 0.98108
v 0.87263 0.95830 0.97630
v 0.83709 0.99729 0.93355
v 0.47418 -0.00588 2.43901
v 0.69048 0.86633 1.69328
v 1.11058 0.86181 0.28719
v 0.56405 0.88195 1.67132
v 0.22381 1.26152 1.55989
v 0.60603 0.85682 1.79137
v 0.22466 1.19909 1.61464
v 0.96450 0.95878 0.96860
v 0.95606 0.96869 0.88081
v 1.05476 0.86580 0.03739
v 1.07028 0.83978 -0.06708
v 1.48867 -0.45018 1.65150
v 1.46559 -0.42788 1.73680
v 1.43378 -0.42630 1.79697
v 1.36653 -0.44305 1.89185
v 1.02472 0.93419 0.80067
v 0.43914 0.87587 1.77404
v 0.86678 0.88421 1.27798
v 1.14718 0.82543 0.11729
v 0.35184 0.86656 1.80584
v 0.26629 0.88936 1.79881
v 0.29335 0.91522 1.77579
v 0.36304 0.82395 1.86210
v 0.29133 0.88285 1.87142
v 0.18677 0.92408 1.87094
v 0.11228 0.94142 1.74371
v 0.04128 0.96575 1.81891
v 0.02726 0.96810 1.71402
v 0.20274 0.93500 1.73597
v 0.11494 0.97774 1.70935
v 0.74145 1.16026 0.86442
v 0.77539 1.09531 0.88473
v 0.75535 1.11098 0.84915
v 0.80699 1.00152 0.88810
v 0.87131 0.97235 0.91270
v 0.87169 0.95385 0.83525
v 0.82573 0.95445 0.93559
v 0.68763 1.24943 0.85095
v 1.03139 0.86886 0.42502
v 0.50883 0.86318 1.83998
v 0.06556 0.98677 1.68519
v 0.62243 1.30213 0.81752
v -0.11013 0.87483 -0.74358
v -0.16934 0.91928 -0.73795
v -0.05023 0.92230 -0.74761
v 0.14676 0.92287 -0.74350
v 0.14582 0.87429 -0.73692
v 0.24860 0.86781 -0.73079
v 0.30290 0.93565 -0.72605
v -0.25491 0.87016 -0.70486
v -0.23144 0.96260 -0.71288
v -0.30729 0.94235 -0.71418
v -0.30015 0.87015 -0.69173
v -0.02623 0.98991 -0.71519
v 0.07286 0.98857 -0.71462
v 0.18765 0.96931 -0.71792
v -0.13478 1.00308 -0.69530
v -0.09297 1.18975 -0.57855
v 0.00731 1.20844 -0.57265
v 0.13380 1.19076 -0.57346
v -0.20415 1.07922 -0.62640
v -0.19686 1.20364 -0.54550
v -0.09871 1.26842 -0.51381
v 0.10272 1.26685 -0.51692
v -0.03659 1.31421 -0.47214
v -0.28835 1.08588 -0.59216
v -0.25256 1.24074 -0.49562
v 0.06921 1.32560 -0.45626
v -0.18927 1.31450 -0.44106
v 0.25423 1.22011 -0.51771
v 0.24289 1.06445 -0.63055
v 0.29943 0.96187 -0.69756
v 0.21158 1.30692 -0.44790
v 0.28411 1.27190 -0.45725
v 0.32229 1.05545 -0.60598
v 0.32702 1.17493 -0.51967
v -0.34710 1.16320 -0.50585
v -0.29692 1.26062 -0.45233
v -0.30052 0.86021 -0.70639
v -0.33598 1.00756 -0.61826
v -0.06485 1.35300 -0.40413
v -0.24506 1.33011 -0.38721
v 0.35153 1.21505 -0.46574
v 0.30169 1.31280 -0.38701
v 0.38294 1.08035 -0.54913
v -0.41905 0.87199 -0.78581
v -0.32023 0.82564 -0.75623
v -0.33142 0.79237 -0.80126
v -0.39706 0.90231 -0.72185
v -0.40117 1.05461 -0.53282
v -0.31736 1.31871 -0.33959
v -0.35644 1.24292 -0.41174
v -0.36244 1.28461 -0.34264
v -0.39037 1.18710 -0.43428
v -0.42431 1.07922 -0.49210
v -0.42849 1.15987 -0.41355
v -0.40769 1.24305 -0.34889
v -0.24365 0.86826 -0.76081
v -0.37916 0.95281 -0.60084
v -0.47151 1.05656 -0.45213
v 0.37548 0.99625 -0.60307
v 0.34196 0.96605 -0.66513
v 0.42248 1.04596 -0.52746
v 0.39357 1.26221 -0.35500
v 0.32658 0.90808 -0.69688
v -0.31375 0.88356 -0.67190
v 0.36222 1.31505 -0.30546
v 0.43625 1.11380 -0.45936
v 0.41928 1.18481 -0.41646
v 0.47259 1.08244 -0.44001
v -0.36237 0.81253 -0.81213
v -0.35971 0.75077 -0.86086
v -0.38650 0.73029 -0.90514
v -0.36927 0.67221 -0.92997
v -0.46117 0.68449 -0.98025
v -0.39406 0.64047 -0.96873
v -0.36854 0.55959 -1.03162
v -0.39974 0.58419 -1.00457
v -0.48194 0.57553 -1.04391
v -0.31446 0.77293 -0.89213
v 0.45817 1.15633 -0.38759
v -0.34003 0.66189 -0.99503
v 0.01612 1.37327 -0.15715
v -0.14238 1.36675 -0.11485
v -0.01542 1.38974 -0.10930
v 0.16589 1.37631 -0.10609
v 0.17821 1.36755 -0.16396
v 0.24625 1.35182 -0.13919
v 0.30121 1.36582 -0.08715
v -0.07985 1.37385 -0.16541
v -0.18477 1.36614 -0.16571
v -0.25296 1.34627 -0.12879
v 0.17188 1.39047 -0.25557
v -0.09570 1.39721 -0.23835
v -0.18166 1.38820 -0.25115
v -0.26974 1.37023 -0.24930
v -0.31926 1.33781 -0.14123
v 0.32708 1.35377 -0.26176
v 0.33615 1.33568 -0.13664
v -0.00656 1.38445 -0.31399
v 0.13244 1.38160 -0.30064
v 0.09688 1.35415 -0.39782
v 0.27910 1.35130 -0.31326
v 0.21496 1.34654 -0.37236
v -0.18589 1.35896 -0.34445
v -0.33331 1.35796 -0.07909
v -0.31444 1.34767 -0.27903
v -0.38946 1.33844 -0.08068
v -0.35938 1.36152 -0.01887
v -0.40804 1.35053 0.05148
v -0.51327 1.38031 0.02648
v -0.46264 1.36059 -0.10212
v -0.46675 1.37456 0.09824
v -0.54375 1.39623 0.16014
v -0.58801 1.37752 0.13183
v -0.41507 1.38808 0.16080
v -0.45599 1.36805 0.25572
v -0.51648 1.37605 0.34375
v -0.60095 1.39193 0.29240
v -0.53921 1.36595 0.48471
v -0.62580 1.38968 0.49181
v -0.57214 1.36643 0.56120
v -0.64443 1.37956 0.56213
v -0.56278 1.34930 0.62735
v -0.59888 1.33906 0.73322
v -0.68419 1.34583 0.70061
v -0.69653 1.36266 0.42450
v -0.67497 1.36379 0.26483
v -0.70864 1.35647 0.49340
v -0.56740 1.34713 -0.04319
v -0.62462 1.34954 0.04836
v -0.51166 1.33819 -0.11955
v -0.68617 1.34841 0.18712
v -0.73651 1.33498 0.61361
v -0.49430 1.31955 -0.16124
v -0.59856 1.29813 -0.12447
v -0.64608 1.30370 -0.04989
v -0.40419 1.29458 -0.15447
v -0.36613 1.30242 -0.18335
v 0.35765 1.32439 -0.12117
v 0.35900 1.36642 -0.05322
v 0.38963 1.28958 -0.19568
v 0.41564 1.30589 -0.14211
v 0.42265 1.34844 -0.03151
v 0.39000 1.35024 0.00716
v 0.42995 1.35500 0.09051
v 0.47480 1.36909 0.13749
v 0.52688 1.38542 0.04678
v 0.48420 1.35878 -0.09980
v 0.58474 1.40153 0.26801
v 0.59511 1.38054 0.13443
v 0.63124 1.38355 0.24868
v 0.52603 1.34961 -0.09039
v 0.58475 1.35427 -0.01173
v 0.44159 1.39983 0.20927
v 0.65323 1.38488 0.40487
v 0.72492 1.35220 0.31204
v 0.61412 1.38263 0.54275
v 0.66796 1.37828 0.52058
v 0.66791 1.36638 0.68348
v 0.50935 1.37173 0.30234
v 0.55823 1.37086 0.46784
v 0.54331 1.35893 0.60431
v 0.66960 1.34905 0.10640
v 0.58210 1.34995 0.63428
v 0.55653 1.35395 0.70626
v 0.61263 1.34525 0.70941
v 0.72302 1.35315 0.56657
v 0.77157 1.33134 0.47671
v 0.64956 1.31900 0.75968
v 0.48352 1.39556 0.36228
v 0.51279 1.40280 0.50326
v 0.53028 1.29348 -0.18476
v -0.51889 1.27433 -0.20979
v -0.40739 1.23915 -0.25069
v -0.44465 1.24146 -0.21987
v -0.57340 1.23931 -0.21502
v -0.29354 1.36925 -0.08477
v -0.18190 1.39475 -0.09573
v 0.43755 1.25195 -0.20054
v 0.43984 1.20060 -0.28970
v 0.47851 1.20975 -0.24867
v 0.40485 1.39346 0.08803
v -0.21581 1.44747 -0.06535
v -0.01638 1.46504 -0.07212
v 0.16374 1.45496 -0.07199
v 1.27614 -0.43295 -0.95584
v 1.34645 -0.43553 -0.85496
v 1.25834 -0.50358 -0.91372
v 1.29919 -0.50654 -0.85120
v 1.19253 -0.49970 -1.00435
v 1.40502 -0.42897 -0.76840
v 1.16947 -0.43000 -1.08613
v 1.11944 -0.50413 -1.09401
v 1.09507 -0.43861 -1.15753
v 1.00902 -0.48314 -1.20791
v 1.03253 -0.41566 -1.22465
v 0.90577 -0.43335 -1.32345
v 0.87947 -0.50128 -1.32182
v 0.75553 -0.43329 -1.42455
v 0.78945 -0.50041 -1.38730
v 0.67623 -0.51004 -1.48619
v 0.66651 -0.42631 -1.49744
v 1.36641 -0.48505 -0.75059
v 1.42573 -0.42617 -0.73504
v 1.40637 -0.50271 -0.66086
v 1.49220 -0.42647 -0.61033
v 0.60484 0.94426 -0.31903
v 0.58611 0.99194 -0.35220
v 0.66474 0.96660 -0.31609
v 0.60913 1.02617 -0.36333
v 0.71847 0.94969 -0.29184
v 0.53945 0.95758 -0.35733
v 0.66178 0.92118 -0.31367
v 0.52285 1.01213 -0.34250
v 0.51706 1.06263 -0.32282
v 0.47009 1.09676 -0.33529
v 0.58861 1.09057 -0.33046
v 0.49298 1.14167 -0.28625
v 0.59033 1.17919 -0.26611
v 0.47851 1.20975 -0.24867
v 0.53028 1.29348 -0.18476
v 0.58413 1.21953 -0.23479
v 0.43984 1.20060 -0.28970
v 0.50110 0.99769 -0.40215
v 0.49377 0.95576 -0.40330
v 0.53563 0.97164 -0.41570
v 0.48974 0.94814 -0.51389
v 0.59248 0.96881 -0.48855
v 0.55567 0.93584 -0.61307
v 0.45323 0.91355 -0.69852
v 0.40025 0.90238 -0.64598
v 0.36045 0.87922 -0.72053
v 0.42056 0.93971 -0.52199
v 0.43169 0.86112 -0.79810
v 0.50419 0.89755 -0.72878
v 0.65678 0.92741 -0.58414
v 0.59072 0.88282 -0.72460
v 0.69339 0.93088 -0.50056
v 0.61825 0.95402 -0.39714
v 0.74342 0.92622 -0.38712
v 0.80631 0.89597 -0.41897
v 0.79778 0.87279 -0.53155
v 0.50826 0.83078 -0.82637
v 0.74496 0.87319 -0.60151
v 0.32658 0.90808 -0.69688
v 0.39044 0.93939 -0.59151
v 0.60582 0.81866 -0.80536
v 0.70483 0.82174 -0.72058
v 0.45638 0.78586 -0.88595
v 0.55004 0.75595 -0.89967
v 0.69898 0.77593 -0.78489
v 0.62071 0.73645 -0.88865
v 0.83237 0.78988 -0.63404
v 0.80480 0.78387 -0.67305
v 0.85035 0.86740 -0.40351
v 0.82919 0.71725 -0.72643
v 0.70716 0.70701 -0.85126
v 0.87380 0.75921 -0.62067
v 0.86871 0.82096 -0.49516
v 0.88716 0.83341 -0.41027
v 0.82809 0.66699 -0.77615
v 0.60605 0.64927 -0.96911
v 0.64512 0.65970 -0.93856
v 0.52808 0.68555 -0.96512
v 0.46371 0.70489 -0.96358
v 0.49160 0.65905 -0.99230
v 0.73418 0.62747 -0.89321
v 0.91330 0.63035 -0.71228
v 0.93344 0.74760 -0.49997
v 0.24860 0.86781 -0.73079
v 0.34920 0.82245 -0.76838
v 0.57461 0.58231 -1.01637
v 0.80442 0.88339 -0.29027
v 0.50823 0.55753 -1.04537
v 0.46847 0.98145 -0.46152
v 0.45579 0.98543 -0.49674
v 0.43140 0.96224 -0.52334
v 0.73718 0.89641 -0.26296
v 0.71479 0.91084 -0.31688
v 0.42248 1.04596 -0.52746
v 0.37548 0.99625 -0.60307
v 0.34196 0.96605 -0.66513
v 0.47259 1.08244 -0.44001
v 0.45817 1.15633 -0.38759
v -0.24518 -0.70990 -2.78491
v -0.21224 -0.74914 -2.80786
v -0.21768 -0.72423 -2.69339
v -0.17495 -0.78480 -2.76674
v -0.16249 -0.76359 -2.67398
v -0.16587 -0.74902 -2.64879
v -0.22528 -0.69938 -2.64521
v -0.09338 -0.78365 -2.60111
v -0.11490 -0.80928 -2.73496
v -0.03441 -0.78924 -2.62818
v -0.05246 -0.82282 -2.72781
v -0.10260 -0.81147 -2.80467
v 0.00507 -0.82559 -2.81082
v 0.05016 -0.82774 -2.75030
v 0.03254 -0.79915 -2.65428
v 0.06270 -0.78872 -2.60868
v 0.04964 -0.81917 -2.56425
v -0.04099 -0.81167 -2.84577
v 0.12203 -0.79109 -2.67447
v -0.18263 -0.75729 -2.84366
v 0.12629 -0.81019 -2.79633
v 0.16983 -0.79460 -2.74859
v 0.09415 -0.80582 -2.84272
v -0.12755 -0.76761 -2.87791
v 0.04414 -0.77188 -2.90725
v -0.01372 -0.77122 -2.90954
v -0.09276 -0.74464 -2.91463
v -0.20471 -0.71491 -2.86208
v -0.24234 -0.66299 -2.69885
v -0.24820 -0.66116 -2.80931
v 0.78220 1.25092 0.76683
v 0.71600 1.24892 0.79378
v 0.77645 1.15055 0.82286
v 0.85410 1.12050 0.80725
v 0.75535 1.11098 0.84915
v 0.84138 1.01432 0.85086
v 0.80699 1.00152 0.88810
v 0.71169 1.33298 0.71688
v 0.64956 1.31900 0.75968
v 0.66587 1.26358 0.79782
v 0.89090 1.07097 0.78908
v 0.66791 1.36638 0.68348
v 0.87169 0.95385 0.83525
v 0.74145 1.16026 0.86442
v 0.68763 1.24943 0.85095
v 0.86435 0.98243 0.82123
v 0.90912 0.94246 0.79201
v 0.91520 0.92706 0.74410
v 0.62243 1.30213 0.81752
v 0.55653 1.35395 0.70626
v -0.58616 -0.33141 2.49886
v -0.65593 -0.37392 2.53467
v -0.58439 -0.37963 2.57685
v -0.43458 -0.31181 2.54361
v -0.75268 -0.32955 2.40567
v -0.79889 -0.38307 2.46362
v -0.89294 -0.38626 2.40100
v -0.87880 -0.32816 2.31520
v -0.97506 -0.39222 2.34083
v -1.02831 -0.38227 2.28183
v -0.97976 -0.32644 2.22786
v -0.73647 -0.39205 2.51087
v -1.10792 -0.38745 2.20991
v -1.16395 -0.32668 2.03287
v -1.22315 -0.38935 2.08051
v -0.42067 -0.38326 2.64276
v -0.37484 -0.35171 2.60619
v -0.27024 -0.38394 2.68157
v -0.27631 -0.32533 2.59618
v -0.34501 -0.43830 2.67485
v -0.42926 -0.42253 2.65529
v -0.51503 -0.40917 2.62479
v -0.29758 -0.42160 2.69031
v -0.11833 -0.40832 2.71677
v -0.59279 -0.41853 2.59320
v -0.67266 -0.42052 2.55451
v 0.73718 0.89641 -0.26296
v 0.71847 0.94969 -0.29184
v 0.79698 0.91202 -0.24767
v 0.79043 0.97345 -0.24091
v 0.71949 1.04426 -0.25888
v 0.67325 1.05806 -0.29495
v 0.60913 1.02617 -0.36333
v 0.83767 0.96029 -0.18654
v 0.67751 1.12391 -0.25024
v 0.61449 1.07835 -0.32484
v 0.59033 1.17919 -0.26611
v 0.58861 1.09057 -0.33046
v 0.61972 1.22533 -0.20597
v 0.69653 1.14738 -0.20525
v 0.76857 1.08314 -0.15976
v 0.65947 1.23494 -0.15951
v 0.58413 1.21953 -0.23479
v 0.72680 1.18485 -0.11357
v 0.70604 1.25074 -0.05871
v 0.63522 1.28634 -0.11795
v 0.83473 1.01806 -0.11028
v 0.79551 1.14495 -0.02583
v 0.79663 1.20512 0.07084
v 0.87547 0.97617 -0.06861
v 0.87422 1.08438 0.08498
v 0.72868 1.29886 0.09058
v 0.65004 1.31607 -0.03960
v 0.92550 0.97891 0.08545
v 0.80482 1.24930 0.19823
v 0.90677 1.10380 0.26145
v 0.86369 1.19751 0.31689
v 0.90601 1.07758 0.18452
v 0.91407 1.00992 0.10181
v 0.96398 0.99166 0.28406
v 0.94481 1.06884 0.38408
v 0.80059 1.29720 0.38653
v 0.84183 1.24794 0.40680
v 0.90601 1.14751 0.45619
v 0.74445 1.33194 0.25651
v 1.00642 0.96153 0.49118
v 0.87082 1.21313 0.53828
v 0.99129 0.99145 0.53600
v 0.91560 1.13263 0.57082
v 0.99910 0.91904 0.37429
v 0.86467 0.91252 -0.13410
v 0.96169 0.91775 0.19892
v 0.80268 1.30415 0.52946
v 0.92179 1.11613 0.63198
v 0.92220 0.91659 0.04651
v 0.71479 0.91084 -0.31688
v 0.89449 0.91107 -0.03693
v 0.88653 0.86967 -0.15005
v 0.94028 0.87631 -0.01065
v 0.93009 0.90510 0.10383
v 1.00489 0.87729 0.22588
v 0.98477 0.91104 0.32619
v 1.03355 0.87216 0.37645
v 0.82878 0.86420 -0.21088
v 0.80442 0.88339 -0.29027
v 0.85062 1.23476 0.61937
v 0.77157 1.33134 0.47671
v 0.92285 0.87416 -0.10984
v 0.66960 1.34905 0.10640
v 1.03139 0.86886 0.42502
v 1.00255 0.90666 0.43803
v 0.85558 0.83594 -0.30616
v 0.72492 1.35220 0.31204
v 1.03997 0.83660 0.52379
v 1.02526 0.87198 0.56560
v 1.00993 0.91031 0.54955
v 1.13491 0.77007 0.56610
v 1.16934 0.71425 0.55719
v 1.00211 0.89527 0.63297
v 0.89593 0.80523 -0.27348
v 0.93968 0.75364 -0.31150
v 0.91858 0.75897 -0.36771
v 0.97265 0.70607 -0.34087
v 0.96615 0.67676 -0.40635
v 1.01636 0.62463 -0.38028
v 0.99976 0.59976 -0.43004
v 0.80631 0.89597 -0.41897
v 0.59728 1.31668 -0.10769
v 0.97767 0.69417 -0.49410
v 0.93344 0.74760 -0.49997
v 0.88716 0.83341 -0.41027
v 1.02063 0.57238 -0.55116
v 1.03806 0.53296 -0.49879
v 1.05530 0.49445 -0.45378
v 0.96312 0.93946 0.64383
v 0.75320 1.33112 0.62791
v 0.88106 1.13575 0.72373
v 0.85035 0.86740 -0.40351
v 0.95451 1.02688 0.63234
v 0.92182 1.06048 0.71961
v 0.80507 1.24630 0.71716
v 0.72302 1.35315 0.56657
v 0.89090 1.07097 0.78908
v 1.24847 0.70049 0.61326
v 1.15753 0.81701 0.61435
v 0.58475 1.35427 -0.01173
v 0.71169 1.33298 0.71688
v 0.78220 1.25092 0.76683
v 0.86992 1.11159 0.77970
v 0.85410 1.12050 0.80725
v 0.66791 1.36638 0.68348
v 0.53028 1.29348 -0.18476
v 0.52603 1.34961 -0.09039
v 0.63124 1.38355 0.24868
v 1.08737 0.86144 0.59385
v 1.11792 0.86259 0.62711
v 0.98819 0.87974 0.09264
v 1.08352 0.89933 0.70560
v 1.05476 0.86580 0.03739
v 0.94606 0.93231 0.75168
v 0.91392 0.92908 0.70496
v 1.02472 0.93419 0.80067
v 0.90980 0.95411 0.73135
v 0.91520 0.92706 0.74410
v 1.09998 0.87236 0.38990
v 0.90912 0.94246 0.79201
v 0.95606 0.96869 0.88081
v 0.87131 0.97235 0.91270
v 0.87169 0.95385 0.83525
v 0.89686 -0.45682 2.39902
v 0.78870 -0.45266 2.47989
v 0.79430 -0.50790 2.37437
v 0.68288 -0.47571 2.50388
v 0.66052 -0.51655 2.44573
v 0.69874 -0.45352 2.53163
v 0.94830 -0.50630 2.25451
v 1.06426 -0.45757 2.25061
v 1.10340 -0.49842 2.11093
v 1.18040 -0.45890 2.12009
v 1.23673 -0.45703 2.05319
v 1.18473 -0.52142 1.97180
v 0.55199 -0.45670 2.59706
v 0.49674 -0.50831 2.53083
v 0.45356 -0.46832 2.61616
v 0.35882 -0.51358 2.56886
v 1.28034 -0.51440 1.84349
v 1.07860 -0.51762 2.10640
v 0.42910 -0.44146 2.65408
v 0.24671 -0.46817 2.66817
v 0.27190 -0.52297 2.58978
v 0.16907 -0.46850 2.68636
v 1.18592 -0.43871 2.14475
v 1.02264 -0.43415 2.31679
v 0.53471 -0.42820 2.62287
v 1.26541 -0.42177 2.05623
v 0.84961 -0.52420 2.31417
v 0.75685 -0.53409 2.37292
v 0.42258 -0.52927 2.53672
v 0.61396 -0.43160 2.58869
v 0.68020 -0.43145 2.55664
v 0.90480 -0.42699 2.41682
v 0.74469 -0.42640 2.52269
v 0.57781 -0.53876 2.47069
v 0.91724 -0.55184 2.24332
v 0.96738 -0.56036 2.19674
v 0.20210 -0.52239 2.63017
v 0.50065 -0.55768 2.49958
v 0.44247 -0.55481 2.52128
v 0.34428 -0.55247 2.55222
v 1.07331 -0.54749 2.08934
v 1.09776 -0.40738 2.24773
v 0.79767 -0.40067 2.48797
v -1.06606 0.68122 1.41280
v -0.97981 0.70471 1.41658
v -1.04442 0.73374 1.37804
v -0.91520 0.77741 1.36842
v -0.98805 0.83508 1.29676
v -0.84247 0.86777 1.29495
v -1.01655 0.62651 1.45326
v -1.04815 0.52167 1.50095
v -1.10441 0.57164 1.45822
v -1.09064 0.46369 1.51336
v -0.94616 0.86630 1.29080
v -0.94044 0.89975 1.22400
v -1.06339 0.42876 1.57726
v -1.01245 0.89020 1.16839
v -1.08590 0.78362 1.25981
v -1.11884 0.69092 1.33588
v -0.98244 0.62057 1.50291
v -0.92949 0.72579 1.45841
v -1.14426 0.61194 1.37570
v -1.05755 0.86850 1.13184
v -0.86785 0.80768 1.39706
v -0.80768 0.86579 1.34166
v -0.80890 0.90342 1.27891
v -0.74672 0.90586 1.38328
v -0.98585 0.93159 1.04713
v -0.91946 0.93130 1.13864
v -1.04220 0.92531 0.93300
v -0.94522 0.96702 0.91300
v -0.91924 0.96931 0.97349
v -0.79693 0.87139 1.40787
v -0.63737 0.87843 1.51381
v -1.02950 0.53035 1.57554
v -1.15100 0.52006 1.41705
v -1.02168 0.92926 0.77084
v -0.82090 0.86482 1.50854
v -0.89272 0.79403 1.54620
v -0.86166 0.77576 1.67027
v -0.79031 0.84046 1.63037
v -0.81894 0.78435 1.72070
v -0.88707 0.68686 1.75545
v -0.77571 0.74115 1.82130
v -0.96271 0.65022 1.64798
v -0.96546 0.68784 1.58247
v -0.91236 0.63373 1.77272
v -1.00913 0.54669 1.64882
v -0.97722 0.51880 1.72971
v -0.76404 0.69411 1.88144
v -0.78626 0.63769 1.90799
v -0.71163 0.79167 1.82238
v -0.66554 0.75170 1.91001
v -0.85541 0.58128 1.87044
v -0.71696 0.82916 1.74558
v -0.66644 0.65562 1.99788
v -0.64525 0.70198 1.97546
v -0.59781 0.80283 1.90029
v -0.62288 0.83419 1.81786
v -0.76665 0.59365 1.95278
v -0.93577 0.51240 1.79734
v -0.57135 0.75485 1.97128
v -0.65200 0.58706 2.04942
v -1.13227 0.37749 1.48100
v -0.57630 0.68394 2.03215
v -0.67133 0.87044 1.67776
v -0.74931 0.54866 1.98489
v -0.54948 0.64424 2.06871
v -0.51459 0.83841 1.88254
v -0.58322 0.57051 2.09529
v -1.05768 0.31205 1.62125
v -1.13241 0.29776 1.49248
v -0.88636 0.47901 1.85952
v -0.79465 0.47538 1.95475
v -1.21829 0.52599 1.28945
v -0.63301 0.52234 2.08164
v -1.19165 0.33393 1.35259
v -0.62832 0.91534 1.51971
v -1.01258 0.31443 1.69027
v -1.05320 0.23810 1.66667
v -0.94175 0.24181 1.81342
v -0.91364 0.32003 1.82042
v -1.06747 0.18273 1.72107
v -0.94849 0.18761 1.86369
v -0.84128 0.23508 1.92772
v -0.84396 0.18254 1.97858
v -0.88848 0.26701 1.86129
v -0.79471 0.31547 1.94780
v -0.77435 0.20675 2.01236
v -0.73610 0.23842 2.02052
v -0.72414 0.17827 2.08487
v -1.14716 0.08856 1.78473
v -1.05735 0.08478 1.90821
v -1.15719 -0.00098 1.88956
v -1.24847 0.00169 1.75388
v -1.23167 -0.11825 1.87794
v -1.12892 -0.06032 1.97816
v -1.32108 -0.05098 1.68832
v -1.29713 -0.13442 1.78632
v -1.05120 0.00631 2.01126
v -1.12277 -0.12998 2.02439
v -1.00131 -0.06290 2.12057
v -1.03202 -0.14431 2.12881
v -0.91455 0.02904 2.12581
v -0.95960 0.08430 2.01718
v -0.84906 0.00302 2.20635
v -0.91277 -0.12203 2.23185
v -0.79215 -0.06881 2.30032
v -1.15231 -0.27451 2.01569
v -1.04455 -0.25714 2.13281
v -1.04865 -0.30177 2.14217
v -1.16395 -0.32668 2.03287
v -1.20977 -0.26774 1.94048
v -1.27931 -0.32709 1.87818
v -1.30255 -0.26780 1.80474
v -1.36667 -0.31703 1.72446
v -0.97976 -0.32644 2.22786
v -0.89666 -0.27992 2.27313
v -0.87880 -0.32816 2.31520
v -0.80653 -0.27482 2.34010
v -0.72739 -0.01607 2.30965
v -0.83507 0.10712 2.10181
v -0.75268 -0.32955 2.40567
v -0.79495 -0.15161 2.33163
v -0.68508 0.26935 2.04842
v -0.63666 0.20698 2.11562
v -0.60441 0.27977 2.10295
v -0.71720 0.08734 2.21642
v -0.67418 -0.08640 2.38466
v -0.67459 -0.13221 2.40212
v -0.62353 -0.03189 2.38188
v -0.55083 0.22204 2.15684
v -0.57249 0.17832 2.18369
v -0.62795 0.04308 2.31889
v -0.67889 0.48027 2.05313
v -0.69551 0.34205 2.03372
v -0.52284 0.28413 2.15110
v -0.69634 -0.30273 2.42007
v -0.58616 -0.33141 2.49886
v -0.69216 -0.25062 2.40923
v -0.67996 0.96916 1.45932
v -0.63860 0.97942 1.49311
v -0.54728 0.97411 1.58925
v -0.52099 0.91398 1.62016
v -0.40000 0.96381 1.71381
v -0.54552 -0.28718 2.49052
v -0.54150 0.88032 1.66526
v -0.40123 0.25036 2.21570
v -0.51153 -0.05444 2.44883
v -0.47375 0.18143 2.23003
v -0.49814 0.00451 2.41526
v -0.46009 0.91039 1.66967
v -0.35455 0.91301 1.75515
v -0.40300 0.87302 1.75755
v -0.34304 0.86799 1.80450
v -0.56855 0.07670 2.31608
v -0.58708 -0.15098 2.45293
v -0.47424 -0.12916 2.49558
v -0.59119 -0.25238 2.46288
v -0.47089 0.27126 2.17988
v -0.45561 0.07687 2.36665
v -0.36456 -0.00825 2.47233
v -0.43458 -0.31181 2.54361
v -0.33355 -0.24878 2.55690
v -0.35305 -0.12756 2.53487
v -0.79001 0.95214 1.33907
v -0.30425 0.25038 2.24951
v -0.37771 0.17692 2.27340
v -0.59530 0.36674 2.10767
v -0.55348 0.45288 2.13267
v -0.51422 0.47238 2.14764
v -0.32753 -0.05591 2.51211
v -0.29928 0.06614 2.42781
v -0.51812 0.55318 2.12306
v -0.48020 0.60250 2.11089
v -0.38248 0.39091 2.21262
v -0.26778 0.18754 2.29557
v -0.20571 0.01315 2.49346
v -0.38318 0.45895 2.18574
v -0.27608 0.51267 2.23981
v -0.28789 0.58947 2.20342
v -0.37268 0.54057 2.13335
v -0.35649 0.59781 2.11182
v -0.38592 0.64048 2.04041
v -0.29720 0.64666 2.16142
v -0.31435 0.70117 2.10670
v -0.33092 0.73311 1.99911
v -0.21521 0.65130 2.20720
v -0.18492 0.71149 2.17387
v -0.26432 0.72392 2.11563
v -0.19744 0.57863 2.25363
v -0.28742 0.78757 2.03084
v -0.21892 0.80089 2.06030
v -0.15037 0.76675 2.13412
v -0.38332 0.71597 1.98893
v -0.26256 0.84673 1.96664
v -0.18259 0.87046 1.98848
v -0.42303 0.49085 2.15113
v -0.10114 0.62520 2.24998
v -0.10063 0.83700 2.06538
v -0.23043 0.89768 1.90318
v -0.46781 0.71721 2.03109
v -0.14157 0.57895 2.26507
v -0.41994 0.57661 2.10382
v -0.18340 -0.07917 2.55273
v -0.24184 0.46446 2.26188
v -0.28947 0.86226 1.85479
v -0.31880 0.79903 1.89201
v -0.36430 0.73512 1.95632
v -0.46945 0.79597 1.95190
v -0.44473 0.73092 2.02484
v -0.13937 0.21007 2.30265
v -0.13314 0.15964 2.35048
v -0.06917 0.72944 2.17876
v -0.13051 0.28893 2.28054
v -0.23427 -0.15745 2.56948
v -0.09546 0.07623 2.45173
v -0.06674 -0.07144 2.56093
v -0.08392 0.01922 2.50331
v -0.42816 0.81037 1.94380
v -0.25638 0.33326 2.25611
v -0.07225 0.90626 1.97270
v -0.44069 0.86472 1.86227
v -0.16906 0.46872 2.28036
v -0.09742 0.52749 2.28366
v 0.03729 0.68412 2.21720
v -0.29282 -0.28784 2.57353
v -0.27631 -0.32533 2.59618
v -0.10563 -0.32016 2.61696
v -0.07958 -0.26776 2.60005
v -0.05825 -0.12606 2.58216
v 0.04663 0.00510 2.51662
v 0.00481 0.76083 2.15333
v 0.01291 0.18560 2.33092
v 0.05206 0.14214 2.38062
v -0.19051 0.90390 1.91341
v 0.12349 0.05561 2.47033
v 0.10991 -0.06430 2.55557
v 0.00418 0.86188 2.04065
v -0.52256 0.87033 1.80124
v 0.11502 0.76587 2.14259
v 0.08000 0.84856 2.05467
v 0.10407 0.19232 2.32099
v 0.18320 0.08053 2.43922
v 0.25060 -0.01053 2.50528
v 0.08832 -0.17097 2.59127
v -0.36011 0.82669 1.87325
v -0.09130 0.93595 1.88112
v -0.29755 0.86417 1.79022
v -0.01439 0.96824 1.81569
v 0.04097 0.93968 1.90492
v 0.08003 0.91333 1.95969
v -0.31608 0.93316 1.79391
v -0.24860 0.88737 1.76404
v -0.19422 0.91253 1.79587
v -0.24508 0.93535 1.76890
v 0.04128 0.96575 1.81891
v -0.18492 0.93959 1.73656
v -0.07701 0.94703 1.73137
v -0.13561 0.92536 1.72502
v -0.08713 0.97912 1.70210
v -0.01923 0.98133 1.66164
v 0.02726 0.96810 1.71402
v 0.06556 0.98677 1.68519
v 0.03482 1.02837 1.65184
v 0.00587 1.04221 1.59287
v 0.08596 1.05651 1.69826
v 0.07585 1.13266 1.64734
v 0.02388 1.12354 1.57685
v 0.02049 1.17861 1.53600
v 0.07186 1.21459 1.58916
v 0.11494 0.97774 1.70935
v 0.22367 0.99760 1.74099
v 0.20274 0.93500 1.73597
v 0.29335 0.91522 1.77579
v 0.32859 0.95367 1.77673
v -0.01900 1.16219 1.57076
v -0.75930 0.87622 1.46938
v -0.84677 0.91945 1.12650
v -0.84606 0.94929 0.99638
v -0.81026 0.95552 1.02872
v -0.82588 0.90079 1.17617
v -0.80808 0.96839 0.94302
v -0.85936 0.96876 0.87762
v -0.79756 0.98329 0.86908
v -0.87334 0.94928 0.75879
v -0.88879 0.92911 0.74821
v -0.90861 1.04035 0.73681
v -0.85052 1.04050 0.84059
v -0.81274 1.04250 0.84365
v -0.83485 1.14747 0.77965
v 0.28699 0.90838 1.76816
v 0.26629 0.88936 1.79881
v -0.16355 0.98263 1.74720
v 0.88916 0.84838 -0.24464
v 0.89593 0.80523 -0.27348
v 0.82878 0.86420 -0.21088
v 0.98706 0.83130 -0.24354
v 1.04371 0.75927 -0.28415
v 0.93968 0.75364 -0.31150
v 1.07564 0.68747 -0.33276
v 0.97265 0.70607 -0.34087
v 1.01636 0.62463 -0.38028
v 1.06145 0.54463 -0.41466
v 0.96424 0.86640 -0.19481
v 1.12745 0.61458 -0.33437
v 1.12687 0.54023 -0.38544
v 1.05530 0.49445 -0.45378
v 1.08807 0.41974 -0.47738
v 0.99976 0.59976 -0.43004
v 0.88653 0.86967 -0.15005
v 0.92285 0.87416 -0.10984
v 1.05476 0.86580 0.03739
v 0.94028 0.87631 -0.01065
v 0.34920 0.82245 -0.76838
v 0.30137 0.86178 -0.76717
v 0.24860 0.86781 -0.73079
v 0.25085 0.86974 -0.84965
v 0.13755 0.87631 -0.79955
v 0.14582 0.87429 -0.73692
v -0.11013 0.87483 -0.74358
v -0.13441 0.87605 -0.80137
v -0.25491 0.87016 -0.70486
v -0.24365 0.86826 -0.76081
v -0.23710 0.86840 -0.85578
v -0.28955 0.84816 -0.81123
v -0.32023 0.82564 -0.75623
v -0.25615 0.82953 -0.91057
v -0.31446 0.77293 -0.89213
v -0.29244 0.75950 -0.97581
v -0.33142 0.79237 -0.80126
v -0.34003 0.66189 -0.99503
v 0.31612 0.66098 -1.06170
v 0.36223 0.66883 -0.94986
v 0.38075 0.57929 -1.01130
v 0.38314 0.52600 -1.06549
v 0.33597 0.75576 -0.89301
v 0.29338 0.76013 -0.98174
v 0.28475 0.83623 -0.89156
v 0.32798 0.79900 -0.81654
v 0.30310 0.60969 -1.10510
v 0.30676 0.52228 -1.14305
v 0.40486 0.43686 -1.10468
v 0.45518 0.34672 -1.10469
v 0.21960 0.75866 -1.03176
v 0.24498 0.68253 -1.08827
v 0.38306 0.75298 -0.86680
v 0.24230 0.80320 -0.96469
v 0.23715 0.60487 -1.14552
v 0.18623 0.64071 -1.14474
v 0.22667 0.84118 -0.91985
v 0.42675 0.45436 -1.08626
v 0.22212 0.53904 -1.17604
v 0.13263 0.74725 -1.07219
v 0.11644 0.80516 -1.01235
v 0.40003 0.66414 -0.94572
v 0.30342 0.39964 -1.16303
v 0.09818 0.62732 -1.16454
v 0.02045 0.70242 -1.11777
v 0.43022 0.55585 -1.03118
v -0.07659 0.76090 -1.06397
v 0.45294 0.53072 -1.05819
v 0.53013 0.47872 -1.06174
v -0.07610 0.67697 -1.13339
v -0.11943 0.81224 -0.99876
v 0.50823 0.55753 -1.04537
v 0.49160 0.65905 -0.99230
v -0.18016 0.67176 -1.12133
v 0.03041 0.83866 -0.95798
v 0.10231 0.86828 -0.88896
v -0.18579 0.74774 -1.05384
v 0.46371 0.70489 -0.96358
v -0.11672 0.86324 -0.89506
v -0.21956 0.79865 -0.97681
v -0.19682 0.84202 -0.92306
v -0.28161 0.70685 -1.03538
v 0.45638 0.78586 -0.88595
v 0.43169 0.86112 -0.79810
v 0.36045 0.87922 -0.72053
v -0.04470 0.59893 -1.18090
v 0.13422 0.56642 -1.18614
v 0.01830 0.49261 -1.20749
v -0.14475 0.49967 -1.19603
v -0.17403 0.57297 -1.17621
v -0.07021 0.46359 -1.20638
v 0.18565 0.46592 -1.19400
v 0.08641 0.43578 -1.20632
v 0.00106 0.38727 -1.20681
v -0.11758 0.31282 -1.19278
v 0.01576 0.28852 -1.19906
v -0.17083 0.25408 -1.18664
v 0.17475 0.31503 -1.18689
v 0.03782 0.23745 -1.20497
v -0.12385 0.20280 -1.21530
v 0.20382 0.25471 -1.18307
v -0.25572 0.32206 -1.16820
v -0.23508 0.46907 -1.17797
v -0.34083 0.26474 -1.14393
v -0.23974 0.21842 -1.18407
v -0.39767 0.35135 -1.12498
v 0.30756 0.28276 -1.15615
v 0.24833 0.21852 -1.18476
v 0.42329 0.26950 -1.11682
v 0.35229 0.23779 -1.14910
v 0.13909 0.20546 -1.21307
v -0.36162 0.21469 -1.15244
v -0.53095 0.28237 -1.06163
v -0.56413 0.44135 -1.04831
v -0.51573 0.49147 -1.06249
v -0.38993 0.43519 -1.10771
v -0.30704 0.51305 -1.13990
v -0.23810 0.59167 -1.14473
v -0.63816 0.49205 -1.00464
v -0.61391 0.57064 -1.00380
v -0.56416 0.61078 -1.00644
v -0.48194 0.57553 -1.04391
v -0.40562 0.48177 -1.07248
v -0.49169 0.24235 -1.08888
v -0.58920 0.23386 -1.04115
v -0.63461 0.33347 -0.99941
v -0.65847 0.25401 -0.99040
v -0.52793 0.19231 -1.10069
v -0.74524 0.32711 -0.91667
v -0.73611 0.48068 -0.93316
v -0.73267 0.28556 -0.92917
v -0.77737 0.55460 -0.88659
v -0.74479 0.22979 -0.93868
v -0.30514 0.61698 -1.09206
v -0.81222 0.30004 -0.85898
v -0.85589 0.37471 -0.81773
v -0.83663 0.48316 -0.84322
v -0.83241 0.23382 -0.86227
v -0.89508 0.28527 -0.77824
v -0.92941 0.49058 -0.74263
v -0.30256 0.17861 -1.19745
v -0.68250 0.19037 -1.01484
v -0.35954 0.52297 -1.09002
v -0.89412 0.58402 -0.76024
v -0.36854 0.55959 -1.03162
v -0.89132 0.18953 -0.84848
v -0.01533 0.18589 -1.24088
v 0.48312 0.19839 -1.11912
v -0.78150 0.17659 -0.96028
v 0.34193 0.17166 -1.19596
v 1.70902 -0.44060 0.11264
v 1.71547 -0.38816 0.21091
v 1.72562 -0.42072 0.15584
v 1.68373 -0.38231 0.04740
v 1.69716 -0.41445 -0.00910
v 1.64902 -0.38305 -0.11823
v 1.68824 -0.41648 -0.05189
v 1.66082 -0.42014 -0.16368
v 1.61220 -0.38253 -0.24864
v 1.62951 -0.42921 -0.26293
v 1.61103 -0.43876 -0.30148
v 1.58356 -0.38984 -0.36096
v 1.59429 -0.41660 -0.37480
v 1.55507 -0.39919 -0.45792
v 1.62527 -0.31362 0.10523
v 1.59700 -0.31754 -0.04614
v 1.60882 -0.29062 0.04592
v 1.52288 -0.38501 -0.50034
v 1.57488 -0.34929 -0.22482
v 1.53425 -0.31704 -0.27046
v 1.64776 -0.32534 0.22503
v 1.66937 -0.34354 0.30559
v 1.66487 -0.32388 0.49108
v 1.72885 -0.39028 0.32199
v 1.72486 -0.38074 0.59909
v 1.75205 -0.42040 0.55770
v 1.66812 -0.33507 0.67556
v 1.71943 -0.38471 0.78244
v 1.65006 -0.33521 0.87373
v 1.70167 -0.38257 0.91255
v 1.68347 -0.38245 1.02465
v 1.60733 -0.33834 1.12618
v 1.66041 -0.38390 1.14591
v 1.64436 -0.39424 1.25546
v 1.53361 -0.33741 1.38220
v 1.61829 -0.38752 1.32115
v 1.58731 -0.38837 1.41938
v 1.56096 -0.40513 1.52649
v 1.69216 -0.40856 1.09663
v 1.72684 -0.41601 0.90626
v 1.71919 -0.42103 0.95729
v 1.59434 -0.41244 1.44545
v 1.72602 -0.44704 0.76147
v 1.63221 -0.42265 1.33244
v 1.60135 -0.44095 1.39574
v 1.66006 -0.42845 1.22896
v 1.68031 -0.43770 1.12213
v 0.94606 0.93231 0.75168
v 0.90980 0.95411 0.73135
v 0.91520 0.92706 0.74410
v -1.75205 -0.41923 0.53161
v -1.74543 -0.44095 0.52101
v -1.74786 -0.39949 0.54193
v -0.80679 -0.60084 2.33279
v -0.83371 -0.71561 2.35836
v -0.70837 -0.70461 2.43955
v -0.64938 -0.58865 2.42800
v -0.58376 -0.60009 2.46658
v -0.59584 -0.72139 2.50383
v -0.50004 -0.60247 2.50498
v -0.40695 -0.69397 2.57640
v -0.34595 -0.58847 2.55453
v -0.29728 -0.58915 2.57992
v -0.26025 -0.52907 2.58575
v -0.20692 -0.53251 2.61742
v -0.78291 -0.56172 2.33962
v -0.86906 -0.53754 2.28164
v -0.33180 -0.67579 2.61549
v -0.35702 -0.75035 2.62413
v -0.33398 -0.53999 2.55307
v -0.41743 -0.54556 2.52638
v -0.97134 -0.60189 2.19673
v -1.00564 -0.70478 2.21024
v -0.54893 -0.53712 2.47828
v -0.94483 -0.56428 2.21027
v -0.21639 -0.57805 2.64193
v -0.14113 -0.53266 2.66770
v -1.07713 -0.54634 2.08027
v -1.08943 -0.60584 2.07668
v -1.12669 -0.70150 2.08082
v -0.31669 -0.70378 2.64877
v -0.25878 -0.65677 2.68849
v -0.30945 -0.74042 2.68147
v -1.19702 -0.59644 1.93850
v -0.66801 -0.53904 2.41716
v -0.15018 -0.49400 2.66155
v -0.08467 -0.47177 2.69901
v -1.24054 -0.73151 1.94300
v -1.20143 -0.55599 1.92429
v -1.33943 -0.69178 1.78022
v -1.27774 -0.57040 1.81232
v -1.31894 -0.75337 1.82886
v -0.05280 -0.52370 2.70847
v -1.33570 -0.58446 1.71996
v -0.16361 -0.57415 2.69857
v -0.08700 -0.54627 2.72068
v -0.23612 -0.72796 2.80203
v -0.19019 -0.66947 2.80538
v -0.13623 -0.70291 2.87815
v -0.21784 -0.79007 2.85104
v -0.14839 -0.79230 2.90549
v -0.08175 -0.75016 2.92464
v -0.11690 -0.62761 2.81901
v -0.06172 -0.64462 2.86241
v -0.01989 -0.71593 2.92289
v -0.18080 -0.82497 2.88583
v -0.27367 -0.77965 2.76851
v -0.05262 -0.55340 2.74696
v -1.40793 -0.60669 1.59640
v -0.00010 -0.62541 2.85278
v 0.03699 -0.69965 2.91372
v -0.00961 -0.81843 2.94796
v -1.38664 -0.54545 1.62703
v 0.04453 -0.77568 2.94216
v -1.35691 -0.81137 1.76117
v -1.44122 -0.74639 1.60597
v -0.09568 -0.89782 2.91541
v -1.43676 -0.83595 1.60195
v -1.52436 -0.80374 1.40922
v -1.30935 -0.51515 1.79964
v 0.00671 -0.48826 2.70226
v 0.03269 -0.54044 2.73696
v -1.50704 -0.87439 1.41632
v -0.78570 -0.51526 2.36287
v -0.97451 -0.51046 2.21779
v -1.22635 -0.50946 1.93340
v 0.01760 -0.88097 2.93912
v -1.55147 -0.89439 1.27162
v -1.56985 -0.79306 1.28192
v -1.59179 -0.83541 1.19132
v -0.32077 1.40028 1.18895
v -0.16653 1.36684 1.23577
v -0.29606 1.37462 1.11286
v -0.41385 1.37446 1.01512
v -0.19179 1.38448 1.32153
v -0.09020 1.34940 1.27893
v -0.10476 1.37076 1.36708
v -0.02224 1.33219 1.36008
v 0.02984 1.32126 1.36172
v -0.47674 1.38545 1.08465
v -0.53379 1.38184 0.98038
v -0.49377 1.35472 0.91019
v -0.59263 1.36475 0.92778
v -0.56905 1.33180 0.81846
v -0.45086 1.37312 0.88484
v -0.08656 1.35359 1.41832
v -0.15689 1.38898 1.16492
v -0.26663 1.39523 1.06824
v -0.38060 1.38888 0.95724
v -0.02169 1.30348 1.41319
v -0.06896 1.31965 1.47248
v -0.13572 1.30908 1.50092
v -0.18598 1.34981 1.42433
v -0.18366 1.28778 1.53350
v -0.26028 1.34765 1.41274
v -0.28935 1.29100 1.49531
v -0.35364 1.32537 1.41193
v -0.29922 1.37989 1.29289
v -0.37731 1.35164 1.33947
v -0.39145 1.38603 1.19723
v -0.48196 1.35181 1.23857
v -0.57464 1.34113 1.13496
v -0.43315 1.31796 1.36221
v -0.61688 1.34442 1.00379
v -0.51842 1.31779 1.27618
v -0.65186 1.30804 1.08026
v -0.63384 1.28114 1.17830
v -0.42077 1.26789 1.43833
v -0.66048 1.32066 0.91097
v -0.23564 1.23647 1.57495
v -0.51294 1.23982 1.38854
v -0.37478 1.21663 1.52237
v -0.31584 1.23495 1.54000
v -0.59248 1.23827 1.30019
v -0.69061 1.28173 0.98843
v -0.46016 1.19223 1.48231
v -0.70903 1.24392 1.08589
v -0.70238 1.20280 1.17838
v -0.58651 1.17274 1.37745
v -0.33043 1.16067 1.59184
v -0.54625 1.07531 1.50621
v -0.46330 1.01668 1.61884
v -0.36906 1.03253 1.66999
v -0.40000 0.96381 1.71381
v -0.32169 0.97244 1.74899
v -0.29966 1.05873 1.68434
v -0.54728 0.97411 1.58925
v -0.63860 0.97942 1.49311
v -0.20409 1.18161 1.62885
v -0.72853 1.01613 1.34837
v -0.67996 0.96916 1.45932
v -0.79001 0.95214 1.33907
v -0.80617 0.96766 1.27914
v -0.73815 1.14670 1.18295
v -0.78521 1.12382 1.09536
v -0.21581 1.04453 1.71288
v -0.35455 0.91301 1.75515
v -0.31608 0.93316 1.79391
v -0.14259 1.08843 1.69362
v -0.12235 1.19826 1.61282
v -0.07990 1.25347 1.55555
v -0.16355 0.98263 1.74720
v -0.24508 0.93535 1.76890
v -0.05630 1.19375 1.60574
v -0.07666 1.07167 1.68806
v -0.50264 1.36594 0.82382
v -0.54701 1.35494 0.75903
v -0.59888 1.33906 0.73322
v -0.56278 1.34930 0.62735
v -0.51499 1.39789 0.59045
v -0.64138 1.27908 0.78702
v -0.62657 1.29890 0.83757
v -0.53921 1.36595 0.48471
v -0.47847 1.39938 0.40815
v -0.51648 1.37605 0.34375
v -0.45599 1.36805 0.25572
v -0.66194 1.25901 0.84505
v -0.67619 1.24630 0.80112
v -0.71013 1.20263 0.86731
v -0.71400 1.19186 0.82047
v -0.76259 1.12538 0.83032
v -0.49806 1.44497 0.73737
v -0.48318 1.43811 0.80872
v -0.36786 1.47608 0.86691
v -0.41755 1.49135 0.72827
v -0.47924 1.45780 0.71178
v -0.47975 1.45914 0.58123
v -0.42142 1.49246 0.58759
v -0.41554 1.48772 0.45753
v -0.45386 1.46487 0.42347
v -0.44393 1.40713 0.27583
v -0.33920 1.53191 0.59383
v -0.34095 1.52180 0.41435
v -0.39614 1.48194 0.32253
v -0.30126 1.52228 0.28488
v -0.33779 1.47704 0.14571
v -0.38084 1.45433 0.13309
v -0.41507 1.38808 0.16080
v -0.24151 1.52102 0.15377
v -0.33194 1.45271 0.04238
v -0.25569 1.47090 0.00956
v -0.31750 1.51362 0.80816
v -0.34203 1.46125 0.95462
v -0.32222 1.43521 -0.02929
v -0.38720 1.38846 0.07584
v -0.40804 1.35053 0.05148
v -0.35938 1.36152 -0.01887
v -0.23444 1.51293 0.91018
v -0.21816 1.48169 1.01604
v -0.25153 1.45571 1.05399
v -0.21581 1.44747 -0.06535
v -0.15012 1.44847 1.14393
v -0.41336 1.43558 0.90250
v -0.33331 1.35796 -0.07909
v -0.68419 1.34583 0.70061
v -0.75302 1.27354 0.74762
v -0.29354 1.36925 -0.08477
v -0.77438 1.22273 0.78841
v -0.55379 -0.86687 2.51007
v -0.68767 -0.78935 2.45809
v -0.64753 -0.86313 2.46495
v -0.56889 -0.79734 2.51884
v -0.72882 -0.85550 2.42026
v -0.42569 -0.83665 2.57178
v -0.42240 -0.76326 2.58093
v -0.82582 -0.81141 2.36569
v -0.59584 -0.72139 2.50383
v -0.36522 -0.83541 2.61460
v -0.35702 -0.75035 2.62413
v -0.83371 -0.71561 2.35836
v -0.70837 -0.70461 2.43955
v -0.95962 -0.76415 2.26114
v -0.40695 -0.69397 2.57640
v -1.00564 -0.70478 2.21024
v -1.06935 -0.77445 2.15409
v -0.83925 -0.87777 2.33622
v -1.03290 -0.87466 2.16752
v -1.10686 -0.84125 2.10133
v -1.19429 -0.78732 2.00722
v -1.12669 -0.70150 2.08082
v -1.24054 -0.73151 1.94300
v -0.32171 -0.81830 2.67825
v -0.30945 -0.74042 2.68147
v -1.21482 -0.89182 1.94392
v -0.38554 -0.91923 2.55882
v -0.32999 -0.88305 2.63820
v -0.98929 -0.95331 2.16174
v -0.86272 -0.96062 2.26839
v -0.75067 -0.96313 2.34874
v -0.61066 -0.93491 2.45030
v -0.50272 -0.91903 2.50911
v -1.14511 -0.94581 1.99550
v -1.30439 -0.85428 1.83266
v -1.31894 -0.75337 1.82886
v -1.35691 -0.81137 1.76117
v -1.08003 -0.99764 2.02390
v -1.23606 -0.95359 1.86565
v -1.33686 -0.94023 1.71709
v -0.96495 -1.01073 2.13209
v -1.43676 -0.83595 1.60195
v -1.42780 -0.91626 1.56468
v -1.17914 -1.00263 1.89334
v -0.65164 -1.02157 2.35984
v -0.33218 -0.97227 2.55292
v -0.39605 -0.97579 2.51300
v -0.30459 -0.93939 2.62561
v -0.84208 -1.04748 2.20045
v -0.69598 -1.07646 2.27187
v -0.27444 -0.96967 2.63416
v -0.52790 -1.01847 2.42615
v -1.30680 -1.02143 1.66848
v -0.37466 -1.02913 2.47447
v -1.06728 -1.06646 1.95180
v -0.94946 -1.10143 2.02913
v -0.84098 -1.09882 2.13392
v -0.26958 -0.89862 2.74924
v -0.27367 -0.77965 2.76851
v -1.25724 -1.07480 1.66550
v -1.13444 -1.10052 1.80955
v -1.37678 -1.03412 1.50974
v -1.02255 -1.11547 1.92631
v -0.77964 -1.12415 2.14569
v -0.51100 -1.08940 2.35709
v -0.66770 -1.12758 2.21975
v -1.48608 -0.97093 1.35543
v -0.22785 -0.95579 2.76289
v -0.22121 -0.91178 2.81881
v -0.18591 -0.95145 2.82438
v -0.16730 -0.89873 2.87712
v -0.22624 -0.86048 2.83835
v -0.13259 -0.95762 2.86118
v -0.18080 -0.82497 2.88583
v -0.09568 -0.89782 2.91541
v -0.14687 -1.00225 2.79799
v -0.21784 -0.79007 2.85104
v -0.14839 -0.79230 2.90549
v -1.50704 -0.87439 1.41632
v -1.55147 -0.89439 1.27162
v -1.45513 -1.04395 1.29568
v -1.34600 -1.09045 1.45964
v -0.29018 -1.00915 2.54261
v -0.23145 -1.01702 2.60805
v -0.28199 -1.04698 2.49291
v -0.16297 -1.02484 2.72961
v -1.16502 -1.14879 1.66532
v -0.53959 -1.11936 2.30403
v -0.16714 -1.06788 2.54611
v -0.04068 -1.00723 2.84782
v -0.07710 -1.03191 2.79759
v -0.02679 -0.93413 2.91424
v -0.89574 -1.17029 1.96207
v -0.74487 -1.18708 2.06342
v -1.25644 -1.14988 1.49901
v -1.01094 -1.18882 1.79280
v -1.54203 -1.00291 1.11214
v -0.41395 -1.12393 2.35170
v -1.45059 -1.08111 1.20948
v -0.54901 -1.21147 2.14598
v -0.47253 -1.17607 2.24817
v -0.22127 -1.08352 2.46711
v -1.09200 -1.22678 1.57698
v -0.26499 -1.11682 2.40579
v -1.21816 -1.22579 1.33755
v -0.36258 -1.17840 2.28718
v -0.09268 -1.06414 2.69153
v -1.35522 -1.15335 1.25639
v -0.09916 -1.13599 2.41105
v -0.23615 -1.21823 2.25262
v -1.36404 -1.19282 1.06129
v -0.02302 -1.06835 2.72836
v -0.05786 -1.10536 2.49637
v -1.36387 -1.18861 1.08316
v -1.49009 -1.10658 0.96380
v -0.03594 -1.09062 2.58780
v -0.07237 -1.21986 2.27390
v 0.03028 -1.06423 2.74448
v -1.38547 -1.22109 0.75441
v -1.45643 -1.16920 0.74713
v 0.07995 -1.12681 2.43501
v -0.02582 -1.12306 2.44958
v 0.10172 -1.08928 2.54840
v 0.07953 -1.01834 2.82543
v 0.02803 -0.99375 2.86760
v 0.01981 -1.27701 2.16043
v 0.07997 -1.21408 2.28494
v -1.49154 -1.15175 0.59813
v -1.44979 -1.19004 0.44140
v -1.35076 -1.25377 0.60388
v -1.56747 -1.06031 0.75322
v -1.55195 -1.09662 0.55214
v 0.20068 -1.08893 2.47452
v 0.23136 -1.11250 2.42282
v 0.21557 -1.21950 2.25734
v 0.36355 -1.13858 2.35264
v 0.35423 -1.18649 2.28031
v 0.10808 -1.05943 2.71126
v -1.51202 -1.13670 0.34138
v -1.40614 -1.21007 0.15903
v -1.50449 -1.12747 0.12805
v 0.14971 -1.02983 2.75584
v -1.43088 -1.16059 -0.07492
v 0.17924 -1.07232 2.53365
v 0.52200 -1.14900 2.27410
v 0.31418 -1.07895 2.44397
v 0.31924 -1.03552 2.49586
v 0.22646 -1.04363 2.56292
v -1.56882 -1.07331 0.24571
v -1.60993 -1.02955 0.37553
v -1.59043 -0.99964 0.90030
v -1.46834 -1.11237 -0.14914
v 0.52882 -1.04719 2.40321
v 0.10658 -0.97557 2.86582
v 0.61517 -1.09516 2.30300
v 0.61016 -1.15392 2.21916
v 0.73335 -1.13302 2.17212
v 0.15720 -0.97747 2.83469
v -1.56209 -1.05124 0.03157
v 0.37203 -1.00575 2.50313
v 0.18891 -0.98489 2.79627
v 0.32162 -0.94738 2.61126
v -1.63041 -0.99687 0.54473
v 0.06804 -0.93071 2.91169
v 0.22910 -0.98533 2.73431
v 0.30437 -0.99574 2.56373
v 0.27655 -0.98723 2.62300
v -1.61924 -0.98954 0.12731
v 0.45140 -0.96704 2.50461
v 0.57528 -0.97404 2.44788
v 0.70181 -0.99349 2.36316
v 0.67501 -1.04813 2.32527
v -1.64772 -0.92652 0.78000
v -1.65013 -0.93723 0.15418
v -1.58317 -0.93830 1.09616
v -1.62108 -0.92031 0.96183
v -1.66660 -0.93084 0.36107
v -1.66709 -0.91640 0.62391
v -1.59179 -0.83541 1.19132
v -1.62378 -0.82978 1.07191
v -1.65998 -0.83275 0.88844
v -0.38657 -1.54755 0.62522
v -0.20508 -1.54946 0.88241
v -0.32187 -1.54550 0.81026
v -0.21318 -1.56306 0.60620
v -0.28151 -1.54466 0.87468
v -0.36421 -1.55292 0.46036
v -0.22914 -1.56416 0.37366
v -0.10365 -1.56886 0.57468
v -0.11790 -1.56982 0.48168
v -0.07942 -1.56589 0.68789
v -0.06786 -1.57070 0.34318
v -0.05893 -1.54861 0.96296
v -0.01350 -1.56366 0.75609
v 0.15349 -1.56642 0.61869
v 0.15957 -1.56674 0.59849
v 0.20064 -1.56658 0.50147
v 0.12604 -1.56841 0.28520
v -0.27355 -1.55799 0.23373
v 0.10364 -1.54106 1.03550
v 0.15658 -1.54772 0.94370
v 0.12883 -1.54232 1.01482
v -0.03165 -1.54409 1.01616
v -0.13602 -1.53777 1.05233
v 0.28859 -1.54198 0.91346
v 0.31573 -1.54503 0.84073
v -0.08012 -1.56756 0.22400
v -0.02825 -1.56172 0.07649
v 0.09817 -1.56428 0.14425
v 0.29183 -1.56074 0.45156
v 0.31550 -1.55798 0.33717
v 0.20706 -1.56369 0.24439
v 0.17192 -1.55757 0.06758
v 0.08424 -1.55950 0.05025
v 0.37371 -1.54756 0.69209
v 0.40811 -1.53439 0.85490
v 0.21714 -1.53312 1.06325
v 0.42173 -1.54733 0.49307
v 0.02958 -1.52155 1.21276
v -0.08421 -1.51942 1.22015
v 0.17644 -1.51341 1.24168
v 0.32276 -1.52186 1.09057
v 0.39449 -1.52075 1.03030
v 0.38926 -1.54604 0.17829
v 0.44542 -1.54400 0.34551
v 0.49780 -1.53505 0.60329
v -0.01287 -1.51074 1.28925
v 0.24592 -1.54559 -0.04347
v 0.37287 -1.54018 0.03603
v -0.31487 -1.52917 1.02087
v -0.25408 -1.54617 -0.01543
v -0.22023 -1.55906 0.16254
v -0.24057 -1.51531 1.19373
v -0.09558 -1.55795 0.03605
v -0.10867 -1.54571 -0.11502
v 0.02421 -1.54802 -0.11022
v 0.10835 -1.53562 -0.21804
v 0.30865 -1.53653 -0.09234
v 0.53332 -1.53204 0.41349
v 0.52197 -1.53335 0.35798
v 0.53311 -1.51898 0.82537
v -0.39654 -1.53962 0.09146
v -0.43334 -1.54151 0.22976
v -0.46597 -1.54074 0.42074
v -0.22144 -1.53022 -0.21101
v -0.29670 -1.53141 -0.14404
v -0.06980 -1.52763 -0.28963
v -0.22093 -1.51962 -0.29828
v -0.45559 -1.53139 0.79386
v -0.45029 -1.51337 1.02651
v -0.51030 -1.53055 0.64953
v -0.60434 -1.51804 0.53643
v -0.28792 -1.50566 1.23724
v -0.41940 -1.50569 1.13125
v -0.07852 -1.49114 1.40437
v -0.15277 -1.49621 1.35831
v 0.21669 -1.50095 1.31040
v 0.02268 -1.47377 1.50411
v 0.15349 -1.48121 1.44760
v 0.40238 -1.50838 1.13192
v 0.41355 -1.48826 1.26947
v -0.18226 -1.47379 1.47587
v -0.31386 -1.47917 1.39078
v -0.57341 -1.50720 0.88446
v -0.51103 -1.52176 0.82158
v -0.63788 -1.50583 0.71756
v -0.52829 -1.52433 0.14211
v -0.53176 -1.51835 0.05048
v -0.59062 -1.51705 0.21190
v -0.65474 -1.50825 0.31996
v -0.38183 -1.51617 -0.20370
v -0.51170 -1.50073 -0.18061
v -0.64943 -1.50995 0.51082
v -0.73444 -1.49157 0.33213
v -0.55453 -1.49985 -0.12263
v -0.46835 -1.46769 1.34851
v -0.48045 -1.48538 1.22291
v -0.69816 -1.47426 0.98286
v -0.56576 -1.48035 1.15884
v -0.78636 -1.47981 0.50513
v -0.02579 -1.50731 -0.43566
v 0.08984 -1.52229 -0.32916
v 0.17908 -1.51752 -0.33933
v -0.68189 -1.47820 -0.09137
v -0.67132 -1.49440 0.07598
v -0.15629 -1.48402 -0.54610
v -0.25074 -1.49887 -0.42522
v 0.43492 -1.52999 -0.00529
v 0.39743 -1.51143 -0.24443
v 0.20448 -1.51163 -0.37073
v 0.51183 -1.51253 -0.08614
v 0.57051 -1.51671 0.10268
v 0.61775 -1.51255 0.67405
v -0.46120 -1.47672 -0.41137
v -0.36563 -1.48293 -0.45191
v -0.01300 -1.48091 -0.58369
v 0.23618 -1.48267 -0.53244
v -0.76521 -1.47834 0.71658
v -0.68128 -1.46070 1.13576
v -0.28013 -1.44676 1.57280
v -0.01169 -1.44287 1.64820
v -0.09617 -1.43368 1.67979
v -0.39263 -1.44836 1.50741
v 0.10270 -1.45452 1.59026
v 0.26714 -1.45930 1.52239
v 0.39153 -1.45684 1.46850
v 0.19537 -1.43814 1.64354
v -0.55281 -1.44765 1.38477
v -0.20478 -1.43563 1.64843
v 0.55332 -1.48518 1.13913
v 0.69871 -1.48416 0.87094
v 0.67484 -1.47969 0.97923
v 0.70503 -1.49780 0.58825
v 0.44833 -1.48927 -0.36063
v 0.69956 -1.49913 0.28428
v 0.66722 -1.49876 0.10872
v 0.77664 -1.48294 0.49764
v 0.64691 -1.49079 -0.06046
v 0.61879 -1.47911 -0.22598
v -0.35172 -1.45532 -0.60605
v -0.25765 -1.44541 -0.69574
v -0.71938 -1.48236 0.05262
v -0.58859 -1.46572 -0.34162
v -0.64331 -1.46050 -0.30205
v 0.10592 -1.44394 -0.74504
v -0.07932 -1.44468 -0.74341
v 0.43224 -1.45047 -0.59184
v -0.84748 -1.46402 0.36594
v 0.27410 -1.45564 -0.65107
v 0.51788 -1.47184 -0.40552
v -0.46192 -1.41725 1.60462
v -0.67343 -1.42678 1.36580
v -0.83053 -1.45467 0.05112
v -0.57633 -1.44458 -0.48017
v -0.46656 -1.42424 -0.67210
v -0.32700 -1.41231 1.69867
v -0.45599 -1.40521 1.65809
v -0.80559 -1.44779 0.98860
v -0.91313 -1.43256 0.81039
v -0.75540 -1.41899 1.29790
v -0.84905 -1.41538 1.15648
v -0.78640 -1.43638 -0.23099
v -0.89165 -1.44782 0.64863
v -0.83482 -1.42442 -0.22077
v -0.63058 -1.41781 -0.55725
v -0.17897 -1.39365 1.81596
v 0.12719 -1.39479 1.82411
v 0.03090 -1.39245 1.84063
v 0.26827 -1.41150 1.72845
v 0.38531 -1.40945 1.68486
v 0.45822 -1.43779 1.51638
v 0.23704 -1.40462 1.76447
v 0.57651 -1.42513 1.47691
v 0.58461 -1.46040 1.27323
v 0.64215 -1.45824 1.21117
v -0.38732 -1.38120 1.78545
v -0.47748 -1.37915 1.74300
v -0.28086 -1.36567 1.88032
v -1.00998 -1.41442 0.46666
v 0.53461 -1.39042 1.66329
v -0.58635 -1.41594 1.51261
v -0.71732 -1.37871 1.54421
v -0.75562 -1.38978 1.45006
v -0.61874 -1.37186 1.66652
v -0.96958 -1.42631 0.30105
v -0.98175 -1.41454 0.13158
v -0.96578 -1.40825 -0.01301
v -0.14160 -1.34961 1.96341
v -0.02051 -1.35335 1.96423
v -0.98946 -1.38130 1.07163
v -0.78743 -1.40815 -0.40592
v 0.25913 -1.42623 -0.78022
v -1.05185 -1.39752 0.57554
v -0.91250 -1.36340 1.34509
v -0.44534 -1.39733 -0.79297
v -0.85654 -1.36348 -0.52394
v -0.26095 -1.39309 -0.89422
v -1.01766 -1.39938 0.78972
v -1.17434 -1.34670 0.60043
v 0.15492 -1.36213 1.92598
v -0.09151 -1.40230 -0.90115
v 0.07303 -1.40683 -0.88880
v 0.16957 -1.39693 -0.90960
v -0.17233 -1.36263 -1.01486
v -0.66263 -1.39204 -0.63858
v 0.26885 -1.35971 1.90607
v -0.72908 -1.35488 1.62600
v 0.37140 -1.36339 1.85560
v -0.37974 -1.32719 1.95732
v -0.52466 -1.33364 1.86289
v -1.02353 -1.36646 -0.18817
v -1.01935 -1.34193 -0.34470
v -0.61676 -1.35539 -0.81884
v -1.10724 -1.35016 0.94885
v -1.15905 -1.34081 0.81311
v -1.08928 -1.37153 0.08384
v -1.08740 -1.34579 -0.15472
v -1.15483 -1.35409 0.24192
v -1.15577 -1.35791 0.45066
v -0.06890 -1.32537 2.03962
v -1.00344 -1.33323 1.32762
v -1.03791 -1.35472 1.13014
v -0.87517 -1.31690 1.59559
v -0.26811 -1.30347 2.05970
v -0.16402 -1.28882 2.11894
v 0.05970 -1.30091 2.10335
v -0.70510 -1.30782 1.80550
v -0.88908 -1.28793 1.67540
v 0.01611 -1.30679 2.09027
v -0.51316 -1.30432 1.95316
v -0.00475 -1.34596 -1.08072
v -0.71153 -1.34654 -0.76406
v -0.48906 -1.34628 -0.93839
v -0.33052 -1.34266 -1.02667
v 0.20923 -1.32235 2.02879
v 0.16039 -1.35454 -1.04380
v -0.32547 -1.28611 2.08427
v -0.88257 -1.29671 -0.74438
v -0.06038 -1.25686 2.20193
v -0.46481 -1.27087 2.06265
v -0.64183 -1.25375 1.99777
v -0.23819 -1.28026 2.12344
v -1.21122 -1.30658 -0.02251
v -1.18532 -1.28901 1.12653
v -1.18503 -1.30055 1.05574
v -1.06996 -1.30142 1.34415
v -0.78191 -1.26931 1.84437
v -1.03168 -1.29311 -0.54189
v -1.24715 -1.29348 0.86040
v -1.21072 -1.32512 0.69691
v -0.69137 -1.29896 -0.93257
v -0.59293 -1.29338 -1.02259
v -1.30136 -1.28404 0.29854
v -1.26498 -1.30143 0.24379
v -1.30966 -1.26600 0.09369
v -0.98192 -1.26284 1.63270
v -1.11518 -1.25852 1.43021
v -1.30844 -1.27899 0.60010
v -1.21144 -1.26897 -0.26352
v -0.43302 -1.28325 -1.13937
v -0.53712 -1.26315 -1.13278
v -0.15300 -1.29327 -1.20268
v -0.32484 -1.28233 -1.18517
v 0.24442 -1.29570 2.08832
v -0.80449 -1.23594 1.90756
v -0.32027 -1.23425 2.19918
v -1.35672 -1.25363 0.38682
v -0.79774 -1.24447 -0.98334
v -1.30828 -1.25742 0.87661
v 0.03915 -1.27559 -1.25537
v -1.03033 -1.23294 -0.74578
v -1.13860 -1.23759 -0.55579
v -0.67391 -1.21123 2.06829
v -1.32916 -1.21889 -0.16033
v -0.42692 -1.24892 -1.22037
v -0.73128 -1.20145 -1.13686
v -0.60925 -1.20800 -1.20867
v -0.93618 -1.20397 -0.93971
v -0.36263 -1.22831 -1.28848
v -0.24743 -1.22681 -1.32585
v -0.09087 -1.21766 -1.36891
v -1.26816 -1.17794 -0.49322
v -1.35399 -1.16901 -0.30866
v -0.87747 -1.18474 -1.04378
v -1.05985 -1.18675 -0.82791
v -1.17349 -1.13953 -0.77217
v -0.53691 -1.14596 -1.35964
v -0.21594 -1.17945 -1.41772
v -0.29362 -1.15947 -1.43175
v -0.45043 -1.13466 -1.41648
v -0.78502 -1.11617 -1.24860
v -0.90785 -1.13600 -1.10867
v -0.66193 -1.10070 -1.35706
v -1.07059 -1.09518 -1.00223
v -1.26822 -1.10315 -0.69213
v -1.38552 -1.09842 -0.45266
v -0.24482 -1.09893 -1.53146
v -0.47287 -1.08168 -1.47933
v -0.90687 -1.05946 -1.22809
v -1.00279 -1.03898 -1.16179
v -1.22137 -1.04981 -0.87112
v -0.75617 -1.05490 -1.35467
v -1.48756 -1.03789 -0.32585
v -1.33501 -1.04462 -0.68370
v -1.40875 -1.05148 -0.51006
v -0.61188 -1.01194 -1.49023
v -0.70449 -1.00129 -1.44680
v -1.52776 -1.04706 -0.15541
v -1.15815 -1.00112 -1.02801
v -0.84172 -0.99646 -1.35497
v -1.08393 -0.98928 -1.13185
v -1.49452 -0.96987 -0.44721
v -1.25661 -0.99036 -0.90167
v -1.35415 -0.97505 -0.75544
v -0.99252 -0.95706 -1.25893
v -1.55998 -0.98571 -0.20358
v -1.54547 -0.93304 -0.35598
v -1.40930 -0.96560 -0.65821
v -1.60722 -0.96633 -0.04060
v -1.44704 -0.93254 -0.61711
v -0.89315 -0.93098 -1.36805
v -1.26603 -0.93189 -0.94949
v -1.19181 -0.91446 -1.06765
v -1.04379 -0.91642 -1.23851
v -1.14015 -0.90676 -1.13771
v 1.48744 -1.10889 -0.09037
v 1.41240 -1.17563 -0.07876
v 1.39451 -1.16257 -0.22241
v 1.47017 -1.08084 -0.27604
v 1.38933 -1.12487 -0.38614
v 1.45143 -1.05265 -0.41824
v 1.51669 -1.04202 -0.23077
v 1.35595 -1.10466 -0.53245
v 1.31450 -1.20721 -0.28502
v 1.28685 -1.19516 -0.41415
v 1.44522 -1.17350 0.09682
v 1.32165 -1.23005 -0.13645
v 1.55300 -1.06664 0.05728
v 1.52047 -1.11245 0.14266
v 1.32203 -1.24864 0.00187
v 1.43377 -1.19689 0.29734
v 1.20974 -1.20999 -0.53897
v 1.23918 -1.14675 -0.66816
v 1.29265 -1.27851 0.13617
v 1.33851 -1.26155 0.32666
v 1.19886 -1.25536 -0.38638
v 1.24054 -1.28344 -0.09587
v 1.16377 -1.29886 -0.25635
v 1.37422 -1.24028 0.49527
v 1.47641 -1.16610 0.48751
v 1.50388 -1.14248 0.37298
v 1.56049 -1.07921 0.22776
v 1.45317 -1.17539 0.68052
v 1.26666 -1.30291 0.50581
v 1.18637 -1.34145 0.31255
v 1.12802 -1.34770 -0.00966
v 1.11709 -1.32124 -0.25428
v 1.12462 -1.36137 0.14539
v 1.36726 -1.22929 0.77162
v 1.26134 -1.29678 0.71272
v 1.06099 -1.29666 -0.50546
v 1.05699 -1.25183 -0.67657
v 1.00945 -1.34604 -0.37349
v 0.99882 -1.37876 -0.19130
v 1.05864 -1.38449 0.09074
v 1.14977 -1.35268 0.68165
v 1.07725 -1.38933 0.42910
v 1.20493 -1.33255 0.56173
v 1.02186 -1.40848 0.31125
v 0.99098 -1.41555 0.20253
v 1.10937 -1.19982 -0.74875
v 0.94424 -1.35253 -0.46607
v 0.92120 -1.42331 -0.02661
v 0.87351 -1.44859 0.12194
v 1.02106 -1.40644 0.62839
v 1.24496 -1.29434 0.84264
v 1.13487 -1.35042 0.80760
v 1.30402 -1.24342 0.98135
v 0.86951 -1.38149 -0.44812
v 0.85015 -1.41813 -0.26277
v 1.01421 -1.39947 0.79383
v 1.13916 -1.32532 1.01827
v 1.20091 -1.27838 1.12475
v 0.85531 -1.46267 0.41338
v 0.77468 -1.45154 -0.16204
v 1.00973 -1.39103 0.90955
v 1.38700 -1.19841 0.91496
v 0.86144 -1.34384 -0.62974
v 0.90609 -1.28639 -0.77553
v 0.84639 -1.45695 0.72998
v 0.94510 -1.42375 0.78580
v 0.70502 -1.48036 -0.03807
v 0.76378 -1.48433 0.58638
v 0.74985 -1.41547 -0.45057
v 0.73222 -1.44489 -0.29724
v 0.74805 -1.38635 -0.59453
v 0.94389 -1.40374 1.00475
v 1.10144 -1.33135 1.09337
v 0.81648 -1.44984 0.93294
v 1.03280 -1.34644 1.17918
v 0.81415 -1.43344 1.08623
v 0.85477 -1.40176 1.22372
v 1.12478 -1.27993 1.31125
v 1.07797 -1.30637 1.29086
v 0.92296 -1.36266 1.31827
v 1.00461 -1.32269 1.36232
v 1.25650 -1.23703 1.17788
v 0.75822 -1.43795 1.16372
v 0.79520 -1.40361 1.31561
v 0.58599 -1.44629 -0.48336
v 0.95645 -1.32030 1.45692
v 1.09282 -1.25843 1.46268
v 0.65026 -1.42233 1.41261
v 0.60408 -1.38836 -0.72930
v 0.79009 -1.32131 -0.79404
v 0.64449 -1.35295 -0.82360
v 0.93486 -1.31428 1.51499
v 0.85043 -1.35692 1.46289
v 0.80550 -1.37260 1.45602
v 0.83513 -1.33646 1.56806
v 0.70154 -1.36127 1.62700
v 0.77476 -1.32822 1.66996
v 0.45405 -1.40339 -0.77804
v 1.04954 -1.24945 1.56815
v 0.95913 -1.26982 1.63712
v 0.90014 -1.28092 1.67968
v 1.20808 -1.21362 1.39481
v 0.72241 -1.38486 1.50701
v 1.32620 -1.19224 1.17705
v 1.40228 -1.15951 1.06862
v 1.27194 -1.17381 1.38884
v 0.99630 -1.23169 -0.82218
v 0.69979 -1.31005 -0.91283
v 0.71552 -1.30972 1.78985
v 0.67810 -1.31957 1.79294
v 0.50333 -1.36007 -0.89965
v 0.57139 -1.32344 1.86453
v 0.50475 -1.37791 1.73164
v 0.49412 -1.35234 1.82575
v 0.76843 -1.26074 1.87974
v 0.89500 -1.24773 1.78344
v 0.85551 -1.25085 1.81893
v 0.45234 -1.34354 1.87760
v 0.68059 -1.28204 1.89949
v 1.00670 -1.21996 1.71899
v 0.52261 -1.31178 -1.03100
v 0.28692 -1.36382 -0.98585
v 0.39361 -1.32573 -1.05652
v 0.62091 -1.27810 -1.05811
v 0.86431 -1.23594 -0.96150
v 0.75290 -1.24816 -1.03328
v 0.39914 -1.31775 1.97837
v 0.43942 -1.28408 2.04688
v 0.57296 -1.26134 2.02856
v 0.64878 -1.24986 2.00473
v 0.71463 -1.24700 1.96099
v 0.21386 -1.30735 -1.16022
v 0.47338 -1.25771 2.09246
v 0.54634 -1.24218 -1.18639
v 0.33349 -1.26869 -1.21949
v 0.18650 -1.29145 -1.20395
v 0.34727 -1.24236 2.17764
v 0.40397 -1.21256 -1.31052
v 0.71177 -1.18875 -1.19217
v 0.18961 -1.23137 -1.33210
v 0.34563 -1.19035 -1.37051
v 1.13545 -1.18995 1.60696
v 1.23914 -1.14531 1.54128
v 0.86347 -1.18736 1.96169
v 0.81807 -1.20574 1.96558
v 0.48584 -1.21628 2.17349
v 0.66842 -1.18832 2.12133
v 1.01043 -1.17528 1.82435
v 1.04385 -1.16480 -0.92418
v 0.93845 -1.16100 -1.05155
v 0.81495 -1.14658 -1.19077
v 0.56230 -1.16205 -1.33017
v 0.04339 -1.17660 -1.44489
v 1.09616 -1.15425 1.75672
v 0.27997 -1.16321 -1.43341
v 0.15688 -1.17067 -1.44477
v 0.84327 -1.14802 2.05731
v 0.49218 -1.12750 -1.41678
v -0.07943 -1.12923 -1.51661
v 0.71917 -1.11918 -1.30551
v 1.33898 -1.14621 1.31587
v 1.16171 -1.12524 -0.84668
v 1.04782 -1.13311 -0.98377
v 0.38289 -1.10572 -1.48775
v 0.13633 -1.11328 -1.53501
v 0.03329 -1.02777 -1.66231
v 1.48087 -1.13343 0.84646
v 0.89165 -1.10263 -1.19724
v 1.02419 -1.11581 1.92715
v 1.20554 -1.11033 1.68385
v 0.14738 -1.02238 -1.65508
v 0.13672 -0.97300 -1.74151
v 0.02314 -0.97322 -1.76715
v 0.02826 -0.95866 -1.82062
v -0.08855 -0.95555 -1.80591
v -0.11786 -0.94453 -1.86599
v 0.05780 -0.95354 -1.85904
v 0.18904 -0.93956 -1.80222
v 0.16127 -0.94046 -1.89372
v 0.01422 -0.96159 -1.93564
v -0.09301 -0.95595 -1.94072
v -0.09717 -0.97313 -2.06275
v 0.09895 -0.97410 -2.05569
v 0.01363 -0.98085 -2.15049
v -0.12314 -0.97122 -2.12617
v -0.07220 -0.97181 -2.20805
v 0.13251 -0.96997 -2.17009
v 0.08609 -0.97011 -2.22054
v 0.00662 -0.96487 -2.26952
v -0.20384 -0.94202 -1.76856
v -0.09954 -0.95024 -2.29963
v -0.20541 -0.94154 -2.24346
v 0.20284 -0.95537 -2.05486
v -0.23148 -0.93677 -2.00274
v -0.26724 -0.93406 -2.13207
v 0.10445 -0.92805 -2.37069
v -0.03684 -0.92738 -2.38474
v 0.19289 -0.93570 -2.29826
v 0.27158 -0.93593 -2.16429
v -0.07105 -0.97408 -1.75498
v -0.11894 -0.91514 -2.39158
v -0.23088 -0.91646 -1.88132
v -0.24373 -0.91516 -1.81273
v -0.32067 -0.91016 -2.05572
v -0.23838 -0.89595 -2.36465
v -0.37528 -0.87921 -2.20726
v -0.31792 -0.88701 -2.29976
v -0.30824 -0.88417 -1.87313
v -0.30316 -0.92462 -1.72718
v 0.27278 -0.91609 -1.78668
v -0.37583 -0.88581 -2.10893
v -0.34272 -0.86819 -1.80825
v 0.06082 -0.88974 -2.46088
v 0.18228 -0.90609 -2.38930
v -0.22658 -0.87346 -2.42254
v 0.31630 -0.91898 -2.06667
v 0.26762 -0.90776 -1.87320
v -0.05338 -0.87987 -2.47686
v -0.10648 -0.87489 -2.47404
v 0.26562 -0.94289 -1.73311
v -0.39461 -0.87243 -2.05608
v -0.09672 -1.01873 -1.66771
v -0.40651 -0.84842 -2.26762
v 0.24984 -0.90569 -2.34147
v 0.34133 -0.90375 -2.20385
v 0.31446 -0.89110 -2.31168
v -0.21845 -0.98558 -1.68233
v -0.39537 -0.83326 -1.86804
v -0.39242 -0.84599 -1.77036
v 0.20026 -0.86148 -2.46671
v -0.32859 -0.81362 -2.44978
v -0.40280 -0.81272 -2.37065
v -0.25152 -0.82442 -2.48906
v 0.29125 -0.85310 -2.42460
v 0.28284 -1.01111 -1.63043
v 0.34582 -0.87147 -1.86443
v 0.35322 -0.88094 -1.77340
v 0.04964 -0.81917 -2.56425
v 0.15626 -0.79411 -2.57379
v -0.46972 -0.78998 -2.30957
v 0.06270 -0.78872 -2.60868
v 0.12674 -0.77177 -2.62495
v -0.39713 -0.78669 -2.42535
v -0.09338 -0.78365 -2.60111
v -0.11314 -0.79880 -2.57580
v -0.16587 -0.74902 -2.64879
v -0.18145 -0.75774 -2.59986
v 0.35314 -0.96949 -1.64960
v 0.41877 -0.85234 -2.25584
v 0.36057 -0.90958 -1.71642
v -0.29501 -0.98864 -1.64696
v -0.35930 -0.96432 -1.64540
v -0.37907 -0.89923 -1.70436
v 0.39516 -0.83258 -2.35699
v -0.43400 -1.03108 -1.55138
v -0.45341 -0.72077 -2.46727
v -0.35130 -0.72483 -2.55019
v -0.27309 -0.71552 -2.60161
v -0.22528 -0.69938 -2.64521
v -0.45346 -0.66834 -2.56680
v -0.51049 -0.67318 -2.50228
v -0.58583 -0.61884 -2.55883
v -0.62591 -0.61278 -2.49815
v -0.54570 -0.67606 -2.41374
v -0.65492 -0.56921 -2.57372
v -0.54392 -0.60613 -2.61009
v -0.47140 -0.59688 -2.64698
v -0.44281 -0.84566 -1.70807
v 0.29257 -0.79422 -2.51403
v 0.39133 -0.80281 -2.42022
v -0.61648 -0.55035 -2.62292
v 0.72232 -1.08032 -1.35789
v -0.45298 -0.89372 -1.65872
v 0.58077 -1.04310 -1.48260
v -0.50453 -0.96003 -1.58509
v 0.24251 -0.74615 -2.59299
v 0.71576 -1.02658 -1.42504
v -0.54582 -0.54462 -2.65736
v -0.32466 -0.62202 -2.66493
v -0.27258 -0.61253 -2.68579
v 0.41915 -0.92323 -1.66227
v 0.55690 -0.99405 -1.54157
v -0.67555 -0.92170 -1.52548
v -0.74078 -0.96002 -1.45908
v -0.83688 -0.91274 -1.42411
v 0.68522 -0.95152 -1.50915
v 0.57999 -0.93354 -1.57598
v -0.50244 -0.92015 -1.61306
v -0.65511 -0.86201 -1.56565
v -0.24234 -0.66299 -2.69885
v 0.44870 -0.84080 -1.72167
v 0.49445 -0.87213 -1.65722
v 0.77165 -0.98290 -1.43061
v -0.52044 -0.83924 -1.64998
v -0.56459 -0.85245 -1.61654
v -0.51751 -0.75431 -1.70021
v -0.24399 -0.62822 -2.72768
v 0.26457 -0.68841 -2.73488
v 0.24696 -0.68451 -2.67960
v 0.23400 -0.74940 -2.75512
v 0.22741 -0.70973 -2.65256
v 0.27014 -0.62984 -2.68556
v 0.23721 -0.71705 -2.83637
v 0.17932 -0.77761 -2.82876
v 0.19684 -0.74065 -2.86445
v 0.32340 -0.62836 -2.66419
v 0.16983 -0.79460 -2.74859
v 0.19829 -0.73749 -2.62966
v 0.12629 -0.81019 -2.79633
v 0.12203 -0.79109 -2.67447
v 0.12674 -0.77177 -2.62495
v 0.06270 -0.78872 -2.60868
v 0.09415 -0.80582 -2.84272
v 0.13712 -0.77753 -2.86815
v 0.32403 -0.67527 -2.62478
v 0.15626 -0.79411 -2.57379
v 0.24251 -0.74615 -2.59299
v 0.04414 -0.77188 -2.90725
v 0.29257 -0.79422 -2.51403
v 0.42558 -0.68766 -2.56272
v 0.45176 -0.72403 -2.47922
v 0.52003 -0.66864 -2.51966
v 0.60081 -0.61406 -2.56730
v 0.56774 -0.59575 -2.61682
v 0.39133 -0.80281 -2.42022
v 0.66617 -0.57511 -2.56696
v 0.11835 -0.73025 -2.91953
v 0.65119 -0.51964 -2.62386
v 0.67993 -0.54344 -2.58801
v 0.21526 -0.69447 -2.87602
v 0.26041 -0.63274 -2.73211
v 0.29580 -0.57624 -2.70182
v 0.24092 -0.64346 -2.84685
v -0.81572 1.01534 0.91896
v -0.79756 0.98329 0.86908
v -0.80808 0.96839 0.94302
v -0.81026 0.95552 1.02872
v -0.82570 1.06935 0.97887
v -0.82201 1.02249 1.10415
v -0.82294 0.95364 1.16810
v -0.82588 0.90079 1.17617
v -0.80890 0.90342 1.27891
v -0.80617 0.96766 1.27914
v -0.79001 0.95214 1.33907
v -0.80481 1.09314 1.08462
v -0.76995 1.17325 0.97997
v -0.75830 1.19088 0.92790
v -0.78521 1.12382 1.09536
v -0.70903 1.24392 1.08589
v -0.69061 1.28173 0.98843
v -0.66048 1.32066 0.91097
v -0.84247 0.86777 1.29495
v -0.77250 1.05316 0.88536
v -0.71013 1.20263 0.86731
v -0.76259 1.12538 0.83032
v -0.81274 1.04250 0.84365
v -0.83485 1.14747 0.77965
v -0.77438 1.22273 0.78841
v -0.24399 -0.62822 -2.72768
v -0.21344 -0.57858 -2.76778
v -0.24820 -0.66116 -2.80931
v -0.24518 -0.70990 -2.78491
v -0.24234 -0.66299 -2.69885
v 1.61829 -0.38752 1.32115
v 1.58731 -0.38837 1.41938
v 1.60135 -0.44095 1.39574
v 0.24092 -0.64346 -2.84685
v 0.23978 -0.59165 -2.76458
v 0.26041 -0.63274 -2.73211
v -0.30729 0.94235 -0.71418
v -0.31375 0.88356 -0.67190
v -0.35831 0.89192 -0.63528
v -0.30015 0.87015 -0.69173
v -0.24508 0.93535 1.76890
v -0.18492 0.93959 1.73656
v -0.16355 0.98263 1.74720
v 0.43140 0.96224 -0.52334
v 0.42056 0.93971 -0.52199
v 0.37548 0.99625 -0.60307
v -0.01923 0.98133 1.66164
v 0.00587 1.04221 1.59287
v -0.01912 1.00530 1.66883
v -0.08713 0.97912 1.70210
v 0.61101 1.36523 0.90487
v 0.42705 1.36799 0.99518
v 0.52949 1.38307 1.02796
v 0.48837 1.35053 0.89940
v 0.42497 1.39705 1.12850
v 0.32065 1.37473 1.10298
v 0.57415 1.34426 0.85234
v 0.55038 1.33357 0.80627
v 0.25416 1.39305 1.27780
v 0.15435 1.36541 1.26865
v 0.19377 1.36260 1.19577
v 0.12028 1.35766 1.40811
v 0.06169 1.33826 1.30425
v 0.02984 1.32126 1.36172
v 0.09131 1.37394 1.23065
v 0.32805 1.38122 1.03145
v 0.39824 1.38156 1.22714
v 0.06710 1.32093 1.45954
v -0.09020 1.34940 1.27893
v 0.29508 1.37331 1.32681
v 0.19212 1.33256 1.46875
v 0.48854 1.37320 1.16040
v 0.34146 1.34913 1.37979
v 0.46885 1.34947 1.27965
v 0.59192 1.35059 1.08698
v 0.62930 1.34955 0.97553
v 0.23635 1.32161 1.48183
v 0.54324 1.34595 1.19856
v 0.64269 1.32326 1.09770
v 0.28215 1.40342 1.06434
v 0.16230 1.38573 1.17342
v 0.40417 1.30549 1.41621
v 0.30439 1.29134 1.49521
v 0.01015 1.36346 1.28811
v 0.09338 1.28174 1.52423
v 0.49478 1.30114 1.34503
v -0.07192 1.38682 1.22975
v 0.60629 1.30446 1.20597
v 0.22381 1.26152 1.55989
v 0.66292 1.32695 0.95746
v 0.64556 1.34189 0.88579
v 0.59107 1.27190 1.27864
v 0.67455 1.30133 1.08152
v 0.43534 1.38562 0.91466
v 0.36139 1.40207 0.98778
v -0.15689 1.38898 1.16492
v 0.12637 1.22805 1.58570
v 0.07186 1.21459 1.58916
v 0.62243 1.30213 0.81752
v 0.55653 1.35395 0.70626
v -0.01053 1.26919 1.44171
v -0.02169 1.30348 1.41319
v 0.22466 1.19909 1.61464
v 0.15991 1.17457 1.63465
v 0.47481 1.39337 0.86637
v 0.03451 1.44478 1.21236
v -0.04773 1.44040 1.21524
v -0.06896 1.31965 1.47248
v 0.50432 1.43957 0.79223
v 0.07585 1.13266 1.64734
v 0.14186 1.09852 1.68294
v 0.23349 1.08195 1.69287
v 0.54287 1.36625 0.79116
v 0.27436 1.46832 1.01993
v 0.14787 1.44425 1.15996
v 0.38438 1.46123 0.91892
v -0.07990 1.25347 1.55555
v -0.05630 1.19375 1.60574
v 0.08596 1.05651 1.69826
v 0.22367 0.99760 1.74099
v 0.32859 0.95367 1.77673
v -0.01900 1.16219 1.57076
v 0.01713 1.22522 1.48714
v 0.02049 1.17861 1.53600
v 0.02388 1.12354 1.57685
v 0.52145 1.44327 0.68783
v -0.01880 1.07234 1.62078
v -0.07666 1.07167 1.68806
v -0.15012 1.44847 1.14393
v -0.16355 0.98263 1.74720
v 0.09647 1.57012 0.48666
v 0.03105 1.56837 0.37939
v -0.03095 1.57070 0.63316
v -0.09889 1.56907 0.48547
v 0.12828 1.56516 0.66798
v 0.06316 1.55686 0.81823
v 0.23164 1.55748 0.52645
v 0.19762 1.55309 0.74894
v -0.08511 1.55881 0.28493
v -0.18731 1.56115 0.56206
v -0.12860 1.56273 0.69052
v -0.15102 1.54507 0.85686
v 0.02807 1.54382 0.92426
v -0.19771 1.55053 0.31089
v -0.26347 1.54766 0.42215
v 0.08279 1.54839 0.18497
v 0.21917 1.54512 0.26281
v -0.11154 1.53878 0.14263
v 0.02633 1.54267 0.13925
v 0.30116 1.54560 0.48875
v 0.30640 1.54100 0.41918
v -0.28462 1.54033 0.70783
v -0.33920 1.53191 0.59383
v 0.12896 1.53416 0.93706
v -0.02352 1.52690 1.00788
v 0.25416 1.53883 0.80034
v 0.36848 1.52580 0.67422
v -0.24151 1.52102 0.15377
v -0.30126 1.52228 0.28488
v 0.22406 1.51586 0.10039
v 0.04743 1.50782 1.06287
v 0.07173 1.51306 0.04859
v -0.15439 1.51957 0.08860
v 0.29797 1.50741 0.16452
v 0.32056 1.51229 0.23713
v -0.08751 1.51317 1.02200
v -0.31750 1.51362 0.80816
v -0.34095 1.52180 0.41435
v -0.23444 1.51293 0.91018
v 0.01585 1.47980 1.14212
v -0.07779 1.47503 1.12239
v -0.41755 1.49135 0.72827
v 0.37160 1.50022 0.80098
v 0.40614 1.50902 0.58040
v -0.10978 1.48014 -0.02118
v 0.13254 1.48353 1.08110
v 0.18394 1.48948 1.03286
v 0.27684 1.50531 0.90570
v -0.21816 1.48169 1.01604
v -0.25569 1.47090 0.00956
v -0.21581 1.44747 -0.06535
v 0.27593 1.48073 0.03465
v 0.12683 1.48054 -0.01967
v -0.01638 1.46504 -0.07212
v 0.26260 1.44698 -0.05063
v 0.16374 1.45496 -0.07199
v 0.41328 1.48823 0.37452
v 0.43510 1.47799 0.77643
v 0.47733 1.46878 0.70773
v 0.46999 1.47116 0.52442
v 0.36203 1.47305 0.14763
v 0.32457 1.44364 -0.01926
v 0.37272 1.44252 0.04881
v 0.40405 1.47622 0.26325
v 0.46457 1.45781 0.36088
v 0.44159 1.39983 0.20927
v 0.51279 1.40280 0.50326
v 0.35900 1.36642 -0.05322
v 0.30121 1.36582 -0.08715
v 0.54331 1.35893 0.60431
v 0.40485 1.39346 0.08803
v 0.48352 1.39556 0.36228
v -0.55829 0.99708 -0.36049
v -0.56049 1.03179 -0.37647
v -0.50917 0.97153 -0.35640
v 0.71616 -0.50407 -2.15196
v 0.68835 -0.57672 -2.05053
v 0.67978 -0.59247 -2.16241
v 0.70033 -0.49298 -2.27322
v 0.69686 -0.53856 -1.98866
v 0.73083 -0.43986 -2.05019
v 0.73064 -0.39963 -2.00069
v 0.74389 -0.30399 -2.04429
v 0.73272 -0.29655 -1.96282
v 0.64626 -0.59362 -2.35140
v 0.62501 -0.67159 -2.20930
v 0.68058 -0.53197 -2.35155
v 0.71817 -0.54030 -2.49782
v 0.71445 -0.48995 -2.42637
v 0.57939 -0.67258 -2.36043
v 0.68833 -0.48568 -1.89632
v 0.65240 -0.51568 -1.80603
v 0.69402 -0.32576 -1.82845
v 0.64519 -0.35253 -1.71952
v 0.64345 -0.29878 -1.71661
v 0.62430 -0.49475 -1.71024
v 0.60992 -0.57153 -1.76215
v 0.59917 -0.56653 -1.67234
v 0.61551 -0.50696 -1.63344
v 0.60733 -0.60519 -1.62192
v 0.57572 -0.62753 -1.74379
v 0.56807 -0.66077 -1.69554
v 0.56862 -0.73990 -2.21173
v 0.51438 -0.77654 -2.27257
v 0.48372 -0.76943 -2.35577
v 0.51780 -0.69744 -2.44304
v 0.45176 -0.72403 -2.47922
v 0.52003 -0.66864 -2.51966
v 0.67711 -0.58526 -2.48237
v 0.60495 -0.70886 -2.11753
v 0.54058 -0.77748 -2.12739
v 0.49570 -0.81251 -2.17742
v 0.64650 -0.65269 -2.09816
v 0.39133 -0.80281 -2.42022
v 0.39516 -0.83258 -2.35699
v 0.73031 -0.49648 -2.47826
v 0.73187 -0.48889 -2.51969
v 0.70266 -0.42706 -2.40762
v 0.73946 -0.39070 -2.17382
v 0.62529 -0.44314 -1.56974
v 0.67623 -0.51004 -1.48619
v 0.67769 -0.60881 -1.53886
v 0.66651 -0.42631 -1.49744
v 0.63448 -0.65277 -1.59638
v 0.67192 -0.70930 -1.57720
v 0.61935 -0.74728 -1.61635
v 0.62416 -0.36649 -1.55108
v 0.67165 -0.37878 -1.46414
v 0.62701 -0.34335 -1.48951
v 0.72666 -0.37913 -1.41338
v 0.75553 -0.43329 -1.42455
v 0.81011 -0.38995 -1.37245
v 0.75610 -0.73459 -1.53002
v 0.73851 -0.54670 -1.45195
v 0.75549 -0.33270 -1.32242
v 0.58880 -0.29428 -1.52197
v 0.90074 -0.38857 -1.30844
v 0.57569 -0.26561 -1.57727
v 0.50370 -0.15462 -1.56116
v 0.67993 -0.54344 -2.58801
v 0.66551 -0.48210 -2.61804
v 0.68391 -0.43047 -2.57765
v 0.62233 -0.36009 -1.64327
v 0.65860 -0.30857 -1.38300
v 0.65119 -0.51964 -2.62386
v 0.51497 -0.79197 -2.02195
v 0.72211 -0.36079 -1.94439
v 0.71898 -0.19800 -1.97107
v 0.74159 -0.24964 -2.05965
v 0.71939 -0.15290 -2.05991
v 0.58278 -0.65501 -2.42383
v 0.70156 -0.44334 -2.33138
v 0.51137 -0.11155 -1.64517
v 0.57805 -0.20288 -1.66619
v 0.78945 -0.50041 -1.38730
v 0.86202 -0.54524 -1.36150
v 0.88597 -0.60853 -1.38963
v 0.87947 -0.50128 -1.32182
v 0.97876 -0.53408 -1.25473
v 0.53095 -0.18066 -1.47235
v 0.66617 -0.57511 -2.56696
v 1.00902 -0.48314 -1.20791
v 0.68423 -0.37440 -2.45026
v 1.07916 -0.54055 -1.15813
v 1.11944 -0.50413 -1.09401
v 1.17763 -0.56981 -1.06420
v 1.19253 -0.49970 -1.00435
v 1.23666 -0.54749 -0.96599
v 1.26320 -0.64082 -1.00459
v 1.33375 -0.66436 -0.91039
v 1.24686 -0.72726 -1.06481
v 1.31923 -0.71807 -0.95649
v 1.33979 -0.57906 -0.82944
v 1.32071 -0.54241 -0.83062
v 1.44255 -0.65558 -0.70161
v 1.40856 -0.56023 -0.67945
v 1.25834 -0.50358 -0.91372
v 1.33370 -0.77965 -0.93984
v 1.26268 -0.80839 -1.04280
v 1.38140 -0.83669 -0.84564
v 1.31324 -0.92678 -0.90304
v 1.18364 -0.65057 -1.11770
v 1.25629 -0.87170 -1.02837
v 1.16648 -0.84099 -1.15885
v 1.41100 -0.73219 -0.80134
v 0.68235 -0.07735 -1.99886
v 0.68728 -0.14717 -1.91323
v 0.64095 -0.05345 -1.89777
v 0.63808 0.00199 -1.99414
v 0.59643 0.03795 -1.93619
v 0.57027 0.02904 -1.85990
v 0.60911 -0.07119 -1.81253
v 0.51327 0.04130 -1.78543
v 0.58721 0.08368 -2.05752
v 0.65771 -0.00831 -2.11609
v 0.69701 -0.23149 -1.86565
v 1.01614 -0.63732 -1.29387
v 0.60081 -0.61406 -2.56730
v 1.40637 -0.50271 -0.66086
v 1.36641 -0.48505 -0.75059
v 1.46091 -0.50975 -0.53815
v 1.45557 -0.56184 -0.57552
v 0.90577 -0.43335 -1.32345
v 0.98650 -0.37826 -1.22459
v 1.03253 -0.41566 -1.22465
v 1.12253 -0.38690 -1.11227
v 1.09507 -0.43861 -1.15753
v 1.16947 -0.43000 -1.08613
v 1.20310 -0.39018 -1.02895
v 1.28530 -0.38705 -0.92031
v 1.27614 -0.43295 -0.95584
v 1.22396 -0.35983 -0.94265
v 1.34645 -0.43553 -0.85496
v 1.34796 -0.38898 -0.83414
v 1.40502 -0.42897 -0.76840
v 1.42506 -0.38601 -0.70117
v 1.42573 -0.42617 -0.73504
v 1.32742 -0.32662 -0.73284
v 1.41364 -0.33029 -0.58389
v 1.49483 -0.39352 -0.58274
v 1.41506 -0.29312 -0.54174
v 1.52288 -0.38501 -0.50034
v 1.52185 -0.44235 -0.52544
v 1.55507 -0.39919 -0.45792
v 1.49659 -0.32494 -0.38812
v 1.55926 -0.44552 -0.42856
v 1.59429 -0.41660 -0.37480
v 1.47137 -0.28621 -0.41352
v 1.40861 -0.14678 -0.52700
v 1.53425 -0.31704 -0.27046
v 1.50376 -0.25132 -0.32266
v 1.56601 -0.25615 -0.12627
v 1.55961 -0.30290 -0.17044
v 1.59700 -0.31754 -0.04614
v 1.60882 -0.29062 0.04592
v 1.59326 -0.14289 0.02588
v 1.51800 -0.12708 -0.24487
v 1.56264 -0.12539 -0.09008
v 1.52394 -0.04643 -0.12572
v 1.45759 -0.04764 -0.33024
v 1.46229 0.01129 -0.21924
v 1.37786 0.06489 -0.33630
v 1.41843 0.04444 -0.27549
v 1.50563 0.03310 -0.00959
v 1.44232 0.09375 -0.06501
v 1.36549 -0.01728 -0.50281
v 1.40705 -0.06221 -0.46781
v 1.30936 0.05851 -0.49865
v 1.33308 0.08171 -0.40442
v 1.26422 0.10402 -0.49799
v 1.19816 0.08488 -0.64652
v 1.14255 0.18744 -0.52867
v 1.06057 0.18517 -0.65623
v 1.10204 0.10189 -0.75464
v 0.96748 0.19772 -0.75480
v 0.95998 0.16004 -0.82142
v 0.99481 0.08808 -0.90034
v 1.13859 0.03628 -0.80180
v 1.21980 -0.00997 -0.74424
v 1.13424 -0.01836 -0.86715
v 1.24432 -0.06479 -0.75943
v 1.21568 -0.13558 -0.84139
v 1.28582 -0.16376 -0.75030
v 1.34282 -0.14558 -0.65083
v 1.31627 -0.27041 -0.71385
v 1.22617 -0.25230 -0.84527
v 1.12053 -0.09002 -0.93770
v 1.03067 0.01614 -0.95053
v 1.03382 0.23275 -0.63293
v 1.28613 -0.00026 -0.62872
v 1.39939 0.09873 -0.19317
v 0.84952 0.18495 -0.89167
v 1.46006 0.09169 -0.00143
v 1.23459 0.17795 -0.37790
v 1.47679 0.10233 0.12825
v 1.54805 0.01233 0.13443
v 1.50475 0.09411 0.27160
v 1.54772 0.04984 0.34507
v 1.38581 0.20378 0.22156
v 1.38546 0.19357 0.15847
v 1.33211 0.27213 0.13950
v 1.32471 0.23341 0.01801
v 1.28548 0.28461 -0.04915
v 1.31735 0.33642 0.12611
v 1.35919 0.25654 0.28232
v 1.28747 0.22387 -0.13600
v 1.23927 0.27303 -0.20450
v 1.23621 0.22561 -0.27265
v 1.18927 0.22814 -0.37448
v 1.19673 0.30366 -0.29459
v 1.14521 0.31024 -0.40495
v 1.25517 0.35409 -0.12291
v 1.19100 0.36489 -0.29971
v 1.59280 -0.05545 0.18877
v 1.59852 -0.02613 0.39006
v 1.61884 -0.07397 0.36968
v 1.27798 0.34329 -0.04536
v 1.55867 -0.04888 0.01146
v 0.79522 0.24225 -0.89145
v 0.68702 0.21542 -0.99172
v 0.65290 0.27513 -0.99235
v 0.58292 0.24371 -1.04381
v 0.66566 0.17932 -1.03895
v 0.52553 0.30639 -1.06767
v 0.50530 0.23565 -1.08795
v 0.70645 0.35198 -0.95297
v 0.66400 0.47480 -0.99182
v 0.56924 0.43500 -1.04906
v 0.60531 0.52049 -1.02284
v 0.45518 0.34672 -1.10469
v 0.30342 0.39964 -1.16303
v 0.66894 0.57105 -0.97102
v 0.76276 0.54531 -0.90492
v 0.73418 0.62747 -0.89321
v 0.64512 0.65970 -0.93856
v 0.81966 0.58228 -0.84054
v 0.82809 0.66699 -0.77615
v 0.91330 0.63035 -0.71228
v 0.91323 0.56065 -0.74971
v 0.98659 0.56697 -0.63176
v 0.94999 0.63937 -0.64388
v 0.95048 0.47651 -0.71981
v 0.87380 0.75921 -0.62067
v 0.93082 0.70548 -0.59113
v 0.98389 0.65648 -0.53677
v 1.02093 0.43585 -0.61435
v 0.94680 0.34630 -0.71425
v 0.82017 0.33640 -0.85304
v 0.85910 0.31076 -0.81425
v 0.96564 0.28191 -0.69675
v 1.02063 0.57238 -0.55116
v 0.93344 0.74760 -0.49997
v 0.86003 0.49186 -0.82191
v 0.60605 0.64927 -0.96911
v 0.57461 0.58231 -1.01637
v 0.53013 0.47872 -1.06174
v 0.75803 0.28380 -0.91125
v 0.77334 0.16392 -0.98393
v 1.62524 -0.15646 0.20263
v 1.68373 -0.38231 0.04740
v 1.58356 -0.38984 -0.36096
v 1.62816 -0.26601 0.17720
v 1.64537 -0.27480 0.32759
v 1.46149 -0.13440 -0.40276
v 1.57488 -0.34929 -0.22482
v 1.64246 -0.14476 0.42713
v 1.62527 -0.31362 0.10523
v 1.35699 -0.28829 -0.64988
v 1.64776 -0.32534 0.22503
v 1.49220 -0.42647 -0.61033
v 0.77802 -0.83768 -1.50861
v 0.68047 -0.88124 -1.55216
v 0.59446 -0.84890 -1.60939
v 0.56581 -0.79375 -1.64726
v 0.49445 -0.87213 -1.65722
v 0.54032 -0.75619 -1.68775
v 0.44870 -0.84080 -1.72167
v 0.50951 -0.76480 -1.72425
v 0.57999 -0.93354 -1.57598
v 0.43420 -0.81669 -1.78776
v 0.82108 -0.92846 -1.43764
v 0.84721 -0.82943 -1.46302
v 0.88293 -0.73787 -1.44217
v 0.93817 -0.81351 -1.39546
v 1.06128 -0.73019 -1.28368
v 1.06001 -0.79950 -1.28585
v 0.98904 -0.88829 -1.32476
v 1.08855 -0.88362 -1.22858
v 0.95234 -0.94822 -1.31917
v 1.09144 -0.93386 -1.19311
v 1.07695 -0.99437 -1.15370
v 1.02476 -1.01670 -1.18473
v 0.90983 -1.02672 -1.28176
v 0.84888 -1.02593 -1.33259
v 0.77165 -0.98290 -1.43061
v 0.35322 -0.88094 -1.77340
v 0.34582 -0.87147 -1.86443
v 0.43001 -0.81701 -1.85926
v 0.40420 -0.86746 -2.00403
v 0.50272 -0.74351 -1.79537
v 0.36057 -0.90958 -1.71642
v 1.29919 -0.50654 -0.85120
v 1.29453 0.18480 -0.21687
v 1.04101 0.29633 -0.58902
v 1.08807 0.41974 -0.47738
v 1.11128 0.33554 -0.46621
v 1.15820 0.55185 -0.33299
v 1.12687 0.54023 -0.38544
v 1.12745 0.61458 -0.33437
v 1.15788 0.67749 -0.23619
v 1.20968 0.59083 -0.22646
v 1.21247 0.64568 -0.15602
v 1.18347 0.73070 -0.08327
v 1.10881 0.78012 -0.17210
v 1.14201 0.79180 -0.06103
v 1.20567 0.77393 0.13014
v 1.25880 0.64083 -0.00949
v 1.03862 0.81956 -0.20304
v 1.07028 0.83978 -0.06708
v 0.96424 0.86640 -0.19481
v 0.98706 0.83130 -0.24354
v 1.05476 0.86580 0.03739
v 1.04371 0.75927 -0.28415
v 1.27205 0.57917 -0.04512
v 1.30735 0.56207 0.08728
v 1.25917 0.69229 0.11582
v 1.14718 0.82543 0.11729
v 1.07564 0.68747 -0.33276
v 1.52033 -0.66475 -0.52371
v 1.52311 -0.73045 -0.55262
v 1.56199 -0.66584 -0.40373
v 1.54226 -0.57911 -0.35362
v 1.58068 -0.59389 -0.23796
v 1.56631 -0.55394 -0.23260
v 1.58984 -0.54065 -0.12112
v 1.59886 -0.69406 -0.30233
v 1.53325 -0.52338 -0.33503
v 1.58303 -0.74867 -0.38246
v 1.54855 -0.82222 -0.47674
v 1.56882 -0.50426 -0.23122
v 1.54334 -0.49183 -0.33987
v 1.10412 0.73240 -0.24564
v 1.14826 0.22816 -0.45467
v 1.23900 0.52590 -0.18332
v 0.48312 0.19839 -1.11912
v 1.26287 -0.30270 -0.80807
v 1.18922 -0.30154 -0.90673
v 1.12828 -0.27138 -0.96879
v 1.09192 -0.29855 -1.01796
v 1.01422 -0.24662 -1.08502
v 0.95402 -0.26823 -1.14086
v 0.93446 -0.16904 -1.15046
v 0.83654 -0.26415 -1.23230
v 0.83676 -0.31213 -1.24895
v 1.02791 -0.10617 -1.04489
v 0.92490 -0.09171 -1.13128
v 0.80289 -0.12490 -1.23765
v 0.84002 -0.05245 -1.17535
v 0.87083 0.00644 -1.10625
v 0.70356 0.01313 -1.21644
v 0.79640 0.07030 -1.09689
v 0.67886 0.08609 -1.15612
v 0.76198 -0.17513 -1.27742
v 0.66593 -0.09894 -1.31143
v 0.58036 -0.14050 -1.38516
v 0.56841 -0.04743 -1.33816
v 0.53398 -0.13746 -1.42843
v 0.47854 -0.07423 -1.43279
v 0.42394 -0.01606 -1.41294
v 0.40051 -0.03475 -1.50127
v 0.44418 0.01410 -1.35583
v 0.51794 0.02770 -1.30151
v 0.74228 -0.05609 -1.24407
v 0.74887 -0.27383 -1.29261
v 1.17744 -0.73852 -1.15627
v 1.33679 0.35736 0.25872
v 1.36210 0.27790 0.41206
v 1.06944 -0.33078 -1.06852
v 0.89736 -0.89145 -1.40153
v 0.84302 -0.66494 -1.45245
v 0.70781 -0.11148 -2.10888
v 1.59689 -0.09449 0.11628
v 1.11550 -0.17190 -0.97542
v 1.35357 -0.07564 -0.58787
v 0.41877 -0.85234 -2.25584
v 0.59798 0.06937 -2.18440
v 0.68522 -0.95152 -1.50915
v 0.46798 -0.09323 -1.48026
v 1.05098 0.46899 -0.55362
v 1.30913 0.63076 0.21913
v 1.49370 -0.56274 -0.47871
v 0.99209 -0.01033 -1.01481
v 1.05530 0.49445 -0.45378
v 0.97767 0.69417 -0.49410
v 0.58266 -0.70416 -1.65578
v 1.49261 -0.51314 -0.45688
v 0.42329 0.26950 -1.11682
v 0.50314 -0.75369 -1.85900
v 0.55745 -0.68631 -1.83583
v 0.65720 -0.60343 -1.94812
v 1.46543 -0.74160 -0.69235
v 1.19352 0.49150 -0.29691
v 0.67133 -0.04339 -2.19917
v 1.40485 0.20390 0.42024
v 1.24693 0.73612 0.20519
v 0.44888 -0.84989 -2.09926
v 1.03806 0.53296 -0.49879
v 0.50823 0.55753 -1.04537
v 0.60400 0.01494 -2.31930
v 1.47674 -0.80653 -0.66446
v 1.34915 0.19128 -0.02091
v 0.74181 -0.25192 -2.15081
v 1.09677 -0.66538 -1.22634
v 1.23210 -0.33292 -0.88220
v 0.72029 -0.17055 -2.20446
v 0.72632 -0.22503 -2.23838
v 0.69262 -0.18418 -2.32917
v 0.68090 -0.32584 -2.40700
v 0.66539 -0.10986 -2.33721
v 0.66363 -0.17186 -2.39040
v 0.60828 -0.13455 -2.46540
v 0.61247 -0.05045 -2.39117
v 0.53076 -0.05401 -2.51367
v 0.62200 -0.27863 -2.50159
v 0.57307 -0.29972 -2.57471
v 0.56643 -0.14852 -2.52810
v 0.62202 -0.32266 -2.53161
v 1.14898 0.83746 0.24789
v 1.20719 0.79475 0.25938
v 0.76505 0.47158 -0.91285
v 0.67651 -0.07264 -2.24870
v 0.73637 -0.30783 -2.22665
v 0.34133 -0.90375 -2.20385
v 0.31630 -0.91898 -2.06667
v 0.93736 -0.66721 -1.37946
v 1.47009 -0.85440 -0.65866
v 0.67115 -0.19065 -1.83279
v 0.53461 -0.70007 -1.77743
v 1.09895 0.25191 -0.51780
v 0.61597 -0.30146 -1.43614
v 0.63402 -0.60887 -2.53555
v 0.69361 -0.28142 -1.33532
v 0.89359 0.07632 -1.01229
v 0.60029 -0.29317 -1.61774
v 1.28503 0.51023 -0.03690
v 0.45288 -0.08955 -1.54840
v 0.47328 -0.09003 -1.60858
v 0.40437 -0.03415 -1.56854
v 0.65073 -0.32308 -2.48071
v 0.94302 -0.33529 -1.18960
v 0.88854 0.24535 -0.80022
v 0.70223 -0.38426 -2.34912
v 0.72211 -0.36079 -1.94439
v 0.73272 -0.29655 -1.96282
v 0.69402 -0.32576 -1.82845
v 0.69701 -0.23149 -1.86565
v 0.53461 -0.70007 -1.77743
v 0.55745 -0.68631 -1.83583
v 0.60992 -0.57153 -1.76215
v 0.65720 -0.60343 -1.94812
v 0.59475 -0.70099 -1.98239
v 0.64650 -0.65269 -2.09816
v 0.50314 -0.75369 -1.85900
v 0.51497 -0.79197 -2.02195
v 0.43001 -0.81701 -1.85926
v 0.40420 -0.86746 -2.00403
v 0.44888 -0.84989 -2.09926
v 0.31630 -0.91898 -2.06667
v 0.34582 -0.87147 -1.86443
v 0.60495 -0.70886 -2.11753
v 0.53461 -0.70007 -1.77743
v 0.56807 -0.66077 -1.69554
v 0.50951 -0.76480 -1.72425
v 0.54032 -0.75619 -1.68775
v 0.58266 -0.70416 -1.65578
v 0.60081 -0.61406 -2.56730
v 0.66617 -0.57511 -2.56696
v 0.63402 -0.60887 -2.53555
v 0.68090 -0.32584 -2.40700
v 0.70223 -0.38426 -2.34912
v 0.68423 -0.37440 -2.45026
v 0.65073 -0.32308 -2.48071
v 0.62233 -0.36009 -1.64327
v 0.64345 -0.29878 -1.71661
v 0.61691 -0.27755 -1.67492
v 0.60029 -0.29317 -1.61774
v 0.57805 -0.20288 -1.66619
v 0.67115 -0.19065 -1.83279
v 0.60911 -0.07119 -1.81253
v 0.57889 -0.05683 -1.77692
v 0.51327 0.04130 -1.78543
v 0.53721 -0.02093 -1.75148
v 0.51137 -0.11155 -1.64517
v 0.65073 -0.32308 -2.48071
v 0.68391 -0.43047 -2.57765
v 0.62202 -0.32266 -2.53161
v 0.57307 -0.29972 -2.57471
v 0.66539 -0.10986 -2.33721
v 0.60400 0.01494 -2.31930
v 0.67651 -0.07264 -2.24870
v 0.61247 -0.05045 -2.39117
v 0.51455 0.04822 -2.43469
v 0.55801 0.06359 -2.33716
v 1.01614 -0.63732 -1.29387
v 1.09677 -0.66538 -1.22634
v 1.06128 -0.73019 -1.28368
v 0.93736 -0.66721 -1.37946
v 0.53398 -0.13746 -1.42843
v 0.65860 -0.30857 -1.38300
v 0.61597 -0.30146 -1.43614
v 0.58036 -0.14050 -1.38516
v 0.69361 -0.28142 -1.33532
v 0.53095 -0.18066 -1.47235
v 0.46798 -0.09323 -1.48026
v 0.69361 -0.28142 -1.33532
v 0.83676 -0.31213 -1.24895
v 0.75549 -0.33270 -1.32242
v 0.94302 -0.33529 -1.18960
v 1.09192 -0.29855 -1.01796
v 1.22396 -0.35983 -0.94265
v 1.06944 -0.33078 -1.06852
v 1.18922 -0.30154 -0.90673
v 1.23210 -0.33292 -0.88220
v 1.32742 -0.32662 -0.73284
v 1.23210 -0.33292 -0.88220
v 1.26287 -0.30270 -0.80807
v 1.31627 -0.27041 -0.71385
v 1.35699 -0.28829 -0.64988
v 0.99209 -0.01033 -1.01481
v 1.12053 -0.09002 -0.93770
v 1.02791 -0.10617 -1.04489
v 1.11550 -0.17190 -0.97542
v 1.40861 -0.14678 -0.52700
v 1.34282 -0.14558 -0.65083
v 1.35357 -0.07564 -0.58787
v 1.40705 -0.06221 -0.46781
v 1.35699 -0.28829 -0.64988
v 1.46149 -0.13440 -0.40276
v 1.16648 -0.84099 -1.15885
v 1.06001 -0.79950 -1.28585
v 1.17744 -0.73852 -1.15627
v 1.08855 -0.88362 -1.22858
v 0.56841 -0.04743 -1.33816
v 0.70356 0.01313 -1.21644
v 0.74228 -0.05609 -1.24407
v 0.51794 0.02770 -1.30151
v 1.62524 -0.15646 0.20263
v 1.59689 -0.09449 0.11628
v 1.61884 -0.07397 0.36968
v 1.64246 -0.14476 0.42713
v 0.96564 0.28191 -0.69675
v 1.03382 0.23275 -0.63293
v 0.88854 0.24535 -0.80022
v 1.04101 0.29633 -0.58902
v 1.11128 0.33554 -0.46621
v 1.09895 0.25191 -0.51780
v 1.14521 0.31024 -0.40495
v 1.19352 0.49150 -0.29691
v 1.20968 0.59083 -0.22646
v 1.23900 0.52590 -0.18332
v 1.19352 0.49150 -0.29691
v 1.14826 0.22816 -0.45467
v 1.18927 0.22814 -0.37448
v 1.23459 0.17795 -0.37790
v 1.29453 0.18480 -0.21687
v 1.04371 0.75927 -0.28415
v 1.10412 0.73240 -0.24564
v 1.07564 0.68747 -0.33276
v 1.28503 0.51023 -0.03690
v 1.25517 0.35409 -0.12291
v 1.23900 0.52590 -0.18332
v 0.70645 0.35198 -0.95297
v 0.82017 0.33640 -0.85304
v 0.75803 0.28380 -0.91125
v 0.76505 0.47158 -0.91285
v 1.27798 0.34329 -0.04536
v 1.32766 0.44553 0.15873
v 1.31735 0.33642 0.12611
v 1.28503 0.51023 -0.03690
v 1.30735 0.56207 0.08728
v 1.33950 0.51482 0.25000
v 1.30913 0.63076 0.21913
v 1.33679 0.35736 0.25872
v 1.32811 0.58307 0.28571
v 0.77334 0.16392 -0.98393
v 0.89359 0.07632 -1.01229
v 0.79640 0.07030 -1.09689
v 1.49261 -0.51314 -0.45688
v 1.46091 -0.50975 -0.53815
v 1.54334 -0.49183 -0.33987
v 0.82108 -0.92846 -1.43764
v 0.89736 -0.89145 -1.40153
v 0.95234 -0.94822 -1.31917
v 0.77165 -0.98290 -1.43061
v 0.68522 -0.95152 -1.50915
v -0.49666 0.89750 -0.73381
v -0.41905 0.87199 -0.78581
v -0.51740 0.86234 -0.78724
v -0.39706 0.90231 -0.72185
v -0.63144 0.90803 -0.64712
v -0.64685 0.85671 -0.71788
v -0.74249 0.85133 -0.63878
v -0.72760 0.90776 -0.54176
v -0.55175 0.81051 -0.84241
v -0.60497 0.94655 -0.57142
v -0.47011 0.77004 -0.90093
v -0.63369 0.79171 -0.81573
v -0.69046 0.75160 -0.81741
v -0.80974 0.86597 -0.51309
v -0.81717 0.80627 -0.62711
v -0.87639 0.80068 -0.51775
v -0.87977 0.71001 -0.67600
v -0.97035 0.67145 -0.53938
v -0.93989 0.73818 -0.49545
v -0.91637 0.63771 -0.70030
v -0.97943 0.59224 -0.61922
v -0.95824 0.56175 -0.68460
v -0.89412 0.58402 -0.76024
v -0.84019 0.86525 -0.42619
v -1.02203 0.55683 -0.55586
v -0.80529 0.63623 -0.82154
v -0.50712 0.94031 -0.61609
v -0.74582 0.92002 -0.43105
v -0.80456 0.90294 -0.38041
v -0.71997 0.91167 -0.32656
v -0.73498 0.90211 -0.26037
v -0.80255 0.88153 -0.28733
v -0.78865 0.91610 -0.25134
v -0.67674 0.92877 -0.35412
v -0.67612 0.95016 -0.30149
v -0.62890 0.94212 -0.36967
v -0.54577 0.96686 -0.40282
v -0.50917 0.97153 -0.35640
v -0.55829 0.99708 -0.36049
v -0.49925 0.96170 -0.44772
v -0.48687 1.00146 -0.41461
v -0.45150 0.98390 -0.47316
v -0.45177 0.93825 -0.51947
v -0.40912 0.96362 -0.54529
v -0.42932 0.92772 -0.53989
v -0.37916 0.95281 -0.60084
v -0.40117 1.05461 -0.53282
v -0.47151 1.05656 -0.45213
v -0.45920 1.08199 -0.33732
v -0.44056 1.16696 -0.34426
v -0.44053 1.15869 -0.29800
v -0.40739 1.23915 -0.25069
v -0.40769 1.24305 -0.34889
v -0.44465 1.24146 -0.21987
v -0.47980 1.17468 -0.27504
v -0.51889 1.27433 -0.20979
v -0.50700 1.17423 -0.29064
v -0.57340 1.23931 -0.21502
v -0.58264 1.09627 -0.32520
v -0.42849 1.15987 -0.41355
v -0.48440 1.08097 -0.30833
v -0.62581 0.97772 -0.33142
v -0.74253 0.93753 -0.27713
v -0.77355 0.99873 -0.22825
v -0.82547 0.93128 -0.24063
v -0.58898 0.73856 -0.90321
v -0.36237 0.81253 -0.81213
v -0.38650 0.73029 -0.90514
v -0.46117 0.68449 -0.98025
v -0.63693 0.67219 -0.93144
v -0.74639 0.66864 -0.84959
v -0.68834 0.61732 -0.93254
v -0.56416 0.61078 -1.00644
v -0.61391 0.57064 -1.00380
v -0.42431 1.07922 -0.49210
v -0.78666 0.74176 -0.74203
v -0.41878 0.92004 -0.60832
v -0.54161 0.70252 -0.95024
v -0.67456 0.94006 -0.47924
v -0.77737 0.55460 -0.88659
v -0.56568 0.96787 -0.51329
v -0.48194 0.57553 -1.04391
v -0.56049 1.03179 -0.37647
v -0.35831 0.89192 -0.63528
v -0.31375 0.88356 -0.67190
v -0.30729 0.94235 -0.71418
v -0.74639 0.66864 -0.84959
v -0.80529 0.63623 -0.82154
v -0.78666 0.74176 -0.74203
v -0.68834 0.61732 -0.93254
v -0.77737 0.55460 -0.88659
v -0.45177 0.93825 -0.51947
v -0.50712 0.94031 -0.61609
v -0.56568 0.96787 -0.51329
v -0.42932 0.92772 -0.53989
v -0.41878 0.92004 -0.60832
v -1.74543 -0.44095 0.52101
v -1.74786 -0.39949 0.54193
v -1.75205 -0.41923 0.53161
v -0.88879 0.92911 0.74821
v -0.88531 0.93130 0.75616
v -0.87334 0.94928 0.75879
v -0.88879 0.92911 0.74821
v -0.88531 0.93130 0.75616
v -0.87334 0.94928 0.75879
v 0.94606 0.93231 0.75168
v 0.90980 0.95411 0.73135
v 0.91520 0.92706 0.74410
vt 0.31527 0.59969
vt 0.31340 0.61198
vt 0.30258 0.60721
vt 0.29618 0.61571
vt 0.30619 0.63016
vt 0.31881 0.62323
vt 0.29351 0.62865
vt 0.28275 0.62033
vt 0.32611 0.60236
vt 0.32426 0.58946
vt 0.33446 0.61728
vt 0.32680 0.62645
vt 0.32018 0.63490
vt 0.30795 0.63375
vt 0.29269 0.64159
vt 0.30016 0.64290
vt 0.27562 0.62689
vt 0.26766 0.62157
vt 0.28872 0.60743
vt 0.28030 0.61360
vt 0.26381 0.62638
vt 0.30340 0.59835
vt 0.27762 0.64025
vt 0.26757 0.63293
vt 0.28325 0.65093
vt 0.27016 0.63751
vt 0.30543 0.64503
vt 0.29325 0.65289
vt 0.33960 0.60695
vt 0.33603 0.62799
vt 0.27127 0.64649
vt 0.30911 0.59391
vt 0.29917 0.59452
vt 0.29795 0.60115
vt 0.28677 0.60241
vt 0.27403 0.61337
vt 0.26603 0.61573
vt 0.34145 0.61782
vt 0.31286 0.64567
vt 0.28731 0.65790
vt 0.31284 0.58521
vt 0.31675 0.58982
vt 0.31879 0.58131
vt 0.32608 0.58554
vt 0.32591 0.57969
vt 0.31549 0.56905
vt 0.32088 0.56829
vt 0.31531 0.55762
vt 0.34039 0.59923
vt 0.26081 0.62090
vt 0.30260 0.65401
vt 0.34725 0.62223
vt 0.34515 0.62831
vt 0.31960 0.64490
vt 0.27281 0.65226
vt 0.33176 0.63850
vt 0.34805 0.60104
vt 0.34972 0.61373
vt 0.35234 0.60574
vt 0.35405 0.61917
vt 0.34569 0.59631
vt 0.35584 0.61343
vt 0.33686 0.63522
vt 0.33586 0.58738
vt 0.31082 0.55945
vt 0.31223 0.55010
vt 0.30460 0.54129
vt 0.31139 0.54345
vt 0.30982 0.53434
vt 0.30250 0.53443
vt 0.30499 0.52804
vt 0.32638 0.53003
vt 0.32868 0.54134
vt 0.32295 0.54883
vt 0.33133 0.55466
vt 0.34193 0.54766
vt 0.32227 0.55531
vt 0.32996 0.56598
vt 0.34195 0.56411
vt 0.33810 0.56979
vt 0.33168 0.57345
vt 0.34081 0.53228
vt 0.33389 0.53194
vt 0.35177 0.55927
vt 0.35046 0.55175
vt 0.34962 0.53878
vt 0.36300 0.54438
vt 0.36512 0.55219
vt 0.36722 0.53348
vt 0.35740 0.56851
vt 0.36275 0.52701
vt 0.37602 0.53553
vt 0.37279 0.55704
vt 0.38141 0.54471
vt 0.29027 0.54595
vt 0.37569 0.52538
vt 0.34460 0.57534
vt 0.29147 0.52299
vt 0.31476 0.51907
vt 0.31166 0.51025
vt 0.30043 0.50912
vt 0.30517 0.50302
vt 0.33490 0.50097
vt 0.32150 0.51058
vt 0.32269 0.49573
vt 0.28293 0.51979
vt 0.27356 0.51752
vt 0.27159 0.52756
vt 0.24946 0.53103
vt 0.25487 0.53541
vt 0.23881 0.54194
vt 0.22474 0.54612
vt 0.24744 0.54427
vt 0.23785 0.55011
vt 0.22022 0.55614
vt 0.22371 0.56002
vt 0.20594 0.56443
vt 0.21322 0.56990
vt 0.26502 0.53933
vt 0.28375 0.49677
vt 0.26065 0.50780
vt 0.26231 0.49795
vt 0.24152 0.50531
vt 0.24155 0.51784
vt 0.24862 0.49465
vt 0.26663 0.48559
vt 0.28285 0.48854
vt 0.22895 0.52289
vt 0.22252 0.51036
vt 0.20902 0.52777
vt 0.28317 0.47787
vt 0.22743 0.49649
vt 0.24511 0.48946
vt 0.26083 0.47943
vt 0.21326 0.53481
vt 0.20697 0.51327
vt 0.19723 0.52297
vt 0.21105 0.50446
vt 0.30722 0.47475
vt 0.30053 0.46820
vt 0.30015 0.48804
vt 0.27306 0.47170
vt 0.19066 0.53073
vt 0.19596 0.53980
vt 0.20238 0.54771
vt 0.31879 0.47941
vt 0.31646 0.46169
vt 0.29456 0.46177
vt 0.17906 0.53959
vt 0.18243 0.54389
vt 0.33433 0.46347
vt 0.34167 0.48875
vt 0.33856 0.47360
vt 0.18564 0.55824
vt 0.17205 0.55222
vt 0.19093 0.51896
vt 0.28408 0.53282
vt 0.24840 0.47412
vt 0.31762 0.45175
vt 0.19680 0.57500
vt 0.19185 0.57147
vt 0.19865 0.58182
vt 0.17506 0.53109
vt 0.33564 0.44842
vt 0.34439 0.45406
vt 0.16399 0.56206
vt 0.17150 0.57041
vt 0.22449 0.47886
vt 0.16214 0.54576
vt 0.25011 0.55070
vt 0.23111 0.56159
vt 0.35085 0.49137
vt 0.35736 0.48443
vt 0.35885 0.49507
vt 0.35652 0.46786
vt 0.35915 0.45433
vt 0.24074 0.47129
vt 0.22349 0.47467
vt 0.20924 0.48230
vt 0.21455 0.48528
vt 0.19929 0.49278
vt 0.19010 0.48576
vt 0.22121 0.46637
vt 0.24387 0.46338
vt 0.23374 0.45361
vt 0.21809 0.46091
vt 0.21464 0.46523
vt 0.20694 0.47178
vt 0.24165 0.45393
vt 0.26776 0.43818
vt 0.27040 0.44033
vt 0.29919 0.42676
vt 0.29999 0.42284
vt 0.30778 0.42299
vt 0.18261 0.50250
vt 0.17256 0.50194
vt 0.19826 0.47769
vt 0.18977 0.48160
vt 0.18212 0.48853
vt 0.18618 0.50485
vt 0.17108 0.51032
vt 0.17189 0.51601
vt 0.16444 0.50212
vt 0.27247 0.45437
vt 0.25960 0.45386
vt 0.27988 0.44439
vt 0.29351 0.44199
vt 0.29537 0.44587
vt 0.15613 0.51043
vt 0.15620 0.50353
vt 0.14812 0.51108
vt 0.14087 0.52079
vt 0.16605 0.49281
vt 0.15493 0.52348
vt 0.22456 0.57166
vt 0.15796 0.52886
vt 0.17242 0.49617
vt 0.17693 0.49059
vt 0.15182 0.56204
vt 0.18659 0.58554
vt 0.19474 0.47392
vt 0.19387 0.59079
vt 0.35257 0.44351
vt 0.36804 0.46261
vt 0.20517 0.46675
vt 0.34271 0.52270
vt 0.33472 0.51192
vt 0.35864 0.51977
vt 0.17169 0.59423
vt 0.18254 0.59822
vt 0.14934 0.57799
vt 0.17982 0.48341
vt 0.23629 0.58280
vt 0.37551 0.48385
vt 0.37489 0.47951
vt 0.38299 0.46330
vt 0.29694 0.55472
vt 0.28883 0.55809
vt 0.29342 0.56804
vt 0.28223 0.57221
vt 0.27974 0.55958
vt 0.27509 0.57417
vt 0.25990 0.57059
vt 0.25700 0.57927
vt 0.26007 0.58831
vt 0.28929 0.57644
vt 0.27363 0.58598
vt 0.27110 0.55848
vt 0.24823 0.58821
vt 0.24387 0.57817
vt 0.26373 0.59506
vt 0.30459 0.56427
vt 0.30230 0.55552
vt 0.24635 0.57136
vt 0.30318 0.57537
vt 0.28170 0.54484
vt 0.25702 0.59482
vt 0.25484 0.56428
vt 0.30917 0.57540
vt 0.23744 0.58875
vt 0.28072 0.58968
vt 0.24378 0.59633
vt 0.29629 0.58275
vt 0.30608 0.58173
vt 0.37694 0.48933
vt 0.31468 0.43649
vt 0.30759 0.43317
vt 0.32584 0.42479
vt 0.33149 0.43106
vt 0.35146 0.41884
vt 0.35201 0.42417
vt 0.37848 0.44446
vt 0.38004 0.45421
vt 0.34912 0.50538
vt 0.36771 0.43677
vt 0.37135 0.41411
vt 0.36686 0.42124
vt 0.37529 0.51618
vt 0.36607 0.49941
vt 0.26425 0.43507
vt 0.38113 0.41866
vt 0.21409 0.58252
vt 0.39502 0.48264
vt 0.39328 0.47611
vt 0.38744 0.43315
vt 0.39231 0.48959
vt 0.37789 0.49563
vt 0.40547 0.44699
vt 0.39549 0.44148
vt 0.39785 0.45929
vt 0.38670 0.52389
vt 0.38540 0.53308
vt 0.39227 0.41120
vt 0.40348 0.41522
vt 0.40422 0.43023
vt 0.35526 0.59547
vt 0.38882 0.51394
vt 0.29251 0.42124
vt 0.14581 0.53672
vt 0.14938 0.55201
vt 0.14008 0.53360
vt 0.13098 0.52801
vt 0.13698 0.51628
vt 0.13293 0.54653
vt 0.25363 0.60271
vt 0.41085 0.48104
vt 0.41424 0.47334
vt 0.41442 0.45836
vt 0.40739 0.48962
vt 0.35365 0.62896
vt 0.12314 0.55037
vt 0.12172 0.53878
vt 0.13971 0.57692
vt 0.16365 0.58322
vt 0.19936 0.61103
vt 0.21304 0.59650
vt 0.22073 0.59491
vt 0.21899 0.60234
vt 0.23195 0.60443
vt 0.22566 0.61262
vt 0.23223 0.61711
vt 0.24223 0.61285
vt 0.25018 0.61960
vt 0.24416 0.62829
vt 0.23205 0.59654
vt 0.23938 0.60395
vt 0.25299 0.61556
vt 0.22492 0.58855
vt 0.25679 0.62583
vt 0.24978 0.63090
vt 0.26072 0.62758
vt 0.24582 0.60865
vt 0.21573 0.61022
vt 0.20870 0.61221
vt 0.20298 0.62087
vt 0.26307 0.60358
vt 0.25951 0.60940
vt 0.12017 0.55969
vt 0.13906 0.56828
vt 0.12134 0.53043
vt 0.11273 0.54015
vt 0.12800 0.52263
vt 0.11030 0.54749
vt 0.26876 0.60136
vt 0.28173 0.59550
vt 0.15024 0.59311
vt 0.13478 0.58991
vt 0.26247 0.64797
vt 0.10215 0.56924
vt 0.09671 0.56105
vt 0.27791 0.65896
vt 0.10528 0.57559
vt 0.12222 0.58593
vt 0.12696 0.57249
vt 0.09559 0.55348
vt 0.13217 0.60424
vt 0.12118 0.60062
vt 0.33275 0.58420
vt 0.08218 0.56684
vt 0.24041 0.44502
vt 0.08761 0.57035
vt 0.11153 0.60297
vt 0.07060 0.57906
vt 0.22824 0.45187
vt 0.26331 0.65371
vt 0.07371 0.58615
vt 0.06661 0.58526
vt 0.06826 0.59277
vt 0.05897 0.59050
vt 0.06408 0.59772
vt 0.07373 0.60531
vt 0.07715 0.61676
vt 0.07403 0.62402
vt 0.05925 0.60338
vt 0.06706 0.61864
vt 0.07245 0.63588
vt 0.07879 0.63540
vt 0.08651 0.63062
vt 0.07980 0.60645
vt 0.07238 0.64729
vt 0.08091 0.59726
vt 0.08505 0.62024
vt 0.06408 0.62438
vt 0.06680 0.63988
vt 0.05584 0.61957
vt 0.05054 0.60766
vt 0.05724 0.63352
vt 0.08361 0.58885
vt 0.09655 0.63173
vt 0.04327 0.57576
vt 0.04158 0.58079
vt 0.06162 0.57332
vt 0.03135 0.57596
vt 0.03667 0.56626
vt 0.05244 0.56892
vt 0.09092 0.59243
vt 0.09517 0.58134
vt 0.09312 0.60853
vt 0.09432 0.61950
vt 0.07310 0.55724
vt 0.05774 0.55098
vt 0.07675 0.56347
vt 0.09009 0.54735
vt 0.08482 0.54636
vt 0.10503 0.52779
vt 0.07859 0.53277
vt 0.09023 0.52137
vt 0.10284 0.51185
vt 0.07384 0.52223
vt 0.08857 0.51126
vt 0.06913 0.54601
vt 0.06538 0.53694
vt 0.08540 0.50546
vt 0.10437 0.49623
vt 0.09469 0.48607
vt 0.11231 0.47840
vt 0.10691 0.46675
vt 0.11863 0.46233
vt 0.05489 0.53363
vt 0.10965 0.59162
vt 0.10156 0.60913
vt 0.07613 0.50455
vt 0.06113 0.51578
vt 0.04574 0.54971
vt 0.04535 0.56649
vt 0.02759 0.56333
vt 0.06020 0.65177
vt 0.11059 0.61743
vt 0.25787 0.63869
vt 0.12054 0.51836
vt 0.11557 0.44411
vt 0.09269 0.47394
vt 0.08273 0.48673
vt 0.07616 0.49433
vt 0.02392 0.56863
vt 0.01805 0.57468
vt 0.25604 0.65310
vt 0.25657 0.64440
vt 0.04083 0.54362
vt 0.12263 0.44266
vt 0.13395 0.44327
vt 0.13261 0.42422
vt 0.14485 0.43294
vt 0.14364 0.41849
vt 0.16159 0.40434
vt 0.14975 0.40052
vt 0.16370 0.38689
vt 0.18021 0.37086
vt 0.19064 0.46775
vt 0.10596 0.45251
vt 0.17297 0.36942
vt 0.06383 0.50437
vt 0.04788 0.63144
vt 0.04071 0.65418
vt 0.05008 0.65896
vt 0.03868 0.53894
vt 0.04109 0.52650
vt 0.01409 0.56380
vt 0.13172 0.50836
vt 0.13744 0.50245
vt 0.14987 0.49481
vt 0.09049 0.46525
vt 0.33755 0.58213
vt 0.01774 0.55833
vt 0.34681 0.58664
vt 0.30313 0.41619
vt 0.31271 0.41362
vt 0.31921 0.41694
vt 0.32355 0.40911
vt 0.32397 0.41562
vt 0.33325 0.41240
vt 0.33549 0.40554
vt 0.34365 0.40990
vt 0.34762 0.40193
vt 0.35298 0.40731
vt 0.36195 0.40320
vt 0.04620 0.51855
vt 0.02582 0.54939
vt 0.05618 0.50438
vt 0.36599 0.39711
vt 0.37050 0.40248
vt 0.37480 0.39485
vt 0.38152 0.39844
vt 0.34799 0.58805
vt 0.38600 0.39217
vt 0.39357 0.39594
vt 0.16060 0.48728
vt 0.17309 0.47907
vt 0.02432 0.54056
vt 0.39922 0.38954
vt 0.40700 0.39481
vt 0.41433 0.38686
vt 0.25883 0.63199
vt 0.25376 0.65062
vt 0.25663 0.62954
vt 0.25503 0.63511
vt 0.38759 0.40080
vt 0.41165 0.40702
vt 0.41639 0.39272
vt 0.43374 0.40509
vt 0.43315 0.39301
vt 0.13434 0.72143
vt 0.12396 0.72068
vt 0.12706 0.70659
vt 0.11008 0.70907
vt 0.11114 0.71951
vt 0.14581 0.72071
vt 0.14306 0.70356
vt 0.15097 0.71825
vt 0.16301 0.72296
vt 0.16506 0.71723
vt 0.15806 0.70408
vt 0.17945 0.70235
vt 0.18550 0.70225
vt 0.18654 0.71952
vt 0.19495 0.71667
vt 0.20898 0.70460
vt 0.19291 0.72357
vt 0.21388 0.71688
vt 0.21301 0.72051
vt 0.22095 0.72303
vt 0.22890 0.70394
vt 0.23195 0.71969
vt 0.15895 0.69675
vt 0.24629 0.70315
vt 0.24411 0.71840
vt 0.22462 0.69776
vt 0.18946 0.69264
vt 0.10300 0.70154
vt 0.11769 0.69534
vt 0.16898 0.72634
vt 0.13996 0.69183
vt 0.16541 0.68925
vt 0.11477 0.72696
vt 0.09051 0.70765
vt 0.09677 0.72090
vt 0.10068 0.72644
vt 0.08486 0.69863
vt 0.08849 0.72635
vt 0.08479 0.72067
vt 0.06668 0.70306
vt 0.06771 0.70954
vt 0.06773 0.72133
vt 0.13474 0.72769
vt 0.10217 0.68802
vt 0.06785 0.69614
vt 0.11518 0.68922
vt 0.20509 0.68730
vt 0.22276 0.69148
vt 0.08119 0.68970
vt 0.14309 0.68449
vt 0.24784 0.69265
vt 0.24137 0.72761
vt 0.26866 0.71826
vt 0.26200 0.72190
vt 0.27569 0.72566
vt 0.28175 0.72731
vt 0.26842 0.70607
vt 0.26636 0.69349
vt 0.28512 0.72010
vt 0.28784 0.70717
vt 0.28772 0.69812
vt 0.27862 0.69332
vt 0.17535 0.68005
vt 0.19586 0.68103
vt 0.25340 0.72533
vt 0.30119 0.69765
vt 0.30697 0.70704
vt 0.29355 0.71983
vt 0.22186 0.68302
vt 0.30781 0.72098
vt 0.29517 0.72790
vt 0.32168 0.72023
vt 0.32496 0.72696
vt 0.32204 0.70498
vt 0.31005 0.72514
vt 0.34158 0.71239
vt 0.23749 0.68219
vt 0.07497 0.72502
vt 0.06773 0.72644
vt 0.05409 0.72160
vt 0.05270 0.70345
vt 0.04399 0.71238
vt 0.05445 0.72790
vt 0.03382 0.70462
vt 0.03843 0.72565
vt 0.03008 0.71289
vt 0.92818 0.21110
vt 0.94296 0.21063
vt 0.93001 0.21932
vt 0.94742 0.21496
vt 0.95742 0.21336
vt 0.93523 0.20762
vt 0.95813 0.20561
vt 0.93051 0.20360
vt 0.94531 0.20314
vt 0.92043 0.21302
vt 0.92013 0.20424
vt 0.92221 0.21938
vt 0.94529 0.19455
vt 0.95318 0.19900
vt 0.96681 0.19772
vt 0.96797 0.20385
vt 0.96909 0.21010
vt 0.95507 0.18431
vt 0.95049 0.17887
vt 0.94490 0.18471
vt 0.94694 0.17026
vt 0.94144 0.17351
vt 0.92694 0.18030
vt 0.92924 0.16675
vt 0.93915 0.15944
vt 0.92713 0.19745
vt 0.92491 0.19860
vt 0.95675 0.16538
vt 0.94914 0.15685
vt 0.96343 0.17045
vt 0.96395 0.17838
vt 0.92913 0.15187
vt 0.94573 0.14780
vt 0.93794 0.15094
vt 0.95743 0.15372
vt 0.91754 0.17062
vt 0.91904 0.18561
vt 0.91880 0.15922
vt 0.92233 0.15131
vt 0.92838 0.14524
vt 0.95761 0.14060
vt 0.96672 0.15852
vt 0.96063 0.19499
vt 0.96724 0.13559
vt 0.95667 0.13283
vt 0.94770 0.13752
vt 0.94743 0.12966
vt 0.95807 0.12364
vt 0.95523 0.11824
vt 0.96233 0.11976
vt 0.93788 0.13314
vt 0.95804 0.11171
vt 0.97371 0.19067
vt 0.97528 0.16988
vt 0.97583 0.17756
vt 0.97644 0.19945
vt 0.97546 0.20632
vt 0.98021 0.15883
vt 0.97200 0.15312
vt 0.97044 0.13879
vt 0.94188 0.12468
vt 0.96647 0.11240
vt 0.98377 0.15135
vt 0.98782 0.16566
vt 0.97817 0.13287
vt 0.98615 0.17856
vt 0.97014 0.12152
vt 0.98684 0.19541
vt 0.98560 0.20582
vt 0.92331 0.13393
vt 0.99417 0.17633
vt 0.98054 0.21230
vt 0.98915 0.14711
vt 0.99962 0.16099
vt 0.99670 0.15361
vt 0.99772 0.17136
vt 0.99678 0.19788
vt 0.93837 0.12111
vt 0.91394 0.14208
vt 0.90912 0.16143
vt 0.91351 0.18207
vt 0.90901 0.15011
vt 0.95111 0.11373
vt 0.90884 0.16971
vt 0.91299 0.13058
vt 0.91501 0.20188
vt 0.90940 0.18613
vt 0.90967 0.20622
vt 0.90118 0.17640
vt 0.93209 0.12019
vt 0.92155 0.12484
vt 0.93949 0.11293
vt 0.95299 0.10853
vt 0.90518 0.14101
vt 0.90454 0.13233
vt 0.89988 0.15916
vt 0.91972 0.11712
vt 0.89409 0.16783
vt 0.90214 0.19729
vt 0.89654 0.18237
vt 0.89600 0.14968
vt 0.93241 0.10723
vt 0.96278 0.10495
vt 0.90829 0.12471
vt 0.98207 0.21938
vt 0.89379 0.13841
vt 0.88577 0.15995
vt 0.88538 0.17238
vt 0.91519 0.10968
vt 0.90781 0.11760
vt 0.96819 0.10548
vt 0.88673 0.18719
vt 0.94039 0.10178
vt 0.89201 0.12405
vt 0.89950 0.11541
vt 0.30081 0.97252
vt 0.29624 0.96391
vt 0.31149 0.96880
vt 0.28820 0.97267
vt 0.28046 0.96454
vt 0.27630 0.97206
vt 0.26220 0.96386
vt 0.26183 0.97198
vt 0.25459 0.96443
vt 0.25377 0.95571
vt 0.25215 0.96775
vt 0.28014 0.95738
vt 0.26135 0.95532
vt 0.31605 0.96302
vt 0.29885 0.95611
vt 0.30977 0.95664
vt 0.32094 0.97383
vt 0.32937 0.96581
vt 0.33277 0.97427
vt 0.32497 0.95680
vt 0.34363 0.96663
vt 0.34289 0.97357
vt 0.31078 0.98374
vt 0.29538 0.98285
vt 0.34427 0.95729
vt 0.35248 0.96200
vt 0.28159 0.95089
vt 0.35290 0.97349
vt 0.37003 0.97390
vt 0.36999 0.96415
vt 0.30661 0.98735
vt 0.29186 0.98880
vt 0.29867 0.99225
vt 0.30975 0.99395
vt 0.28292 0.98498
vt 0.27821 0.99081
vt 0.27012 0.98862
vt 0.27135 0.98457
vt 0.32106 0.98363
vt 0.31987 0.99120
vt 0.32701 0.99068
vt 0.33400 0.98658
vt 0.34272 0.99302
vt 0.34528 0.98632
vt 0.26411 0.98887
vt 0.25849 0.98388
vt 0.26184 0.99147
vt 0.25506 0.97623
vt 0.24959 0.97400
vt 0.24529 0.98659
vt 0.25423 0.98949
vt 0.24673 0.99252
vt 0.23934 0.99281
vt 0.23310 0.99204
vt 0.35546 0.98811
vt 0.36486 0.98503
vt 0.35897 0.99219
vt 0.24621 0.96722
vt 0.24673 0.96079
vt 0.36855 0.99165
vt 0.37931 0.99163
vt 0.38676 0.97716
vt 0.24022 0.97005
vt 0.37153 0.99515
vt 0.39414 0.99135
vt 0.38711 0.99631
vt 0.24000 0.98400
vt 0.23254 0.98831
vt 0.23582 0.96446
vt 0.23074 0.96555
vt 0.23548 0.95897
vt 0.22749 0.95730
vt 0.22535 0.96849
vt 0.21925 0.96136
vt 0.21704 0.96772
vt 0.22040 0.97251
vt 0.23022 0.97470
vt 0.21062 0.96336
vt 0.21849 0.95415
vt 0.22228 0.97861
vt 0.22745 0.99646
vt 0.22679 0.99020
vt 0.21153 0.97149
vt 0.22072 0.99289
vt 0.21719 0.97706
vt 0.21030 0.95786
vt 0.39222 0.96701
vt 0.22305 0.95147
vt 0.22092 0.99959
vt 0.20598 0.97089
vt 0.23509 0.95293
vt 0.35962 0.99745
vt 0.24722 0.95169
vt 0.21189 0.98185
vt 0.37654 0.99959
vt 0.22871 0.94957
vt 0.20543 0.95901
vt 0.28656 0.99405
vt 0.30562 0.94907
vt 0.23378 0.99865
vt 0.20822 0.95265
vt 0.29211 0.94760
vt 0.26470 0.94885
vt 0.25537 0.94686
vt 0.31954 0.94449
vt 0.33228 0.94930
vt 0.21362 0.94759
vt 0.23505 0.94836
vt 0.28039 0.94218
vt 0.26690 0.94232
vt 0.21892 0.94272
vt 0.22453 0.94270
vt 0.31231 0.93942
vt 0.29576 0.94005
vt 0.25058 0.94452
vt 0.26060 0.93633
vt 0.22925 0.94169
vt 0.20472 0.94611
vt 0.23618 0.94108
vt 0.19764 0.94869
vt 0.50752 0.32880
vt 0.49775 0.32634
vt 0.50710 0.34572
vt 0.49932 0.32206
vt 0.49877 0.34165
vt 0.49783 0.35548
vt 0.50733 0.31702
vt 0.50362 0.36567
vt 0.49619 0.36649
vt 0.49665 0.38478
vt 0.50406 0.39554
vt 0.49698 0.41310
vt 0.50467 0.42615
vt 0.49551 0.43465
vt 0.49233 0.41332
vt 0.49816 0.31393
vt 0.50219 0.30791
vt 0.51250 0.29511
vt 0.50364 0.29712
vt 0.50371 0.28755
vt 0.51454 0.28117
vt 0.49372 0.37106
vt 0.49591 0.33710
vt 0.49471 0.34908
vt 0.50741 0.36198
vt 0.50833 0.37521
vt 0.50773 0.40339
vt 0.49425 0.35362
vt 0.49049 0.38838
vt 0.50295 0.44325
vt 0.49541 0.44800
vt 0.49725 0.46080
vt 0.50530 0.46736
vt 0.49841 0.48443
vt 0.49503 0.47262
vt 0.50559 0.48844
vt 0.50003 0.50330
vt 0.50893 0.51117
vt 0.50002 0.51892
vt 0.50936 0.53278
vt 0.50119 0.53132
vt 0.50586 0.55022
vt 0.51368 0.54339
vt 0.51310 0.55728
vt 0.50736 0.56661
vt 0.51089 0.57957
vt 0.50423 0.55921
vt 0.51603 0.55720
vt 0.50043 0.54769
vt 0.49956 0.54066
vt 0.49451 0.48373
vt 0.51354 0.53020
vt 0.51260 0.51861
vt 0.51141 0.50455
vt 0.49474 0.49540
vt 0.49722 0.50242
vt 0.49484 0.50779
vt 0.51011 0.49611
vt 0.49282 0.45493
vt 0.50695 0.43638
vt 0.50824 0.44823
vt 0.50792 0.46098
vt 0.50644 0.57925
vt 0.49211 0.46976
vt 0.51155 0.48817
vt 0.50991 0.47710
vt 0.50328 0.56722
vt 0.49668 0.52601
vt 0.49227 0.44960
vt 0.49499 0.51695
vt 0.49208 0.48739
vt 0.48979 0.47590
vt 0.48937 0.43672
vt 0.48934 0.41772
vt 0.51293 0.41297
vt 0.52383 0.42540
vt 0.52390 0.40743
vt 0.51372 0.42803
vt 0.51150 0.39180
vt 0.52474 0.39014
vt 0.51324 0.44051
vt 0.52895 0.44422
vt 0.52522 0.45096
vt 0.51485 0.45746
vt 0.51630 0.47092
vt 0.52941 0.46446
vt 0.52723 0.48607
vt 0.51103 0.46603
vt 0.51555 0.48184
vt 0.51580 0.49684
vt 0.52943 0.49746
vt 0.52967 0.51753
vt 0.51796 0.51008
vt 0.53099 0.42427
vt 0.51854 0.52342
vt 0.53489 0.48186
vt 0.53321 0.39889
vt 0.53564 0.50200
vt 0.51459 0.36783
vt 0.52612 0.38004
vt 0.52625 0.35353
vt 0.53754 0.46458
vt 0.53434 0.37518
vt 0.51182 0.35710
vt 0.51603 0.34323
vt 0.52813 0.33481
vt 0.53701 0.35813
vt 0.53157 0.34928
vt 0.53554 0.42380
vt 0.53930 0.44620
vt 0.52703 0.32307
vt 0.51031 0.34073
vt 0.51633 0.32879
vt 0.53618 0.33565
vt 0.53301 0.31477
vt 0.54138 0.39129
vt 0.53787 0.51558
vt 0.54201 0.40954
vt 0.53643 0.52408
vt 0.53396 0.53389
vt 0.54079 0.47711
vt 0.52189 0.53948
vt 0.51725 0.53576
vt 0.51800 0.54644
vt 0.53413 0.54667
vt 0.54211 0.49489
vt 0.54268 0.54101
vt 0.54293 0.46055
vt 0.54424 0.43640
vt 0.54405 0.52351
vt 0.54702 0.50547
vt 0.54423 0.36679
vt 0.51240 0.32897
vt 0.54302 0.33595
vt 0.54749 0.35357
vt 0.54700 0.46688
vt 0.54262 0.31830
vt 0.54114 0.30469
vt 0.54949 0.45640
vt 0.54889 0.51793
vt 0.54950 0.41736
vt 0.55119 0.48386
vt 0.55020 0.39133
vt 0.55090 0.53236
vt 0.55101 0.55016
vt 0.54725 0.56259
vt 0.55239 0.43707
vt 0.55287 0.37601
vt 0.55243 0.33431
vt 0.55443 0.51213
vt 0.55654 0.49293
vt 0.55016 0.31147
vt 0.55551 0.39791
vt 0.55579 0.36484
vt 0.54660 0.28398
vt 0.55183 0.29260
vt 0.55884 0.47020
vt 0.55708 0.42600
vt 0.55610 0.56586
vt 0.55838 0.52520
vt 0.55934 0.45393
vt 0.55825 0.54096
vt 0.56066 0.34482
vt 0.55186 0.57946
vt 0.55695 0.31377
vt 0.52245 0.55369
vt 0.56300 0.55782
vt 0.56239 0.40333
vt 0.55755 0.58654
vt 0.56425 0.51293
vt 0.56629 0.43968
vt 0.56569 0.37963
vt 0.55896 0.29800
vt 0.55401 0.27073
vt 0.54801 0.26159
vt 0.56361 0.33084
vt 0.56693 0.41496
vt 0.56491 0.36164
vt 0.56832 0.48576
vt 0.56811 0.49980
vt 0.56448 0.56892
vt 0.56620 0.53285
vt 0.56810 0.46102
vt 0.55978 0.28359
vt 0.56666 0.57726
vt 0.56897 0.54751
vt 0.56677 0.30987
vt 0.57152 0.34540
vt 0.57400 0.39495
vt 0.57295 0.44467
vt 0.55910 0.25452
vt 0.56438 0.26528
vt 0.56891 0.28857
vt 0.57877 0.42750
vt 0.57535 0.51699
vt 0.57732 0.40712
vt 0.56892 0.58633
vt 0.56692 0.59581
vt 0.57796 0.46901
vt 0.57820 0.49579
vt 0.56932 0.27556
vt 0.57847 0.53720
vt 0.57481 0.57377
vt 0.58414 0.48172
vt 0.57626 0.55626
vt 0.57553 0.29562
vt 0.56280 0.60540
vt 0.58359 0.50499
vt 0.58131 0.52157
vt 0.57239 0.26169
vt 0.56262 0.24589
vt 0.55638 0.23860
vt 0.57347 0.24334
vt 0.57823 0.59569
vt 0.58453 0.27815
vt 0.58747 0.54838
vt 0.58591 0.56839
vt 0.58196 0.57562
vt 0.58547 0.58870
vt 0.57547 0.60662
vt 0.58529 0.25694
vt 0.56555 0.23015
vt 0.58021 0.24542
vt 0.57592 0.22074
vt 0.55758 0.22104
vt 0.58465 0.22751
vt 0.56958 0.21634
vt 0.59135 0.23855
vt 0.56506 0.21162
vt 0.58062 0.21570
vt 0.59742 0.58917
vt 0.58955 0.60176
vt 0.60106 0.60586
vt 0.59988 0.22732
vt 0.59609 0.20984
vt 0.58764 0.20093
vt 0.59062 0.61313
vt 0.60333 0.62510
vt 0.59528 0.62473
vt 0.58243 0.61176
vt 0.60358 0.18530
vt 0.59097 0.19295
vt 0.60358 0.64031
vt 0.58867 0.62792
vt 0.59162 0.17843
vt 0.59890 0.17721
vt 0.11810 0.79341
vt 0.12250 0.78342
vt 0.12319 0.78832
vt 0.12747 0.78196
vt 0.10740 0.79365
vt 0.10879 0.80129
vt 0.10341 0.79753
vt 0.10261 0.80847
vt 0.09109 0.80814
vt 0.09730 0.81436
vt 0.08914 0.81797
vt 0.09465 0.82187
vt 0.08738 0.81252
vt 0.07643 0.82361
vt 0.13595 0.77959
vt 0.13394 0.77581
vt 0.14130 0.77008
vt 0.14461 0.77379
vt 0.14916 0.76697
vt 0.15158 0.77090
vt 0.15729 0.76346
vt 0.16656 0.76525
vt 0.13690 0.79188
vt 0.14811 0.78461
vt 0.11637 0.79981
vt 0.12990 0.79790
vt 0.12431 0.80047
vt 0.14515 0.79094
vt 0.13745 0.79507
vt 0.15697 0.78343
vt 0.15869 0.77745
vt 0.16840 0.77340
vt 0.16916 0.77820
vt 0.16363 0.76152
vt 0.18021 0.77097
vt 0.08351 0.82380
vt 0.06816 0.83414
vt 0.17484 0.75789
vt 0.18742 0.75763
vt 0.18554 0.75377
vt 0.20740 0.75045
vt 0.20654 0.75473
vt 0.22654 0.75070
vt 0.07286 0.82559
vt 0.22362 0.76138
vt 0.24009 0.76037
vt 0.24291 0.74980
vt 0.25559 0.76129
vt 0.25644 0.75009
vt 0.20281 0.76445
vt 0.26842 0.75083
vt 0.27866 0.76266
vt 0.27880 0.75202
vt 0.28713 0.75321
vt 0.29133 0.76487
vt 0.30353 0.76809
vt 0.30476 0.75691
vt 0.31656 0.75975
vt 0.31664 0.77111
vt 0.32806 0.76337
vt 0.33275 0.77454
vt 0.33907 0.76625
vt 0.34381 0.78036
vt 0.34784 0.77064
vt 0.35599 0.78185
vt 0.35888 0.77374
vt 0.38177 0.79269
vt 0.38821 0.78510
vt 0.41022 0.79933
vt 0.39940 0.80565
vt 0.42182 0.81512
vt 0.42241 0.80591
vt 0.43471 0.81069
vt 0.44527 0.82027
vt 0.45126 0.83414
vt 0.21995 0.76646
vt 0.23958 0.76600
vt 0.25294 0.76698
vt 0.27386 0.76636
vt 0.28852 0.76917
vt 0.32217 0.77423
vt 0.37353 0.79402
vt 0.33468 0.78125
vt 0.37998 0.79953
vt 0.78692 0.05317
vt 0.79795 0.05483
vt 0.79668 0.04492
vt 0.79559 0.06300
vt 0.78995 0.06793
vt 0.78215 0.06543
vt 0.77481 0.05710
vt 0.78091 0.04378
vt 0.78512 0.04048
vt 0.77086 0.04823
vt 0.77023 0.06425
vt 0.77268 0.07212
vt 0.78183 0.07797
vt 0.78881 0.08183
vt 0.80192 0.07274
vt 0.80519 0.06550
vt 0.80049 0.08237
vt 0.80693 0.05407
vt 0.80865 0.04842
vt 0.79403 0.03440
vt 0.77500 0.08439
vt 0.76291 0.05849
vt 0.78583 0.09191
vt 0.76804 0.08625
vt 0.75983 0.07010
vt 0.75842 0.08064
vt 0.77877 0.09501
vt 0.79578 0.09436
vt 0.75669 0.06346
vt 0.80113 0.09246
vt 0.77046 0.09855
vt 0.75886 0.04966
vt 0.81742 0.08227
vt 0.78796 0.10377
vt 0.76371 0.09900
vt 0.75735 0.09314
vt 0.77612 0.10534
vt 0.75225 0.07928
vt 0.81402 0.09536
vt 0.82474 0.09070
vt 0.82144 0.10171
vt 0.82520 0.10776
vt 0.82859 0.07596
vt 0.82680 0.06954
vt 0.80989 0.10632
vt 0.83003 0.08470
vt 0.83623 0.07444
vt 0.82041 0.06976
vt 0.83329 0.06081
vt 0.84079 0.06081
vt 0.82564 0.06041
vt 0.81371 0.11683
vt 0.82296 0.11901
vt 0.79599 0.10898
vt 0.80545 0.11901
vt 0.78474 0.11085
vt 0.77486 0.11455
vt 0.79100 0.11910
vt 0.76289 0.11025
vt 0.78250 0.12565
vt 0.81230 0.12660
vt 0.80257 0.13407
vt 0.81483 0.13131
vt 0.79794 0.12758
vt 0.76500 0.12090
vt 0.75212 0.10096
vt 0.77049 0.12633
vt 0.74765 0.09071
vt 0.75250 0.11166
vt 0.77612 0.13176
vt 0.78804 0.13542
vt 0.75622 0.12123
vt 0.74640 0.07048
vt 0.80759 0.14151
vt 0.79695 0.13925
vt 0.80316 0.14805
vt 0.78129 0.14050
vt 0.76877 0.13688
vt 0.75853 0.13344
vt 0.74262 0.08009
vt 0.74151 0.10819
vt 0.73970 0.10180
vt 0.73857 0.08549
vt 0.73360 0.09380
vt 0.74749 0.05919
vt 0.74231 0.11691
vt 0.74902 0.12609
vt 0.80795 0.15089
vt 0.76380 0.03814
vt 0.77280 0.03288
vt 0.80485 0.03412
vt 0.83112 0.05552
vt 0.82617 0.05137
vt 0.81467 0.04355
vt 0.78143 0.03080
vt 0.83531 0.04840
vt 0.74436 0.05205
vt 0.73705 0.06456
vt 0.75317 0.04078
vt 0.73237 0.07658
vt 0.78558 0.02509
vt 0.79749 0.02736
vt 0.75998 0.03382
vt 0.82948 0.04334
vt 0.81607 0.03353
vt 0.79305 0.01859
vt 0.74546 0.03875
vt 0.77488 0.02028
vt 0.76083 0.02402
vt 0.76587 0.02265
vt 0.73160 0.10376
vt 0.73788 0.04716
vt 0.73061 0.06040
vt 0.75139 0.02870
vt 0.81155 0.02531
vt 0.80528 0.02048
vt 0.72351 0.07019
vt 0.72218 0.08983
vt 0.78250 0.01227
vt 0.72057 0.08002
vt 0.72370 0.10112
vt 0.72935 0.11980
vt 0.73679 0.03471
vt 0.73823 0.13019
vt 0.76244 0.14433
vt 0.72430 0.11096
vt 0.74561 0.13827
vt 0.75250 0.01930
vt 0.77570 0.15022
vt 0.82248 0.03060
vt 0.76782 0.00948
vt 0.83628 0.03902
vt 0.83542 0.03351
vt 0.84374 0.03628
vt 0.75769 0.00841
vt 0.77139 0.00365
vt 0.71858 0.11937
vt 0.82758 0.12475
vt 0.83509 0.13109
vt 0.83830 0.11821
vt 0.82724 0.13641
vt 0.81878 0.13382
vt 0.83311 0.14640
vt 0.82336 0.14696
vt 0.83423 0.10523
vt 0.84683 0.10444
vt 0.84548 0.11799
vt 0.84875 0.12616
vt 0.84535 0.14000
vt 0.85525 0.10681
vt 0.83320 0.15187
vt 0.85739 0.16727
vt 0.85431 0.13866
vt 0.85647 0.11875
vt 0.84596 0.17421
vt 0.85421 0.18349
vt 0.86950 0.18718
vt 0.84426 0.09407
vt 0.85569 0.09640
vt 0.85128 0.08275
vt 0.83469 0.09261
vt 0.86074 0.08561
vt 0.87044 0.07320
vt 0.86302 0.09295
vt 0.85256 0.06786
vt 0.84288 0.07569
vt 0.85979 0.06308
vt 0.87960 0.05935
vt 0.84660 0.06434
vt 0.86252 0.16650
vt 0.85551 0.05320
vt 0.86952 0.05302
vt 0.88323 0.03961
vt 0.89579 0.04748
vt 0.84934 0.05220
vt 0.86992 0.08402
vt 0.86312 0.04840
vt 0.90366 0.03808
vt 0.89179 0.02940
vt 0.84092 0.05085
vt 0.88325 0.06325
vt 0.87634 0.03268
vt 0.87303 0.20121
vt 0.85869 0.20217
vt 0.88408 0.21816
vt 0.86160 0.21906
vt 0.81620 0.14531
vt 0.84054 0.18207
vt 0.84661 0.20119
vt 0.87340 0.23382
vt 0.90366 0.25264
vt 0.87918 0.25018
vt 0.82548 0.16154
vt 0.81664 0.15861
vt 0.81138 0.15249
vt 0.83182 0.18026
vt 0.83480 0.20033
vt 0.26974 0.38867
vt 0.25959 0.38813
vt 0.26658 0.38436
vt 0.27806 0.38334
vt 0.28104 0.38906
vt 0.28887 0.38796
vt 0.28997 0.38386
vt 0.29665 0.38477
vt 0.24431 0.38390
vt 0.25175 0.38970
vt 0.24111 0.38947
vt 0.23151 0.38676
vt 0.22419 0.38970
vt 0.22537 0.38240
vt 0.20891 0.38334
vt 0.20980 0.38896
vt 0.20145 0.38965
vt 0.07884 0.89996
vt 0.07531 0.89459
vt 0.08292 0.89390
vt 0.08669 0.89710
vt 0.08467 0.90317
vt 0.07122 0.89694
vt 0.07150 0.90096
vt 0.07642 0.90301
vt 0.09607 0.90108
vt 0.09484 0.89770
vt 0.09445 0.90649
vt 0.09213 0.89237
vt 0.08475 0.89124
vt 0.10192 0.89774
vt 0.10040 0.89332
vt 0.07943 0.88729
vt 0.10283 0.90365
vt 0.10638 0.90142
vt 0.09763 0.88821
vt 0.07002 0.89037
vt 0.09124 0.88445
vt 0.08613 0.88362
vt 0.06667 0.89560
vt 0.07109 0.88573
vt 0.10766 0.89358
vt 0.10249 0.88656
vt 0.11190 0.90048
vt 0.06574 0.88832
vt 0.09361 0.94881
vt 0.08387 0.94538
vt 0.09269 0.93837
vt 0.10309 0.93835
vt 0.10302 0.95197
vt 0.11179 0.94723
vt 0.09802 0.96246
vt 0.08765 0.95750
vt 0.10776 0.95845
vt 0.07634 0.95005
vt 0.11921 0.95162
vt 0.11877 0.95887
vt 0.12395 0.93086
vt 0.11277 0.93205
vt 0.12788 0.93749
vt 0.14522 0.92821
vt 0.12688 0.92256
vt 0.13694 0.92279
vt 0.11599 0.91886
vt 0.09637 0.92127
vt 0.10519 0.91981
vt 0.08887 0.92352
vt 0.08923 0.91515
vt 0.08250 0.91359
vt 0.14663 0.92020
vt 0.14657 0.93335
vt 0.15750 0.92685
vt 0.07709 0.93478
vt 0.13284 0.91721
vt 0.13141 0.94499
vt 0.07636 0.92252
vt 0.12133 0.91169
vt 0.11434 0.91438
vt 0.15521 0.92119
vt 0.07863 0.91913
vt 0.06966 0.94329
vt 0.09420 0.91380
vt 0.13794 0.94761
vt 0.12699 0.96255
vt 0.10223 0.91268
vt 0.11208 0.96916
vt 0.10985 0.90961
vt 0.16135 0.93501
vt 0.07802 0.96227
vt 0.08623 0.97117
vt 0.15471 0.93856
vt 0.06678 0.92885
vt 0.06199 0.93409
vt 0.09486 0.97422
vt 0.06812 0.95948
vt 0.06191 0.95001
vt 0.12044 0.97622
vt 0.10803 0.98034
vt 0.13765 0.96578
vt 0.13123 0.97195
vt 0.07561 0.97069
vt 0.14787 0.94492
vt 0.05449 0.94514
vt 0.06477 0.91774
vt 0.06841 0.91390
vt 0.05898 0.95687
vt 0.05411 0.91601
vt 0.03704 0.91494
vt 0.11993 0.90682
vt 0.11506 0.90490
vt 0.04884 0.90853
vt 0.05380 0.90637
vt 0.05871 0.90854
vt 0.03267 0.90994
vt 0.02404 0.91333
vt 0.02391 0.91887
vt 0.03453 0.92256
vt 0.04558 0.92804
vt 0.03837 0.93403
vt 0.02730 0.92792
vt 0.01639 0.91400
vt 0.14032 0.91225
vt 0.12566 0.90640
vt 0.05674 0.96672
vt 0.04301 0.94931
vt 0.04733 0.95984
vt 0.01842 0.92392
vt 0.01464 0.91834
vt 0.05000 0.89981
vt 0.07092 0.97471
vt 0.05807 0.90027
vt 0.05594 0.89997
vt 0.03114 0.93898
vt 0.06148 0.97909
vt 0.08435 0.98559
vt 0.09140 0.98071
vt 0.03579 0.95830
vt 0.02439 0.90437
vt 0.04731 0.97295
vt 0.07366 0.98792
vt 0.05384 0.97915
vt 0.09924 0.98821
vt 0.02235 0.94064
vt 0.03628 0.96980
vt 0.11238 0.98599
vt 0.09438 0.99558
vt 0.01104 0.92526
vt 0.05849 0.99056
vt 0.02261 0.95812
vt 0.12832 0.98175
vt 0.10465 0.99473
vt 0.08274 0.99932
vt 0.04120 0.98435
vt 0.03207 0.97703
vt 0.02645 0.96866
vt 0.06761 0.99959
vt 0.12503 0.98948
vt 0.14947 0.95536
vt 0.13416 0.98187
vt 0.11413 0.99765
vt 0.16565 0.93011
vt 0.06225 0.90396
vt 0.14517 0.97401
vt 0.04309 0.99760
vt 0.06997 0.90886
vt 0.07799 0.91070
vt 0.12532 0.99959
vt 0.03630 0.99027
vt 0.02552 0.98315
vt 0.01548 0.96192
vt 0.14226 0.99138
vt 0.13506 0.99923
vt 0.14860 0.98494
vt 0.15789 0.95098
vt 0.01226 0.97511
vt 0.77234 0.87405
vt 0.76280 0.86746
vt 0.77445 0.86338
vt 0.77079 0.85243
vt 0.77836 0.85676
vt 0.75897 0.87972
vt 0.77745 0.83613
vt 0.76919 0.84617
vt 0.76180 0.86106
vt 0.76715 0.88532
vt 0.76319 0.90207
vt 0.75538 0.88929
vt 0.75302 0.89957
vt 0.78152 0.84205
vt 0.78576 0.82492
vt 0.75863 0.91379
vt 0.74861 0.91812
vt 0.75540 0.93439
vt 0.74784 0.93558
vt 0.75248 0.95351
vt 0.74205 0.95002
vt 0.74143 0.93236
vt 0.74199 0.92630
vt 0.75753 0.87440
vt 0.76161 0.93285
vt 0.74557 0.90892
vt 0.75271 0.88296
vt 0.74630 0.90281
vt 0.75039 0.88668
vt 0.75368 0.87279
vt 0.75881 0.86210
vt 0.76195 0.85337
vt 0.76499 0.84616
vt 0.76848 0.83924
vt 0.86235 0.89874
vt 0.85443 0.89766
vt 0.85967 0.88748
vt 0.86801 0.88884
vt 0.87245 0.88152
vt 0.88003 0.88677
vt 0.87785 0.89158
vt 0.88427 0.87685
vt 0.88785 0.88296
vt 0.87521 0.87317
vt 0.88283 0.86988
vt 0.86560 0.87595
vt 0.84382 0.88939
vt 0.85242 0.90633
vt 0.85966 0.91159
vt 0.85244 0.92132
vt 0.85812 0.92433
vt 0.86402 0.91961
vt 0.83716 0.90029
vt 0.84035 0.88429
vt 0.84648 0.87176
vt 0.85426 0.87018
vt 0.84988 0.86145
vt 0.87414 0.86451
vt 0.86979 0.91405
vt 0.85684 0.85048
vt 0.86141 0.85515
vt 0.88229 0.85414
vt 0.88630 0.86353
vt 0.85239 0.85208
vt 0.85230 0.84461
vt 0.86682 0.85120
vt 0.86380 0.84131
vt 0.85755 0.83707
vt 0.89042 0.85368
vt 0.88560 0.83989
vt 0.89452 0.84225
vt 0.87170 0.83163
vt 0.86504 0.82818
vt 0.89374 0.83405
vt 0.83709 0.91668
vt 0.83277 0.90269
vt 0.83130 0.91584
vt 0.87567 0.81961
vt 0.87306 0.81306
vt 0.88325 0.81361
vt 0.89057 0.82606
vt 0.89424 0.86508
vt 0.83489 0.92717
vt 0.82528 0.93492
vt 0.84466 0.94086
vt 0.85188 0.93824
vt 0.86019 0.93502
vt 0.86922 0.92781
vt 0.83942 0.87123
vt 0.84398 0.85873
vt 0.82775 0.91148
vt 0.89971 0.85286
vt 0.90119 0.83925
vt 0.86946 0.90472
vt 0.86795 0.89750
vt 0.87906 0.91294
vt 0.82959 0.88905
vt 0.83385 0.88054
vt 0.87846 0.91643
vt 0.87991 0.92603
vt 0.89570 0.87459
vt 0.84562 0.85281
vt 0.83268 0.93542
vt 0.85681 0.82360
vt 0.86650 0.81623
vt 0.90280 0.86657
vt 0.89962 0.87927
vt 0.87583 0.90055
vt 0.88610 0.90310
vt 0.88441 0.90887
vt 0.89402 0.88556
vt 0.85040 0.83590
vt 0.85026 0.95173
vt 0.88914 0.89463
vt 0.86922 0.94225
vt 0.85987 0.95453
vt 0.85442 0.95742
vt 0.88980 0.92087
vt 0.82713 0.94910
vt 0.81928 0.94788
vt 0.84302 0.95742
vt 0.87687 0.89612
vt 0.88081 0.93622
vt 0.82271 0.92294
vt 0.82351 0.90531
vt 0.81977 0.93184
vt 0.89963 0.89267
vt 0.89365 0.93152
vt 0.90597 0.88217
vt 0.83428 0.86377
vt 0.89653 0.91116
vt 0.89214 0.90360
vt 0.89757 0.90505
vt 0.81951 0.87259
vt 0.81571 0.88487
vt 0.81057 0.89736
vt 0.80531 0.88023
vt 0.81406 0.86743
vt 0.80056 0.89188
vt 0.79577 0.88292
vt 0.80211 0.87063
vt 0.79629 0.86443
vt 0.79112 0.87426
vt 0.78846 0.88547
vt 0.79392 0.89523
vt 0.78426 0.89661
vt 0.78281 0.85499
vt 0.78550 0.90493
vt 0.77792 0.87489
vt 0.77236 0.89179
vt 0.79745 0.90377
vt 0.78743 0.91757
vt 0.76784 0.91025
vt 0.77555 0.91715
vt 0.80767 0.91251
vt 0.89908 0.92158
vt 0.90725 0.89234
vt 0.89213 0.94063
vt 0.90680 0.90027
vt 0.90902 0.91828
vt 0.90707 0.90906
vt 0.90621 0.92898
vt 0.90314 0.94089
vt 0.89379 0.94841
vt 0.90141 0.95638
vt 0.91676 0.88380
vt 0.91532 0.87093
vt 0.91245 0.89408
vt 0.91108 0.92952
vt 0.91759 0.94422
vt 0.90904 0.94468
vt 0.90914 0.90864
vt 0.91408 0.91014
vt 0.91813 0.90181
vt 0.46136 0.64426
vt 0.46832 0.63378
vt 0.48023 0.63445
vt 0.48313 0.64644
vt 0.45374 0.63486
vt 0.44423 0.63744
vt 0.42845 0.64841
vt 0.42287 0.63791
vt 0.40390 0.64534
vt 0.41233 0.65414
vt 0.39523 0.66043
vt 0.48947 0.64465
vt 0.49155 0.63317
vt 0.50505 0.64523
vt 0.50506 0.63545
vt 0.51670 0.63468
vt 0.52123 0.64688
vt 0.52616 0.63719
vt 0.54147 0.65185
vt 0.40219 0.63731
vt 0.38397 0.64569
vt 0.46281 0.63241
vt 0.43395 0.63285
vt 0.38300 0.63948
vt 0.36291 0.64203
vt 0.38559 0.65661
vt 0.37533 0.66890
vt 0.47888 0.62977
vt 0.46478 0.62944
vt 0.42094 0.63095
vt 0.45035 0.62803
vt 0.37202 0.63545
vt 0.40131 0.63399
vt 0.55207 0.79361
vt 0.54342 0.79327
vt 0.54416 0.78193
vt 0.55581 0.78670
vt 0.53984 0.78408
vt 0.56178 0.78911
vt 0.56671 0.79729
vt 0.57041 0.78772
vt 0.55059 0.77359
vt 0.56621 0.77798
vt 0.53769 0.77194
vt 0.54755 0.76756
vt 0.57576 0.78142
vt 0.55619 0.76575
vt 0.53928 0.76322
vt 0.57486 0.76987
vt 0.53233 0.76803
vt 0.53092 0.77622
vt 0.53130 0.76141
vt 0.56283 0.76298
vt 0.58095 0.77406
vt 0.53176 0.78367
vt 0.58318 0.78850
vt 0.57487 0.79893
vt 0.58371 0.80097
vt 0.55774 0.80036
vt 0.54921 0.79842
vt 0.57977 0.80557
vt 0.57111 0.80585
vt 0.59263 0.77553
vt 0.59068 0.78781
vt 0.54697 0.75581
vt 0.57246 0.76146
vt 0.53299 0.78902
vt 0.53254 0.75489
vt 0.55689 0.75515
vt 0.59167 0.76679
vt 0.53705 0.75229
vt 0.58309 0.76152
vt 0.52306 0.76879
vt 0.52373 0.77586
vt 0.52206 0.76317
vt 0.52382 0.75776
vt 0.52265 0.75306
vt 0.52675 0.78615
vt 0.56990 0.75357
vt 0.51509 0.74767
vt 0.60649 0.75396
vt 0.54999 0.74675
vt 0.51968 0.74230
vt 0.60407 0.76615
vt 0.61339 0.76736
vt 0.61950 0.76053
vt 0.60958 0.77342
vt 0.60681 0.78233
vt 0.61766 0.77779
vt 0.62596 0.77931
vt 0.62223 0.78732
vt 0.61432 0.79397
vt 0.62727 0.79909
vt 0.63409 0.78407
vt 0.64030 0.79173
vt 0.61568 0.80506
vt 0.63883 0.80657
vt 0.63089 0.81359
vt 0.61805 0.81339
vt 0.60886 0.81156
vt 0.60641 0.81778
vt 0.63907 0.77704
vt 0.62547 0.76344
vt 0.60058 0.77974
vt 0.62717 0.74704
vt 0.60420 0.74104
vt 0.62860 0.73775
vt 0.60211 0.73347
vt 0.58814 0.73567
vt 0.59374 0.74575
vt 0.59044 0.72595
vt 0.57830 0.72798
vt 0.56974 0.73320
vt 0.56593 0.72756
vt 0.55858 0.73464
vt 0.55220 0.72391
vt 0.54814 0.72827
vt 0.53151 0.71955
vt 0.57267 0.74054
vt 0.54548 0.73469
vt 0.56896 0.71891
vt 0.61885 0.73034
vt 0.63566 0.72686
vt 0.53020 0.72874
vt 0.52465 0.72310
vt 0.51959 0.71662
vt 0.51122 0.72504
vt 0.51656 0.73324
vt 0.53195 0.73651
vt 0.55370 0.71861
vt 0.53849 0.71526
vt 0.64142 0.75938
vt 0.64184 0.71778
vt 0.50282 0.73041
vt 0.49549 0.72339
vt 0.50765 0.71794
vt 0.48833 0.72951
vt 0.48081 0.72515
vt 0.49443 0.73945
vt 0.50103 0.75034
vt 0.50684 0.74415
vt 0.50637 0.75870
vt 0.50019 0.76402
vt 0.49541 0.75897
vt 0.50220 0.77054
vt 0.51190 0.75382
vt 0.49333 0.77259
vt 0.48704 0.76799
vt 0.48578 0.75974
vt 0.48930 0.75277
vt 0.51017 0.76523
vt 0.51090 0.77609
vt 0.51496 0.76951
vt 0.51686 0.77565
vt 0.50708 0.78296
vt 0.50169 0.77938
vt 0.49544 0.78182
vt 0.48788 0.77615
vt 0.50263 0.78584
vt 0.48612 0.78142
vt 0.49652 0.71526
vt 0.48454 0.71788
vt 0.47931 0.77549
vt 0.64741 0.72645
vt 0.50926 0.79016
vt 0.56424 0.70271
vt 0.58205 0.69960
vt 0.56166 0.69442
vt 0.58220 0.68908
vt 0.56939 0.68379
vt 0.57562 0.67731
vt 0.56191 0.67477
vt 0.55289 0.68702
vt 0.59766 0.68467
vt 0.60724 0.69773
vt 0.59502 0.70325
vt 0.60689 0.69212
vt 0.55493 0.68010
vt 0.53645 0.67676
vt 0.54002 0.68449
vt 0.53036 0.68224
vt 0.55114 0.67262
vt 0.53494 0.69299
vt 0.51827 0.68825
vt 0.62326 0.69349
vt 0.51652 0.68054
vt 0.52041 0.66993
vt 0.59175 0.67656
vt 0.54243 0.66933
vt 0.61427 0.68386
vt 0.54493 0.70174
vt 0.61865 0.70958
vt 0.63992 0.70681
vt 0.64336 0.70189
vt 0.50203 0.69009
vt 0.49998 0.68087
vt 0.49731 0.67140
vt 0.59195 0.70989
vt 0.60811 0.71508
vt 0.51068 0.69541
vt 0.52530 0.70107
vt 0.62611 0.71551
vt 0.63972 0.69232
vt 0.48404 0.67916
vt 0.48295 0.69163
vt 0.50978 0.70160
vt 0.47994 0.67022
vt 0.56914 0.65910
vt 0.58450 0.66298
vt 0.57411 0.65382
vt 0.55875 0.65620
vt 0.54621 0.64903
vt 0.60012 0.65990
vt 0.59901 0.66645
vt 0.61470 0.66927
vt 0.62008 0.66497
vt 0.63811 0.67138
vt 0.54164 0.65864
vt 0.63165 0.67628
vt 0.52497 0.65420
vt 0.51104 0.65067
vt 0.49618 0.65076
vt 0.65305 0.68138
vt 0.49097 0.70068
vt 0.47199 0.67838
vt 0.46209 0.68746
vt 0.66457 0.67892
vt 0.51385 0.65650
vt 0.49741 0.65622
vt 0.47607 0.65175
vt 0.46807 0.67095
vt 0.51831 0.78476
vt 0.51382 0.78568
vt 0.53400 0.63529
vt 0.52452 0.63298
vt 0.47402 0.69838
vt 0.46537 0.69723
vt 0.44843 0.68228
vt 0.45523 0.67205
vt 0.46724 0.72012
vt 0.44474 0.69517
vt 0.49109 0.78772
vt 0.49607 0.78845
vt 0.46363 0.64906
vt 0.45977 0.65305
vt 0.44161 0.65137
vt 0.43619 0.65874
vt 0.42239 0.65654
vt 0.43567 0.68427
vt 0.43217 0.67510
vt 0.60287 0.79442
vt 0.59954 0.78803
vt 0.59686 0.79725
vt 0.59960 0.80590
vt 0.59318 0.81972
vt 0.47544 0.78526
vt 0.42763 0.69120
vt 0.45351 0.70592
vt 0.47039 0.78027
vt 0.51500 0.76086
vt 0.42602 0.69891
vt 0.41892 0.67938
vt 0.41175 0.68744
vt 0.62981 0.82307
vt 0.50427 0.79156
vt 0.48212 0.79164
vt 0.43212 0.71012
vt 0.59858 0.81977
vt 0.40652 0.66014
vt 0.51725 0.79025
vt 0.51982 0.79178
vt 0.51309 0.79663
vt 0.40539 0.69908
vt 0.41316 0.70124
vt 0.45114 0.72213
vt 0.46831 0.79229
vt 0.47188 0.79673
vt 0.42023 0.71153
vt 0.61061 0.82451
vt 0.51996 0.79805
vt 0.51318 0.80180
vt 0.50402 0.80103
vt 0.50096 0.80661
vt 0.50290 0.81345
vt 0.51156 0.80941
vt 0.49540 0.81523
vt 0.51206 0.82223
vt 0.51906 0.81969
vt 0.51996 0.80851
vt 0.52800 0.82159
vt 0.53079 0.81757
vt 0.53582 0.82623
vt 0.52897 0.82688
vt 0.53757 0.81800
vt 0.53320 0.81432
vt 0.54097 0.82430
vt 0.53051 0.81023
vt 0.52107 0.80458
vt 0.54011 0.81255
vt 0.54147 0.81926
vt 0.53261 0.83114
vt 0.52452 0.82873
vt 0.52028 0.82355
vt 0.51519 0.80616
vt 0.52930 0.80379
vt 0.54213 0.82971
vt 0.51205 0.82951
vt 0.51929 0.83188
vt 0.53129 0.83347
vt 0.52421 0.83334
vt 0.53957 0.83362
vt 0.53309 0.80555
vt 0.52306 0.80034
vt 0.53186 0.80023
vt 0.50096 0.82637
vt 0.49711 0.81912
vt 0.50488 0.83272
vt 0.51328 0.83737
vt 0.54358 0.83533
vt 0.48930 0.81210
vt 0.53781 0.80843
vt 0.50660 0.84142
vt 0.48606 0.82362
vt 0.49263 0.82719
vt 0.49013 0.81726
vt 0.49827 0.83694
vt 0.43155 0.72942
vt 0.48148 0.82220
vt 0.52941 0.79289
vt 0.52661 0.80049
vt 0.40468 0.71106
vt 0.49494 0.83654
vt 0.39708 0.69066
vt 0.39960 0.68047
vt 0.38934 0.69604
vt 0.38934 0.71002
vt 0.49869 0.84503
vt 0.41070 0.72607
vt 0.42462 0.73225
vt 0.48110 0.82585
vt 0.49022 0.84110
vt 0.47589 0.82451
vt 0.47655 0.81963
vt 0.48417 0.81495
vt 0.48023 0.83657
vt 0.40939 0.73776
vt 0.38996 0.71992
vt 0.53751 0.79732
vt 0.37617 0.70117
vt 0.49735 0.79423
vt 0.37701 0.69020
vt 0.38332 0.66999
vt 0.53575 0.80511
vt 0.53950 0.80488
vt 0.54220 0.81033
vt 0.54342 0.80787
vt 0.54455 0.81175
vt 0.37042 0.71240
vt 0.48869 0.79772
vt 0.62337 0.82725
vt 0.48700 0.80767
vt 0.49171 0.84712
vt 0.47976 0.80119
vt 0.48726 0.84348
vt 0.54726 0.80283
vt 0.55171 0.80747
vt 0.65217 0.84561
vt 0.66679 0.84712
vt 0.51846 0.62811
vt 0.50849 0.63018
vt 0.50080 0.62982
vt 0.48751 0.62733
vt 0.56068 0.80647
vt 0.47686 0.81357
vt 0.52434 0.79621
vt 0.64655 0.82853
vt 0.47211 0.81786
vt 0.46978 0.82361
vt 0.47266 0.82358
vt 0.46875 0.81432
vt 0.46587 0.82013
vt 0.46331 0.82756
vt 0.46948 0.83571
vt 0.46307 0.83881
vt 0.46923 0.84233
vt 0.47240 0.83009
vt 0.47250 0.83717
vt 0.54658 0.82330
vt 0.54611 0.81887
vt 0.54792 0.82049
vt 0.54692 0.81339
vt 0.54614 0.81009
vt 0.54954 0.81002
vt 0.54436 0.81039
vt 0.54654 0.82963
vt 0.60226 0.82901
vt 0.47417 0.80685
vt 0.47239 0.84105
vt 0.54825 0.83479
vt 0.88404 0.41197
vt 0.88942 0.40704
vt 0.87838 0.40744
vt 0.86048 0.40724
vt 0.86037 0.41193
vt 0.85104 0.41170
vt 0.84721 0.40502
vt 0.89868 0.41143
vt 0.89539 0.40187
vt 0.90305 0.40295
vt 0.90400 0.41101
vt 0.87612 0.40022
vt 0.86719 0.40044
vt 0.85697 0.40216
vt 0.88605 0.39782
vt 0.88121 0.37712
vt 0.87247 0.37586
vt 0.86159 0.37746
vt 0.89210 0.38748
vt 0.89011 0.37348
vt 0.88112 0.36786
vt 0.86417 0.36889
vt 0.87564 0.36267
vt 0.90000 0.38416
vt 0.89449 0.36735
vt 0.86677 0.36133
vt 0.88834 0.35976
vt 0.85104 0.37211
vt 0.85169 0.39007
vt 0.84685 0.40182
vt 0.85478 0.36215
vt 0.84852 0.36492
vt 0.84416 0.38933
vt 0.84423 0.37527
vt 0.90432 0.37230
vt 0.89815 0.36283
vt 0.90412 0.41342
vt 0.90609 0.39126
vt 0.87774 0.35567
vt 0.89295 0.35475
vt 0.84195 0.36900
vt 0.84670 0.35773
vt 0.83801 0.38390
vt 0.92261 0.42260
vt 0.90618 0.42254
vt 0.90721 0.43143
vt 0.91912 0.41203
vt 0.91213 0.38135
vt 0.89955 0.35119
vt 0.90428 0.36038
vt 0.90436 0.35265
vt 0.90874 0.36518
vt 0.91428 0.37644
vt 0.91358 0.36499
vt 0.90967 0.35479
vt 0.89485 0.41861
vt 0.91249 0.39380
vt 0.92037 0.37465
vt 0.83809 0.39381
vt 0.84222 0.40003
vt 0.83287 0.38519
vt 0.83726 0.35828
vt 0.84379 0.40675
vt 0.90577 0.40730
vt 0.84018 0.35153
vt 0.83162 0.37548
vt 0.83412 0.36745
vt 0.82672 0.37640
vt 0.91326 0.43106
vt 0.91095 0.44545
vt 0.91693 0.45394
vt 0.91306 0.46578
vt 0.93193 0.46937
vt 0.91820 0.47518
vt 0.91398 0.49513
vt 0.91932 0.48797
vt 0.93488 0.49376
vt 0.90042 0.44711
vt 0.82876 0.36711
vt 0.90427 0.47604
vt 0.87003 0.33218
vt 0.88495 0.32821
vt 0.87284 0.32691
vt 0.85554 0.32812
vt 0.85500 0.33410
vt 0.84799 0.33283
vt 0.84239 0.32784
vt 0.87897 0.33292
vt 0.88852 0.33339
vt 0.89525 0.33039
vt 0.85687 0.34286
vt 0.88016 0.34007
vt 0.88749 0.34153
vt 0.89510 0.34199
vt 0.90134 0.33235
vt 0.84314 0.34610
vt 0.83893 0.33416
vt 0.87260 0.34730
vt 0.86061 0.34683
vt 0.86420 0.35571
vt 0.84797 0.35006
vt 0.85406 0.35460
vt 0.88786 0.35033
vt 0.90274 0.32606
vt 0.89893 0.34519
vt 0.90801 0.32639
vt 0.90469 0.32060
vt 0.90845 0.31393
vt 0.91802 0.31492
vt 0.91482 0.32677
vt 0.91335 0.30880
vt 0.91986 0.30264
vt 0.92401 0.30508
vt 0.90839 0.30335
vt 0.91163 0.29439
vt 0.91644 0.28603
vt 0.92406 0.29032
vt 0.91767 0.27299
vt 0.92533 0.27213
vt 0.92032 0.26589
vt 0.92659 0.26569
vt 0.91917 0.25967
vt 0.92210 0.24984
vt 0.92959 0.25259
vt 0.93213 0.27782
vt 0.93099 0.29254
vt 0.93291 0.27141
vt 0.92339 0.32127
vt 0.92795 0.31270
vt 0.91914 0.32846
vt 0.93263 0.29968
vt 0.93488 0.26010
vt 0.91813 0.33268
vt 0.92727 0.32941
vt 0.93107 0.32231
vt 0.91010 0.33469
vt 0.90632 0.33731
vt 0.83592 0.33286
vt 0.83677 0.32392
vt 0.83319 0.34237
vt 0.82957 0.33634
vt 0.82823 0.32243
vt 0.83171 0.31780
vt 0.82719 0.30785
vt 0.82204 0.30181
vt 0.81596 0.31300
vt 0.82128 0.32996
vt 0.80776 0.28615
vt 0.80731 0.30292
vt 0.80200 0.28911
vt 0.81667 0.32979
vt 0.80942 0.32100
vt 0.82654 0.29222
vt 0.79828 0.26893
vt 0.78937 0.28169
vt 0.80200 0.25060
vt 0.79549 0.25400
vt 0.79364 0.23247
vt 0.81714 0.28110
vt 0.81009 0.25971
vt 0.81036 0.24131
vt 0.79838 0.30753
vt 0.80527 0.23751
vt 0.80795 0.22771
vt 0.80062 0.22769
vt 0.78764 0.24846
vt 0.78180 0.26062
vt 0.79538 0.22019
vt 0.82064 0.27301
vt 0.81682 0.25467
vt 0.81773 0.34199
vt 0.92114 0.33833
vt 0.91174 0.34529
vt 0.91480 0.34213
vt 0.92667 0.33966
vt 0.89909 0.32575
vt 0.88852 0.32476
vt 0.82764 0.34536
vt 0.82810 0.35599
vt 0.82399 0.35234
vt 0.83229 0.30666
vt 0.89133 0.31858
vt 0.87267 0.31849
vt 0.85583 0.31948
vt 0.77281 0.96559
vt 0.78493 0.96660
vt 0.77477 0.97466
vt 0.78212 0.97552
vt 0.76373 0.97371
vt 0.79527 0.96669
vt 0.75618 0.96496
vt 0.75230 0.97391
vt 0.74601 0.96617
vt 0.73658 0.97204
vt 0.73689 0.96391
vt 0.72115 0.96696
vt 0.71963 0.97485
vt 0.70331 0.96851
vt 0.70865 0.97563
vt 0.69388 0.97770
vt 0.69193 0.96853
vt 0.79422 0.97440
vt 0.79916 0.96678
vt 0.80363 0.97770
vt 0.81302 0.96863
vt 0.94253 0.81550
vt 0.94426 0.80968
vt 0.93672 0.81467
vt 0.94125 0.80644
vt 0.93184 0.81825
vt 0.94967 0.81297
vt 0.93806 0.81888
vt 0.95075 0.80611
vt 0.95049 0.79971
vt 0.95574 0.79584
vt 0.94237 0.79843
vt 0.95138 0.78929
vt 0.94033 0.78627
vt 0.95154 0.78024
vt 0.94413 0.76926
vt 0.94003 0.78039
vt 0.95716 0.78268
vt 0.95695 0.80957
vt 0.95613 0.81367
vt 0.95398 0.81748
vt 0.96453 0.82199
vt 0.95465 0.82673
vt 0.96492 0.83479
vt 0.97777 0.83649
vt 0.97974 0.82914
vt 0.98711 0.83373
vt 0.97117 0.81978
vt 0.98569 0.84474
vt 0.97557 0.84216
vt 0.95563 0.83887
vt 0.96870 0.84724
vt 0.94793 0.83487
vt 0.94688 0.82183
vt 0.93729 0.82969
vt 0.93434 0.83689
vt 0.94186 0.84548
vt 0.98134 0.85271
vt 0.94995 0.84749
vt 0.98837 0.82878
vt 0.97759 0.82273
vt 0.97240 0.85711
vt 0.95982 0.85640
vt 0.98964 0.85681
vt 0.98269 0.86456
vt 0.96403 0.86321
vt 0.97635 0.86867
vt 0.94484 0.85901
vt 0.94925 0.86062
vt 0.92968 0.83977
vt 0.95028 0.86977
vt 0.96729 0.87261
vt 0.94055 0.86218
vt 0.93363 0.84969
vt 0.92689 0.84414
vt 0.95312 0.87657
vt 0.98274 0.87966
vt 0.97752 0.87874
vt 0.98906 0.87286
vt 0.99442 0.86809
vt 0.99426 0.87491
vt 0.96755 0.88254
vt 0.94219 0.87925
vt 0.92798 0.85785
vt 0.99733 0.82993
vt 0.99132 0.83994
vt 0.98917 0.88681
vt 0.92574 0.82713
vt 0.99733 0.88767
vt 0.96285 0.81422
vt 0.96668 0.81579
vt 0.97001 0.81873
vt 0.92876 0.82022
vt 0.93425 0.82244
vt 0.97303 0.81039
vt 0.98059 0.81785
vt 0.98629 0.82231
vt 0.96468 0.80281
vt 0.96378 0.79261
vt 0.03925 0.43586
vt 0.03574 0.44061
vt 0.04735 0.44194
vt 0.03824 0.44671
vt 0.04722 0.44955
vt 0.05018 0.44925
vt 0.05293 0.44130
vt 0.05239 0.45891
vt 0.03941 0.45375
vt 0.04821 0.46435
vt 0.03849 0.46005
vt 0.03285 0.45303
vt 0.02941 0.46330
vt 0.03374 0.46943
vt 0.04367 0.47060
vt 0.04736 0.47508
vt 0.05293 0.47516
vt 0.02740 0.45767
vt 0.03938 0.47935
vt 0.03144 0.44252
vt 0.02727 0.47604
vt 0.03082 0.48216
vt 0.02348 0.47127
vt 0.02624 0.44699
vt 0.01790 0.46378
vt 0.01946 0.45758
vt 0.02079 0.44865
vt 0.03001 0.43711
vt 0.04932 0.43504
vt 0.03672 0.43025
vt 0.41656 0.88344
vt 0.40996 0.88002
vt 0.40922 0.89301
vt 0.41512 0.89963
vt 0.40491 0.89620
vt 0.40816 0.90932
vt 0.40293 0.90918
vt 0.41795 0.87103
vt 0.41050 0.86901
vt 0.40699 0.87519
vt 0.41738 0.90587
vt 0.41851 0.86430
vt 0.40921 0.91645
vt 0.40403 0.89084
vt 0.40341 0.87996
vt 0.41100 0.91364
vt 0.41376 0.91998
vt 0.41851 0.92174
vt 0.40251 0.87090
vt 0.40788 0.85766
vt 0.59121 0.01561
vt 0.58726 0.00698
vt 0.59548 0.00689
vt 0.60629 0.02060
vt 0.57231 0.01478
vt 0.57153 0.00493
vt 0.56032 0.00494
vt 0.55695 0.01563
vt 0.55022 0.00513
vt 0.54261 0.00762
vt 0.54381 0.01744
vt 0.57927 0.00379
vt 0.53202 0.00884
vt 0.51774 0.02311
vt 0.51523 0.01282
vt 0.61275 0.00937
vt 0.61480 0.01618
vt 0.62767 0.01331
vt 0.62269 0.02311
vt 0.62187 0.00555
vt 0.61316 0.00486
vt 0.60402 0.00444
vt 0.62638 0.00839
vt 0.64318 0.01542
vt 0.59586 0.00226
vt 0.58709 0.00122
vt 0.05027 0.03737
vt 0.04461 0.03822
vt 0.05329 0.04332
vt 0.04776 0.04699
vt 0.03790 0.04563
vt 0.03369 0.04128
vt 0.03153 0.03135
vt 0.05208 0.05311
vt 0.02946 0.04808
vt 0.02829 0.03709
vt 0.01972 0.04533
vt 0.02568 0.03595
vt 0.01865 0.05366
vt 0.02920 0.05358
vt 0.03875 0.05777
vt 0.02082 0.05958
vt 0.01645 0.04950
vt 0.02889 0.06417
vt 0.02309 0.07073
vt 0.01584 0.06435
vt 0.04815 0.06229
vt 0.03660 0.07314
vt 0.03268 0.08412
vt 0.05429 0.06619
vt 0.04669 0.08426
vt 0.02165 0.08689
vt 0.01494 0.07292
vt 0.05816 0.08287
vt 0.03055 0.09785
vt 0.04822 0.10296
vt 0.03871 0.10965
vt 0.04972 0.09466
vt 0.05510 0.08502
vt 0.06079 0.10413
vt 0.05395 0.11544
vt 0.02777 0.11769
vt 0.03410 0.11935
vt 0.04595 0.12356
vt 0.02098 0.10443
vt 0.06677 0.12579
vt 0.03932 0.13252
vt 0.06383 0.13071
vt 0.04837 0.13529
vt 0.06968 0.11295
vt 0.05868 0.05736
vt 0.06676 0.09385
vt 0.02835 0.13245
vt 0.05036 0.14149
vt 0.06338 0.07737
vt 0.04588 0.03398
vt 0.06163 0.06803
vt 0.06342 0.05507
vt 0.06742 0.07090
vt 0.06553 0.08317
vt 0.07297 0.09650
vt 0.06946 0.10748
vt 0.07569 0.11286
vt 0.05995 0.04669
vt 0.05634 0.03881
vt 0.03705 0.14097
vt 0.02391 0.12735
vt 0.06631 0.06010
vt 0.01411 0.08849
vt 0.07584 0.11797
vt 0.07141 0.11966
vt 0.06304 0.03603
vt 0.01836 0.11029
vt 0.07966 0.12763
vt 0.07696 0.13283
vt 0.07242 0.13167
vt 0.09101 0.12851
vt 0.09618 0.12506
vt 0.07469 0.14116
vt 0.06860 0.03911
vt 0.07535 0.03395
vt 0.07275 0.02759
vt 0.08119 0.02992
vt 0.08257 0.02164
vt 0.09069 0.02418
vt 0.09138 0.01747
vt 0.05328 0.02522
vt 0.01120 0.06513
vt 0.08001 0.01147
vt 0.07256 0.01215
vt 0.06363 0.02386
vt 0.09320 0.00284
vt 0.09868 0.00822
vt 0.10396 0.01276
vt 0.06851 0.14320
vt 0.02406 0.14316
vt 0.04719 0.15145
vt 0.05873 0.02565
vt 0.05965 0.14140
vt 0.05542 0.15068
vt 0.03420 0.15167
vt 0.01971 0.13735
vt 0.05343 0.15833
vt 0.10396 0.12992
vt 0.09139 0.13548
vt 0.00740 0.07507
vt 0.02190 0.15303
vt 0.03285 0.15717
vt 0.04892 0.15758
vt 0.04752 0.16067
vt 0.01613 0.15034
vt 0.00759 0.05500
vt 0.00343 0.06564
vt 0.00891 0.10331
vt 0.08339 0.13543
vt 0.08654 0.13839
vt 0.07177 0.08209
vt 0.08396 0.14756
vt 0.07867 0.07642
vt 0.07130 0.15550
vt 0.06776 0.15136
vt 0.07993 0.15911
vt 0.06542 0.15367
vt 0.06803 0.15514
vt 0.08229 0.11422
vt 0.06828 0.16066
vt 0.07461 0.16969
vt 0.06663 0.17478
vt 0.06528 0.16618
vt 0.95061 0.53597
vt 0.95010 0.55012
vt 0.96003 0.54324
vt 0.95479 0.56065
vt 0.96206 0.55907
vt 0.95093 0.56097
vt 0.96062 0.52269
vt 0.95251 0.51257
vt 0.96221 0.50047
vt 0.95562 0.49451
vt 0.95720 0.48548
vt 0.96876 0.48480
vt 0.95363 0.57758
vt 0.96363 0.57846
vt 0.95757 0.58731
vt 0.96775 0.59291
vt 0.97220 0.46837
vt 0.96482 0.50235
vt 0.95463 0.59188
vt 0.96371 0.60879
vt 0.97095 0.60173
vt 0.96611 0.61679
vt 0.95253 0.49552
vt 0.94869 0.52014
vt 0.95086 0.58090
vt 0.95337 0.48293
vt 0.96239 0.53484
vt 0.96351 0.54635
vt 0.96792 0.58523
vt 0.94968 0.57187
vt 0.94867 0.56419
vt 0.94707 0.53634
vt 0.94749 0.55658
vt 0.96577 0.56758
vt 0.96585 0.52485
vt 0.96731 0.51783
vt 0.97174 0.61017
vt 0.96890 0.57578
vt 0.96992 0.58217
vt 0.97220 0.59271
vt 0.96828 0.50200
vt 0.94746 0.50912
vt 0.94478 0.54996
vt 0.80715 0.73056
vt 0.79862 0.73421
vt 0.80639 0.73755
vt 0.79433 0.74554
vt 0.80442 0.75293
vt 0.79038 0.76043
vt 0.80118 0.72422
vt 0.80306 0.71151
vt 0.80948 0.71762
vt 0.80709 0.70468
vt 0.80081 0.75703
vt 0.80318 0.76476
vt 0.80154 0.69831
vt 0.81278 0.76598
vt 0.81589 0.74849
vt 0.81581 0.73470
vt 0.79574 0.72150
vt 0.79139 0.73430
vt 0.81688 0.72479
vt 0.81948 0.76589
vt 0.78785 0.74704
vt 0.78480 0.75783
vt 0.78774 0.76517
vt 0.77605 0.75965
vt 0.81649 0.78076
vt 0.80522 0.77523
vt 0.82864 0.78878
vt 0.81965 0.79765
vt 0.81376 0.79304
vt 0.77935 0.75304
vt 0.76020 0.75196
vt 0.79592 0.70830
vt 0.81673 0.71393
vt 0.83663 0.80707
vt 0.77519 0.74303
vt 0.77994 0.73353
vt 0.77123 0.72510
vt 0.76700 0.73399
vt 0.76553 0.72365
vt 0.77040 0.71330
vt 0.75837 0.71578
vt 0.78259 0.71511
vt 0.78562 0.72171
vt 0.77234 0.70800
vt 0.78876 0.70596
vt 0.78234 0.69992
vt 0.75547 0.70934
vt 0.75671 0.70335
vt 0.75293 0.72060
vt 0.74629 0.71385
vt 0.76454 0.69975
vt 0.75622 0.72775
vt 0.74369 0.70230
vt 0.74259 0.70723
vt 0.74113 0.71929
vt 0.74598 0.72588
vt 0.75387 0.69801
vt 0.77566 0.69657
vt 0.73683 0.71268
vt 0.74108 0.69477
vt 0.81469 0.69716
vt 0.73529 0.70436
vt 0.75528 0.73644
vt 0.75179 0.69301
vt 0.73197 0.70007
vt 0.73514 0.72467
vt 0.73403 0.69242
vt 0.80175 0.68492
vt 0.81627 0.68872
vt 0.76973 0.69102
vt 0.75806 0.68722
vt 0.83037 0.71915
vt 0.73886 0.68814
vt 0.82959 0.69733
vt 0.75818 0.75508
vt 0.79400 0.68196
vt 0.80076 0.67574
vt 0.78325 0.66947
vt 0.77856 0.67680
vt 0.79992 0.66741
vt 0.78202 0.66158
vt 0.76869 0.66408
vt 0.76706 0.65636
vt 0.77560 0.66992
vt 0.76207 0.67142
vt 0.75893 0.65791
vt 0.75471 0.66102
vt 0.75118 0.65205
vt 0.80455 0.65332
vt 0.79026 0.64730
vt 0.80103 0.63897
vt 0.81636 0.64546
vt 0.81042 0.62788
vt 0.79494 0.62919
vt 0.82747 0.64317
vt 0.82171 0.63037
vt 0.78548 0.63449
vt 0.79344 0.62043
vt 0.77684 0.62308
vt 0.78064 0.61472
vt 0.76773 0.63232
vt 0.77628 0.64270
vt 0.75855 0.62654
vt 0.76482 0.61294
vt 0.75021 0.61575
vt 0.80035 0.60633
vt 0.78431 0.60311
vt 0.78520 0.59824
vt 0.80153 0.60035
vt 0.80931 0.61026
vt 0.82017 0.60704
vt 0.82511 0.61617
vt 0.83663 0.61485
vt 0.77517 0.59218
vt 0.76470 0.59519
vt 0.76187 0.58850
vt 0.75318 0.59306
vt 0.74335 0.62095
vt 0.76101 0.64215
vt 0.74604 0.58475
vt 0.75029 0.60625
vt 0.74835 0.66330
vt 0.74145 0.65458
vt 0.73830 0.66283
vt 0.74541 0.63576
vt 0.73617 0.61118
vt 0.73601 0.60589
vt 0.73108 0.61706
vt 0.73138 0.65520
vt 0.73264 0.64910
vt 0.73332 0.62733
vt 0.74420 0.68479
vt 0.74878 0.67130
vt 0.72844 0.66217
vt 0.73968 0.58720
vt 0.72597 0.58132
vt 0.73901 0.59313
vt 0.76414 0.76285
vt 0.75863 0.76232
vt 0.74663 0.75708
vt 0.74478 0.74981
vt 0.72933 0.75040
vt 0.72186 0.58663
vt 0.74503 0.74359
vt 0.71413 0.65727
vt 0.71830 0.61291
vt 0.72112 0.64852
vt 0.71783 0.62036
vt 0.73756 0.74736
vt 0.72517 0.74375
vt 0.72968 0.74000
vt 0.72281 0.73748
vt 0.72762 0.63156
vt 0.72605 0.60248
vt 0.71359 0.60384
vt 0.72710 0.59124
vt 0.72225 0.66024
vt 0.71504 0.63047
vt 0.70317 0.61792
vt 0.70906 0.58268
vt 0.69814 0.58962
vt 0.70052 0.60339
vt 0.77998 0.76713
vt 0.70318 0.65683
vt 0.71005 0.64716
vt 0.73625 0.67197
vt 0.73074 0.68049
vt 0.72655 0.68231
vt 0.69851 0.61181
vt 0.69786 0.62834
vt 0.72776 0.69063
vt 0.72508 0.69589
vt 0.71187 0.67295
vt 0.69816 0.64864
vt 0.68683 0.62100
vt 0.71276 0.68112
vt 0.70020 0.68574
vt 0.70229 0.69421
vt 0.71372 0.69171
vt 0.71248 0.69815
vt 0.71751 0.70490
vt 0.70437 0.70083
vt 0.70741 0.70754
vt 0.71418 0.71563
vt 0.69588 0.70057
vt 0.69465 0.70756
vt 0.70309 0.70978
vt 0.69260 0.69264
vt 0.70790 0.71845
vt 0.70141 0.71934
vt 0.69335 0.71456
vt 0.71913 0.71373
vt 0.70813 0.72677
vt 0.70117 0.72906
vt 0.71782 0.68530
vt 0.68448 0.69902
vt 0.69194 0.72466
vt 0.70785 0.73453
vt 0.72664 0.70922
vt 0.68716 0.69321
vt 0.71912 0.69554
vt 0.68307 0.60936
vt 0.69633 0.68052
vt 0.71488 0.73465
vt 0.71731 0.72748
vt 0.71858 0.71785
vt 0.72943 0.71890
vt 0.72511 0.71110
vt 0.68488 0.65235
vt 0.68296 0.64479
vt 0.68493 0.71165
vt 0.68470 0.66146
vt 0.68769 0.60008
vt 0.67669 0.63106
vt 0.67101 0.61122
vt 0.67427 0.62281
vt 0.72649 0.72128
vt 0.69811 0.66616
vt 0.69323 0.73567
vt 0.72984 0.72940
vt 0.68883 0.68115
vt 0.68218 0.68785
vt 0.67413 0.70926
vt 0.69348 0.58510
vt 0.69122 0.58029
vt 0.67259 0.58175
vt 0.67037 0.58843
vt 0.66942 0.60483
vt 0.66038 0.62271
vt 0.67976 0.71746
vt 0.66821 0.65114
vt 0.66294 0.64444
vt 0.70456 0.73562
vt 0.65337 0.63168
vt 0.65247 0.61471
vt 0.68427 0.73110
vt 0.73842 0.73201
vt 0.67066 0.72187
vt 0.67723 0.73173
vt 0.65874 0.65415
vt 0.64762 0.63715
vt 0.63861 0.62546
vt 0.65334 0.60150
vt 0.72192 0.72917
vt 0.69830 0.74273
vt 0.71862 0.73978
vt 0.69507 0.75134
vt 0.68749 0.74614
vt 0.68233 0.74280
vt 0.72079 0.74607
vt 0.71499 0.74321
vt 0.70971 0.74484
vt 0.71482 0.74685
vt 0.69090 0.75335
vt 0.71085 0.75088
vt 0.70313 0.75498
vt 0.70742 0.75253
vt 0.70544 0.75805
vt 0.70137 0.76321
vt 0.69618 0.76076
vt 0.69462 0.76472
vt 0.69814 0.76837
vt 0.70294 0.77087
vt 0.69251 0.77026
vt 0.69518 0.77730
vt 0.70204 0.77777
vt 0.70399 0.78309
vt 0.69787 0.78515
vt 0.69050 0.76381
vt 0.68202 0.76491
vt 0.68384 0.76011
vt 0.67679 0.75815
vt 0.67417 0.76106
vt 0.70557 0.78071
vt 0.77251 0.74981
vt 0.79814 0.77977
vt 0.80485 0.79454
vt 0.79929 0.79333
vt 0.79362 0.77485
vt 0.80401 0.80301
vt 0.81324 0.80703
vt 0.80711 0.81200
vt 0.82202 0.81950
vt 0.82540 0.81887
vt 0.82024 0.83414
vt 0.80742 0.82255
vt 0.80380 0.81964
vt 0.79702 0.83378
vt 0.67753 0.75799
vt 0.67848 0.75510
vt 0.71167 0.75503
vt 0.15473 0.64520
vt 0.14963 0.64500
vt 0.15919 0.63950
vt 0.15214 0.65527
vt 0.14325 0.66010
vt 0.14268 0.64859
vt 0.13426 0.66219
vt 0.13673 0.65127
vt 0.12728 0.65477
vt 0.11812 0.65851
vt 0.15840 0.65402
vt 0.12710 0.66788
vt 0.11826 0.66622
vt 0.11195 0.65676
vt 0.10396 0.65969
vt 0.12273 0.65096
vt 0.16410 0.64672
vt 0.16741 0.65126
vt 0.17936 0.66788
vt 0.17674 0.65495
vt 0.85092 0.72520
vt 0.84978 0.71915
vt 0.84546 0.71463
vt 0.85608 0.71314
vt 0.85050 0.70296
vt 0.84482 0.70422
vt 0.84484 0.67883
vt 0.85025 0.67657
vt 0.84196 0.66396
vt 0.84723 0.66536
vt 0.85579 0.66706
vt 0.85275 0.66112
vt 0.84847 0.65610
vt 0.86164 0.66518
vt 0.86281 0.65692
vt 0.87010 0.66126
vt 0.85388 0.65407
vt 0.87776 0.65340
vt 0.88227 0.71942
vt 0.87454 0.72814
vt 0.88495 0.73050
vt 0.89262 0.73021
vt 0.86473 0.72428
vt 0.87093 0.71704
vt 0.86070 0.71599
vt 0.85627 0.72360
vt 0.88831 0.71839
vt 0.89714 0.71971
vt 0.90273 0.73282
vt 0.91123 0.73931
vt 0.87423 0.70949
vt 0.88238 0.71205
vt 0.86269 0.72968
vt 0.86739 0.71182
vt 0.89081 0.71152
vt 0.88826 0.70646
vt 0.86234 0.71042
vt 0.90020 0.73529
vt 0.89732 0.71054
vt 0.87734 0.70138
vt 0.87029 0.69996
vt 0.87448 0.73214
vt 0.90938 0.72100
vt 0.89030 0.69839
vt 0.88277 0.69117
vt 0.88808 0.73555
vt 0.87595 0.68232
vt 0.89180 0.73800
vt 0.89684 0.74655
vt 0.88530 0.68230
vt 0.86882 0.67840
vt 0.88886 0.74398
vt 0.87751 0.74262
vt 0.88495 0.67261
vt 0.86467 0.69225
vt 0.85834 0.69914
vt 0.87607 0.67214
vt 0.87212 0.73990
vt 0.85874 0.67851
vt 0.86802 0.66883
vt 0.86195 0.67102
vt 0.87742 0.66209
vt 0.86123 0.73832
vt 0.85003 0.73520
vt 0.84361 0.72633
vt 0.89321 0.68516
vt 0.89581 0.70196
vt 0.90300 0.69113
vt 0.90185 0.67534
vt 0.89488 0.67291
vt 0.90557 0.68249
vt 0.90451 0.70765
vt 0.90800 0.69797
vt 0.91286 0.68954
vt 0.92005 0.67700
vt 0.92253 0.69126
vt 0.92581 0.67104
vt 0.91908 0.70799
vt 0.92764 0.69381
vt 0.93157 0.67641
vt 0.92480 0.71158
vt 0.91833 0.66194
vt 0.90383 0.66579
vt 0.92363 0.65162
vt 0.92935 0.66340
vt 0.91373 0.64567
vt 0.92097 0.72271
vt 0.92812 0.71653
vt 0.92110 0.73580
vt 0.92512 0.72796
vt 0.93065 0.70477
vt 0.92911 0.64928
vt 0.92007 0.62773
vt 0.90220 0.62498
vt 0.89705 0.63135
vt 0.90436 0.64680
vt 0.89820 0.65827
vt 0.89196 0.66652
vt 0.89577 0.61534
vt 0.88710 0.61859
vt 0.88273 0.62460
vt 0.88741 0.63498
vt 0.89787 0.64448
vt 0.92490 0.63291
vt 0.92511 0.62014
vt 0.91344 0.61380
vt 0.92215 0.61015
vt 0.93078 0.62934
vt 0.91293 0.59716
vt 0.89581 0.60080
vt 0.91778 0.59889
vt 0.88677 0.59424
vt 0.92426 0.59793
vt 0.88722 0.65932
vt 0.91518 0.58620
vt 0.90615 0.57972
vt 0.89419 0.58464
vt 0.92277 0.58400
vt 0.91573 0.57211
vt 0.89200 0.56813
vt 0.93412 0.65685
vt 0.93008 0.60888
vt 0.89488 0.65121
vt 0.88164 0.57367
vt 0.88807 0.64836
vt 0.92823 0.57713
vt 0.93412 0.68825
vt 0.92778 0.74254
vt 0.93156 0.59555
vt 0.93312 0.72629
vt 0.56787 0.96997
vt 0.55754 0.97429
vt 0.56295 0.97051
vt 0.57384 0.97728
vt 0.57964 0.97397
vt 0.59028 0.98041
vt 0.58392 0.97461
vt 0.59513 0.97673
vt 0.60333 0.98364
vt 0.60531 0.97849
vt 0.60960 0.97890
vt 0.61465 0.98578
vt 0.61641 0.98292
vt 0.62451 0.98779
vt 0.56804 0.98694
vt 0.58287 0.98911
vt 0.57387 0.99004
vt 0.62871 0.99157
vt 0.60091 0.98900
vt 0.60527 0.99473
vt 0.55621 0.98430
vt 0.54825 0.98138
vt 0.52998 0.98347
vt 0.54649 0.97329
vt 0.51922 0.97477
vt 0.52323 0.96955
vt 0.51179 0.98272
vt 0.50115 0.97522
vt 0.49224 0.98450
vt 0.48831 0.97703
vt 0.47723 0.97870
vt 0.46723 0.98817
vt 0.46520 0.98067
vt 0.45426 0.98145
vt 0.44165 0.99473
vt 0.44772 0.98413
vt 0.43781 0.98684
vt 0.42689 0.98818
vt 0.46998 0.97624
vt 0.48878 0.97251
vt 0.48367 0.97277
vt 0.43491 0.98462
vt 0.50285 0.96878
vt 0.44623 0.98026
vt 0.43924 0.98073
vt 0.45649 0.97714
vt 0.46692 0.97426
vt 0.01485 0.61922
vt 0.01485 0.62490
vt 0.01257 0.62221
vt 0.22658 0.92148
vt 0.22734 0.91849
vt 0.22734 0.92417
vt 0.72426 0.54580
vt 0.72445 0.55886
vt 0.70967 0.55686
vt 0.70598 0.54349
vt 0.69841 0.54419
vt 0.69681 0.55758
vt 0.68938 0.54361
vt 0.67749 0.55249
vt 0.67398 0.54023
vt 0.66879 0.53994
vt 0.66577 0.53350
vt 0.65991 0.53363
vt 0.72201 0.54140
vt 0.73254 0.53905
vt 0.66938 0.55023
vt 0.67086 0.55829
vt 0.67339 0.53513
vt 0.68176 0.53667
vt 0.74587 0.54650
vt 0.74730 0.55832
vt 0.69534 0.53726
vt 0.74303 0.54223
vt 0.65913 0.53889
vt 0.65209 0.53334
vt 0.76182 0.54053
vt 0.76297 0.54705
vt 0.76522 0.55804
vt 0.66625 0.55364
vt 0.65934 0.54919
vt 0.66379 0.55795
vt 0.78080 0.54557
vt 0.70837 0.53837
vt 0.65348 0.52955
vt 0.64703 0.52616
vt 0.78352 0.56092
vt 0.78209 0.54104
vt 0.80282 0.55553
vt 0.79599 0.54197
vt 0.79777 0.56271
vt 0.64286 0.53066
vt 0.80726 0.54277
vt 0.65180 0.53915
vt 0.64480 0.53476
vt 0.65062 0.55917
vt 0.64715 0.55288
vt 0.63923 0.55669
vt 0.64646 0.56596
vt 0.63813 0.56592
vt 0.63244 0.56061
vt 0.64124 0.54743
vt 0.63476 0.54868
vt 0.62779 0.55560
vt 0.64159 0.56939
vt 0.65578 0.56381
vt 0.64057 0.53521
vt 0.82207 0.54429
vt 0.63043 0.54416
vt 0.62358 0.55156
vt 0.62423 0.56570
vt 0.81791 0.53781
vt 0.62034 0.56003
vt 0.80613 0.56874
vt 0.82410 0.56033
vt 0.63129 0.57543
vt 0.82478 0.57041
vt 0.84676 0.56551
vt 0.79845 0.53535
vt 0.63860 0.52514
vt 0.63409 0.52980
vt 0.84575 0.57372
vt 0.72109 0.53593
vt 0.74480 0.53579
vt 0.78240 0.53572
vt 0.62084 0.57166
vt 0.86176 0.57543
vt 0.86095 0.56370
vt 0.87091 0.56821
vt 0.56717 0.92783
vt 0.57591 0.94213
vt 0.56047 0.93276
vt 0.54844 0.92267
vt 0.58296 0.93633
vt 0.58272 0.94840
vt 0.59008 0.94291
vt 0.59308 0.95201
vt 0.59515 0.95742
vt 0.55394 0.91472
vt 0.54316 0.91087
vt 0.53646 0.91626
vt 0.53729 0.90559
vt 0.52583 0.90893
vt 0.53485 0.92173
vt 0.59547 0.94282
vt 0.56919 0.94559
vt 0.55672 0.93738
vt 0.54325 0.92813
vt 0.59917 0.95053
vt 0.60203 0.94257
vt 0.60223 0.93471
vt 0.59279 0.93311
vt 0.60382 0.92862
vt 0.58948 0.92650
vt 0.59702 0.92003
vt 0.58712 0.91735
vt 0.57734 0.92680
vt 0.57972 0.91767
vt 0.56627 0.92053
vt 0.56821 0.91020
vt 0.55697 0.90310
vt 0.58086 0.91098
vt 0.54402 0.90133
vt 0.57122 0.90494
vt 0.55081 0.89539
vt 0.56053 0.89435
vt 0.58901 0.90848
vt 0.53435 0.89765
vt 0.60731 0.92098
vt 0.58298 0.89985
vt 0.59913 0.90865
vt 0.60182 0.91440
vt 0.57329 0.89410
vt 0.54144 0.89144
vt 0.59398 0.90051
vt 0.55098 0.88637
vt 0.56059 0.88368
vt 0.58196 0.88983
vt 0.60860 0.90849
vt 0.59744 0.88592
vt 0.61207 0.88823
vt 0.61915 0.89688
vt 0.62451 0.88954
vt 0.63039 0.89659
vt 0.62187 0.90445
vt 0.60824 0.87860
vt 0.59674 0.87197
vt 0.61524 0.92029
vt 0.58020 0.86791
vt 0.59284 0.86812
vt 0.57955 0.85862
vt 0.57329 0.85848
vt 0.56151 0.87689
vt 0.55292 0.87144
vt 0.62845 0.91099
vt 0.63244 0.88944
vt 0.63609 0.89413
vt 0.62782 0.92030
vt 0.61687 0.92899
vt 0.61162 0.93685
vt 0.63722 0.91228
vt 0.63785 0.90186
vt 0.61981 0.93538
vt 0.63201 0.92606
vt 0.52764 0.91738
vt 0.51991 0.91374
vt 0.51648 0.90839
vt 0.50632 0.91308
vt 0.50287 0.92067
vt 0.52069 0.89961
vt 0.52643 0.90101
vt 0.49178 0.91682
vt 0.48390 0.92474
vt 0.47710 0.91972
vt 0.46729 0.92568
vt 0.52578 0.89502
vt 0.52091 0.89401
vt 0.52627 0.88697
vt 0.52176 0.88658
vt 0.52206 0.87811
vt 0.51796 0.92495
vt 0.52503 0.92506
vt 0.53257 0.93663
vt 0.51801 0.93488
vt 0.51567 0.92751
vt 0.50253 0.92845
vt 0.50362 0.93573
vt 0.49028 0.93690
vt 0.48657 0.93219
vt 0.47019 0.92977
vt 0.50486 0.94573
vt 0.48619 0.94624
vt 0.47617 0.93910
vt 0.47260 0.95090
vt 0.45763 0.94557
vt 0.45622 0.94031
vt 0.45761 0.93158
vt 0.45864 0.95742
vt 0.44661 0.94505
vt 0.44280 0.95371
vt 0.52767 0.94407
vt 0.54166 0.93683
vt 0.43914 0.94531
vt 0.44860 0.93500
vt 0.44525 0.93061
vt 0.43780 0.93635
vt 0.53946 0.95008
vt 0.55037 0.94829
vt 0.55346 0.94324
vt 0.43374 0.95619
vt 0.56499 0.95063
vt 0.53553 0.92965
vt 0.43138 0.93959
vt 0.50927 0.90277
vt 0.51146 0.89146
vt 0.42993 0.94430
vt 0.51463 0.88534
vt 0.53559 0.16444
vt 0.53930 0.18155
vt 0.53325 0.17531
vt 0.54228 0.16752
vt 0.53129 0.18491
vt 0.54239 0.14997
vt 0.55002 0.15170
vt 0.53190 0.19754
vt 0.54887 0.17302
vt 0.54516 0.14198
vt 0.55374 0.14416
vt 0.54056 0.20225
vt 0.54665 0.18716
vt 0.52979 0.21616
vt 0.55720 0.15274
vt 0.53250 0.22559
vt 0.52231 0.23048
vt 0.52468 0.19780
vt 0.51491 0.22243
vt 0.51339 0.23319
vt 0.51174 0.24787
vt 0.52440 0.24312
vt 0.51228 0.25835
vt 0.55015 0.13490
vt 0.55765 0.13762
vt 0.49946 0.24757
vt 0.53407 0.14392
vt 0.54209 0.13537
vt 0.50859 0.21603
vt 0.51429 0.20015
vt 0.51859 0.18674
vt 0.52650 0.17048
vt 0.53108 0.15798
vt 0.49883 0.23698
vt 0.49468 0.26234
vt 0.50246 0.26967
vt 0.49286 0.27287
vt 0.49688 0.22821
vt 0.48977 0.25022
vt 0.48047 0.26621
vt 0.50252 0.21326
vt 0.47920 0.28602
vt 0.47084 0.28226
vt 0.48816 0.24216
vt 0.51445 0.17564
vt 0.52864 0.13714
vt 0.52619 0.14552
vt 0.53629 0.13158
vt 0.50367 0.19855
vt 0.50518 0.18176
vt 0.53410 0.12715
vt 0.51807 0.16133
vt 0.47153 0.26213
vt 0.51900 0.14368
vt 0.48732 0.22779
vt 0.48941 0.21329
vt 0.49575 0.19963
vt 0.54712 0.12260
vt 0.55828 0.12701
vt 0.46767 0.25585
vt 0.47563 0.23830
vt 0.45909 0.27446
vt 0.48202 0.22337
vt 0.49426 0.19301
vt 0.50807 0.16079
vt 0.49788 0.17988
vt 0.45115 0.29371
vt 0.54339 0.11638
vt 0.54982 0.11429
vt 0.54696 0.10999
vt 0.55371 0.10732
vt 0.55491 0.11536
vt 0.54809 0.10370
vt 0.56056 0.11035
vt 0.55548 0.09899
vt 0.54140 0.10668
vt 0.56181 0.11695
vt 0.56474 0.10724
vt 0.46200 0.29847
vt 0.44886 0.30761
vt 0.44198 0.28984
vt 0.45167 0.27149
vt 0.52435 0.13230
vt 0.52792 0.12299
vt 0.51760 0.13283
vt 0.53555 0.11059
vt 0.46238 0.24519
vt 0.50269 0.16488
vt 0.51806 0.11827
vt 0.54244 0.09516
vt 0.53831 0.10004
vt 0.55153 0.09172
vt 0.47975 0.20921
vt 0.48401 0.19140
vt 0.45053 0.25981
vt 0.46772 0.22540
vt 0.42941 0.30708
vt 0.50393 0.15076
vt 0.43287 0.29127
vt 0.48551 0.16968
vt 0.49394 0.15935
vt 0.51172 0.12689
vt 0.45025 0.23977
vt 0.50575 0.13353
vt 0.43311 0.26017
vt 0.49468 0.14714
vt 0.52884 0.10500
vt 0.43201 0.27798
vt 0.50087 0.11573
vt 0.48685 0.13518
vt 0.41397 0.28486
vt 0.52991 0.09709
vt 0.50865 0.10844
vt 0.41596 0.28415
vt 0.41123 0.30337
vt 0.51695 0.10301
vt 0.48428 0.11770
vt 0.53006 0.09150
vt 0.38656 0.29744
vt 0.38914 0.30608
vt 0.49799 0.09594
vt 0.50269 0.10666
vt 0.50924 0.08987
vt 0.53726 0.08413
vt 0.54304 0.08792
vt 0.46935 0.11223
vt 0.48100 0.10162
vt 0.37708 0.31565
vt 0.36081 0.31618
vt 0.37135 0.29872
vt 0.39573 0.32074
vt 0.37591 0.32541
vt 0.49923 0.08127
vt 0.49256 0.08000
vt 0.47410 0.08867
vt 0.48088 0.06903
vt 0.47293 0.07319
vt 0.52515 0.08462
vt 0.35446 0.32792
vt 0.33327 0.32178
vt 0.33456 0.33561
vt 0.52897 0.07881
vt 0.31286 0.33463
vt 0.50605 0.08162
vt 0.46826 0.05528
vt 0.49307 0.06988
vt 0.49939 0.06662
vt 0.50826 0.07509
vt 0.34844 0.33989
vt 0.36279 0.34104
vt 0.41168 0.32015
vt 0.30747 0.34313
vt 0.48360 0.04796
vt 0.54200 0.07949
vt 0.46981 0.04324
vt 0.46023 0.04791
vt 0.45248 0.03581
vt 0.53764 0.07482
vt 0.32827 0.34851
vt 0.49946 0.05998
vt 0.53293 0.07244
vt 0.51276 0.06008
vt 0.38004 0.33818
vt 0.54935 0.08176
vt 0.52593 0.06942
vt 0.50745 0.06503
vt 0.51405 0.06649
vt 0.34023 0.35404
vt 0.49882 0.05039
vt 0.48946 0.03938
vt 0.47721 0.02894
vt 0.47220 0.03463
vt 0.40472 0.33472
vt 0.34502 0.35937
vt 0.43163 0.31506
vt 0.42109 0.32511
vt 0.36552 0.35313
vt 0.39095 0.34357
vt 0.44542 0.31878
vt 0.43545 0.32718
vt 0.41916 0.33802
vt 0.33942 0.20180
vt 0.35654 0.17587
vt 0.35382 0.18939
vt 0.33214 0.18596
vt 0.35828 0.18340
vt 0.32404 0.20531
vt 0.31196 0.19545
vt 0.32581 0.17663
vt 0.31798 0.18116
vt 0.33515 0.17047
vt 0.30400 0.18117
vt 0.35915 0.15926
vt 0.33917 0.16189
vt 0.32153 0.15059
vt 0.31952 0.15071
vt 0.30949 0.15010
vt 0.29252 0.16470
vt 0.30096 0.20454
vt 0.36060 0.14128
vt 0.35067 0.13929
vt 0.35796 0.13956
vt 0.36307 0.15489
vt 0.36960 0.16364
vt 0.34381 0.12759
vt 0.33638 0.12743
vt 0.29377 0.18647
vt 0.27889 0.18669
vt 0.28081 0.17227
vt 0.30206 0.14307
vt 0.29100 0.14475
vt 0.28622 0.15838
vt 0.27149 0.16791
vt 0.27283 0.17689
vt 0.32111 0.12689
vt 0.33474 0.11797
vt 0.35961 0.12942
vt 0.30158 0.12909
vt 0.37896 0.14249
vt 0.38314 0.15315
vt 0.37711 0.12737
vt 0.35885 0.11825
vt 0.35115 0.11330
vt 0.27424 0.14318
vt 0.28749 0.13191
vt 0.30909 0.11786
vt 0.38722 0.14405
vt 0.25902 0.16473
vt 0.26193 0.14974
vt 0.37242 0.18171
vt 0.27809 0.21144
vt 0.29286 0.20195
vt 0.38562 0.16895
vt 0.27748 0.19452
vt 0.26439 0.20113
vt 0.26041 0.18829
vt 0.24789 0.18409
vt 0.25250 0.16043
vt 0.29072 0.12097
vt 0.28608 0.12402
vt 0.32812 0.10673
vt 0.29230 0.22126
vt 0.30581 0.21991
vt 0.32384 0.21638
vt 0.25950 0.21533
vt 0.26799 0.22011
vt 0.24739 0.20368
vt 0.25163 0.21844
vt 0.35667 0.20266
vt 0.37726 0.19441
vt 0.34561 0.21277
vt 0.33866 0.22564
vt 0.39103 0.17204
vt 0.38565 0.18803
vt 0.39975 0.14657
vt 0.39783 0.15519
vt 0.38221 0.12117
vt 0.40588 0.13354
vt 0.39673 0.12273
vt 0.36020 0.10906
vt 0.37250 0.10328
vt 0.40948 0.15422
vt 0.40578 0.16955
vt 0.36858 0.21087
vt 0.36094 0.20702
vt 0.35586 0.22268
vt 0.30114 0.23209
vt 0.29310 0.23570
vt 0.30939 0.23562
vt 0.32111 0.23801
vt 0.26545 0.23042
vt 0.27179 0.24210
vt 0.33787 0.23086
vt 0.32486 0.24531
vt 0.27839 0.24413
vt 0.40683 0.18566
vt 0.39586 0.19086
vt 0.38150 0.21957
vt 0.39287 0.20109
vt 0.34195 0.24431
vt 0.23269 0.20478
vt 0.23845 0.18985
vt 0.23449 0.18167
vt 0.28538 0.25537
vt 0.29997 0.24828
vt 0.22702 0.22137
vt 0.24116 0.22595
vt 0.25609 0.14519
vt 0.23564 0.15726
vt 0.23077 0.18037
vt 0.24611 0.14057
vt 0.26127 0.12820
vt 0.31162 0.10360
vt 0.24936 0.24574
vt 0.24255 0.23801
vt 0.21874 0.20901
vt 0.21486 0.18318
vt 0.36004 0.23499
vt 0.39462 0.21292
vt 0.42143 0.16051
vt 0.42030 0.13219
vt 0.42578 0.13936
vt 0.41891 0.17337
vt 0.41149 0.12295
vt 0.40031 0.10912
vt 0.39161 0.09866
vt 0.41376 0.11211
vt 0.41285 0.19258
vt 0.42614 0.15086
vt 0.35623 0.09386
vt 0.32705 0.08868
vt 0.33775 0.08729
vt 0.30093 0.09792
vt 0.22322 0.15648
vt 0.27341 0.10913
vt 0.25848 0.11850
vt 0.29026 0.09396
vt 0.24374 0.12644
vt 0.22956 0.13506
vt 0.22806 0.24248
vt 0.21669 0.23680
vt 0.29949 0.25380
vt 0.25984 0.25553
vt 0.26521 0.25941
vt 0.19972 0.20358
vt 0.20626 0.22139
vt 0.20242 0.16638
vt 0.33167 0.25517
vt 0.20255 0.18387
vt 0.21661 0.15132
vt 0.43007 0.17697
vt 0.41511 0.20476
vt 0.30306 0.26478
vt 0.24690 0.25959
vt 0.22578 0.25623
vt 0.43459 0.16108
vt 0.43485 0.17475
vt 0.38565 0.22976
vt 0.37348 0.24624
vt 0.41173 0.21483
vt 0.40222 0.22848
vt 0.27633 0.27088
vt 0.35832 0.24966
vt 0.27886 0.27532
vt 0.24164 0.26792
vt 0.44115 0.14307
vt 0.43290 0.11282
vt 0.43729 0.12177
vt 0.41969 0.10205
vt 0.41218 0.09187
vt 0.39413 0.09039
vt 0.42402 0.10393
vt 0.38696 0.07983
vt 0.36768 0.08612
vt 0.36017 0.08247
vt 0.44464 0.16422
vt 0.44347 0.17422
vt 0.45041 0.15097
vt 0.34625 0.26774
vt 0.40586 0.07755
vt 0.42564 0.19178
vt 0.43292 0.20344
vt 0.42559 0.21005
vt 0.44093 0.19017
vt 0.33007 0.26958
vt 0.31536 0.27695
vt 0.30190 0.28068
vt 0.45428 0.13474
vt 0.45078 0.12280
vt 0.39960 0.24507
vt 0.26055 0.27768
vt 0.19099 0.19010
vt 0.35745 0.26814
vt 0.42157 0.22866
vt 0.21390 0.25893
vt 0.25206 0.28938
vt 0.19833 0.24489
vt 0.37534 0.25731
vt 0.36417 0.27982
vt 0.44199 0.10664
vt 0.19191 0.22867
vt 0.18735 0.21222
vt 0.18193 0.20366
vt 0.18388 0.24108
vt 0.23523 0.27433
vt 0.43680 0.09592
vt 0.44090 0.20209
vt 0.42900 0.08732
vt 0.46094 0.15828
vt 0.45641 0.17521
vt 0.28811 0.29329
vt 0.27377 0.29905
vt 0.21706 0.27704
vt 0.39293 0.26100
vt 0.38268 0.27089
vt 0.31482 0.28973
vt 0.29327 0.29867
vt 0.33131 0.29069
vt 0.35004 0.28320
vt 0.45966 0.12512
vt 0.42336 0.23824
vt 0.40668 0.24800
vt 0.44331 0.21730
vt 0.46765 0.14423
vt 0.47051 0.13205
vt 0.46237 0.11018
vt 0.45699 0.19445
vt 0.45134 0.21633
vt 0.46228 0.11499
vt 0.46479 0.17146
vt 0.17169 0.22734
vt 0.22522 0.28437
vt 0.20169 0.26920
vt 0.18808 0.25713
vt 0.45061 0.09766
vt 0.16934 0.20974
vt 0.47190 0.14918
vt 0.23251 0.30129
vt 0.47611 0.11892
vt 0.47411 0.16358
vt 0.47355 0.18286
vt 0.47323 0.13932
vt 0.30953 0.30675
vt 0.41212 0.26322
vt 0.40564 0.26549
vt 0.42747 0.24445
vt 0.46350 0.20090
vt 0.25609 0.30854
vt 0.39041 0.27855
vt 0.37421 0.28027
vt 0.20871 0.28949
vt 0.19700 0.28331
vt 0.34183 0.30432
vt 0.33551 0.30238
vt 0.32362 0.31309
vt 0.45093 0.22688
vt 0.43733 0.24648
vt 0.36931 0.29417
vt 0.28764 0.31654
vt 0.18052 0.27221
vt 0.18451 0.28254
vt 0.16487 0.24700
vt 0.17245 0.26335
vt 0.45562 0.09196
vt 0.47054 0.20141
vt 0.48370 0.14530
vt 0.35196 0.30724
vt 0.20716 0.30298
vt 0.39441 0.28461
vt 0.15272 0.23021
vt 0.23698 0.31743
vt 0.25827 0.32098
vt 0.48184 0.18416
vt 0.30123 0.32576
vt 0.17229 0.27526
vt 0.19009 0.30318
vt 0.17921 0.29366
vt 0.21555 0.31605
vt 0.16329 0.27189
vt 0.15557 0.26197
vt 0.14561 0.24813
vt 0.26833 0.33336
vt 0.28842 0.33537
vt 0.20361 0.31466
vt 0.23006 0.32472
vt 0.23885 0.33564
vt 0.16137 0.29374
vt 0.14475 0.26321
vt 0.14585 0.27195
vt 0.15258 0.28762
vt 0.18014 0.31518
vt 0.19795 0.32159
vt 0.16519 0.30746
vt 0.21312 0.33546
vt 0.24943 0.34360
vt 0.27605 0.34671
vt 0.13282 0.27230
vt 0.14611 0.29379
vt 0.18533 0.32875
vt 0.19469 0.33691
vt 0.23030 0.34792
vt 0.16776 0.31847
vt 0.29169 0.35515
vt 0.25223 0.35274
vt 0.27138 0.35336
vt 0.14834 0.31064
vt 0.15561 0.31885
vt 0.30930 0.35242
vt 0.21235 0.34963
vt 0.16936 0.32968
vt 0.19951 0.34649
vt 0.28039 0.36438
vt 0.22790 0.35582
vt 0.24551 0.36126
vt 0.18313 0.34362
vt 0.30621 0.36102
vt 0.29110 0.36861
vt 0.25690 0.36386
vt 0.32382 0.36073
vt 0.26217 0.36836
vt 0.16806 0.33891
vt 0.22257 0.36212
vt 0.20807 0.35981
vt 0.18602 0.35065
vt 0.19915 0.35754
vt 0.20632 0.03575
vt 0.21154 0.04533
vt 0.19822 0.05229
vt 0.18833 0.04380
vt 0.18184 0.05795
vt 0.17443 0.05021
vt 0.18990 0.03562
vt 0.16839 0.06642
vt 0.19607 0.06410
vt 0.18454 0.07151
vt 0.22710 0.03525
vt 0.21028 0.05831
vt 0.21733 0.02163
vt 0.22771 0.02360
vt 0.22363 0.05355
vt 0.24697 0.02958
vt 0.17578 0.08450
vt 0.16072 0.08495
vt 0.23773 0.05225
vt 0.25389 0.04010
vt 0.19153 0.08074
vt 0.21782 0.06621
vt 0.20572 0.08023
vt 0.26845 0.02961
vt 0.26335 0.01696
vt 0.25096 0.01759
vt 0.23383 0.01482
vt 0.28292 0.01253
vt 0.27367 0.04183
vt 0.25860 0.05780
vt 0.23062 0.07556
vt 0.20790 0.08524
vt 0.24533 0.07047
vt 0.29504 0.01991
vt 0.29338 0.03476
vt 0.18602 0.09986
vt 0.16920 0.10605
vt 0.20096 0.10080
vt 0.21864 0.09556
vt 0.24271 0.07939
vt 0.29447 0.04843
vt 0.27354 0.06540
vt 0.28125 0.04674
vt 0.26459 0.07545
vt 0.25564 0.08251
vt 0.15922 0.10260
vt 0.19477 0.11079
vt 0.23696 0.09778
vt 0.25244 0.09738
vt 0.29401 0.06419
vt 0.30627 0.03171
vt 0.30678 0.04541
vt 0.31737 0.01930
vt 0.19946 0.11785
vt 0.21766 0.11332
vt 0.30960 0.05894
vt 0.32650 0.03702
vt 0.33462 0.02577
vt 0.27986 0.08897
vt 0.22981 0.11736
vt 0.32055 0.05522
vt 0.30801 0.01168
vt 0.18238 0.12506
vt 0.16610 0.12548
vt 0.30930 0.07867
vt 0.31118 0.06649
vt 0.24373 0.11992
vt 0.29883 0.09212
vt 0.20386 0.13002
vt 0.21885 0.12637
vt 0.19031 0.13532
vt 0.33158 0.05872
vt 0.33485 0.03838
vt 0.32899 0.07454
vt 0.34517 0.04273
vt 0.34328 0.06934
vt 0.35489 0.06015
vt 0.35496 0.02723
vt 0.35442 0.03341
vt 0.36175 0.04943
vt 0.36350 0.03885
vt 0.33791 0.01697
vt 0.35222 0.07233
vt 0.36534 0.06307
vt 0.20692 0.14743
vt 0.37403 0.04057
vt 0.37065 0.02487
vt 0.37874 0.07458
vt 0.18301 0.15451
vt 0.16928 0.13812
vt 0.17232 0.15389
vt 0.38027 0.04072
vt 0.37770 0.05186
vt 0.37835 0.05690
vt 0.38824 0.04957
vt 0.39768 0.06156
vt 0.39980 0.05220
vt 0.18405 0.17104
vt 0.38224 0.02559
vt 0.39153 0.03317
vt 0.39733 0.03811
vt 0.36063 0.01381
vt 0.38559 0.06378
vt 0.33552 0.00824
vt 0.32226 0.00306
vt 0.35815 0.00593
vt 0.15719 0.11749
vt 0.16126 0.15158
vt 0.41316 0.05399
vt 0.41446 0.05788
vt 0.17047 0.17070
vt 0.42438 0.06642
vt 0.41327 0.07816
vt 0.42267 0.07588
vt 0.42072 0.04467
vt 0.40780 0.03449
vt 0.41239 0.03745
vt 0.42891 0.07829
vt 0.42499 0.05350
vt 0.39845 0.02425
vt 0.15676 0.17367
vt 0.17032 0.19515
vt 0.15933 0.18740
vt 0.14995 0.16487
vt 0.14900 0.13635
vt 0.14669 0.15053
vt 0.44034 0.08011
vt 0.44616 0.07339
vt 0.44080 0.06001
vt 0.43648 0.05277
vt 0.43036 0.04733
vt 0.15585 0.20911
vt 0.44994 0.06810
vt 0.13989 0.17721
vt 0.14523 0.19967
vt 0.15248 0.21354
vt 0.46207 0.07805
vt 0.13279 0.19628
vt 0.13168 0.16060
vt 0.13908 0.21848
vt 0.12872 0.20452
vt 0.38381 0.01355
vt 0.37443 0.00323
vt 0.42687 0.03039
vt 0.42833 0.03548
vt 0.45811 0.06356
vt 0.44829 0.04569
vt 0.40914 0.01905
vt 0.14389 0.11561
vt 0.13553 0.13153
vt 0.12657 0.14972
vt 0.12357 0.18111
vt 0.13243 0.23804
vt 0.40010 0.01149
vt 0.12443 0.21369
vt 0.12805 0.22653
vt 0.43756 0.02832
vt 0.11694 0.19164
vt 0.12880 0.25407
vt 0.11840 0.16402
vt 0.34884 0.00041
vt 0.14575 0.09955
vt 0.13702 0.11702
vt 0.11353 0.20557
vt 0.11837 0.23277
vt 0.10693 0.24963
vt 0.29780 0.00200
vt 0.12141 0.14163
vt 0.41971 0.01225
vt 0.38989 0.00068
vt 0.10301 0.23713
vt 0.09320 0.24210
vt 0.09517 0.25562
vt 0.08918 0.25739
vt 0.09520 0.26979
vt 0.08993 0.27550
vt 0.08396 0.25583
vt 0.08411 0.23907
vt 0.07612 0.24617
vt 0.07781 0.26373
vt 0.08127 0.27551
vt 0.06922 0.28021
vt 0.06280 0.25993
vt 0.05700 0.27223
vt 0.06401 0.28511
vt 0.05457 0.28290
vt 0.05081 0.26116
vt 0.04785 0.26772
vt 0.04611 0.27740
vt 0.10317 0.28139
vt 0.04678 0.28909
vt 0.05545 0.29788
vt 0.05879 0.24923
vt 0.07968 0.29258
vt 0.06813 0.30062
vt 0.03273 0.27172
vt 0.03643 0.28621
vt 0.03624 0.26018
vt 0.04563 0.24675
vt 0.10014 0.26555
vt 0.03837 0.29477
vt 0.09220 0.28887
vt 0.09972 0.28807
vt 0.07740 0.30416
vt 0.04457 0.30624
vt 0.06418 0.31577
vt 0.05326 0.31250
vt 0.09550 0.29759
vt 0.11060 0.29130
vt 0.08164 0.22929
vt 0.07403 0.31236
vt 0.10284 0.30007
vt 0.02504 0.27969
vt 0.02765 0.26477
vt 0.03830 0.30758
vt 0.05291 0.23768
vt 0.07337 0.23363
vt 0.02738 0.29185
vt 0.02935 0.29717
vt 0.08791 0.22793
vt 0.08009 0.31290
vt 0.11120 0.26402
vt 0.05887 0.32211
vt 0.02947 0.25613
vt 0.03859 0.24090
vt 0.02934 0.24826
vt 0.11352 0.27850
vt 0.09812 0.30813
vt 0.10769 0.30516
vt 0.01853 0.26602
vt 0.03788 0.32083
vt 0.04798 0.32609
vt 0.03170 0.31381
vt 0.01866 0.25509
vt 0.09980 0.22190
vt 0.07058 0.22457
vt 0.07870 0.22007
vt 0.01336 0.28552
vt 0.00757 0.27492
vt 0.05582 0.33251
vt 0.00758 0.28607
vt 0.00313 0.28013
vt 0.04192 0.32827
vt 0.01390 0.30239
vt 0.01756 0.30338
vt 0.01074 0.31241
vt 0.01630 0.31273
vt 0.09350 0.21536
vt 0.02917 0.23455
vt 0.08442 0.21730
vt 0.12013 0.28522
vt 0.12198 0.29280
vt 0.11490 0.29961
vt 0.02008 0.24129
vt 0.13624 0.29433
vt 0.03815 0.33842
vt 0.02648 0.33009
vt 0.01815 0.32408
vt 0.01157 0.32112
vt 0.02710 0.34350
vt 0.03559 0.34739
vt 0.03140 0.35886
vt 0.03859 0.36189
vt 0.04568 0.34885
vt 0.03107 0.36861
vt 0.02464 0.35660
vt 0.01778 0.35094
vt 0.11512 0.30884
vt 0.00799 0.25839
vt 0.01319 0.24416
vt 0.02426 0.36703
vt 0.11175 0.16562
vt 0.12172 0.30599
vt 0.10403 0.18518
vt 0.13333 0.30558
vt 0.00038 0.26680
vt 0.10328 0.16891
vt 0.01773 0.36136
vt 0.01053 0.33571
vt 0.00576 0.33167
vt 0.08742 0.20904
vt 0.09710 0.18999
vt 0.14412 0.32266
vt 0.15448 0.32490
vt 0.15981 0.33615
vt 0.09271 0.17532
vt 0.08957 0.18894
vt 0.12896 0.30828
vt 0.13671 0.32535
vt 0.00523 0.32478
vt 0.07652 0.20845
vt 0.08175 0.20101
vt 0.09815 0.16321
vt 0.12251 0.31569
vt 0.12789 0.31846
vt 0.11380 0.32163
vt 0.00127 0.32787
vt 0.97448 0.72068
vt 0.96993 0.71680
vt 0.97185 0.72697
vt 0.96546 0.71774
vt 0.97495 0.71309
vt 0.97944 0.73029
vt 0.97369 0.73621
vt 0.97890 0.73593
vt 0.97408 0.70728
vt 0.96658 0.73254
vt 0.96096 0.71972
vt 0.96760 0.73931
vt 0.95834 0.73018
vt 0.95557 0.72579
vt 0.95008 0.72926
vt 0.97004 0.74462
vt 0.97495 0.74181
vt 0.96792 0.70627
vt 0.95205 0.72068
vt 0.95913 0.71388
vt 0.97504 0.75223
vt 0.95110 0.70656
vt 0.96452 0.69387
vt 0.95634 0.68843
vt 0.96439 0.68249
vt 0.97330 0.67553
vt 0.97763 0.68052
vt 0.94554 0.69321
vt 0.97715 0.66824
vt 0.98094 0.74576
vt 0.98515 0.67097
vt 0.98122 0.66707
vt 0.98338 0.73351
vt 0.97807 0.71661
vt 0.97971 0.70941
vt 0.98515 0.72577
vt 0.59796 0.08021
vt 0.59422 0.07502
vt 0.60183 0.07641
vt 0.61018 0.07888
vt 0.60132 0.08765
vt 0.61413 0.08883
vt 0.62286 0.08515
vt 0.62590 0.08039
vt 0.63517 0.08568
vt 0.63233 0.09195
vt 0.63861 0.09349
vt 0.60935 0.09508
vt 0.59652 0.09854
vt 0.59111 0.09805
vt 0.60891 0.09917
vt 0.60180 0.11233
vt 0.59127 0.11160
vt 0.58215 0.11233
vt 0.63843 0.08129
vt 0.59181 0.08290
vt 0.58348 0.09784
vt 0.58361 0.08715
vt 0.58814 0.07789
vt 0.57621 0.08157
vt 0.57388 0.09162
vt 0.83140 0.50310
vt 0.82445 0.50200
vt 0.83040 0.49368
vt 0.83587 0.49351
vt 0.83587 0.50406
vt 0.11322 0.33779
vt 0.10853 0.34753
vt 0.11462 0.34753
vt 0.65004 0.99473
vt 0.64471 0.98525
vt 0.65004 0.98175
vt 0.73382 0.50730
vt 0.73127 0.51458
vt 0.72544 0.51441
vt 0.73382 0.51541
vt 0.45278 0.86334
vt 0.44663 0.85929
vt 0.44288 0.86334
vt 0.20993 0.65328
vt 0.20906 0.65653
vt 0.22049 0.65653
vt 0.17473 0.88805
vt 0.18321 0.88253
vt 0.17695 0.88921
vt 0.17307 0.89675
vt 0.25533 0.79756
vt 0.25097 0.81965
vt 0.24505 0.80941
vt 0.25926 0.81036
vt 0.23725 0.82291
vt 0.24219 0.83368
vt 0.26190 0.79975
vt 0.26743 0.80099
vt 0.22572 0.84401
vt 0.22845 0.85490
vt 0.23495 0.84908
vt 0.21492 0.86059
vt 0.22607 0.86612
vt 0.22031 0.87070
vt 0.23373 0.86090
vt 0.24909 0.83112
vt 0.22779 0.82767
vt 0.21008 0.86757
vt 0.23099 0.88260
vt 0.21979 0.84064
vt 0.20713 0.85443
vt 0.23250 0.81654
vt 0.21319 0.83674
vt 0.22064 0.82094
vt 0.23742 0.80345
vt 0.24781 0.79683
vt 0.20459 0.85014
vt 0.22716 0.81113
vt 0.23482 0.79757
vt 0.24756 0.83743
vt 0.23835 0.85217
vt 0.20689 0.83024
vt 0.20049 0.84294
vt 0.23009 0.87127
vt 0.20200 0.86692
vt 0.21211 0.81861
vt 0.23710 0.87994
vt 0.22407 0.80343
vt 0.19467 0.85365
vt 0.24866 0.79197
vt 0.25656 0.79278
vt 0.21592 0.80580
vt 0.23541 0.79293
vt 0.25937 0.81753
vt 0.25382 0.82738
vt 0.24373 0.88917
vt 0.19286 0.86572
vt 0.19324 0.87219
vt 0.26510 0.79239
vt 0.27810 0.79925
vt 0.21170 0.87790
vt 0.21654 0.87782
vt 0.18584 0.85588
vt 0.18434 0.86420
vt 0.26422 0.81320
vt 0.24078 0.86723
vt 0.24142 0.87563
vt 0.21577 0.88623
vt 0.27300 0.81188
vt 0.18258 0.87517
vt 0.17538 0.86925
vt 0.17038 0.85940
vt 0.27027 0.80380
vt 0.25524 0.83947
vt 0.24376 0.85496
vt 0.26307 0.82634
vt 0.20590 0.89179
vt 0.19736 0.89243
vt 0.17255 0.87720
vt 0.16020 0.86404
vt 0.15042 0.85390
vt 0.19556 0.88605
vt 0.20434 0.87794
vt 0.19757 0.88025
vt 0.19061 0.88226
vt 0.28221 0.80836
vt 0.18508 0.88740
vt 0.18265 0.89674
vt 0.24933 0.88569
vt 0.17188 0.90633
vt 0.30943 0.84856
vt 0.32067 0.85296
vt 0.29802 0.86409
vt 0.31311 0.86810
vt 0.29198 0.84882
vt 0.27903 0.85799
vt 0.30326 0.83584
vt 0.28324 0.84336
vt 0.33180 0.86269
vt 0.30746 0.87855
vt 0.29427 0.87497
vt 0.27878 0.88027
vt 0.26958 0.86332
vt 0.33157 0.87469
vt 0.32222 0.88370
vt 0.33793 0.84371
vt 0.32803 0.83172
vt 0.34589 0.86233
vt 0.34336 0.84834
vt 0.30546 0.82811
vt 0.31183 0.82616
vt 0.29522 0.89135
vt 0.30712 0.89500
vt 0.26670 0.85343
vt 0.26236 0.86989
vt 0.27744 0.83859
vt 0.28707 0.82489
vt 0.34778 0.87597
vt 0.33636 0.88507
vt 0.34322 0.82756
vt 0.25587 0.86364
vt 0.35137 0.84157
vt 0.35216 0.86550
vt 0.33593 0.82131
vt 0.32864 0.82058
vt 0.26169 0.87669
vt 0.28596 0.89702
vt 0.32459 0.89192
vt 0.27459 0.89022
vt 0.24841 0.86806
vt 0.25125 0.87746
vt 0.29537 0.90633
vt 0.27502 0.82639
vt 0.29488 0.81887
vt 0.36250 0.85846
vt 0.25229 0.85528
vt 0.25605 0.84919
vt 0.26675 0.83773
vt 0.26350 0.89066
vt 0.36293 0.87426
vt 0.36976 0.86843
vt 0.34871 0.82046
vt 0.35730 0.83409
vt 0.36572 0.84762
vt 0.35749 0.81915
vt 0.36205 0.82872
vt 0.31403 0.81335
vt 0.27602 0.81928
vt 0.28149 0.81370
vt 0.29868 0.81024
vt 0.33664 0.81373
vt 0.35320 0.81378
vt 0.34609 0.81014
vt 0.32481 0.81163
vt 0.31433 0.80705
vt 0.32995 0.80246
vt 0.29940 0.80147
vt 0.35809 0.80576
vt 0.36326 0.81084
vt 0.28845 0.79778
vt 0.34275 0.80364
vt 0.31400 0.80020
vt 0.08949 0.67126
vt 0.09177 0.66788
vt 0.09177 0.67680
vt 0.67984 0.18137
vt 0.69016 0.18901
vt 0.68848 0.17727
vt 0.67575 0.16926
vt 0.68838 0.19645
vt 0.67676 0.19365
vt 0.67466 0.19995
vt 0.66429 0.19896
vt 0.66637 0.20733
vt 0.68401 0.15772
vt 0.69587 0.16928
vt 0.67741 0.16002
vt 0.67174 0.14536
vt 0.67006 0.15436
vt 0.69320 0.15298
vt 0.68667 0.20749
vt 0.69310 0.21565
vt 0.67432 0.22009
vt 0.68139 0.23046
vt 0.67667 0.23302
vt 0.69496 0.22616
vt 0.70078 0.21853
vt 0.70320 0.22767
vt 0.69849 0.23345
vt 0.70813 0.23184
vt 0.70748 0.21860
vt 0.71185 0.22229
vt 0.70393 0.16575
vt 0.70749 0.15719
vt 0.70577 0.14805
vt 0.69555 0.14215
vt 0.70000 0.13525
vt 0.69049 0.13547
vt 0.67791 0.14516
vt 0.70289 0.17677
vt 0.71118 0.17227
vt 0.71457 0.16509
vt 0.69697 0.18133
vt 0.71121 0.13718
vt 0.71537 0.14303
vt 0.66824 0.14897
vt 0.66609 0.14519
vt 0.66545 0.15933
vt 0.66827 0.18288
vt 0.69407 0.24171
vt 0.70291 0.24982
vt 0.71161 0.24264
vt 0.69458 0.25060
vt 0.71369 0.23408
vt 0.72032 0.23622
vt 0.72169 0.22841
vt 0.68712 0.24537
vt 0.69071 0.25511
vt 0.68532 0.25200
vt 0.69334 0.26244
vt 0.69941 0.26153
vt 0.69845 0.27060
vt 0.72599 0.24475
vt 0.70893 0.25521
vt 0.68948 0.27277
vt 0.67924 0.24851
vt 0.70270 0.28131
vt 0.67609 0.24275
vt 0.66311 0.24466
vt 0.66981 0.13529
vt 0.66326 0.13310
vt 0.65903 0.13863
vt 0.68471 0.23711
vt 0.68361 0.26328
vt 0.66672 0.13098
vt 0.71749 0.18157
vt 0.67308 0.20702
vt 0.65696 0.21028
vt 0.65875 0.19944
vt 0.64968 0.20328
vt 0.68974 0.14754
vt 0.66992 0.16531
vt 0.65977 0.23540
vt 0.67081 0.23282
vt 0.70720 0.26494
vt 0.71448 0.27013
vt 0.72125 0.26750
vt 0.71141 0.27571
vt 0.71875 0.28612
vt 0.66678 0.25389
vt 0.67468 0.13616
vt 0.71566 0.29332
vt 0.65657 0.15580
vt 0.72389 0.29968
vt 0.72260 0.30838
vt 0.73100 0.31215
vt 0.72561 0.32008
vt 0.73186 0.32436
vt 0.74116 0.31973
vt 0.74652 0.33094
vt 0.74804 0.31129
vt 0.75057 0.32472
vt 0.73945 0.34071
vt 0.73538 0.34065
vt 0.75095 0.35519
vt 0.74111 0.35803
vt 0.72903 0.33123
vt 0.75699 0.32521
vt 0.75644 0.31177
vt 0.76525 0.33419
vt 0.77190 0.32295
vt 0.73831 0.30554
vt 0.76279 0.31081
vt 0.75583 0.29561
vt 0.75648 0.34264
vt 0.64446 0.21265
vt 0.65391 0.21838
vt 0.64516 0.22435
vt 0.63657 0.21714
vt 0.63450 0.22522
vt 0.63741 0.23314
vt 0.64896 0.23318
vt 0.63745 0.24306
vt 0.62531 0.21575
vt 0.63298 0.20472
vt 0.66376 0.22012
vt 0.72954 0.28215
vt 0.67983 0.13586
vt 0.73586 0.36101
vt 0.73193 0.35142
vt 0.73939 0.37460
vt 0.74363 0.36970
vt 0.70677 0.27886
vt 0.70605 0.29344
vt 0.71170 0.29501
vt 0.71321 0.31035
vt 0.71659 0.30346
vt 0.71907 0.31401
vt 0.71701 0.32183
vt 0.72042 0.33568
vt 0.72405 0.33088
vt 0.71453 0.33133
vt 0.72748 0.34327
vt 0.72340 0.34641
vt 0.72955 0.35405
vt 0.72675 0.36216
vt 0.73027 0.35811
vt 0.71631 0.35659
vt 0.72049 0.37411
vt 0.73046 0.37607
vt 0.71750 0.37908
vt 0.73084 0.38525
vt 0.73614 0.38189
vt 0.73322 0.39045
vt 0.72357 0.39649
vt 0.73826 0.39257
vt 0.73637 0.39969
vt 0.71908 0.39372
vt 0.70341 0.38272
vt 0.72437 0.40947
vt 0.71705 0.40427
vt 0.72023 0.42565
vt 0.72427 0.42041
vt 0.72736 0.43373
vt 0.72569 0.44373
vt 0.71094 0.44318
vt 0.70591 0.41419
vt 0.70782 0.43094
vt 0.69911 0.42741
vt 0.69624 0.40510
vt 0.69130 0.41717
vt 0.68273 0.40389
vt 0.68639 0.41082
vt 0.69128 0.43971
vt 0.68302 0.43335
vt 0.68934 0.38572
vt 0.69516 0.38972
vt 0.68007 0.38564
vt 0.67914 0.39606
vt 0.67380 0.38505
vt 0.67211 0.36801
vt 0.65994 0.37954
vt 0.65572 0.36431
vt 0.66537 0.35455
vt 0.64936 0.35177
vt 0.65207 0.34425
vt 0.66024 0.33635
vt 0.67288 0.34985
vt 0.68116 0.35724
vt 0.67710 0.34211
vt 0.68698 0.35530
vt 0.69119 0.34444
vt 0.69756 0.35484
vt 0.69936 0.36686
vt 0.70899 0.35602
vt 0.70227 0.34072
vt 0.68218 0.33295
vt 0.66840 0.33103
vt 0.65034 0.36668
vt 0.68399 0.37099
vt 0.68059 0.41935
vt 0.64323 0.33396
vt 0.68396 0.44020
vt 0.66539 0.39722
vt 0.68356 0.45393
vt 0.69479 0.45514
vt 0.68523 0.46915
vt 0.69091 0.47716
vt 0.66968 0.46287
vt 0.67073 0.45627
vt 0.66148 0.45391
vt 0.66473 0.44099
vt 0.65861 0.43375
vt 0.65495 0.45278
vt 0.66389 0.46900
vt 0.66420 0.42438
vt 0.65789 0.41675
vt 0.66206 0.40926
vt 0.65996 0.39773
vt 0.65342 0.40693
vt 0.65084 0.39445
vt 0.65106 0.42648
vt 0.64737 0.40719
vt 0.70257 0.46112
vt 0.69972 0.48221
vt 0.70487 0.48020
vt 0.65295 0.43461
vt 0.70087 0.44214
vt 0.63549 0.33352
vt 0.63086 0.31862
vt 0.62415 0.31940
vt 0.62239 0.30991
vt 0.63246 0.31223
vt 0.61393 0.30791
vt 0.61832 0.30159
vt 0.62110 0.32954
vt 0.60788 0.33121
vt 0.60554 0.31914
vt 0.60064 0.32779
vt 0.60649 0.30299
vt 0.59415 0.29085
vt 0.60048 0.33788
vt 0.60842 0.34683
vt 0.60034 0.35004
vt 0.59231 0.34316
vt 0.60925 0.35658
vt 0.60351 0.36594
vt 0.61180 0.37375
vt 0.61705 0.36764
vt 0.62199 0.38122
vt 0.61395 0.38160
vt 0.62653 0.36835
vt 0.60034 0.38566
vt 0.60818 0.38829
vt 0.61568 0.39336
vt 0.63521 0.37878
vt 0.63834 0.36307
vt 0.63189 0.34461
vt 0.63635 0.34881
vt 0.64514 0.36282
vt 0.62444 0.39014
vt 0.60593 0.39853
vt 0.61947 0.35600
vt 0.59063 0.33816
vt 0.59384 0.32944
vt 0.59976 0.31791
vt 0.63112 0.33264
vt 0.64031 0.32176
vt 0.71431 0.46175
vt 0.73734 0.44434
vt 0.73379 0.40088
vt 0.72477 0.45787
vt 0.72729 0.47357
vt 0.70423 0.39672
vt 0.72903 0.41465
vt 0.71558 0.48540
vt 0.72871 0.44983
vt 0.71405 0.36566
vt 0.73127 0.46237
vt 0.73334 0.37268
vt 0.73652 0.24397
vt 0.73710 0.23192
vt 0.73061 0.22295
vt 0.72381 0.22064
vt 0.72932 0.21119
vt 0.71843 0.21791
vt 0.72305 0.20532
vt 0.71689 0.21310
vt 0.73925 0.22010
vt 0.71701 0.20146
vt 0.74808 0.24764
vt 0.73865 0.25238
vt 0.73162 0.25981
vt 0.74110 0.26410
vt 0.73921 0.28353
vt 0.74551 0.28073
vt 0.75115 0.26963
vt 0.75562 0.28337
vt 0.75651 0.26493
vt 0.76166 0.28392
vt 0.76885 0.28291
vt 0.76920 0.27613
vt 0.76524 0.26087
vt 0.76272 0.25298
vt 0.75425 0.24246
vt 0.72375 0.19323
vt 0.71622 0.18797
vt 0.71131 0.19708
vt 0.70175 0.18441
vt 0.71074 0.20956
vt 0.72954 0.19587
vt 0.73122 0.33863
vt 0.66787 0.41565
vt 0.64901 0.37602
vt 0.64259 0.39275
vt 0.65110 0.39121
vt 0.63702 0.41366
vt 0.63563 0.40733
vt 0.63026 0.41482
vt 0.62804 0.42720
vt 0.63797 0.42665
vt 0.63459 0.43526
vt 0.62707 0.44431
vt 0.61787 0.43549
vt 0.62010 0.44744
vt 0.62719 0.46719
vt 0.63933 0.45052
vt 0.60995 0.43232
vt 0.61163 0.44696
vt 0.60134 0.43322
vt 0.60501 0.42777
vt 0.60899 0.45797
vt 0.61358 0.42247
vt 0.64468 0.44555
vt 0.64986 0.45889
vt 0.63677 0.46448
vt 0.61923 0.46640
vt 0.62154 0.41584
vt 0.75564 0.37488
vt 0.76159 0.37087
vt 0.75805 0.38790
vt 0.74979 0.39392
vt 0.75329 0.40620
vt 0.74917 0.40707
vt 0.74955 0.41905
vt 0.76262 0.39849
vt 0.74449 0.39649
vt 0.76661 0.38910
vt 0.77190 0.37734
vt 0.74440 0.40814
vt 0.74123 0.39690
vt 0.62034 0.42658
vt 0.65730 0.38798
vt 0.64165 0.42729
vt 0.61982 0.29625
vt 0.70869 0.34411
vt 0.70460 0.33190
vt 0.69884 0.32439
vt 0.69936 0.31736
vt 0.69094 0.30922
vt 0.69004 0.30033
vt 0.68013 0.30201
vt 0.68435 0.28585
vt 0.68858 0.28297
vt 0.67917 0.31824
vt 0.67296 0.30562
vt 0.67005 0.28849
vt 0.66553 0.29816
vt 0.66175 0.30742
vt 0.65295 0.28850
vt 0.65218 0.30553
vt 0.64478 0.29401
vt 0.67253 0.28094
vt 0.66144 0.27465
vt 0.66110 0.26197
vt 0.65227 0.26776
vt 0.65883 0.25573
vt 0.65071 0.25382
vt 0.64259 0.25369
vt 0.64460 0.24410
vt 0.64032 0.26039
vt 0.64281 0.26978
vt 0.66116 0.28638
vt 0.68114 0.27506
vt 0.74605 0.29953
vt 0.65372 0.46687
vt 0.66229 0.48262
vt 0.70291 0.31185
vt 0.74742 0.25758
vt 0.72381 0.25837
vt 0.64373 0.20027
vt 0.70667 0.45330
vt 0.68910 0.32663
vt 0.69396 0.37562
vt 0.71917 0.15355
vt 0.62126 0.20291
vt 0.74517 0.23164
vt 0.65371 0.25014
vt 0.63484 0.38685
vt 0.64604 0.47413
vt 0.74572 0.38038
vt 0.66880 0.32196
vt 0.63565 0.39750
vt 0.61281 0.39859
vt 0.71613 0.22499
vt 0.74121 0.38334
vt 0.61107 0.29597
vt 0.70601 0.20526
vt 0.70324 0.21399
vt 0.69678 0.19841
vt 0.75982 0.35516
vt 0.64043 0.41407
vt 0.63270 0.19502
vt 0.67023 0.48352
vt 0.63365 0.47464
vt 0.72307 0.17041
vt 0.63021 0.39436
vt 0.59192 0.32139
vt 0.61945 0.18740
vt 0.76698 0.35677
vt 0.66964 0.43699
vt 0.65571 0.19021
vt 0.73570 0.29146
vt 0.71152 0.33744
vt 0.64577 0.18825
vt 0.64958 0.18260
vt 0.64158 0.17511
vt 0.65113 0.16088
vt 0.63378 0.17728
vt 0.63726 0.16927
vt 0.62917 0.16269
vt 0.62461 0.17380
vt 0.61709 0.16005
vt 0.64084 0.15245
vt 0.63806 0.14313
vt 0.62644 0.15494
vt 0.64369 0.14756
vt 0.61948 0.48057
vt 0.62700 0.48135
vt 0.61505 0.34247
vt 0.63351 0.18834
vt 0.65818 0.18035
vt 0.72998 0.15470
vt 0.73837 0.16708
vt 0.72809 0.26983
vt 0.77182 0.35600
vt 0.66069 0.22564
vt 0.71168 0.21396
vt 0.65263 0.38101
vt 0.68121 0.25742
vt 0.67999 0.13895
vt 0.68001 0.26825
vt 0.65534 0.32015
vt 0.67947 0.23925
vt 0.64695 0.44156
vt 0.65486 0.24217
vt 0.65870 0.23655
vt 0.64825 0.23670
vt 0.64722 0.15323
vt 0.69782 0.29366
vt 0.64211 0.34622
vt 0.66219 0.16536
vt 0.21973 0.40624
vt 0.22014 0.41380
vt 0.23267 0.40511
vt 0.23267 0.41646
vt 0.77722 0.47774
vt 0.78268 0.47429
vt 0.77342 0.46242
vt 0.79246 0.45945
vt 0.79741 0.47108
vt 0.80791 0.46214
vt 0.78593 0.48312
vt 0.80252 0.48340
vt 0.78672 0.49332
vt 0.80155 0.49768
vt 0.81074 0.49213
vt 0.80826 0.50811
vt 0.78784 0.50411
vt 0.81074 0.46935
vt 0.08568 0.75061
vt 0.08568 0.74037
vt 0.07705 0.74955
vt 0.07654 0.74444
vt 0.08023 0.73763
vt 0.61805 0.13260
vt 0.61043 0.13260
vt 0.61491 0.12855
vt 0.15622 0.74412
vt 0.14966 0.73847
vt 0.15990 0.73844
vt 0.16413 0.74412
vt 0.81302 0.38240
vt 0.80348 0.38485
vt 0.80693 0.38921
vt 0.81302 0.39031
vt 0.80546 0.39801
vt 0.78805 0.38974
vt 0.78637 0.40393
vt 0.78966 0.40772
vt 0.78653 0.41971
vt 0.79146 0.41380
vt 0.80525 0.41017
vt 0.38957 0.92985
vt 0.37433 0.92985
vt 0.38684 0.92427
vt 0.38678 0.91687
vt 0.45253 0.89227
vt 0.46375 0.90108
vt 0.45050 0.90227
vt 0.46200 0.89092
vt 0.47639 0.89269
vt 0.47055 0.90227
vt 0.99353 0.58300
vt 0.99353 0.57137
vt 0.98515 0.57619
vt 0.98734 0.59408
vt 0.69023 0.90772
vt 0.68865 0.88503
vt 0.68355 0.88978
vt 0.69497 0.90332
vt 0.69497 0.88362
vt 0.68440 0.90573
vt 0.68650 0.91687
vt 0.96230 0.08637
vt 0.96230 0.06855
vt 0.95773 0.07925
vt 0.96202 0.05556
vt 0.83655 0.45931
vt 0.84120 0.47612
vt 0.84120 0.45458
vt 0.83359 0.47480
vt 0.83594 0.48054
vt 0.97753 0.26435
vt 0.98254 0.28264
vt 0.98363 0.27356
vt 0.98363 0.26151
vt 0.97936 0.25426
vt 0.95697 0.02068
vt 0.93980 0.02068
vt 0.95105 0.01095
vt 0.93793 0.01104
vt 0.74877 0.81202
vt 0.73666 0.80431
vt 0.74564 0.80089
vt 0.75781 0.80658
vt 0.73001 0.81792
vt 0.76123 0.81792
vt 0.87358 0.98258
vt 0.88766 0.99311
vt 0.86938 0.99311
vt 0.88470 0.98175
vt 0.78103 0.18289
vt 0.79844 0.17444
vt 0.80084 0.18289
vt 0.77799 0.17315
vt 0.45887 0.74917
vt 0.45189 0.74006
vt 0.45126 0.76739
vt 0.45887 0.77332
vt 0.67167 0.09912
vt 0.66316 0.09242
vt 0.67365 0.11314
vt 0.66773 0.08577
vt 0.66597 0.07037
vt 0.65994 0.07871
vt 0.66100 0.06447
vt 0.67365 0.04582
vt 0.78713 0.44809
vt 0.77875 0.44809
vt 0.78358 0.43512
vt 0.12833 0.85851
vt 0.11960 0.86091
vt 0.11630 0.85442
vt 0.10015 0.86091
vt 0.38119 0.60949
vt 0.37357 0.61175
vt 0.38119 0.61922
vt 0.54113 0.84712
vt 0.52437 0.85497
vt 0.54113 0.86334
vt 0.46040 0.35128
vt 0.47233 0.36131
vt 0.46242 0.36131
vt 0.47258 0.34428
vt 0.97220 0.32887
vt 0.96129 0.35093
vt 0.97220 0.34774
vt 0.95567 0.32923
vt 0.95006 0.34251
vt 0.95407 0.36047
vt 0.94250 0.35617
vt 0.96962 0.36204
vt 0.94699 0.36375
vt 0.60819 0.49676
vt 0.61500 0.51135
vt 0.60206 0.51135
vt 0.41165 0.95965
vt 0.41318 0.96878
vt 0.41318 0.94607
vt 0.98766 0.96646
vt 0.98515 0.97581
vt 0.99353 0.98418
vt 0.99353 0.96155
vt 0.98807 0.95012
vt 0.45727 0.55370
vt 0.46681 0.55240
vt 0.45857 0.54673
vt 0.46526 0.56005
vt 0.44133 0.55387
vt 0.44407 0.54497
vt 0.43175 0.54549
vt 0.42739 0.55650
vt 0.45889 0.53796
vt 0.43916 0.56297
vt 0.46949 0.53538
vt 0.45071 0.53467
vt 0.44607 0.52915
vt 0.41886 0.55187
vt 0.42482 0.53983
vt 0.41314 0.54410
vt 0.42164 0.52710
vt 0.40506 0.52941
vt 0.40576 0.53840
vt 0.41894 0.51864
vt 0.40781 0.51786
vt 0.41282 0.51198
vt 0.42286 0.51087
vt 0.41070 0.55633
vt 0.39947 0.51741
vt 0.43462 0.51386
vt 0.45005 0.56456
vt 0.41874 0.56421
vt 0.41081 0.56369
vt 0.41323 0.57408
vt 0.40745 0.57801
vt 0.40402 0.57084
vt 0.40217 0.57599
vt 0.41852 0.57524
vt 0.41553 0.58038
vt 0.42328 0.57747
vt 0.43185 0.58104
vt 0.43141 0.58728
vt 0.42595 0.58652
vt 0.43828 0.58084
vt 0.43822 0.58644
vt 0.44394 0.58215
vt 0.44557 0.57552
vt 0.45095 0.57697
vt 0.44824 0.57367
vt 0.45645 0.57361
vt 0.45354 0.58629
vt 0.44389 0.59040
vt 0.43454 0.59792
vt 0.43862 0.60603
vt 0.43410 0.60720
vt 0.43318 0.61760
vt 0.44227 0.61387
vt 0.42838 0.61756
vt 0.42934 0.60775
vt 0.42030 0.61681
vt 0.42721 0.60535
vt 0.41666 0.61116
vt 0.42408 0.59380
vt 0.44497 0.60288
vt 0.43278 0.59843
vt 0.42074 0.58216
vt 0.40864 0.57822
vt 0.40316 0.58503
vt 0.39967 0.57667
vt 0.45932 0.52717
vt 0.47508 0.54974
vt 0.47867 0.53683
vt 0.47585 0.52491
vt 0.45695 0.51829
vt 0.44325 0.51836
vt 0.45272 0.51165
vt 0.46721 0.51138
vt 0.46289 0.50634
vt 0.45025 0.59035
vt 0.43361 0.52874
vt 0.45570 0.56937
vt 0.46644 0.52357
vt 0.42756 0.56583
vt 0.44082 0.50406
vt 0.43757 0.57120
vt 0.47867 0.50977
vt 0.42754 0.58936
vt 0.46237 0.57073
vt 0.46875 0.57096
vt 0.46709 0.57951
vt 0.11309 0.37209
vt 0.11598 0.36480
vt 0.12681 0.37348
vt 0.10168 0.37348
vt 0.10554 0.36131
vt 0.00591 0.87247
vt 0.01561 0.86586
vt 0.00419 0.86010
vt 0.00832 0.87486
vt 0.01561 0.87551
vt 0.49315 0.59084
vt 0.49315 0.59651
vt 0.49238 0.59382
vt 0.19002 0.65815
vt 0.18926 0.65737
vt 0.19002 0.65491
vt 0.21287 0.00608
vt 0.21214 0.00527
vt 0.20982 0.00608
vt 0.87852 0.10746
vt 0.87852 0.11314
vt 0.87624 0.11045
vn -0.8869 0.4502 -0.1040
vn -0.8478 0.5176 -0.1158
vn -0.8842 0.4319 -0.1778
vn -0.8962 0.3746 -0.2377
vn -0.8171 0.5342 -0.2166
vn -0.8379 0.5333 -0.1159
vn -0.8204 0.4917 -0.2920
vn -0.8366 0.4603 -0.2970
vn -0.8722 0.4882 -0.0312
vn -0.9887 0.1496 0.0014
vn -0.8392 0.5438 0.0022
vn -0.7809 0.6209 -0.0687
vn -0.7168 0.6856 -0.1271
vn -0.7808 0.5882 -0.2107
vn -0.7537 0.5642 -0.3372
vn -0.7158 0.6396 -0.2802
vn -0.8198 0.4495 -0.3548
vn -0.8411 -0.4543 -0.2936
vn -0.8543 -0.4692 -0.2237
vn -0.8483 -0.4667 -0.2503
vn -0.8474 -0.1649 -0.5047
vn -0.8689 -0.4595 -0.1840
vn -0.7461 0.5074 -0.4312
vn -0.6078 0.5016 -0.6156
vn -0.6740 0.5944 -0.4387
vn -0.6741 0.4469 -0.5880
vn -0.6675 0.7045 -0.2412
vn -0.6233 0.7033 -0.3419
vn -0.8577 0.4971 0.1311
vn -0.6711 0.7413 0.0029
vn -0.6209 0.5399 -0.5684
vn -0.8651 -0.4728 -0.1676
vn 0.0887 0.9949 0.0472
vn -0.8570 -0.4762 -0.1968
vn 0.0965 0.9950 0.0242
vn -0.0074 0.9991 -0.0426
vn 0.1135 0.9934 -0.0187
vn -0.7681 0.6151 0.1779
vn -0.4758 0.8667 -0.1498
vn -0.4407 0.7441 -0.5021
vn 0.0817 0.9940 0.0731
vn -0.8692 -0.4719 -0.1473
vn -0.3224 0.7605 0.5637
vn -0.7543 -0.4175 0.5067
vn -0.4047 0.6068 -0.6841
vn -0.5233 0.4784 0.7052
vn -0.5137 0.4865 -0.7067
vn -0.6927 0.4688 -0.5481
vn -0.9382 0.2522 0.2369
vn 0.1387 0.9008 -0.4115
vn -0.3745 0.9028 -0.2115
vn -0.6574 0.7007 0.2774
vn -0.4838 0.8655 0.1299
vn -0.3805 0.9207 -0.0871
vn -0.4696 0.5637 -0.6795
vn -0.3829 0.9238 -0.0031
vn -0.7664 0.5121 0.3878
vn -0.7446 0.5853 0.3210
vn -0.8160 0.4816 0.3198
vn -0.6962 0.6697 0.2586
vn -0.9183 0.2894 0.2701
vn -0.4078 0.5218 0.7493
vn -0.3985 0.9166 0.0319
vn -0.7409 -0.4199 0.5242
vn -0.5622 0.3787 0.7352
vn -0.7520 0.4502 -0.4815
vn -0.7406 0.4144 0.5289
vn -0.6761 0.4131 -0.6101
vn -0.8256 0.3375 -0.4522
vn -0.8801 0.3884 0.2731
vn -0.9519 0.2865 -0.1084
vn -0.9901 0.1378 -0.0277
vn -0.9006 0.4180 -0.1190
vn -0.8656 0.4937 -0.0831
vn -0.7911 0.5972 -0.1323
vn -0.8167 0.5682 0.1008
vn -0.6649 0.4605 -0.5881
vn -0.7116 0.6966 -0.0920
vn -0.6911 0.7196 -0.0678
vn -0.6001 0.7898 -0.1271
vn -0.6361 0.7596 -0.1355
vn -0.9471 0.2810 0.1552
vn -0.9762 0.2084 0.0605
vn -0.6970 0.7038 0.1372
vn -0.7573 0.6362 0.1478
vn -0.8532 0.4919 0.1732
vn -0.7719 0.5987 0.2139
vn -0.7088 0.6755 0.2031
vn -0.8343 0.4869 0.2584
vn -0.4964 0.8669 0.0453
vn -0.9121 0.3148 0.2626
vn -0.7887 0.5370 0.2992
vn -0.6511 0.7259 0.2216
vn -0.6089 0.6666 0.4300
vn -0.9836 0.1723 0.0533
vn -0.8772 0.3539 0.3245
vn -0.4337 0.9002 -0.0388
vn -0.9850 0.1679 -0.0389
vn -0.9982 0.0187 0.0574
vn -0.9522 0.2990 0.0630
vn -0.8430 0.5377 0.0180
vn -0.7459 0.6650 0.0382
vn -0.9348 0.3117 0.1703
vn -0.9830 0.1505 0.1051
vn -0.7333 0.6724 0.1013
vn -0.8970 0.4376 -0.0632
vn -0.7379 0.6704 -0.0781
vn -0.9287 0.3508 -0.1205
vn -0.7252 0.6678 -0.1676
vn -0.8921 0.4093 -0.1915
vn -0.8021 0.5452 -0.2436
vn -0.6669 0.6987 -0.2588
vn -0.9381 0.2406 -0.2492
vn -0.9177 0.2612 -0.2993
vn -0.7826 0.5176 -0.3459
vn -0.8835 0.2729 -0.3807
vn -0.6826 0.6219 -0.3838
vn -0.8612 0.2272 -0.4546
vn -0.9818 0.0771 -0.1734
vn -0.7311 0.6820 -0.0202
vn -0.7285 0.6777 -0.1007
vn -0.8038 0.5878 -0.0911
vn -0.8268 0.5359 -0.1711
vn -0.7229 0.6699 -0.1691
vn -0.8858 0.4421 -0.1409
vn -0.8908 0.4494 -0.0668
vn -0.8033 0.5955 -0.0139
vn -0.7335 0.6435 -0.2190
vn -0.8620 0.4387 -0.2539
vn -0.7763 0.5480 -0.3114
vn -0.8922 0.4516 0.0008
vn -0.9400 0.2517 -0.2301
vn -0.9355 0.3188 -0.1524
vn -0.9539 0.2885 -0.0823
vn -0.7021 0.6528 -0.2843
vn -0.8923 0.3096 -0.3286
vn -0.8558 0.3547 -0.3766
vn -0.9312 0.1973 -0.3064
vn -0.8275 0.5552 0.0832
vn -0.9065 0.4156 0.0749
vn -0.7419 0.6694 0.0394
vn -0.9671 0.2529 -0.0269
vn -0.8211 0.3986 -0.4086
vn -0.7310 0.5729 -0.3708
vn -0.6444 0.6909 -0.3279
vn -0.7451 0.6584 0.1064
vn -0.9013 0.4100 0.1397
vn -0.9671 0.2455 0.0662
vn -0.7921 0.3923 -0.4677
vn -0.7489 0.4921 -0.4437
vn -0.8230 0.5359 0.1883
vn -0.7101 0.6839 0.1674
vn -0.7230 0.6691 0.1719
vn -0.6258 0.6656 -0.4066
vn -0.7204 0.4852 -0.4956
vn -0.8918 0.1967 -0.4074
vn -0.9970 -0.0029 -0.0779
vn -0.9909 0.0533 -0.1239
vn -0.9607 0.2231 0.1652
vn -0.6942 0.5481 -0.4666
vn -0.5541 0.7377 -0.3857
vn -0.8018 0.2397 -0.5474
vn -0.8509 0.1900 -0.4898
vn -0.9311 0.2805 0.2333
vn -0.8645 0.4389 0.2451
vn -0.6721 0.5166 -0.5305
vn -0.5867 0.6586 -0.4712
vn -0.9600 0.1784 -0.2158
vn -0.7885 0.2587 -0.5580
vn -0.9663 -0.0050 -0.2574
vn -0.9287 0.0711 -0.3640
vn -0.8320 0.5054 0.2287
vn -0.7001 0.6779 0.2244
vn -0.9255 0.2504 0.2842
vn -0.7081 0.6661 0.2344
vn -0.8112 0.5095 0.2871
vn -0.9811 0.1277 -0.1453
vn -0.8513 0.4900 -0.1877
vn -0.7844 0.5768 -0.2282
vn -0.9516 0.1594 -0.2629
vn -0.9028 0.2870 -0.3202
vn -0.6138 0.7556 -0.2288
vn -0.6328 0.7625 -0.1346
vn -0.8734 0.4750 -0.1072
vn -0.9856 0.0956 -0.1393
vn -0.9652 -0.1635 -0.2039
vn -0.9401 0.2621 -0.2180
vn -0.7902 0.5730 -0.2174
vn -0.6909 0.7186 -0.0788
vn -0.9209 0.3899 0.0029
vn -0.6698 0.7425 0.0067
vn -0.7521 0.6515 0.1000
vn -0.9900 0.0267 0.1387
vn -0.7598 0.6373 0.1286
vn -0.8177 0.4427 -0.3678
vn -0.5591 0.7824 -0.2743
vn -0.7593 0.6035 -0.2434
vn -0.8790 0.3562 -0.3169
vn -0.7366 0.6055 -0.3014
vn -0.9066 0.1332 -0.4005
vn -0.7634 0.5065 -0.4008
vn -0.8731 0.1172 -0.4732
vn -0.6438 0.6872 -0.3367
vn -0.9869 0.1614 -0.0035
vn -0.8093 0.5861 -0.0390
vn -0.8080 0.5883 0.0319
vn -0.9443 0.3171 0.0874
vn -0.9888 0.1169 0.0928
vn -0.5519 0.7674 -0.3263
vn -0.8694 -0.0857 -0.4867
vn -0.8297 0.2049 -0.5192
vn -0.5641 0.7225 -0.3997
vn -0.7121 -0.6109 -0.3459
vn -0.7301 0.4900 -0.4763
vn -0.9049 -0.0078 -0.4255
vn -0.8329 0.0670 -0.5494
vn -0.6643 0.6790 -0.3126
vn -0.8592 0.3505 -0.3727
vn -0.7043 0.3713 -0.6051
vn -0.6703 0.5025 -0.5461
vn -0.8292 -0.4895 -0.2697
vn -0.7909 0.0970 -0.6042
vn -0.9106 0.2827 0.3014
vn -0.7119 0.6433 0.2817
vn -0.8363 -0.4991 -0.2268
vn -0.9816 0.0582 0.1819
vn -0.9858 -0.0504 0.1599
vn -0.9607 0.0952 0.2608
vn -0.5100 0.6786 -0.5286
vn -0.7254 0.1602 -0.6694
vn -0.5963 0.5435 -0.5907
vn -0.7618 -0.5697 -0.3084
vn -0.8090 0.2380 -0.5375
vn -0.7648 0.5581 0.3220
vn -0.6583 0.6987 0.2801
vn -0.6577 0.6830 0.3176
vn -0.9020 0.4143 0.1215
vn -0.9144 0.4009 0.0564
vn -0.8188 0.5688 0.0774
vn -0.8223 0.5501 -0.1454
vn -0.9416 0.3029 -0.1470
vn -0.8305 0.5273 -0.1797
vn -0.9252 0.2791 -0.2571
vn -0.8497 0.4500 -0.2747
vn -0.7705 0.5780 -0.2686
vn -0.7485 0.6546 -0.1059
vn -0.7323 0.6530 -0.1934
vn -0.9715 0.1460 -0.1866
vn -0.7002 0.5058 -0.5038
vn -0.8757 0.1925 -0.4428
vn -0.6076 0.7575 -0.2387
vn -0.8076 0.5813 0.0994
vn -0.8595 0.4532 0.2363
vn -0.9421 0.0746 -0.3270
vn -0.7240 0.6767 0.1338
vn -0.9978 0.0120 -0.0659
vn -0.6221 0.6453 -0.4433
vn -0.9608 0.0578 -0.2710
vn -0.7011 0.6957 0.1565
vn -0.7539 0.3760 -0.5387
vn -0.4856 0.8665 -0.1157
vn -0.6779 0.5483 -0.4897
vn -0.4840 0.8734 -0.0534
vn -0.4898 0.8713 -0.0303
vn -0.8796 0.3026 0.3670
vn -0.9686 0.1770 0.1745
vn -0.8080 0.5751 0.1279
vn -0.6922 0.7025 0.1653
vn -0.9563 0.1640 0.2422
vn -0.7710 0.5765 0.2704
vn -0.9260 0.1965 0.3224
vn -0.8230 0.4221 0.3801
vn -0.7403 0.5765 0.3458
vn -0.9725 0.0035 0.2331
vn -0.9026 0.2198 0.3702
vn -0.7568 0.5590 0.3388
vn -0.9097 0.1629 0.3821
vn -0.9322 0.1062 0.3460
vn -0.9468 0.0476 0.3183
vn -0.8743 -0.4854 -0.0041
vn -0.8865 0.1486 0.4382
vn -0.8626 0.1783 -0.4734
vn -0.7764 0.4671 0.4232
vn -0.6214 0.7061 0.3396
vn -0.8643 0.2293 0.4477
vn -0.8763 0.1780 0.4477
vn -0.9227 0.0755 0.3781
vn -0.7159 0.5337 0.4502
vn -0.7897 0.4233 0.4440
vn -0.6426 0.6696 0.3724
vn -0.7261 0.4059 0.5550
vn -0.6567 0.5530 0.5128
vn -0.7676 0.4752 0.4301
vn -0.8393 0.1370 0.5261
vn -0.8271 0.2283 0.5135
vn -0.1407 0.3536 0.9247
vn -0.8196 0.2122 0.5323
vn -0.6999 -0.7095 0.0815
vn -0.7852 0.1592 -0.5984
vn -0.7646 0.1671 -0.6225
vn -0.6104 0.6330 -0.4760
vn -0.5771 0.6755 -0.4590
vn -0.7199 -0.4741 -0.5069
vn -0.7210 0.2580 -0.6431
vn -0.5643 0.6847 -0.4614
vn -0.7405 0.4576 0.4922
vn -0.5638 0.7232 0.3989
vn -0.6009 0.6795 0.4210
vn -0.8461 0.1094 0.5216
vn -0.5460 0.8075 0.2232
vn -0.5865 0.5707 -0.5748
vn -0.4575 0.7852 -0.4174
vn -0.6268 0.4206 -0.6559
vn -0.5208 0.6975 -0.4922
vn -0.7648 0.0470 -0.6426
vn -0.8566 0.1742 -0.4858
vn -0.9449 0.3226 0.0562
vn -0.8663 0.3216 -0.3823
vn -0.9175 0.2948 0.2669
vn -0.7922 0.5112 -0.3334
vn -0.7303 0.6066 -0.3141
vn -0.8707 0.3969 0.2904
vn -0.8316 0.4473 0.3292
vn -0.6325 0.7416 -0.2234
vn -0.0553 0.4367 -0.8979
vn -0.0177 0.4457 -0.8950
vn 0.0387 0.6019 -0.7976
vn -0.3774 0.4262 -0.8222
vn -0.2874 0.8801 0.3778
vn -0.3756 0.9197 -0.1143
vn -0.2559 -0.4574 -0.8517
vn 0.0981 0.4776 -0.8731
vn -0.8621 0.3468 -0.3695
vn -0.8455 0.2373 -0.4783
vn -0.7132 0.2866 -0.6397
vn -0.4309 0.8811 -0.1949
vn -0.4982 0.7742 -0.3905
vn -0.6688 0.2097 -0.7133
vn -0.6841 0.2821 -0.6727
vn -0.7256 -0.2959 -0.6213
vn -0.7168 0.0836 -0.6922
vn -0.6511 -0.5639 -0.5081
vn -0.4623 0.7446 -0.4815
vn -0.4415 0.8807 -0.1717
vn -0.4806 0.8681 -0.1246
vn -0.4879 0.6787 -0.5489
vn -0.5450 0.5200 -0.6577
vn -0.6067 0.2743 -0.7461
vn -0.4617 0.6530 -0.6004
vn -0.3919 0.7760 -0.4942
vn -0.3967 0.6652 -0.6326
vn -0.5904 0.1686 -0.7893
vn -0.5898 0.3006 -0.7495
vn -0.6628 0.1537 -0.7328
vn -0.5949 -0.3820 -0.7073
vn -0.4516 0.6274 -0.6344
vn -0.4949 0.4837 -0.7219
vn -0.1221 0.9581 -0.2590
vn -0.5340 -0.3407 -0.7738
vn -0.7126 -0.6977 -0.0738
vn -0.3501 0.7874 -0.5073
vn -0.4877 0.3909 -0.7806
vn -0.5576 -0.1371 -0.8187
vn -0.7571 -0.6420 -0.1211
vn -0.4254 0.5263 -0.7363
vn -0.4337 0.7481 -0.5022
vn -0.6446 0.1889 -0.7408
vn -0.6840 0.6272 -0.3725
vn -0.8357 0.0769 -0.5438
vn -0.8379 0.5119 -0.1893
vn -0.8123 0.4882 -0.3190
vn -0.7983 0.3994 -0.4508
vn -0.8168 0.5102 -0.2692
vn -0.8960 0.4405 0.0567
vn -0.8490 0.5282 0.0161
vn -0.7667 0.6388 -0.0640
vn -0.6885 0.6577 -0.3057
vn -0.5791 0.5928 -0.5598
vn -0.7501 0.3236 -0.5768
vn -0.6524 0.7461 0.1329
vn -0.6524 0.4335 -0.6217
vn -0.6412 0.4172 -0.6441
vn -0.8231 0.5373 0.1839
vn -0.7292 0.6313 0.2641
vn -0.8100 0.4565 0.3680
vn -0.8862 0.3237 0.3315
vn -0.7348 0.4967 0.4619
vn -0.5209 0.6096 -0.5976
vn -0.4035 0.6009 -0.6900
vn -0.7570 0.2438 -0.6062
vn -0.9125 0.0198 -0.4085
vn -0.5992 0.3618 -0.7141
vn -0.8232 -0.0427 -0.5661
vn -0.5999 0.1363 -0.7884
vn -0.5347 0.4503 -0.7151
vn -0.5773 0.1460 -0.8033
vn -0.5041 0.4035 -0.7636
vn -0.5281 0.2396 -0.8147
vn -0.4764 0.4325 -0.7655
vn -0.5300 0.4948 -0.6886
vn -0.5566 0.3284 -0.7631
vn -0.5837 0.0744 -0.8085
vn -0.6535 0.2506 -0.7142
vn -0.5966 0.4619 -0.6563
vn -0.6948 0.4148 -0.5875
vn -0.6549 0.3449 -0.6725
vn -0.7097 0.3245 -0.6253
vn -0.7491 0.3333 -0.5725
vn -0.7086 0.0672 -0.7024
vn -0.7613 0.1168 -0.6378
vn -0.5789 0.4185 -0.6998
vn -0.6386 0.2029 -0.7423
vn -0.7694 -0.0508 -0.6368
vn -0.8166 0.1199 -0.5646
vn -0.7973 -0.2351 -0.5560
vn -0.8599 -0.0605 -0.5069
vn -0.8162 -0.3388 -0.4679
vn -0.8685 -0.2180 -0.4453
vn -0.6282 -0.0660 -0.7752
vn -0.5541 0.1845 -0.8118
vn -0.4704 0.3449 -0.8123
vn -0.7300 -0.2327 -0.6426
vn -0.6594 -0.2911 -0.6931
vn -0.5526 0.0848 -0.8291
vn -0.5540 0.3258 -0.7661
vn -0.5647 -0.0945 -0.8199
vn -0.5845 0.5855 0.5617
vn -0.3953 0.5466 -0.7382
vn -0.2130 -0.4675 -0.8580
vn -0.8000 0.0911 -0.5930
vn -0.7847 -0.4967 -0.3709
vn -0.7476 -0.4408 -0.4968
vn -0.7254 -0.4076 -0.5547
vn -0.7058 -0.3934 -0.5892
vn -0.6552 -0.1813 -0.7334
vn -0.7484 -0.3792 -0.5442
vn 0.3715 0.0905 -0.9240
vn -0.2076 -0.5022 -0.8395
vn -0.5497 -0.1384 -0.8238
vn -0.8279 -0.4243 -0.3669
vn -0.8972 -0.2473 -0.3658
vn -0.8164 -0.4953 -0.2968
vn -0.9225 -0.2128 -0.3220
vn -0.8674 -0.4149 -0.2745
vn -0.9227 -0.3193 -0.2158
vn -0.8290 -0.5176 -0.2119
vn -0.8647 -0.4760 -0.1602
vn -0.9056 -0.4132 -0.0958
vn -0.7546 -0.6118 -0.2372
vn -0.7527 -0.5211 -0.4023
vn -0.8493 -0.5182 -0.1006
vn -0.6509 -0.4244 -0.6294
vn -0.7278 0.4093 0.5503
vn -0.6498 0.5631 0.5106
vn -0.5641 0.5918 0.5758
vn -0.5398 -0.2679 -0.7981
vn -0.5422 -0.4300 -0.7219
vn -0.5221 -0.3954 -0.7557
vn -0.8385 0.0897 -0.5375
vn -0.8489 0.1814 -0.4965
vn -0.8713 -0.1808 -0.4562
vn -0.6953 -0.5601 -0.4504
vn 0.0946 0.9316 -0.3509
vn -0.4601 -0.3334 -0.8229
vn -0.1067 0.9674 -0.2295
vn -0.6312 -0.7688 0.1024
vn -0.7026 -0.6977 0.1398
vn -0.9309 0.3039 0.2025
vn -0.6513 -0.7419 0.1592
vn -0.8985 0.3837 0.2132
vn -0.8987 0.3613 0.2485
vn -0.6669 -0.7190 0.1958
vn -0.8211 0.5064 0.2634
vn -0.6563 -0.7195 0.2270
vn -0.7998 0.5257 0.2898
vn -0.9110 0.1833 0.3694
vn -0.5618 -0.4700 -0.6808
vn -0.4583 -0.3018 -0.8360
vn -0.5955 -0.5198 -0.6125
vn -0.6672 -0.6874 0.2870
vn -0.7959 0.4907 0.3545
vn -0.6553 -0.6888 0.3101
vn -0.8760 0.1971 0.4402
vn -0.7906 -0.2965 0.5357
vn -0.6408 -0.6883 0.3401
vn -0.8540 0.1901 0.4842
vn -0.8611 -0.3152 -0.3988
vn -0.8121 -0.4844 -0.3253
vn -0.4431 -0.4614 -0.7686
vn -0.6126 -0.6990 0.3689
vn -0.7556 0.4411 0.4842
vn -0.5892 -0.6982 0.4066
vn -0.2409 -0.4438 -0.8631
vn -0.1901 -0.5365 -0.8222
vn -0.3953 -0.0375 -0.9178
vn -0.1938 0.9314 0.3082
vn -0.6090 0.7241 0.3238
vn -0.6673 0.5937 0.4497
vn -0.7801 0.3098 0.5435
vn -0.6176 0.6020 0.5061
vn -0.6154 0.6148 0.4933
vn -0.9479 0.1715 -0.2687
vn -0.9180 0.2628 -0.2971
vn -0.9346 0.2212 -0.2786
vn -0.8991 0.2821 -0.3348
vn -0.8801 0.3391 -0.3324
vn -0.9545 0.1989 -0.2222
vn -0.9642 0.1423 -0.2237
vn -0.9314 0.3095 -0.1917
vn -0.9788 -0.1179 -0.1674
vn -0.9371 0.3207 -0.1380
vn -0.9746 0.1489 -0.1674
vn -0.9913 0.0987 -0.0871
vn -0.9934 0.0946 -0.0641
vn -0.9773 0.2022 -0.0638
vn -0.9485 0.3156 -0.0280
vn -0.9895 0.1428 0.0220
vn -0.9658 -0.2546 -0.0489
vn -0.9508 0.3075 0.0382
vn -0.9943 0.1015 0.0324
vn -0.9797 -0.1920 0.0570
vn -0.9884 0.1188 0.0942
vn -0.9795 0.1726 0.1034
vn -0.9855 -0.0343 -0.1660
vn -0.9834 0.0904 0.1574
vn -0.9540 0.2620 0.1459
vn -0.9964 -0.0318 0.0788
vn -0.9883 -0.1445 -0.0494
vn -0.9230 0.0993 -0.3719
vn -0.9459 -0.0604 -0.3189
vn -0.8131 -0.5675 -0.1301
vn -0.9601 -0.1511 -0.2352
vn -0.9658 -0.2192 -0.1387
vn -0.8121 -0.4844 -0.3253
vn -0.8776 0.2511 -0.4085
vn -0.8611 0.3298 -0.3869
vn -0.8611 -0.3152 -0.3988
vn -0.8970 0.0177 -0.4416
vn -0.8713 -0.1808 -0.4562
vn -0.8282 0.3675 -0.4232
vn -0.8513 0.1256 -0.5095
vn -0.8222 0.2896 -0.4899
vn -0.7811 0.3996 -0.4798
vn -0.7546 -0.6118 -0.2372
vn -0.8972 -0.2473 -0.3658
vn -0.8599 -0.0605 -0.5069
vn -0.9225 -0.2128 -0.3220
vn -0.9618 -0.2738 0.0071
vn -0.9804 -0.1838 0.0706
vn -0.8685 -0.2180 -0.4453
vn -0.9227 -0.3193 -0.2158
vn -0.9726 -0.1680 0.1606
vn -0.7337 -0.6728 0.0954
vn -0.9296 0.2871 0.2310
vn -0.9766 0.0063 0.2151
vn -0.8810 -0.4071 0.2410
vn -0.7834 -0.5762 0.2329
vn -0.9607 0.1476 0.2353
vn -0.9606 -0.1615 0.2263
vn -0.9289 0.2258 0.2935
vn -0.9394 0.1585 0.3041
vn -0.9499 -0.0672 0.3053
vn -0.9468 -0.1769 0.2689
vn -0.9056 -0.4132 -0.0958
vn -0.9169 -0.3983 -0.0245
vn -0.8844 -0.4380 0.1610
vn -0.9306 -0.0963 0.3532
vn -0.9176 0.1331 0.3746
vn -0.9099 0.2632 0.3207
vn -0.9281 -0.3670 0.0636
vn -0.8950 0.2420 0.3747
vn -0.7651 -0.5833 0.2729
vn -0.8533 0.3134 0.4167
vn -0.8576 -0.2713 0.4369
vn -0.8995 0.0585 0.4330
vn -0.9086 -0.1470 0.3910
vn -0.8405 0.2091 0.4999
vn -0.9135 -0.3900 0.1156
vn -0.8489 0.1814 -0.4965
vn -0.8385 0.0897 -0.5375
vn -0.7356 0.4333 -0.5207
vn -0.8166 0.1199 -0.5646
vn -0.7491 0.3333 -0.5725
vn -0.8000 0.0911 -0.5930
vn -0.7613 0.1168 -0.6378
vn -0.6948 0.4148 -0.5875
vn -0.7097 0.3245 -0.6253
vn -0.9584 -0.2581 -0.1221
vn -0.9779 -0.1853 -0.0964
vn -0.8357 0.0769 -0.5438
vn -0.9125 0.0198 -0.4085
vn -0.8232 -0.0427 -0.5661
vn -0.9361 0.3512 -0.0211
vn -0.9239 -0.3476 -0.1601
vn -0.8760 -0.4637 0.1326
vn -0.9311 -0.3246 0.1665
vn -0.8960 0.4405 0.0567
vn -0.8862 0.3237 0.3315
vn -0.8379 0.5119 -0.1893
vn -0.8799 -0.3170 0.3540
vn -0.8531 -0.4714 0.2236
vn -0.7875 -0.6024 0.1303
vn -0.8386 -0.4975 -0.2218
vn -0.7484 -0.3792 -0.5442
vn -0.8043 -0.5200 0.2877
vn -0.8901 -0.3920 0.2326
vn -0.9331 -0.1871 0.3072
vn -0.9627 -0.2263 0.1485
vn -0.9416 -0.2270 0.2488
vn -0.9473 -0.0870 0.3082
vn -0.9856 -0.0778 0.1499
vn -0.9872 -0.1521 0.0471
vn -0.9129 -0.2236 0.3415
vn -0.9303 -0.0001 0.3669
vn -0.8845 -0.4638 0.0497
vn -0.9526 -0.3033 -0.0255
vn -0.8093 -0.5775 0.1074
vn -0.7700 -0.6026 0.2099
vn -0.9982 0.0284 -0.0521
vn -0.9632 -0.2239 -0.1487
vn -0.9915 -0.1029 -0.0797
vn -0.9017 -0.4179 -0.1111
vn -0.9351 0.2477 0.2536
vn -0.8814 0.2241 0.4158
vn -0.9675 0.2354 0.0928
vn -0.9823 0.1834 -0.0370
vn -0.9866 0.0745 -0.1450
vn -0.9108 -0.3918 -0.1300
vn -0.8176 -0.5721 -0.0648
vn -0.7812 -0.5658 0.2638
vn -0.7741 -0.6327 -0.0195
vn -0.9208 -0.3378 0.1952
vn -0.9676 -0.1819 -0.1750
vn -0.9980 0.0478 0.0403
vn -0.8826 -0.3659 0.2951
vn -0.9992 0.0251 0.0316
vn -0.7560 -0.6545 0.0082
vn -0.9462 -0.0385 -0.3212
vn -0.8558 -0.1129 -0.5049
vn -0.6730 -0.6974 0.2463
vn -0.7175 -0.6932 0.0684
vn -0.6860 -0.7072 0.1712
vn -0.7205 -0.6929 -0.0288
vn -0.7188 -0.5832 -0.3785
vn -0.6908 -0.7158 -0.1023
vn -0.7779 -0.6089 -0.1553
vn -0.7663 -0.6222 -0.1600
vn -0.9580 0.2346 -0.1652
vn -0.5782 -0.6663 -0.4708
vn -0.6599 -0.7200 -0.2149
vn -0.5976 -0.8010 -0.0341
vn -0.6140 -0.7626 -0.2036
vn -0.5780 -0.8031 0.1445
vn -0.5244 -0.8483 -0.0739
vn -0.5593 -0.8196 0.1245
vn -0.5784 -0.7481 -0.3253
vn -0.9366 0.1962 -0.2902
vn -0.5006 -0.8615 0.0849
vn -0.5636 -0.5845 -0.5837
vn -0.6026 -0.7454 -0.2850
vn -0.4754 -0.8698 -0.1321
vn -0.5169 -0.8272 -0.2206
vn -0.4758 -0.8795 0.0091
vn -0.4323 -0.8979 0.0829
vn -0.9121 0.2635 -0.3140
vn -0.9312 0.3361 -0.1411
vn -0.9182 0.3599 0.1654
vn -0.8602 0.3038 0.4095
vn -0.9184 0.3957 -0.0047
vn -0.8357 0.4866 -0.2546
vn -0.8939 0.3488 0.2815
vn -0.8775 0.3712 -0.3038
vn -0.8201 0.3796 0.4282
vn -0.8123 0.3437 0.4712
vn -0.8100 0.4565 0.3680
vn -0.8196 0.4216 0.3880
vn -0.8753 0.1268 -0.4666
vn -0.8805 0.2395 -0.4090
vn -0.7758 0.4967 -0.3891
vn -0.7282 0.3624 -0.5817
vn -0.8710 0.4744 -0.1277
vn -0.8317 0.4966 -0.2484
vn -0.8507 0.5033 0.1518
vn -0.8210 0.2754 -0.5001
vn -0.7871 0.5493 0.2807
vn -0.7278 0.4093 0.5503
vn -0.7573 0.4595 0.4642
vn -0.8145 0.5796 0.0251
vn -0.7515 0.2637 -0.6047
vn -0.5721 -0.1507 -0.8063
vn -0.8167 0.4477 -0.3642
vn -0.4408 -0.5551 -0.7054
vn -0.7677 0.6287 -0.1236
vn -0.7167 0.6724 0.1849
vn -0.6937 0.6352 0.3394
vn -0.7457 0.3475 -0.5685
vn -0.7683 0.4554 -0.4498
vn -0.4508 -0.4746 -0.7560
vn -0.6498 0.5631 0.5106
vn -0.5689 0.5077 -0.6470
vn -0.6875 0.6595 -0.3039
vn -0.6971 0.5643 -0.4423
vn 0.5534 0.1782 0.8136
vn 0.5349 -0.0663 0.8423
vn 0.6160 0.0648 0.7851
vn 0.4802 0.1961 0.8550
vn 0.4406 -0.0341 0.8971
vn 0.4076 0.1903 0.8931
vn 0.4179 -0.0237 0.9082
vn 0.3695 0.2093 0.9054
vn 0.6560 0.0581 0.7525
vn 0.7150 -0.2331 0.6591
vn 0.6918 0.1965 0.6948
vn 0.4240 -0.2395 0.8734
vn 0.4528 -0.2736 0.8486
vn 0.6351 -0.1015 0.7657
vn 0.5263 -0.2840 0.8015
vn 0.5842 -0.2721 0.7646
vn 0.6488 0.1929 0.7361
vn 0.6953 -0.0315 0.7180
vn 0.6961 0.1915 0.6919
vn 0.6526 -0.2637 0.7104
vn 0.7468 -0.0221 0.6647
vn 0.7354 0.1606 0.6583
vn 0.5702 0.3706 0.7332
vn 0.4932 0.3742 0.7853
vn 0.7218 -0.2591 0.6417
vn 0.7648 -0.1508 0.6263
vn 0.4057 -0.4012 0.8213
vn 0.7684 0.1439 0.6236
vn 0.8164 0.1240 0.5640
vn 0.8152 -0.1207 0.5665
vn 0.5765 0.2356 0.7824
vn 0.5101 0.0246 0.8598
vn 0.4902 -0.4553 0.7433
vn 0.4898 -0.5991 0.6334
vn 0.4316 0.3241 0.8418
vn 0.3921 -0.3724 0.8412
vn 0.3681 -0.0369 0.9291
vn 0.3578 0.3348 0.8717
vn 0.6138 0.3730 0.6958
vn 0.6507 -0.1472 0.7449
vn 0.6879 -0.0137 0.7256
vn 0.6728 0.3362 0.6590
vn 0.7309 -0.2046 0.6511
vn 0.7030 0.3595 0.6137
vn 0.3241 -0.0777 0.9428
vn 0.3081 0.3866 0.8693
vn 0.2609 -0.5237 0.8110
vn 0.4760 0.3874 0.7895
vn 0.6474 0.4126 0.6407
vn 0.5626 0.5405 0.6255
vn 0.3297 -0.0414 0.9432
vn 0.3844 -0.4267 0.8186
vn 0.5504 -0.0345 0.8342
vn 0.4953 0.5305 0.6880
vn 0.7409 0.3290 0.5855
vn 0.7537 0.3637 0.5474
vn 0.7937 0.0578 0.6056
vn 0.8152 0.2557 0.5197
vn 0.8674 0.0111 0.4975
vn 0.8071 0.1769 0.5632
vn 0.8205 0.2439 0.5170
vn 0.8494 0.1667 0.5008
vn 0.8085 0.3993 0.4324
vn 0.8130 -0.1929 0.5494
vn 0.8294 0.3294 0.4513
vn 0.8560 -0.1448 0.4963
vn 0.6059 0.6491 0.4600
vn 0.4763 0.7227 0.5008
vn 0.8482 0.2436 0.4703
vn 0.7369 0.3266 0.5919
vn 0.8757 -0.0030 0.4828
vn 0.6878 -0.0812 0.7213
vn 0.5568 0.4611 0.6909
vn 0.4229 0.1211 0.8980
vn 0.3037 0.4067 0.8616
vn 0.3562 0.5921 0.7229
vn 0.5917 0.6198 0.5155
vn 0.1179 0.1876 0.9751
vn 0.3893 -0.2338 0.8910
vn 0.3291 0.7226 0.6079
vn 0.2638 -0.1183 0.9573
vn 0.3124 0.7768 0.5467
vn 0.0909 0.5103 0.8552
vn 0.0863 0.8059 0.5857
vn 0.1986 0.6894 0.6967
vn 0.1124 -0.0576 0.9920
vn 0.8677 -0.0921 0.4885
vn 0.5164 -0.3605 0.7768
vn -0.0018 -0.1689 0.9856
vn -0.0838 0.4440 0.8921
vn 0.8352 -0.2871 0.4691
vn 0.6440 -0.5933 0.4830
vn 0.8337 -0.3435 0.4323
vn -0.0221 0.7342 0.6786
vn 0.6319 -0.6623 0.4024
vn 0.6517 -0.4407 0.6173
vn -0.0536 -0.0030 0.9986
vn 0.3414 -0.6992 0.6281
vn 0.5227 -0.4445 0.7274
vn 0.1606 -0.7286 0.6659
vn 0.0325 -0.2803 0.9594
vn 0.4461 -0.4735 0.7594
vn 0.3322 -0.4325 0.8382
vn 0.5970 -0.5063 0.6223
vn 0.5551 -0.5214 0.6481
vn 0.6396 -0.4216 0.6428
vn 0.1863 -0.4897 0.8518
vn 0.7701 -0.4762 0.4244
vn 0.3551 -0.5643 0.7453
vn 0.2813 -0.5537 0.7838
vn 0.2946 -0.6633 0.6879
vn 0.4439 -0.6704 0.5946
vn 0.4909 -0.6010 0.6307
vn 0.4206 -0.5972 0.6830
vn 0.6851 -0.5778 0.4437
vn 0.3065 -0.6645 0.6816
vn 0.5343 -0.6975 0.4776
vn -0.1042 -0.5034 0.8577
vn 0.6418 -0.6970 0.3197
vn -0.3213 -0.3529 0.8788
vn 0.8717 -0.4270 -0.2404
vn 0.9016 -0.3285 -0.2814
vn 0.9025 -0.3873 -0.1885
vn 0.7863 -0.5609 -0.2590
vn 0.6839 -0.7095 -0.1701
vn 0.6836 -0.7174 -0.1344
vn 0.7817 -0.5676 -0.2583
vn 0.7062 -0.7003 -0.1036
vn 0.7748 -0.6204 -0.1218
vn 0.6490 -0.7585 -0.0593
vn 0.7714 -0.6356 -0.0303
vn 0.5930 -0.8051 0.0054
vn 0.7795 -0.6240 0.0544
vn 0.6804 -0.7306 0.0571
vn 0.9970 -0.0769 0.0084
vn 0.9387 0.0377 -0.3427
vn 0.7044 -0.6542 -0.2753
vn 0.9054 -0.1873 -0.3809
vn 0.7312 -0.6002 -0.3242
vn 0.8730 -0.2283 -0.4310
vn 0.8692 -0.2402 -0.4322
vn 0.9866 -0.0863 -0.1386
vn 0.9636 -0.0678 -0.2584
vn 0.9755 0.0413 -0.2162
vn 0.9501 -0.2788 -0.1401
vn 0.9907 -0.0955 -0.0967
vn 0.9850 -0.1723 -0.0019
vn 0.9746 0.1028 -0.1992
vn 0.7047 0.7074 -0.0555
vn 0.6300 -0.7725 0.0792
vn 0.7035 -0.7046 0.0927
vn 0.5767 -0.8104 0.1029
vn 0.6871 -0.7112 0.1486
vn 0.5479 -0.8238 0.1457
vn 0.8027 -0.5693 0.1777
vn 0.6091 -0.7728 0.1784
vn 0.5234 -0.8332 0.1782
vn 0.6555 -0.7110 0.2545
vn 0.5900 -0.7706 0.2410
vn 0.5297 -0.8084 0.2565
vn 0.5929 -0.7561 0.2772
vn 0.4602 -0.8484 0.2616
vn 0.6636 -0.6527 0.3657
vn 0.4892 -0.8166 0.3065
vn 0.5173 -0.7827 0.3462
vn 0.4777 -0.8000 0.3631
vn 0.6591 -0.6297 0.4112
vn 0.6319 -0.6623 0.4024
vn 0.8499 -0.2296 0.4743
vn 0.8527 -0.2773 0.4427
vn 0.9156 -0.3206 0.2426
vn 0.7897 -0.4803 0.3816
vn 0.8314 -0.4264 0.3563
vn 0.8654 -0.3872 0.3182
vn 0.9448 -0.1480 0.2924
vn 0.7359 -0.6298 0.2487
vn 0.9307 0.1443 0.3361
vn 0.8457 -0.4539 0.2808
vn 0.9831 -0.0986 0.1539
vn 0.9051 -0.4132 0.1003
vn 0.9467 -0.2868 0.1470
vn 0.8907 -0.4183 0.1778
vn 0.7916 -0.0970 0.6033
vn 0.9410 0.2742 0.1982
vn 0.9464 -0.1446 0.2887
vn 0.9313 -0.2711 0.2433
vn 0.8279 -0.0337 0.5599
vn 0.9126 0.0529 0.4054
vn 0.9893 0.0539 0.1357
vn 0.8701 0.3483 0.3486
vn 0.7461 0.6333 0.2054
vn 0.6151 0.7757 0.1413
vn 0.6349 0.7704 0.0578
vn 0.6062 0.7952 0.0146
vn 0.9463 0.3209 0.0389
vn 0.9749 0.2065 0.0832
vn 0.9787 0.2041 0.0229
vn 0.9383 0.3345 0.0878
vn 0.9651 0.2598 -0.0319
vn 0.9816 0.1876 -0.0345
vn 0.9461 0.2972 0.1289
vn 0.9855 0.0809 0.1490
vn 0.9676 0.1875 0.1694
vn 0.9241 0.3358 0.1822
vn 0.9085 0.3527 0.2239
vn 0.9717 0.0908 0.2179
vn 0.9398 0.1859 0.2868
vn 0.9759 -0.0114 0.2179
vn 0.9169 0.3009 0.2623
vn 0.9181 0.2398 0.3157
vn 0.9325 0.1526 0.3274
vn 0.8979 0.1989 0.3928
vn 0.8863 0.2980 0.3545
vn 0.9966 0.0132 0.0812
vn 0.8811 0.2440 0.4051
vn 0.9596 -0.0344 0.2791
vn 0.9989 -0.0459 -0.0060
vn 0.9372 -0.0100 0.3486
vn 0.9215 0.3746 -0.1022
vn 0.9850 0.1586 -0.0685
vn 0.9712 0.1802 -0.1557
vn 0.9662 -0.1360 0.2188
vn 0.9944 -0.0617 -0.0863
vn 0.9514 0.2722 -0.1438
vn 0.9052 0.3857 -0.1781
vn 0.9636 0.1533 -0.2191
vn 0.9827 -0.1176 -0.1433
vn 0.9840 0.0421 -0.1730
vn 0.9905 -0.1123 0.0793
vn 0.9671 -0.2018 0.1546
vn 0.9461 0.1974 -0.2566
vn 0.9728 0.0994 -0.2094
vn 0.8929 0.3908 -0.2237
vn 0.9733 -0.0668 -0.2198
vn 0.9554 0.0521 -0.2907
vn 0.9655 -0.2584 -0.0315
vn 0.9173 -0.0365 0.3964
vn 0.9594 -0.2804 0.0292
vn 0.9042 0.0308 0.4261
vn 0.8796 0.1332 0.4566
vn 0.9437 -0.2053 0.2593
vn 0.8294 0.3294 0.4513
vn 0.8869 -0.0402 0.4601
vn 0.8560 -0.1448 0.4963
vn 0.8494 0.1667 0.5008
vn 0.9245 -0.2076 0.3196
vn 0.8677 -0.0921 0.4885
vn 0.9385 -0.2813 0.2001
vn 0.9368 -0.3295 0.1177
vn 0.8878 -0.1870 0.4206
vn 0.8847 -0.3102 0.3480
vn 0.9443 -0.3098 -0.1107
vn 0.9335 0.2682 -0.2381
vn 0.9450 -0.2469 -0.2143
vn 0.9164 -0.3708 -0.1507
vn 0.9037 -0.3700 0.2156
vn 0.9378 -0.2115 -0.2755
vn 0.9340 -0.1483 -0.3249
vn 0.8847 -0.4312 0.1772
vn 0.8616 -0.3265 0.3887
vn 0.8942 -0.4447 0.0521
vn 0.8591 -0.4388 0.2635
vn 0.8917 -0.4517 -0.0299
vn 0.8338 -0.3362 0.4379
vn 0.8145 -0.2780 0.5092
vn 0.8152 -0.1207 0.5665
vn 0.8618 -0.4947 0.1120
vn 0.8669 -0.4927 -0.0755
vn 0.8687 -0.4507 -0.2057
vn 0.8164 -0.4588 0.3507
vn 0.8036 -0.5255 0.2794
vn 0.8810 -0.3764 -0.2867
vn 0.8383 -0.5451 -0.0093
vn 0.8394 -0.5330 -0.1066
vn 0.8884 -0.2365 -0.3934
vn 0.8572 -0.3781 -0.3497
vn 0.7879 -0.5814 0.2030
vn 0.8170 -0.5719 0.0738
vn 0.7601 -0.3351 0.5567
vn 0.7716 -0.5073 0.3838
vn 0.7877 -0.5966 0.1537
vn 0.7630 -0.4689 0.4450
vn 0.7901 -0.5919 -0.1591
vn 0.7648 -0.1508 0.6263
vn 0.8204 -0.5077 -0.2631
vn 0.8205 0.2439 0.5170
vn 0.7071 -0.5082 0.4917
vn 0.7686 -0.6397 0.0060
vn 0.7218 -0.2591 0.6417
vn 0.7200 -0.6157 0.3203
vn 0.7242 -0.6817 0.1041
vn 0.7410 -0.6691 -0.0574
vn 0.7954 -0.5203 -0.3109
vn 0.8256 -0.3694 -0.4265
vn 0.8572 -0.1939 -0.4770
vn 0.7607 -0.6190 -0.1951
vn 0.7231 -0.6898 0.0367
vn 0.7504 -0.6524 -0.1061
vn 0.6912 -0.6861 0.2269
vn 0.6884 -0.6741 0.2678
vn 0.6860 -0.4976 0.5308
vn 0.6916 -0.6138 0.3808
vn 0.7015 -0.6946 0.1594
vn 0.7814 -0.5101 -0.3593
vn 0.6601 -0.5053 0.5559
vn 0.6571 -0.6238 0.4232
vn 0.7261 -0.6400 -0.2514
vn 0.6890 -0.7109 -0.1411
vn 0.6643 -0.7473 -0.0159
vn 0.6640 -0.7396 0.1100
vn 0.7717 -0.4239 -0.4741
vn 0.7296 -0.5464 -0.4113
vn 0.6979 -0.6442 -0.3130
vn 0.6193 -0.7827 0.0624
vn 0.6163 -0.7293 0.2972
vn 0.6349 -0.7725 0.0135
vn 0.6323 -0.5079 0.5850
vn 0.6396 -0.4216 0.6428
vn 0.6146 -0.7717 0.1638
vn 0.6026 -0.7638 0.2313
vn 0.6882 -0.6324 -0.3557
vn 0.5794 -0.7366 0.3488
vn 0.5886 -0.6383 0.4961
vn 0.5620 -0.8063 0.1842
vn 0.5863 -0.6913 0.4222
vn 0.6427 -0.7161 -0.2721
vn 0.6526 -0.2637 0.7104
vn 0.5561 -0.7950 0.2425
vn 0.5654 -0.7711 0.2928
vn 0.6538 -0.6460 -0.3940
vn 0.7360 -0.4600 -0.4966
vn 0.7807 -0.2944 -0.5512
vn 0.6360 -0.6198 -0.4597
vn 0.5423 -0.6134 0.5741
vn 0.5613 -0.7712 -0.3003
vn 0.5027 -0.7896 0.3518
vn 0.5006 -0.7556 0.4224
vn 0.5265 -0.7106 0.4667
vn 0.4884 -0.7145 0.5009
vn 0.5551 -0.5214 0.6481
vn 0.5436 -0.7561 -0.3644
vn 0.7010 -0.4495 -0.5536
vn 0.5782 -0.6977 -0.4230
vn 0.6037 -0.5816 -0.5452
vn 0.7503 -0.2158 -0.6249
vn 0.5328 -0.7017 -0.4730
vn 0.6566 -0.4583 -0.5991
vn 0.4880 -0.7734 -0.4046
vn 0.6880 -0.3364 -0.6430
vn 0.5607 -0.6244 -0.5437
vn 0.4020 -0.7999 0.4455
vn 0.4449 -0.7174 0.5361
vn 0.3602 -0.7913 0.4941
vn 0.4225 -0.8072 -0.4122
vn 0.4368 -0.7524 -0.4931
vn 0.4960 -0.6497 -0.5761
vn 0.4246 -0.6905 0.5856
vn 0.3205 -0.7548 0.5724
vn 0.3756 -0.6896 0.6192
vn 0.4909 -0.6010 0.6307
vn 0.3691 -0.7372 -0.5660
vn 0.4656 -0.6530 -0.5973
vn 0.2953 -0.6936 0.6571
vn 0.4206 -0.5972 0.6830
vn 0.4526 -0.5844 -0.6735
vn 0.3962 -0.6632 -0.6349
vn -0.1341 -0.7855 0.6041
vn -0.2111 -0.0576 0.9758
vn -0.1242 -0.7732 0.6218
vn -0.2231 -0.4051 0.8866
vn -0.0867 0.1682 0.9819
vn -0.1518 -0.5679 0.8090
vn -0.0528 0.0971 0.9939
vn -0.0018 -0.1689 0.9856
vn 0.0662 0.0679 0.9955
vn 0.2638 -0.1183 0.9573
vn 0.1606 -0.7286 0.6659
vn 0.4953 0.5305 0.6880
vn 0.1048 -0.0898 0.9904
vn 0.2001 -0.2187 0.9551
vn -0.1909 -0.7688 0.6104
vn -0.3000 -0.0717 0.9512
vn -0.3544 0.1457 0.9237
vn -0.2587 -0.7068 0.6585
vn -0.4093 -0.0077 0.9124
vn -0.2687 -0.7589 0.5932
vn -0.4607 -0.0386 0.8867
vn -0.2996 -0.8073 0.5084
vn -0.1848 -0.7027 0.6871
vn -0.2390 -0.7322 0.6378
vn -0.3229 -0.5733 0.7530
vn -0.4215 -0.2962 0.8571
vn -0.5727 0.1058 0.8129
vn -0.3063 -0.2375 0.9218
vn -0.2708 -0.3059 0.9128
vn -0.3747 -0.3986 0.8371
vn -0.2557 -0.8071 0.5322
vn -0.2984 -0.8004 0.5200
vn -0.4570 -0.3723 0.8078
vn -0.4917 -0.1627 0.8554
vn -0.3998 -0.7074 0.5829
vn 0.1200 -0.8312 0.5429
vn 0.2553 -0.4751 0.8421
vn -0.5437 -0.2474 0.8020
vn -0.4063 -0.7583 0.5098
vn -0.6139 -0.0846 0.7848
vn -0.6657 -0.3469 0.6607
vn -0.4061 -0.8183 0.4067
vn -0.5398 -0.7187 0.4384
vn 0.2313 -0.0063 0.9729
vn -0.5093 -0.7417 0.4365
vn -0.5504 -0.7334 0.3991
vn -0.5892 -0.6982 0.4066
vn -0.6270 -0.6751 0.3887
vn -0.6126 -0.6990 0.3689
vn -0.4554 -0.7428 0.4908
vn -0.6408 -0.6883 0.3401
vn -0.6454 -0.6979 0.3105
vn -0.6553 -0.6888 0.3101
vn -0.6672 -0.6874 0.2870
vn -0.6885 -0.6665 0.2859
vn -0.7651 -0.5833 0.2729
vn -0.6563 -0.7195 0.2270
vn -0.6669 -0.7190 0.1958
vn -0.7834 -0.5762 0.2329
vn -0.6513 -0.7419 0.1592
vn -0.7398 -0.6514 0.1685
vn -0.7026 -0.6977 0.1398
vn -0.8844 -0.4380 0.1610
vn -0.6312 -0.7688 0.1024
vn -0.7337 -0.6728 0.0954
vn -0.6999 -0.7095 0.0815
vn -0.7451 -0.6668 0.0152
vn -0.8743 -0.4854 -0.0041
vn -0.7126 -0.6977 -0.0738
vn -0.9658 -0.2546 -0.0489
vn -0.8131 -0.5675 -0.1301
vn -0.7571 -0.6420 -0.1211
vn -0.9652 -0.1635 -0.2039
vn -0.8363 -0.4991 -0.2268
vn -0.7546 -0.6118 -0.2372
vn -0.7183 -0.2584 0.6460
vn -0.8009 -0.1153 0.5875
vn -0.8409 0.0642 0.5374
vn -0.8576 -0.2713 0.4369
vn -0.9086 -0.1470 0.3910
vn -0.8810 -0.4071 0.2410
vn -0.9797 -0.1920 0.0570
vn -0.9766 0.0063 0.2151
vn -0.9943 0.1015 0.0324
vn 0.3409 0.9202 0.1923
vn 0.3636 0.8583 0.3621
vn 0.4790 0.8280 0.2914
vn 0.2551 0.8935 0.3697
vn 0.1705 0.9338 0.3147
vn 0.1665 0.9682 0.1869
vn 0.2351 0.9715 0.0295
vn 0.4272 0.9029 0.0481
vn 0.4859 0.8690 0.0939
vn 0.3232 0.9428 -0.0812
vn 0.1227 0.9924 -0.0014
vn 0.0360 0.9962 0.0794
vn 0.0084 0.9688 0.2477
vn -0.0053 0.9306 0.3661
vn 0.1613 0.8512 0.4994
vn 0.2588 0.8215 0.5082
vn 0.0422 0.8522 0.5216
vn 0.3993 0.7815 0.4794
vn 0.4706 0.7441 0.4742
vn 0.5912 0.7832 0.1926
vn -0.1044 0.9781 0.1801
vn 0.1561 0.9770 -0.1454
vn -0.1396 0.9172 0.3731
vn -0.1615 0.9832 0.0850
vn -0.0044 0.9917 -0.1282
vn -0.1406 0.9858 -0.0920
vn -0.2107 0.9338 0.2890
vn -0.1184 0.8501 0.5131
vn 0.0617 0.9756 -0.2106
vn -0.0707 0.8203 0.5675
vn -0.2935 0.9377 0.1858
vn 0.2406 0.9373 -0.2524
vn 0.1152 0.8294 0.5467
vn -0.2597 0.8519 0.4548
vn -0.3321 0.9392 0.0873
vn -0.2940 0.9549 -0.0407
vn -0.3402 0.8906 0.3019
vn -0.1531 0.9694 -0.1917
vn -0.0518 0.8445 0.5331
vn 0.0493 0.9696 0.2395
vn -0.0994 0.9673 0.2333
vn -0.1498 0.9885 0.0215
vn 0.2523 0.9361 0.2451
vn 0.3238 0.8676 0.3774
vn -0.1925 0.8195 0.5398
vn 0.1437 0.9846 0.0995
vn 0.2861 0.9569 -0.0506
vn 0.2731 0.7826 0.5594
vn 0.4749 0.8605 0.1844
vn 0.4657 0.8711 -0.1563
vn 0.4189 0.7627 0.4927
vn -0.3122 0.8949 0.3188
vn -0.2810 0.9585 -0.0493
vn -0.2704 0.7740 0.5725
vn -0.3515 0.7681 0.5353
vn -0.3519 0.8237 0.4445
vn -0.4461 0.8324 0.3287
vn -0.3978 0.7310 0.5544
vn -0.4626 0.8764 0.1342
vn -0.5123 0.7140 0.4772
vn -0.4384 0.8709 0.2220
vn -0.5449 0.6962 0.4672
vn -0.4741 0.8797 0.0367
vn -0.4510 0.6567 0.6044
vn -0.5653 0.7955 0.2182
vn -0.4079 0.9097 -0.0777
vn -0.5892 0.7417 0.3205
vn -0.3084 0.9302 -0.1990
vn -0.5270 0.8498 -0.0145
vn -0.6074 0.6754 0.4182
vn -0.5641 0.5918 0.5758
vn -0.6124 0.7852 0.0917
vn -0.0750 0.9443 -0.3205
vn -0.6524 0.7461 0.1329
vn -0.5845 0.5855 0.5617
vn -0.7292 0.6313 0.2641
vn -0.6498 0.5631 0.5106
vn -0.6937 0.6352 0.3394
vn -0.7167 0.6724 0.1849
vn -0.2051 0.9232 -0.3249
vn -0.5319 0.8236 -0.1969
vn -0.4660 0.8470 -0.2558
vn -0.2840 0.8912 -0.3536
vn -0.3960 0.8360 -0.3798
vn 0.0654 0.9301 -0.3615
vn -0.6240 0.7691 -0.1379
vn -0.6926 0.7212 0.0108
vn -0.7667 0.6388 -0.0640
vn 0.4019 0.8832 -0.2418
vn 0.5116 0.8481 -0.1378
vn 0.6262 0.6993 0.3448
vn 0.5298 0.7764 0.3415
vn 0.5115 0.6608 0.5493
vn 0.5381 0.6598 0.5245
vn 0.5785 0.8155 -0.0181
vn 0.6629 0.7141 0.2247
vn 0.1320 0.8895 -0.4374
vn -0.0487 0.8804 -0.4717
vn 0.3100 0.8729 -0.3767
vn -0.2065 0.8551 -0.4755
vn 0.6578 0.7530 0.0124
vn 0.6785 0.7063 0.2019
vn 0.4268 0.8464 -0.3187
vn 0.6109 0.5816 0.5371
vn 0.6502 0.5844 0.4855
vn 0.7494 0.6565 0.0860
vn 0.2863 0.8257 -0.4860
vn 0.6543 0.7357 -0.1750
vn 0.5332 0.7673 -0.3563
vn 0.5788 0.7608 -0.2937
vn -0.5132 0.7809 -0.3561
vn 0.1518 0.8289 -0.5384
vn -0.0307 0.8235 -0.5665
vn 0.4261 0.7814 -0.4559
vn 0.7292 0.5694 0.3795
vn 0.7653 0.5855 0.2674
vn -0.1672 0.7767 -0.6073
vn -0.3870 0.7480 -0.5392
vn 0.7654 0.6351 -0.1035
vn -0.2846 0.7477 -0.6000
vn -0.5046 0.7255 -0.4680
vn -0.6875 0.6595 -0.3039
vn 0.2755 0.7462 -0.6060
vn -0.7677 0.6287 -0.1236
vn -0.7871 0.5493 0.2807
vn -0.6063 0.6789 -0.4141
vn -0.8145 0.5796 0.0251
vn 0.5213 0.7011 -0.4865
vn -0.7573 0.4595 0.4642
vn 0.6862 0.4882 0.5393
vn 0.7102 0.6225 -0.3288
vn 0.7244 0.5670 0.3920
vn 0.7261 0.4856 0.4868
vn 0.8160 0.5589 0.1480
vn 0.6521 0.5952 -0.4696
vn 0.7773 0.5497 -0.3059
vn -0.6971 0.5643 -0.4423
vn -0.2867 0.9267 -0.2430
vn -0.2455 0.8612 -0.4450
vn -0.1509 0.9117 -0.3821
vn -0.3598 0.8521 -0.3801
vn -0.4541 0.8792 -0.1444
vn -0.3047 0.7558 -0.5796
vn -0.4518 0.7616 -0.4645
vn -0.0741 0.9761 -0.2043
vn -0.0184 0.9014 -0.4326
vn -0.1038 0.8700 -0.4821
vn -0.1353 0.8383 -0.5282
vn -0.1989 0.8130 -0.5472
vn -0.0185 0.7476 -0.6639
vn -0.3103 0.7178 -0.6233
vn -0.2731 0.7666 -0.5812
vn -0.1988 0.7055 -0.6802
vn -0.1103 0.6104 -0.7844
vn -0.3152 0.7165 -0.6224
vn -0.3350 0.7489 -0.5718
vn -0.4161 0.6523 -0.6335
vn 0.0603 0.9371 -0.3438
vn 0.0563 0.8216 -0.5673
vn 0.1534 0.8833 -0.4430
vn 0.0584 0.9909 -0.1215
vn 0.1324 0.8059 -0.5771
vn 0.2080 0.7315 -0.6493
vn 0.1140 0.5879 -0.8009
vn 0.2807 0.8331 -0.4766
vn 0.2562 0.9313 -0.2590
vn 0.2617 0.7688 -0.5835
vn 0.2584 0.7657 -0.5890
vn 0.3729 0.8604 -0.3474
vn -0.3397 0.6243 -0.7034
vn 0.3808 0.7036 -0.5999
vn 0.2814 0.7258 -0.6277
vn 0.3592 0.7136 -0.6014
vn 0.3853 0.6971 -0.6046
vn 0.4962 0.7353 -0.4617
vn 0.2005 0.4224 -0.8839
vn 0.3428 0.6627 -0.6659
vn 0.3933 0.7609 -0.5161
vn 0.4290 0.6854 -0.5884
vn 0.6276 0.7681 -0.1267
vn 0.3320 0.5758 -0.7472
vn 0.4112 0.6007 -0.6856
vn -0.4232 0.7223 -0.5470
vn -0.4120 0.7222 -0.5555
vn -0.5100 0.6786 -0.5286
vn -0.4879 0.6787 -0.5489
vn -0.5693 0.7711 -0.2851
vn -0.3730 0.6439 -0.6681
vn -0.4516 0.6274 -0.6344
vn -0.5208 0.6975 -0.4922
vn -0.5541 0.7377 -0.3857
vn -0.5867 0.6586 -0.4712
vn -0.4035 0.6009 -0.6900
vn -0.5791 0.5928 -0.5598
vn -0.6885 0.6577 -0.3057
vn -0.3953 0.5466 -0.7382
vn -0.4949 0.4837 -0.7219
vn -0.4594 0.6486 0.6069
vn -0.5468 0.5391 0.6405
vn -0.6139 -0.0846 0.7848
vn -0.5437 -0.2474 0.8020
vn -0.3925 0.6965 0.6007
vn -0.4283 0.5293 0.7325
vn -0.4917 -0.1627 0.8554
vn -0.4607 -0.0386 0.8867
vn -0.6657 -0.3469 0.6607
vn -0.4766 0.7163 0.5096
vn -0.5549 0.6416 0.5296
vn -0.7525 0.0864 0.6529
vn -0.6154 0.6148 0.4933
vn -0.5398 -0.7187 0.4384
vn -0.5892 -0.6982 0.4066
vn -0.7801 0.3098 0.5435
vn -0.7556 0.4411 0.4842
vn 0.2972 0.5556 -0.7765
vn 0.4726 0.1540 -0.8677
vn 0.1914 0.0534 -0.9801
vn 0.0411 0.2868 -0.9571
vn 0.0801 0.7007 -0.7089
vn 0.6171 0.3592 -0.7002
vn 0.5446 0.6375 -0.5450
vn 0.3437 0.7307 -0.5899
vn -0.3006 0.4860 -0.8206
vn -0.2528 0.2371 -0.9380
vn -0.2257 0.7858 -0.5758
vn -0.1277 -0.1805 -0.9752
vn 0.1314 -0.1914 -0.9727
vn -0.5382 0.1241 -0.8336
vn -0.4332 -0.2434 -0.8678
vn 0.3091 -0.4513 -0.8371
vn -0.5507 0.5929 -0.5876
vn -0.7338 0.3546 -0.5795
vn -0.2729 -0.5442 -0.7933
vn 0.6745 -0.2255 -0.7030
vn -0.0541 -0.6905 -0.7213
vn 0.0952 -0.6964 -0.7113
vn 0.8064 0.2173 -0.5500
vn 0.5727 -0.5743 -0.5850
vn -0.6848 -0.3966 -0.6114
vn -0.3686 -0.7104 -0.5996
vn -0.9462 0.0630 -0.3175
vn 0.7723 -0.4317 -0.4660
vn -0.1294 0.1900 -0.9732
vn 0.0033 0.1520 -0.9884
vn -0.1045 0.0329 -0.9940
vn -0.2357 0.0117 -0.9718
vn -0.2554 0.2170 -0.9422
vn -0.3578 0.1214 -0.9259
vn -0.2015 0.3853 -0.9005
vn -0.0591 0.3321 -0.9414
vn -0.3231 0.3010 -0.8972
vn 0.1003 0.2310 -0.9678
vn -0.4536 0.1628 -0.8762
vn -0.4581 0.2702 -0.8468
vn -0.2945 0.0221 -0.9554
vn -0.3320 -0.0985 -0.9381
vn -0.3879 0.1409 -0.9109
vn -0.3282 0.0699 -0.9420
vn -0.1969 -0.1495 -0.9690
vn -0.2191 -0.1637 -0.9619
vn -0.2097 -0.2558 -0.9437
vn -0.1303 -0.1733 -0.9762
vn -0.2329 -0.2200 -0.9473
vn -0.0402 -0.1762 -0.9835
vn -0.0786 0.7997 -0.5952
vn 0.1029 0.8705 -0.4812
vn -0.2972 -0.3846 -0.8739
vn -0.3881 0.3198 -0.8644
vn -0.5721 -0.1507 -0.8063
vn 0.0990 -0.0028 -0.9951
vn -0.1801 -0.3657 -0.9132
vn -0.5094 0.1791 -0.8417
vn 0.1118 -0.1795 -0.9774
vn -0.1802 -0.4296 -0.8849
vn -0.2644 -0.2699 -0.9259
vn -0.4508 -0.4746 -0.7560
vn 0.1012 -0.1113 -0.9886
vn 0.1922 0.1299 -0.9727
vn -0.2041 0.8924 -0.4025
vn -0.5714 0.2680 -0.7757
vn -0.5561 0.2888 -0.7793
vn -0.4346 0.8370 -0.3325
vn -0.3840 0.4391 -0.8122
vn -0.7238 0.6778 -0.1292
vn -0.7282 0.3624 -0.5817
vn 0.0668 0.4132 -0.9082
vn -0.0519 0.5280 -0.8477
vn -0.5562 0.5482 -0.6245
vn 0.2296 -0.0874 -0.9694
vn 0.2902 -0.0101 -0.9569
vn -0.1679 0.5521 -0.8167
vn 0.2023 0.3766 -0.9040
vn 0.2903 0.2329 -0.9281
vn -0.4833 0.5005 -0.7183
vn -0.3337 0.5931 -0.7327
vn -0.6719 0.2817 -0.6850
vn -0.6062 0.3973 -0.6889
vn 0.0903 0.5315 -0.8422
vn -0.5689 0.5077 -0.6470
vn 0.3851 0.1544 -0.9099
vn 0.2462 -0.2429 -0.9383
vn 0.3564 0.0723 -0.9315
vn 0.3240 0.3351 -0.8847
vn 0.2128 -0.2119 -0.9538
vn 0.2097 -0.1768 -0.9616
vn -0.3422 -0.4797 -0.8080
vn -0.9619 0.2628 0.0754
vn 0.1698 -0.3933 -0.9036
vn 0.2172 -0.4115 -0.8851
vn 0.3698 -0.2060 -0.9060
vn 0.2260 -0.4175 -0.8801
vn 0.3473 -0.2703 -0.8979
vn 0.3730 0.0837 -0.9241
vn 0.2862 0.1520 -0.9460
vn 0.3407 0.0698 -0.9376
vn 0.4542 0.2022 -0.8677
vn 0.4065 0.4035 -0.8197
vn 0.5331 -0.2448 -0.8099
vn -0.2224 -0.6200 -0.7524
vn -0.1950 -0.5758 -0.7940
vn 0.3416 0.4738 -0.8117
vn 0.5226 0.2050 -0.8276
vn 0.4657 0.3663 -0.8056
vn 0.4960 0.4057 -0.7677
vn 0.5927 0.0744 -0.8020
vn 0.2039 -0.5817 -0.7874
vn 0.1473 0.5842 -0.7981
vn 0.9548 0.2697 0.1250
vn 0.6212 -0.4380 -0.6499
vn 0.5730 0.2682 -0.7744
vn 0.2614 0.6332 -0.7285
vn -0.0394 0.7006 -0.7125
vn -0.1261 0.6372 -0.7603
vn 0.5994 0.3218 -0.7329
vn 0.3171 -0.6993 -0.6406
vn 0.4462 0.5421 -0.7121
vn 0.0945 0.7307 -0.6761
vn 0.3554 0.6260 -0.6941
vn -0.2246 0.7007 -0.6772
vn 0.6706 0.3584 -0.6495
vn 0.5771 0.4779 -0.6623
vn -0.3823 0.6426 -0.6640
vn -0.1672 0.7767 -0.6073
vn 0.6750 0.5043 -0.5386
vn 0.2755 0.7462 -0.6060
vn 0.7322 0.2827 -0.6196
vn -0.5684 0.5331 -0.6267
vn -0.2846 0.7477 -0.6000
vn -0.0307 0.8235 -0.5665
vn 0.4874 0.6578 -0.5742
vn 0.6049 0.5527 -0.5733
vn 0.6796 0.4341 -0.5914
vn 0.1518 0.8289 -0.5384
vn -0.5220 0.6323 -0.5725
vn -0.7515 0.2637 -0.6047
vn -0.6310 0.5058 -0.5882
vn -0.3870 0.7480 -0.5392
vn -0.8558 -0.1129 -0.5049
vn 0.7853 0.6160 -0.0620
vn -0.7457 0.3475 -0.5685
vn 0.4261 0.7814 -0.4559
vn 0.4628 0.8363 -0.2940
vn 0.2241 0.9138 -0.3388
vn -0.5046 0.7255 -0.4680
vn 0.5213 0.7011 -0.4865
vn 0.6521 0.5952 -0.4696
vn 0.7911 0.3080 -0.5286
vn -0.6971 0.5643 -0.4423
vn -0.6063 0.6789 -0.4141
vn -0.7683 0.4554 -0.4498
vn -0.7758 0.4967 -0.3891
vn 0.7933 0.4455 -0.4151
vn 0.2784 0.4835 0.8299
vn 0.2193 0.7637 0.6071
vn 0.2931 0.6441 0.7066
vn 0.2309 0.8507 0.4722
vn 0.3658 0.5197 0.7720
vn 0.1612 0.7870 0.5955
vn 0.3121 0.8149 0.4884
vn 0.4092 0.4852 0.7728
vn 0.3625 0.2399 0.9006
vn 0.1882 0.6270 0.7560
vn 0.1120 0.5404 0.8339
vn 0.1300 0.7548 0.6430
vn 0.0798 0.7962 0.5997
vn 0.3252 0.7756 0.5410
vn 0.3145 0.8565 0.4092
vn 0.0389 0.6792 0.7329
vn 0.0062 0.8103 0.5860
vn -0.0664 0.5882 0.8060
vn -0.0477 0.8765 0.4790
vn -0.1553 0.6506 0.7433
vn -0.1397 0.6926 0.7077
vn -0.0867 0.1682 0.9819
vn -0.0528 0.0971 0.9939
vn 0.2737 0.3366 0.9010
vn -0.0634 0.1567 0.9856
vn 0.0662 0.0679 0.9955
vn 0.2313 -0.0063 0.9729
vn 0.1048 -0.0898 0.9904
vn 0.2001 -0.2187 0.9551
vn 0.2553 -0.4751 0.8421
vn 0.3557 -0.1693 0.9191
vn 0.4021 -0.2380 0.8841
vn 0.4449 -0.2359 0.8640
vn 0.4945 -0.1383 0.8581
vn 0.4929 0.5218 0.6963
vn 0.4905 0.2865 0.8230
vn 0.4166 0.1074 0.9027
vn 0.3320 0.2801 0.9007
vn 0.3524 0.2330 0.9064
vn 0.1982 0.4859 0.8513
vn 0.2315 0.4886 0.8412
vn 0.5050 0.4632 0.7283
vn 0.2926 0.5834 0.7577
vn 0.5682 0.1657 0.8061
vn 0.5766 0.3314 0.7468
vn 0.4980 0.0136 0.8671
vn 0.3921 0.0882 0.9157
vn 0.3365 0.0853 0.9378
vn 0.4096 0.2480 0.8779
vn 0.1985 0.0520 0.9787
vn 0.1811 0.2073 0.9614
vn 0.4060 0.3576 0.8410
vn 0.2912 0.1985 0.9359
vn 0.3876 0.3401 0.8568
vn 0.4872 0.2771 0.8282
vn 0.5432 0.0149 0.8395
vn 0.5427 0.3206 0.7763
vn 0.6218 0.0608 0.7808
vn 0.4481 0.4674 0.7621
vn 0.6332 0.2092 0.7452
vn 0.6414 0.0060 0.7672
vn 0.6849 0.1312 0.7167
vn 0.6125 0.3443 0.7115
vn 0.5744 0.3966 0.7161
vn 0.5457 0.5579 0.6253
vn 0.6721 -0.0716 0.7370
vn 0.7019 0.1065 0.7043
vn 0.6210 0.4690 0.6281
vn 0.6683 0.3285 0.6674
vn 0.7554 0.0605 0.6524
vn 0.7297 0.2883 0.6201
vn 0.7611 0.0283 0.6481
vn 0.7192 0.3051 0.6242
vn 0.8356 0.1829 0.5180
vn 0.1743 0.0038 0.9847
vn 0.2438 0.3987 0.8841
vn 0.1585 0.2496 0.9553
vn 0.8048 0.0770 0.5885
vn 0.7864 0.2799 0.5506
vn 0.8403 -0.0044 0.5420
vn 0.8628 0.0959 0.4963
vn 0.5593 0.5301 0.6373
vn 0.0808 -0.0112 0.9967
vn -0.0083 0.3288 0.9444
vn -0.0147 0.0048 0.9999
vn 0.0264 0.1412 0.9896
vn 0.0713 0.3537 0.9326
vn 0.1749 0.5467 0.8189
vn 0.3695 0.6465 0.6675
vn 0.4264 0.6583 0.6203
vn 0.1579 0.5324 0.8316
vn 0.6208 0.5194 0.5871
vn 0.7727 0.4193 0.4766
vn 0.8872 0.3370 0.3152
vn -0.3080 0.4836 0.8193
vn 0.6572 0.5202 0.5455
vn 0.2360 0.7321 0.6391
vn 0.2929 0.7029 0.6482
vn 0.4181 0.6002 0.6818
vn 0.3497 0.6541 0.6707
vn 0.4886 0.6005 0.6330
vn 0.4396 0.6817 0.5848
vn 0.0040 -0.0093 0.9999
vn 0.5226 0.7169 0.4615
vn 0.6844 0.5091 0.5220
vn 0.5243 0.6224 0.5811
vn 0.4457 0.6585 0.6064
vn -0.4488 0.4701 0.7600
vn -0.5721 0.4417 0.6911
vn 0.9085 0.3677 0.1984
vn 0.2324 0.6616 0.7129
vn 0.4652 0.7373 0.4899
vn -0.0975 0.1761 0.9795
vn 0.1737 0.6512 0.7388
vn 0.0237 0.5895 0.8074
vn -0.0920 0.4688 0.8785
vn -0.1339 0.3218 0.9373
vn 0.3959 0.7127 0.5791
vn -0.1293 0.0624 0.9896
vn -0.1115 0.5292 0.8411
vn -0.1690 0.0427 0.9847
vn -0.5503 0.3626 0.7521
vn 0.0786 0.6939 0.7158
vn 0.0651 0.6381 0.7672
vn 0.1457 0.7505 0.6446
vn 0.0036 0.6736 0.7391
vn 0.1059 0.7311 0.6740
vn 0.2718 0.7738 0.5722
vn 0.3402 0.8112 0.4757
vn 0.3263 0.7686 0.5502
vn 0.8831 0.4427 0.1553
vn -0.6428 0.4399 0.6271
vn -0.6533 0.4647 0.5977
vn 0.3101 0.6902 0.6538
vn 0.2448 0.7040 0.6666
vn 0.1807 0.6980 0.6929
vn 0.2924 0.5601 0.7751
vn 0.3563 0.6039 0.7130
vn 0.2256 0.5513 0.8032
vn 0.2897 0.4081 0.8657
vn 0.3612 0.4424 0.8209
vn 0.4103 0.2635 0.8730
vn 0.3497 0.2276 0.9088
vn 0.2770 0.2587 0.9254
vn 0.2107 0.4521 0.8667
vn 0.2029 0.2391 0.9496
vn 0.4350 0.2360 0.8690
vn 0.1489 0.3279 0.9329
vn 0.3230 0.1351 0.9367
vn 0.2121 0.1382 0.9674
vn 0.1547 0.5571 0.8159
vn 0.0698 0.4410 0.8948
vn 0.0902 0.1223 0.9884
vn 0.0597 0.1493 0.9870
vn 0.0988 0.7104 0.6969
vn 0.3543 0.7758 0.5220
vn 0.2149 0.8973 0.3856
vn 0.0490 0.7785 0.6257
vn 0.1190 0.7964 0.5930
vn 0.7558 0.6434 0.1216
vn -0.6231 0.5387 0.5670
vn 0.2227 0.9214 0.3184
vn 0.1297 0.9052 0.4047
vn -0.0021 0.7906 0.6123
vn -0.1162 0.8865 0.4479
vn 0.2610 0.9003 0.3484
vn 0.3866 0.8244 0.4134
vn 0.2260 0.8931 0.3890
vn 0.1722 0.9375 0.3023
vn 0.1091 0.9436 0.3126
vn 0.1417 0.9414 0.3062
vn -0.6614 0.5146 0.5456
vn -0.4071 0.8613 0.3041
vn -0.0968 0.9950 -0.0261
vn 0.5394 0.7265 0.4257
vn 0.6073 0.6579 0.4454
vn 0.5730 0.7266 0.3792
vn 0.7196 0.5064 0.4752
vn 0.5448 0.7071 0.4508
vn 0.4362 0.8112 0.3894
vn 0.4942 0.6934 0.5244
vn 0.4714 0.7191 0.5106
vn 0.3145 0.8565 0.4092
vn 0.5394 0.4985 0.6786
vn 0.5094 0.3648 0.7794
vn 0.6487 0.6461 0.4022
vn 0.7114 0.5568 0.4288
vn 0.6888 0.6243 0.3684
vn 0.5950 0.7393 0.3153
vn 0.7313 0.5865 0.3481
vn 0.7491 0.5681 0.3407
vn 0.6209 0.7370 0.2671
vn 0.8921 0.3138 0.3250
vn 0.5803 0.2680 0.7691
vn 0.3121 0.8149 0.4884
vn 0.7080 0.4474 0.5464
vn 0.6946 0.2127 0.6873
vn 0.5051 0.3273 0.7986
vn 0.4092 0.4852 0.7728
vn 0.3252 0.7756 0.5410
vn 0.4350 0.2360 0.8690
vn 0.8279 -0.0337 0.5599
vn 0.7916 -0.0970 0.6033
vn 0.6305 -0.3434 0.6961
vn 0.6601 -0.4972 0.5631
vn 0.4945 -0.1383 0.8581
vn 0.5920 -0.1625 0.7894
vn 0.6490 0.7464 0.1474
vn 0.4424 0.8720 0.2094
vn 0.7149 0.6663 0.2120
vn 0.7195 0.6779 0.1506
vn 0.6687 0.7014 0.2468
vn 0.7245 0.6784 0.1223
vn 0.6859 0.7258 -0.0523
vn 0.7706 0.6368 -0.0250
vn 0.8052 0.5564 0.2048
vn 0.8238 0.5518 0.1301
vn 0.7657 0.5714 0.2952
vn 0.8424 0.4855 0.2337
vn 0.8321 0.5498 -0.0733
vn 0.8833 0.4243 0.1994
vn 0.8565 0.4291 0.2868
vn 0.9194 0.3881 0.0635
vn 0.7022 0.5443 0.4590
vn 0.5929 0.6535 0.4705
vn 0.7692 0.4119 0.4886
vn 0.9402 0.2887 0.1806
vn 0.8944 0.4355 -0.1020
vn 0.5206 0.7300 0.4429
vn 0.8039 0.5810 -0.1275
vn 0.7010 0.6994 -0.1398
vn 0.6415 0.6041 -0.4728
vn 0.4355 0.8996 -0.0307
vn 0.3828 0.9082 0.1694
vn 0.6629 0.7091 -0.2403
vn 0.4466 0.8910 -0.0823
vn 0.9171 0.3902 -0.0811
vn 0.7327 0.4717 -0.4906
vn 0.9472 0.1708 0.2712
vn 0.9748 0.1716 0.1427
vn 0.4740 0.7751 0.4178
vn 0.8746 0.1970 0.4430
vn 0.9686 0.1107 0.2227
vn 0.9661 0.2453 -0.0802
vn 0.9387 0.1019 0.3294
vn 0.9924 0.1231 -0.0070
vn 0.6744 0.5529 0.4894
vn 0.6241 0.6438 0.4428
vn 0.7201 0.4629 0.5170
vn 0.7620 0.3446 0.5483
vn 0.8143 0.2439 0.5267
vn 0.5234 0.7493 0.4057
vn 0.9863 0.0173 0.1639
vn 0.6686 0.2156 0.7117
vn 0.9932 0.1027 -0.0540
vn 0.9644 -0.0243 0.2632
vn 0.8915 0.0514 0.4500
vn 0.8094 0.3466 -0.4740
vn 0.8420 0.3394 0.4193
vn 0.9967 0.0655 0.0486
vn 0.7455 0.4500 0.4917
vn 0.6646 0.4019 0.6299
vn 0.9299 0.3061 0.2037
vn 0.9608 0.2620 0.0910
vn 0.9020 0.4141 0.1221
vn 0.8307 0.5049 0.2345
vn 0.8425 0.5285 0.1046
vn 0.9622 0.2701 0.0355
vn 0.9118 0.3940 -0.1159
vn 0.7846 0.6096 0.1126
vn 0.8171 0.5620 -0.1280
vn 0.7675 0.6410 0.0075
vn 0.7386 0.6607 0.1338
vn 0.7065 0.6501 0.2796
vn 0.6552 0.6813 0.3265
vn 0.9940 0.0819 -0.0725
vn 0.9986 0.0459 -0.0264
vn 0.6111 0.3397 -0.7150
vn 0.9528 0.2991 -0.0522
vn 0.9601 0.2770 0.0395
vn 0.7496 0.6608 -0.0384
vn 0.8320 0.5527 0.0472
vn 0.9464 0.3063 0.1020
vn 0.9962 0.0443 0.0744
vn 0.7261 0.6830 0.0789
vn 0.8411 0.5248 0.1306
vn 0.9573 0.2274 0.1786
vn 0.8808 0.4360 0.1847
vn 0.9669 0.1120 0.2294
vn 0.8375 0.4935 0.2345
vn 0.9206 0.2790 0.2732
vn 0.7464 0.5949 0.2983
vn 0.9864 0.0128 0.1638
vn 0.9551 0.0531 0.2916
vn 0.6707 0.7290 0.1370
vn 0.6683 0.7439 -0.0026
vn 0.7127 0.6999 -0.0473
vn 0.9086 0.2070 0.3629
vn 0.8207 0.4431 0.3607
vn 0.6656 0.6755 0.3174
vn 0.8217 0.3694 0.4339
vn 0.8973 0.0726 0.4355
vn 0.9321 -0.0318 0.3607
vn 0.7054 0.6813 0.1956
vn 0.6513 0.7213 0.2357
vn 0.9927 0.0041 -0.1205
vn 0.8015 0.5946 -0.0628
vn 0.8492 0.1789 0.4969
vn 0.7284 0.4985 0.4700
vn 0.6630 0.6510 0.3697
vn 0.7864 0.2799 0.5506
vn 0.6844 0.5091 0.5220
vn 0.8403 -0.0044 0.5420
vn 0.9543 0.1975 0.2245
vn 0.8528 0.3483 0.3891
vn 0.9329 0.3095 -0.1842
vn 0.8320 0.4124 0.3710
vn 0.8741 0.2839 0.3942
vn 0.7813 0.5200 0.3452
vn 0.3308 0.4900 0.8065
vn 0.7834 0.5212 0.3386
vn 0.7727 0.4193 0.4766
vn 0.8356 0.1829 0.5180
vn 0.8628 0.0959 0.4963
vn 0.9180 0.3331 -0.2154
vn 0.8842 0.3556 -0.3027
vn 0.0392 0.4267 0.9036
vn -0.0834 0.4502 0.8890
vn 0.7675 0.6287 0.1251
vn 0.7364 0.6207 0.2692
vn 0.7020 0.6415 0.3092
vn 0.6510 0.5688 0.5026
vn 0.6889 0.6862 0.2335
vn 0.5793 0.6278 0.5199
vn 0.5742 0.7321 0.3666
vn 0.5687 0.7097 0.4157
vn 0.6208 0.5194 0.5871
vn 0.7456 0.6611 -0.0831
vn 0.7269 0.6841 0.0611
vn 0.7426 0.6464 0.1752
vn 0.8088 0.5731 0.1320
vn 0.8067 0.5547 0.2038
vn 0.8962 0.4162 0.1536
vn 0.9083 0.3638 0.2064
vn 0.9577 0.2080 0.1987
vn 0.9463 0.2034 0.2512
vn 0.8487 0.4650 0.2519
vn 0.9569 0.2679 0.1120
vn 0.8833 0.4647 0.0621
vn 0.8079 0.5825 0.0891
vn 0.9261 0.3704 0.0710
vn 0.9038 0.3370 0.2637
vn 0.8875 0.3143 0.3370
vn 0.8410 0.4486 0.3023
vn 0.8375 0.4259 0.3424
vn 0.9367 0.1911 0.2935
vn 0.7616 0.5786 0.2920
vn 0.7657 0.5307 0.3634
vn 0.9493 0.3139 0.0158
vn 0.8205 0.4122 0.3962
vn 0.8895 0.1997 0.4110
vn 0.9825 0.1187 0.1438
vn 0.9328 0.1424 0.3310
vn 0.9852 0.1616 0.0568
vn 0.7104 0.6638 0.2340
vn 0.8114 0.5843 0.0147
vn 0.8870 0.4589 -0.0514
vn 0.9315 0.3587 -0.0609
vn 0.7185 0.5608 0.4114
vn 0.7831 0.4257 0.4533
vn 0.8342 0.2475 0.4927
vn 0.7453 0.6611 0.0867
vn 0.7402 0.6713 0.0381
vn 0.6937 0.6221 0.3629
vn 0.6775 0.6732 0.2964
vn 0.7803 0.6253 -0.0122
vn 0.9806 0.1918 -0.0412
vn 0.7610 0.3922 0.5167
vn 0.6700 0.5750 0.4694
vn 0.6447 0.6827 0.3438
vn 0.8001 0.2166 0.5594
vn 0.9616 0.1379 0.2372
vn 0.9781 0.1032 0.1805
vn 0.7588 0.6276 0.1740
vn 0.9422 0.1942 0.2732
vn 0.7376 0.6260 0.2531
vn 0.8017 0.5887 0.1036
vn 0.9874 0.0951 0.1265
vn 0.9880 0.1386 0.0682
vn 0.8060 0.5903 0.0436
vn 0.8900 0.4557 -0.0144
vn 0.9394 0.0360 0.3410
vn 0.9982 0.0601 0.0021
vn 0.9103 0.1021 0.4012
vn 0.8695 0.2194 0.4425
vn 0.8447 0.1941 0.4987
vn 0.9930 0.0865 -0.0801
vn 0.6185 0.6725 0.4065
vn 0.7392 0.3690 0.5634
vn 0.6578 0.5026 0.5610
vn 0.8664 0.4887 -0.1025
vn 0.8949 0.0400 0.4444
vn 0.8618 0.0426 0.5054
vn 0.8031 0.1692 0.5713
vn 0.7682 0.2201 0.6012
vn -0.0180 0.5807 0.8139
vn 0.8454 0.4241 -0.3248
vn 0.8701 0.3483 0.3486
vn 0.9126 0.0529 0.4054
vn 0.6046 0.6429 0.4703
vn 0.5967 0.6241 0.5045
vn 0.6607 0.4011 0.6345
vn 0.7309 0.2216 0.6455
vn 0.5226 0.7169 0.4615
vn 0.5690 0.5770 0.5859
vn 0.4222 0.8320 0.3598
vn 0.3878 0.8733 0.2949
vn 0.7312 0.3648 0.5764
vn 0.7623 0.1602 0.6271
vn 0.6751 0.3541 0.6471
vn 0.6948 0.0918 0.7134
vn 0.6361 0.2324 0.7358
vn 0.6174 0.4064 0.6736
vn 0.6539 0.2280 0.7214
vn 0.6514 0.4397 0.6183
vn 0.6288 0.3691 -0.6844
vn 0.5964 0.4535 -0.6622
vn 0.5640 0.4998 0.6574
vn 0.5852 0.6838 0.4359
vn 0.5243 0.6224 0.5811
vn 0.5559 0.4921 0.6699
vn 0.5172 0.6912 0.5048
vn 0.5593 0.5301 0.6373
vn -0.0052 0.3722 0.9282
vn 0.5046 0.5854 0.6346
vn 0.5964 0.2660 0.7573
vn 0.5361 0.3851 0.7512
vn 0.5002 0.8637 -0.0615
vn 0.4112 0.8696 0.2734
vn 0.3866 0.8244 0.4134
vn 0.4505 0.6993 0.5550
vn 0.4421 0.4997 0.7449
vn 0.5763 0.2274 0.7850
vn 0.7989 0.5837 -0.1453
vn 0.0278 0.6726 0.7395
vn 0.0002 0.9957 -0.0927
vn 0.4545 0.5335 0.7133
vn 0.4612 0.5814 0.6703
vn 0.4652 0.7373 0.4899
vn 0.4457 0.6585 0.6064
vn 0.3402 0.8112 0.4757
vn 0.4183 0.6920 0.5884
vn 0.2311 0.9727 0.0201
vn 0.8105 0.3339 0.4812
vn 0.6559 -0.4950 0.5699
vn -0.0150 0.9975 -0.0694
vn 0.6193 -0.4902 0.6133
vn 0.6100 0.5250 0.5935
vn 0.6598 0.5385 0.5241
vn 0.5128 0.6296 0.5837
vn 0.6535 0.5140 0.5556
vn 0.7105 0.5089 0.4861
vn 0.7234 0.4944 0.4818
vn 0.7569 0.5150 0.4023
vn 0.8074 0.5065 0.3026
vn 0.7944 0.6003 0.0922
vn 0.7030 0.6059 0.3725
vn 0.8817 0.4679 0.0605
vn 0.9330 0.2629 0.2458
vn 0.8334 0.5508 0.0454
vn 0.9198 0.3215 0.2247
vn 0.6853 0.6494 0.3296
vn 0.9606 0.2053 0.1875
vn 0.8896 0.4122 -0.1969
vn 0.6906 0.7026 0.1718
vn 0.6581 0.6260 0.4184
vn 0.7011 0.5278 0.4795
vn 0.6238 0.6428 0.4446
vn 0.9280 -0.3637 -0.0811
vn 0.7659 0.6068 -0.2128
vn 0.5950 0.5832 0.5530
vn 0.5920 0.6610 0.4611
vn 0.5055 0.8327 0.2261
vn 0.5840 0.7067 0.3993
vn 0.6497 0.7577 0.0612
vn 0.9113 -0.4014 -0.0914
vn 0.9224 -0.3795 -0.0717
vn -0.3113 0.9200 0.2381
vn 0.5410 0.5253 0.6567
vn 0.5688 0.4803 0.6677
vn 0.5164 0.5899 0.6207
vn 0.4877 0.7181 0.4965
vn 0.6627 0.6620 -0.3501
vn 0.5821 -0.4720 0.6621
vn 0.9034 -0.4200 -0.0867
vn 0.4009 0.7355 0.5462
vn 0.4462 0.5544 0.7025
vn 0.4349 0.5896 0.6807
vn 0.4429 0.6894 0.5732
vn 0.4213 0.6022 0.6781
vn 0.4396 0.6817 0.5848
vn 0.3562 0.7201 0.5955
vn 0.3724 0.8860 0.2762
vn 0.8398 0.5243 0.1408
vn 0.3873 0.6566 0.6472
vn 0.4023 0.5680 0.7180
vn 0.4766 0.3781 0.7937
vn 0.5285 0.2014 0.8247
vn 0.4266 0.4287 0.7964
vn 0.3563 0.6039 0.7130
vn 0.3100 0.7241 0.6161
vn 0.3263 0.7686 0.5502
vn 0.4264 0.6583 0.6203
vn 0.3828 0.6083 0.6953
vn 0.3072 0.5843 0.7512
vn 0.2509 0.7647 0.5935
vn 0.5174 -0.4875 0.7033
vn 0.5640 -0.4560 0.6885
vn 0.1775 0.5200 0.8355
vn 0.3695 0.6465 0.6675
vn 0.3101 0.6902 0.6538
vn 0.3261 0.9183 0.2243
vn 0.3612 0.4424 0.8209
vn 0.3718 0.8791 0.2982
vn 0.4103 0.2635 0.8730
vn 0.4786 0.1261 0.8689
vn 0.2770 0.9368 0.2137
vn -0.3150 0.9223 0.2240
vn 0.8825 -0.4593 -0.1014
vn -0.3189 0.9208 0.2245
vn 0.9199 -0.3757 -0.1125
vn 0.2924 0.5601 0.7751
vn 0.3179 0.8908 0.3246
vn 0.5107 0.8580 -0.0556
vn -0.0661 0.9967 -0.0461
vn 0.1409 0.7038 0.6963
vn 0.2610 0.9003 0.3484
vn 0.1965 0.5961 0.7785
vn 0.2956 0.9374 0.1838
vn 0.3955 0.9185 -0.0052
vn 0.4831 0.8644 -0.1392
vn 0.4605 0.8719 -0.1663
vn 0.5929 -0.7561 0.2772
vn 0.8527 -0.2773 0.4427
vn 0.8499 -0.2296 0.4743
vn 0.6591 -0.6297 0.4112
vn 0.4184 0.9072 -0.0444
vn -0.0968 0.9950 -0.0261
vn -0.3591 0.8843 0.2986
vn 0.5353 0.8371 -0.1127
vn -0.4071 0.8613 0.3041
vn 0.3961 0.9083 -0.1348
vn -0.4313 -0.4138 0.8017
vn -0.6231 0.5387 0.5670
vn 0.7558 0.6434 0.1216
vn 0.1722 0.9375 0.3023
vn 0.3598 0.9193 -0.1595
vn 0.1091 0.9436 0.3126
vn 0.3605 0.9185 -0.1624
vn -0.4668 -0.3682 0.8041
vn -0.4616 -0.4568 0.7604
vn 0.8320 0.3234 -0.4507
vn 0.7994 0.2162 -0.5605
vn 0.9020 0.3580 0.2412
vn 0.7629 0.3366 -0.5520
vn -0.3208 0.9268 0.1952
vn -0.0574 0.9454 -0.3209
vn 0.1523 0.9600 0.2352
vn 0.7275 0.4604 -0.5088
vn -0.0722 0.9948 0.0718
vn 0.2260 0.8931 0.3890
vn -0.4614 -0.4794 0.7466
vn 0.6545 0.5915 -0.4709
vn -0.0432 0.9972 -0.0615
vn -0.0834 -0.5011 -0.8614
vn -0.0273 -0.5047 -0.8628
vn 0.0687 -0.4877 -0.8703
vn 0.0568 0.9925 -0.1080
vn 0.0846 0.9961 -0.0253
vn 0.2418 0.2048 -0.9485
vn -0.1670 0.8444 -0.5090
vn -0.1648 0.7380 -0.6544
vn -0.4623 0.6341 -0.6199
vn -0.2174 0.2907 -0.9318
vn -0.0270 0.6330 -0.7737
vn 0.0528 0.6389 -0.7675
vn 0.1304 0.7260 -0.6752
vn -0.1198 0.5804 -0.8054
vn -0.1187 0.5598 -0.8201
vn 0.0001 0.5893 -0.8079
vn 0.1507 0.5606 -0.8143
vn -0.2205 0.5929 -0.7745
vn -0.2373 0.5777 -0.7809
vn -0.1172 0.6895 -0.7148
vn 0.1065 0.6871 -0.7187
vn -0.0455 0.7653 -0.6420
vn -0.3104 0.5768 -0.7556
vn -0.2913 0.6360 -0.7145
vn 0.0629 0.8074 -0.5866
vn -0.2018 0.7931 -0.5747
vn 0.2858 0.6015 -0.7460
vn 0.2383 0.6206 -0.7470
vn 0.2093 0.7230 -0.6583
vn 0.2153 0.7584 -0.6151
vn 0.3497 0.6919 -0.6316
vn 0.4356 0.5287 -0.7285
vn 0.3988 0.5336 -0.7458
vn -0.5573 0.5326 -0.6370
vn -0.4579 0.6767 -0.5765
vn -0.1886 0.8698 -0.4559
vn -0.5714 0.4929 -0.6561
vn -0.0658 0.9220 -0.3815
vn -0.2409 0.8864 -0.3954
vn 0.5702 0.5948 -0.5666
vn 0.4776 0.7575 -0.4452
vn 0.5786 0.3500 -0.7367
vn -0.0935 0.8112 -0.5772
vn 0.0450 0.8056 -0.5907
vn 0.0221 0.7790 -0.6266
vn 0.3350 0.9328 -0.1329
vn -0.6607 0.2823 -0.6955
vn -0.5136 0.7682 -0.3823
vn -0.6019 0.6362 -0.4826
vn -0.5450 0.7141 -0.4394
vn -0.6605 0.5395 -0.5222
vn -0.6997 0.5244 -0.4853
vn -0.6522 0.4985 -0.5711
vn -0.7577 0.5700 -0.3179
vn -0.0682 0.9961 0.0566
vn -0.8450 -0.3524 -0.4023
vn -0.8102 0.4660 -0.3556
vn 0.5535 0.5567 -0.6195
vn 0.4365 0.7166 -0.5439
vn 0.6692 0.2953 -0.6819
vn 0.5662 0.6752 -0.4727
vn 0.7868 -0.4156 -0.4563
vn -0.8386 -0.0506 -0.5423
vn 0.4960 0.7727 -0.3961
vn 0.7095 0.4681 -0.5269
vn 0.6591 0.5321 -0.5315
vn 0.7468 0.4396 -0.4990
vn 0.6703 0.4834 -0.5631
vn 0.5327 0.5434 -0.6488
vn 0.6520 0.4324 -0.6228
vn 0.2678 0.5761 -0.7723
vn -0.1921 0.6093 -0.7693
vn 0.5944 0.3858 -0.7056
vn -0.7930 0.4585 -0.4012
vn 0.5053 0.4368 -0.7442
vn -0.2557 0.4167 -0.8724
vn -0.8929 0.4251 -0.1481
vn 0.9247 0.3621 -0.1174
vn -0.9144 0.3427 -0.2156
vn 0.0048 0.9654 0.2605
vn -0.1249 0.7863 -0.6050
vn -0.0155 0.4099 -0.9120
vn 0.1169 0.4774 -0.8709
vn 0.0873 0.9433 0.3204
vn 0.1402 0.9632 0.2291
vn 0.1992 0.3062 -0.9309
vn -0.0443 0.9502 0.3086
vn -0.0970 0.9392 0.3294
vn -0.1669 0.9751 0.1463
vn 0.1328 0.9683 -0.2115
vn -0.0629 0.9876 0.1438
vn -0.1496 0.9735 -0.1728
vn -0.2373 0.9255 -0.2952
vn -0.1799 0.9329 0.3119
vn 0.3178 0.9012 -0.2948
vn 0.1865 0.9371 0.2950
vn -0.0113 0.9616 -0.2743
vn 0.1041 0.9549 -0.2779
vn 0.0816 0.9262 -0.3682
vn 0.2412 0.9266 -0.2883
vn 0.1904 0.9202 -0.3420
vn -0.1684 0.9397 -0.2977
vn -0.5518 0.2789 -0.7860
vn -0.3819 0.8645 -0.3269
vn 0.4317 0.9018 -0.0208
vn -0.8865 0.2837 -0.3656
vn 0.1111 0.9905 -0.0809
vn -0.3009 0.9287 -0.2170
vn -0.2434 0.9209 -0.3045
vn 0.4364 0.8982 0.0524
vn -0.1998 0.9686 -0.1480
vn -0.2888 0.9462 -0.1461
vn -0.9183 0.2610 -0.2976
vn -0.4456 0.8827 -0.1494
vn 0.3885 0.9144 0.1141
vn -0.3293 0.9412 -0.0756
vn 0.3228 0.9353 0.1447
vn -0.3126 0.9499 0.0061
vn 0.3894 0.9031 0.1807
vn -0.3964 0.9170 0.0443
vn 0.2687 0.9450 0.1864
vn 0.3678 0.8994 0.2363
vn -0.5460 0.8075 0.2232
vn -0.3829 0.9238 -0.0031
vn -0.3805 0.9207 -0.0871
vn -0.3985 0.9166 0.0319
vn -0.2982 0.9201 -0.2538
vn -0.3745 0.9028 -0.2115
vn -0.2761 0.8342 -0.4774
vn -0.4758 0.8667 -0.1498
vn -0.4838 0.8655 0.1299
vn -0.3324 0.8051 -0.4913
vn -0.4407 0.7441 -0.5021
vn -0.6233 0.7033 -0.3419
vn 0.4072 0.6075 -0.6819
vn -0.8434 0.5235 0.1210
vn 0.5256 0.8478 0.0714
vn 0.9032 0.2117 -0.3733
vn 0.8491 0.5189 0.0992
vn -0.4467 0.5916 -0.6711
vn -0.4294 0.9031 -0.0012
vn 0.7122 0.6080 -0.3508
vn 0.0636 0.9908 -0.1196
vn -0.4052 0.9127 0.0526
vn 0.2376 0.9474 -0.2145
vn 0.2860 0.9103 -0.2993
vn 0.1422 0.9869 -0.0755
vn 0.2894 0.9456 -0.1487
vn 0.3080 0.9471 -0.0897
vn 0.2596 0.9235 -0.2823
vn 0.2915 0.9273 -0.2347
vn 0.9328 0.2234 -0.2827
vn 0.3426 0.9393 -0.0182
vn 0.4712 0.8786 -0.0782
vn -0.3321 0.9281 0.1684
vn 0.3762 0.9259 0.0336
vn 0.2270 0.9660 0.1240
vn -0.3240 0.9423 0.0843
vn -0.3721 0.9163 0.1484
vn 0.8276 0.5534 -0.0940
vn 0.4288 0.8829 -0.1914
vn -0.3019 0.9336 0.1932
vn 0.9426 0.3176 -0.1031
vn -0.3755 0.8983 0.2282
vn 0.3988 0.9143 0.0703
vn 0.5784 0.8157 -0.0017
vn 0.0738 0.5754 0.8145
vn 0.9385 0.2538 -0.2340
vn 0.9595 0.2021 -0.1961
vn 0.3630 0.7555 -0.5454
vn -0.3982 0.7229 -0.5647
vn -0.8933 0.4469 0.0480
vn 0.4041 0.5006 -0.7656
vn -0.3967 0.6652 -0.6326
vn -0.1974 0.2747 -0.9411
vn -0.1179 0.2758 -0.9540
vn -0.2677 0.6132 -0.7432
vn 0.9332 0.3559 0.0491
vn -0.4125 0.4275 -0.8044
vn 0.9233 0.2108 -0.3212
vn -0.1693 0.8321 -0.5282
vn -0.0172 0.8871 -0.4612
vn 0.1179 0.8191 -0.5614
vn 0.7415 -0.3630 -0.5642
vn 0.7493 -0.4330 -0.5010
vn 0.8255 -0.0267 -0.5638
vn 0.8466 -0.0253 -0.5316
vn 0.7908 -0.0164 -0.6119
vn 0.8227 -0.2820 -0.4936
vn 0.7111 -0.2772 -0.6461
vn 0.7475 0.1379 -0.6498
vn 0.6266 -0.4523 -0.6347
vn 0.6770 -0.1321 -0.7240
vn 0.6606 0.1099 -0.7426
vn 0.5634 -0.3222 -0.7608
vn 0.5922 0.2788 -0.7560
vn 0.5365 -0.2643 -0.8014
vn 0.5468 0.3123 -0.7768
vn 0.7390 0.2418 -0.6288
vn 0.7383 0.0240 -0.6741
vn 0.7589 -0.4866 -0.4328
vn 0.8472 -0.2103 -0.4878
vn 0.8692 -0.2402 -0.4322
vn 0.8730 -0.2283 -0.4310
vn 0.3731 0.0650 -0.9255
vn 0.1979 -0.5299 -0.8247
vn 0.2179 -0.4860 -0.8464
vn 0.4801 -0.0738 -0.8741
vn 0.2356 -0.4493 -0.8618
vn 0.2868 0.9566 0.0517
vn 0.2440 0.9554 0.1667
vn -0.5496 0.2954 -0.7815
vn -0.5136 0.2246 -0.8281
vn 0.9790 0.1952 0.0585
vn 0.4564 0.5143 -0.7261
vn -0.3857 0.3103 -0.8689
vn 0.4387 0.5613 -0.7018
vn -0.4125 0.4275 -0.8044
vn 0.3630 0.7555 -0.5454
vn 0.4155 0.6273 -0.6587
vn 0.9332 0.3559 0.0491
vn 0.9973 -0.0593 -0.0435
vn -0.1448 0.9726 -0.1819
vn -0.2022 0.9774 0.0620
vn -0.4041 0.9143 -0.0280
vn 0.3070 0.9276 -0.2131
vn 0.0767 0.9460 -0.3148
vn 0.0382 0.9364 -0.3488
vn -0.4135 0.9090 -0.0522
vn -0.5299 0.8334 -0.1569
vn 0.8683 -0.2762 -0.4122
vn 0.1187 0.8034 -0.5836
vn 0.0584 0.9279 -0.3683
vn 0.3661 0.8896 -0.2731
vn 0.3603 0.7944 -0.4890
vn 0.3544 0.9226 -0.1527
vn 0.1750 0.9380 0.2993
vn 0.2555 0.9475 0.1924
vn 0.4441 0.8823 -0.1556
vn 0.5972 0.7466 -0.2933
vn 0.0935 0.7663 -0.6356
vn 0.4711 0.7624 -0.4435
vn 0.7868 -0.4156 -0.4563
vn 0.8430 -0.3741 -0.3864
vn 0.4006 0.7257 -0.5593
vn 0.4671 0.7188 -0.5150
vn 0.1496 0.7327 -0.6639
vn 0.1699 0.6861 -0.7074
vn 0.4817 0.6713 -0.5633
vn 0.4318 0.6353 -0.6402
vn 0.5683 0.6723 -0.4744
vn 0.5447 0.6702 -0.5042
vn 0.6239 0.7447 -0.2371
vn 0.5897 0.5886 -0.5530
vn 0.5148 0.5868 -0.6250
vn 0.6739 0.6284 -0.3885
vn 0.6891 0.6850 -0.2364
vn 0.7016 0.6889 -0.1820
vn 0.6112 0.5200 -0.5967
vn 0.3405 0.5296 -0.7769
vn 0.4902 0.5256 -0.6953
vn 0.1555 0.6010 -0.7840
vn 0.1102 0.6495 -0.7523
vn 0.1945 0.5699 -0.7984
vn 0.5728 0.4439 -0.6891
vn 0.6957 0.4342 -0.5723
vn 0.7384 0.6104 -0.2866
vn 0.0846 0.9961 -0.0253
vn -0.5172 0.6156 -0.5946
vn 0.2771 0.3660 -0.8884
vn 0.2247 0.9193 0.3230
vn 0.2707 0.3715 -0.8881
vn 0.8181 -0.4481 -0.3606
vn 0.8233 -0.4225 -0.3791
vn 0.8321 -0.4111 -0.3723
vn 0.4886 0.6912 -0.5325
vn 0.2019 0.9352 0.2910
vn 0.6692 0.2953 -0.6819
vn 0.5535 0.5567 -0.6195
vn 0.4365 0.7166 -0.5439
vn 0.7468 0.4396 -0.4990
vn 0.9247 0.3621 -0.1174
vn -0.9084 -0.3950 -0.1370
vn -0.6929 -0.6718 -0.2618
vn -0.7575 -0.5082 0.4098
vn -0.5118 -0.8591 -0.0078
vn -0.4966 -0.7497 0.4373
vn -0.5352 -0.8138 0.2265
vn -0.6296 -0.6821 -0.3719
vn -0.1911 -0.8727 -0.4494
vn -0.3115 -0.9383 0.1501
vn -0.1106 -0.9859 0.1260
vn -0.1448 -0.9737 0.1759
vn -0.2769 -0.9414 -0.1928
vn -0.0052 -0.9774 -0.2113
vn 0.1029 -0.9923 0.0693
vn 0.0649 -0.9089 0.4119
vn 0.1248 -0.9578 -0.2591
vn 0.0525 -0.7694 -0.6366
vn -0.1185 -0.9160 -0.3833
vn 0.3046 -0.8495 0.4309
vn -0.5623 -0.6921 -0.4525
vn 0.3022 -0.9408 -0.1532
vn 0.4392 -0.8941 0.0879
vn 0.2181 -0.9000 -0.3774
vn -0.3686 -0.7104 -0.5996
vn 0.0952 -0.6964 -0.7113
vn -0.0541 -0.6905 -0.7213
vn -0.2729 -0.5442 -0.7933
vn -0.6848 -0.3966 -0.6114
vn -0.9730 -0.1382 0.1848
vn -0.9462 0.0630 -0.3175
vn 0.6835 0.6065 0.4062
vn 0.1727 0.4815 0.8593
vn 0.2166 0.3127 0.9248
vn 0.7139 0.4358 0.5481
vn 0.9020 0.3580 0.2412
vn 0.0501 0.3193 0.9463
vn 0.7629 0.3366 -0.5520
vn 0.5805 0.7846 0.2176
vn 0.0738 0.5754 0.8145
vn 0.3647 0.6823 0.6336
vn 0.7702 0.5235 0.3642
vn 0.2270 0.9660 0.1240
vn -0.0574 0.9454 -0.3209
vn 0.8320 0.3234 -0.4507
vn 0.7275 0.4604 -0.5088
vn 0.7065 -0.4781 0.5218
vn -0.0935 0.9370 -0.3366
vn -0.0211 0.9528 -0.3027
vn 0.6545 0.5915 -0.4709
vn 0.9426 0.3176 -0.1031
vn -0.2960 0.7128 0.6358
vn -0.2726 0.8035 0.5293
vn -0.2728 0.7440 0.6099
vn -0.2783 0.4882 0.8272
vn -0.3910 0.6825 0.6175
vn -0.3925 0.6965 0.6007
vn -0.4594 0.6486 0.6069
vn -0.4651 0.6547 0.5958
vn -0.5468 0.5391 0.6405
vn -0.4766 0.7163 0.5096
vn -0.5284 0.6229 0.5769
vn -0.4283 0.5293 0.7325
vn -0.5549 0.6416 0.5296
vn -0.6176 0.6020 0.5061
vn -0.6154 0.6148 0.4933
vn -0.2124 0.6986 0.6833
vn -0.1379 0.8603 0.4907
vn -0.1397 0.6926 0.7077
vn -0.1553 0.6506 0.7433
vn -0.2231 -0.4051 0.8866
vn -0.3000 -0.0717 0.9512
vn -0.3544 0.1457 0.9237
vn -0.2111 -0.0576 0.9758
vn -0.0867 0.1682 0.9819
vn -0.4093 -0.0077 0.9124
vn -0.4607 -0.0386 0.8867
vn 0.4886 0.6912 -0.5325
vn 0.2356 -0.4493 -0.8618
vn 0.2571 -0.4584 -0.8508
vn 0.5672 0.6070 -0.5566
vn 0.6485 0.3416 -0.6803
vn 0.6314 0.2722 -0.7261
vn 0.4801 -0.0738 -0.8741
vn 0.6910 0.6447 -0.3269
vn 0.5746 0.5371 -0.6175
vn 0.3780 0.5570 -0.7395
vn 0.4387 0.5613 -0.7018
vn 0.4564 0.5143 -0.7261
vn 0.4478 0.6351 -0.6293
vn 0.7213 0.4947 -0.4848
vn 0.7289 0.5460 -0.4130
vn 0.6095 0.6156 -0.4996
vn 0.4155 0.6273 -0.6587
vn 0.7505 0.5138 -0.4156
vn 0.7067 0.6047 -0.3673
vn 0.5327 0.7050 -0.4682
vn 0.8300 0.4234 -0.3629
vn 0.8018 0.4833 -0.3515
vn 0.7989 0.5282 -0.2877
vn 0.7788 0.5495 -0.3024
vn 0.8197 0.5102 -0.2603
vn 0.6915 0.6740 -0.2599
vn 0.5525 0.7693 -0.3208
vn 0.8162 0.5280 -0.2345
vn 0.7836 0.5877 -0.2015
vn 0.8564 0.4912 -0.1590
vn 0.8498 0.5105 -0.1312
vn 0.8544 0.4775 -0.2051
vn 0.8855 0.3910 -0.2511
vn 0.8839 0.4414 -0.1547
vn 0.8744 0.4764 -0.0917
vn 0.7470 0.6595 -0.0841
vn 0.8113 0.5798 -0.0750
vn 0.8806 0.4717 -0.0465
vn 0.6339 0.7598 -0.1444
vn 0.8096 0.5847 -0.0510
vn 0.8493 0.5279 0.0021
vn 0.8949 0.4378 0.0869
vn 0.8815 0.4716 0.0207
vn 0.8730 -0.4595 -0.1631
vn 0.8357 -0.4713 -0.2820
vn 0.8564 -0.4751 -0.2020
vn 0.7303 0.6831 -0.0010
vn 0.8749 0.4769 0.0841
vn 0.8475 -0.4748 -0.2372
vn 0.2019 0.9352 0.2910
vn 0.8419 -0.4744 -0.2572
vn -0.1001 0.9947 -0.0233
vn -0.0978 0.9952 0.0033
vn 0.8661 -0.4446 -0.2283
vn -0.0874 0.9953 0.0419
vn 0.8613 -0.4775 -0.1736
vn -0.0813 0.9945 0.0654
vn 0.1521 0.9643 -0.2169
vn 0.2247 0.9193 0.3230
vn 0.7865 0.5918 0.1767
vn 0.5784 0.8157 -0.0017
vn -0.1066 0.9942 -0.0116
vn 0.4288 0.8829 -0.1914
vn -0.0722 0.9948 0.0718
vn 0.8647 -0.4796 -0.1490
vn 0.8235 0.4577 0.3353
vn 0.4712 0.8786 -0.0782
vn 0.5852 0.6838 0.4359
vn 0.1616 0.8096 -0.5642
vn 0.7643 -0.4184 0.4907
vn 0.5124 0.4619 -0.7240
vn 0.5964 0.4535 -0.6622
vn -0.0828 0.9306 -0.3565
vn -0.0903 0.5714 -0.8157
vn -0.0784 0.5143 -0.8540
vn 0.8622 0.4001 0.3105
vn -0.0567 0.4645 -0.8838
vn 0.9003 0.3452 0.2652
vn -0.0160 0.3805 -0.9247
vn 0.9176 0.3484 0.1913
vn 0.4441 0.8823 -0.1556
vn 0.3969 0.7760 -0.4902
vn 0.8209 0.5216 -0.2324
vn 0.7384 0.6104 -0.2866
vn 0.7016 0.6889 -0.1820
vn 0.8430 0.3530 -0.4059
vn 0.9471 0.2938 0.1295
vn 0.7437 0.5452 -0.3869
vn 0.7419 -0.4223 0.5208
vn 0.5799 0.7825 0.2268
vn 0.7905 0.4957 0.3598
vn 0.6239 0.7447 -0.2371
vn 0.9236 0.3045 0.2328
vn 0.9385 0.2135 0.2714
vn 0.7195 0.6240 0.3049
vn 0.3988 0.9143 0.0703
vn 0.7702 0.5235 0.3642
vn 0.7327 0.4717 -0.4906
vn 0.6415 0.6041 -0.4728
vn 0.2915 0.9273 -0.2347
vn 0.5805 0.7846 0.2176
vn 0.6835 0.6065 0.4062
vn 0.8080 0.4741 0.3498
vn 0.7139 0.4358 0.5481
vn 0.2270 0.9660 0.1240
vn 0.3630 0.7555 -0.5454
vn 0.2596 0.9235 -0.2823
vn 0.3080 0.9471 -0.0897
vn 0.4726 0.5291 -0.7047
vn 0.6629 0.7091 -0.2403
vn -0.0919 0.9955 0.0210
vn 0.4466 0.8910 -0.0823
vn 0.4831 0.8644 -0.1392
vn -0.1045 0.9335 -0.3429
vn 0.8414 -0.1394 0.5221
vn 0.4184 0.9072 -0.0444
vn 0.7293 -0.4375 0.5261
vn -0.0211 0.9528 -0.3027
vn 0.2311 0.9727 0.0201
vn -0.0935 0.9370 -0.3366
vn 0.3955 0.9185 -0.0052
vn -0.3208 0.9268 0.1952
vn -0.0574 0.9454 -0.3209
vn 0.3968 -0.7573 0.5187
vn 0.3857 -0.6931 0.6089
vn 0.3601 -0.7749 0.5195
vn 0.2283 -0.8769 0.4229
vn 0.3414 -0.6992 0.6281
vn 0.3383 -0.7023 0.6264
vn 0.4210 -0.7777 0.4669
vn 0.4389 -0.7846 0.4379
vn 0.4361 -0.8157 0.3800
vn 0.4512 -0.8103 0.3739
vn 0.4777 -0.8000 0.3631
vn 0.6440 -0.5933 0.4830
vn 0.2501 -0.7462 0.6170
vn 0.2241 -0.7754 0.5904
vn 0.1628 -0.8512 0.4990
vn 0.1759 -0.7262 0.6646
vn 0.6319 -0.6623 0.4024
vn 0.5634 -0.6559 0.5024
vn 0.2553 -0.4751 0.8421
vn 0.1200 -0.8312 0.5429
vn 0.3844 -0.4267 0.8186
vn 0.1606 -0.7286 0.6659
vn 0.6601 -0.4972 0.5631
vn 0.6305 -0.3434 0.6961
vn 0.3557 -0.1693 0.9191
vn 0.7916 -0.0970 0.6033
vn 0.4898 -0.5991 0.6334
vn 0.4902 -0.4553 0.7433
vn 0.2609 -0.5237 0.8110
vn 0.4021 -0.2380 0.8841
vn 0.4449 -0.2359 0.8640
vn 0.5920 -0.1625 0.7894
vn 0.4945 -0.1383 0.8581
vn 0.3921 -0.3724 0.8412
vn 0.6507 -0.1472 0.7449
vn 0.6879 -0.0137 0.7256
vn 0.5504 -0.0345 0.8342
vn 0.3681 -0.0369 0.9291
vn 0.3241 -0.0777 0.9428
vn 0.3297 -0.0414 0.9432
vn 0.7309 -0.2046 0.6511
vn 0.6946 0.2127 0.6873
vn 0.5051 0.3273 0.7986
vn -0.6826 0.5486 0.4828
vn 0.1144 0.4256 0.8976
vn -0.6239 0.6213 0.4741
vn 0.1129 0.5225 0.8452
vn -0.5092 0.7375 0.4436
vn 0.1857 0.6563 0.7313
vn 0.0638 0.3584 0.9314
vn -0.3096 0.5138 0.8001
vn -0.7637 0.3627 0.5340
vn -0.5060 0.3490 0.7888
vn -0.4981 0.7697 0.3993
vn -0.3187 0.9068 0.2757
vn -0.9067 0.3100 0.2862
vn -0.4556 0.8393 0.2968
vn -0.6089 0.6666 0.4300
vn -0.6567 0.5530 0.5128
vn -0.9199 0.3090 -0.2414
vn -0.8776 0.3791 -0.2936
vn -0.7261 0.4059 0.5550
vn -0.6511 0.7259 0.2216
vn -0.8362 0.4490 -0.3150
vn -0.3073 0.9455 -0.1073
vn -0.9254 -0.3729 -0.0669
vn -0.6561 -0.4927 0.5716
vn -0.3021 0.9291 0.2132
vn -0.2690 0.9416 0.2027
vn -0.4964 0.8669 0.0453
vn -0.4159 0.9094 0.0017
vn -0.3019 0.9380 0.1701
vn 0.0022 0.9957 -0.0923
vn -0.0890 0.9948 0.0498
vn -0.9496 0.2911 -0.1161
vn -0.8196 0.2122 0.5323
vn -0.4337 0.9002 -0.0388
vn -0.4110 0.8705 0.2708
vn -0.7006 0.6644 0.2603
vn -0.6863 0.6429 0.3400
vn -0.3699 0.8837 0.2867
vn -0.5574 0.6761 0.4818
vn -0.6745 0.5396 0.5039
vn -0.5569 0.6224 0.5500
vn -0.8219 0.4721 0.3187
vn -0.7691 0.5398 0.3423
vn -0.7297 0.4424 0.5213
vn -0.8637 0.2945 0.4090
vn -0.8697 0.1645 0.4653
vn -0.5706 0.5629 0.5979
vn -0.6133 0.4671 0.6369
vn -0.4816 0.7070 0.5178
vn -0.4832 0.6455 0.5915
vn -0.7019 0.2861 0.6523
vn -0.3519 0.8688 0.3485
vn -0.5222 0.5168 0.6784
vn -0.4898 0.5845 0.6469
vn -0.3604 0.7893 0.4971
vn -0.2916 0.8838 0.3658
vn -0.6355 0.3316 0.6973
vn -0.7911 0.1000 0.6034
vn -0.2763 0.6792 0.6800
vn -0.5578 0.3210 0.7654
vn -0.8931 0.0040 0.4498
vn -0.2802 0.5889 0.7581
vn -0.3349 0.8814 0.3331
vn -0.6443 0.2024 0.7375
vn -0.2140 0.5339 0.8180
vn -0.2256 0.8960 0.3825
vn -0.3496 0.3165 0.8818
vn -0.8461 0.1094 0.5216
vn -0.8763 0.1780 0.4477
vn -0.7483 0.0341 0.6624
vn -0.6880 0.0329 0.7250
vn -0.9322 0.1062 0.3460
vn -0.5521 0.1440 0.8213
vn -0.9227 0.0755 0.3781
vn -0.6170 -0.4915 0.6146
vn -0.8222 0.0922 0.5617
vn -0.7405 0.4576 0.4922
vn -0.7001 0.4128 0.5826
vn -0.7658 0.0572 0.6406
vn -0.5638 0.7232 0.3989
vn -0.5372 0.6978 0.4738
vn -0.6337 0.4344 0.6401
vn -0.4794 0.7119 0.5132
vn -0.7175 0.2588 0.6467
vn -0.6886 0.0490 0.7235
vn -0.5217 0.5932 0.6131
vn -0.5815 0.3964 0.7104
vn -0.4141 0.7236 0.5522
vn -0.6009 0.6795 0.4210
vn -0.5634 0.6808 0.4680
vn -0.6751 0.5359 0.5071
vn -0.7159 0.5337 0.4502
vn -0.7881 0.2725 0.5520
vn -0.7037 0.4165 0.5757
vn -0.7897 0.4233 0.4440
vn -0.8271 0.2283 0.5135
vn -0.6185 0.5569 0.5543
vn -0.7389 0.2478 0.6266
vn -0.6397 0.4183 0.6448
vn -0.6963 0.2133 0.6853
vn -0.5344 0.6056 0.5897
vn -0.5188 0.6867 0.5093
vn -0.5168 0.5631 0.6448
vn -0.6206 0.2768 0.7336
vn -0.5252 0.4145 0.7432
vn -0.7621 0.1681 0.6252
vn -0.7122 0.1128 0.6929
vn -0.6708 0.3526 0.6525
vn -0.6176 0.6020 0.5061
vn -0.7945 0.1390 0.5911
vn -0.6673 0.5937 0.4497
vn -0.8393 0.1370 0.5261
vn -0.7676 0.4752 0.4301
vn -0.5284 0.6229 0.5769
vn -0.6169 0.2091 0.7588
vn -0.4651 0.6547 0.5958
vn -0.5650 0.1874 0.8035
vn -0.4598 0.5321 0.7110
vn -0.4451 0.7235 0.5277
vn -0.3910 0.6825 0.6175
vn -0.5595 0.1995 0.8044
vn -0.5914 0.2077 0.7792
vn -0.4479 0.5794 0.6810
vn -0.5395 0.1448 0.8295
vn -0.3979 0.7040 0.5883
vn -0.4608 0.3760 0.8039
vn -0.4771 0.2558 0.8408
vn -0.4058 0.5036 0.7628
vn -0.4293 0.4776 0.7666
vn -0.3395 0.7187 0.6068
vn -0.3727 0.6428 0.6693
vn -0.6048 0.0481 0.7949
vn -0.6210 -0.0288 0.7833
vn -0.4771 0.1146 0.8713
vn -0.4619 0.3885 0.7973
vn -0.2960 0.7128 0.6358
vn -0.4984 0.1084 0.8601
vn -0.5642 0.6748 0.4757
vn -0.5760 0.6218 0.5307
vn -0.4863 0.6807 0.5479
vn -0.5823 -0.4868 0.6511
vn -0.3584 0.7418 0.5668
vn -0.3853 0.2636 0.8843
vn 0.0633 0.9970 -0.0451
vn -0.3570 0.2757 0.8925
vn -0.3447 0.4572 0.8198
vn -0.2929 0.7026 0.6485
vn -0.3141 0.5804 0.7514
vn -0.5622 -0.4824 0.6717
vn -0.5195 -0.4869 0.7021
vn 0.0897 0.9959 -0.0150
vn 0.2739 0.9521 0.1363
vn -0.3244 0.6955 0.6411
vn -0.4237 0.2047 0.8824
vn -0.3419 0.2677 0.9008
vn -0.4301 0.1131 0.8957
vn -0.4288 0.1668 0.8879
vn -0.2622 0.6994 0.6649
vn -0.2362 0.5594 0.7945
vn -0.2783 0.4882 0.8272
vn -0.2491 0.1035 0.9629
vn -0.2574 0.2737 0.9267
vn -0.5962 0.7028 0.3882
vn -0.2756 0.2661 0.9237
vn -0.2298 0.7195 0.6554
vn -0.5400 -0.0691 0.8388
vn -0.4358 0.0806 0.8964
vn -0.3861 0.1746 0.9058
vn -0.2249 0.4579 0.8601
vn -0.1769 0.6879 0.7039
vn -0.2766 0.3445 0.8971
vn -0.2570 0.4726 0.8430
vn -0.4567 0.1641 0.8743
vn -0.1792 0.6674 0.7229
vn -0.1321 0.6029 0.7868
vn -0.6511 0.3908 0.6506
vn -0.4104 0.2313 0.8821
vn -0.4572 0.4164 0.7858
vn -0.8064 0.4339 0.4018
vn -0.9073 0.3343 0.2550
vn 0.4507 0.4620 0.7638
vn -0.4317 0.5353 0.7260
vn -0.6192 0.5485 0.5618
vn -0.8942 0.4114 0.1767
vn -0.3785 0.5339 0.7561
vn -0.2972 0.6244 0.7223
vn -0.4250 0.6367 0.6434
vn -0.2965 0.3287 0.8967
vn -0.4504 0.6882 0.5687
vn -0.3951 0.7195 0.5712
vn -0.1814 0.6959 0.6948
vn 0.6146 0.4520 0.6465
vn -0.3411 0.7769 0.5292
vn -0.3525 0.7848 0.5097
vn 0.2084 0.4555 0.8655
vn -0.0920 0.4688 0.8785
vn -0.0743 0.7675 0.6368
vn -0.2417 0.8923 0.3814
vn -0.1805 0.6531 0.7354
vn -0.1339 0.3218 0.9373
vn 0.5620 0.3792 0.7351
vn -0.1317 0.4039 0.9053
vn -0.3201 0.0817 0.9438
vn -0.8747 0.4760 0.0910
vn -0.7828 0.5767 0.2339
vn 0.4698 0.5652 0.6782
vn -0.1133 0.7405 0.6625
vn -0.0420 0.6871 0.7253
vn -0.1115 0.5292 0.8411
vn -0.0750 0.7771 0.6249
vn -0.0582 0.6503 0.7574
vn -0.1293 0.0624 0.9896
vn -0.1763 0.1889 0.9660
vn -0.0584 0.7052 0.7066
vn -0.0508 0.4239 0.9043
vn -0.0561 0.6151 0.7864
vn -0.0784 0.7699 0.6334
vn -0.2492 -0.0406 0.9676
vn -0.1162 0.8865 0.4479
vn -0.2083 0.8930 0.3989
vn -0.1690 0.0427 0.9847
vn -0.0975 0.1761 0.9795
vn 0.0237 0.5895 0.8074
vn -0.2115 0.2662 0.9404
vn -0.1553 0.6506 0.7433
vn -0.0664 0.5882 0.8060
vn -0.0634 0.1567 0.9856
vn -0.0471 0.2801 0.9588
vn 0.0246 0.5896 0.8073
vn -0.0018 0.6889 0.7248
vn 0.0036 0.6736 0.7391
vn 0.0230 0.7857 0.6182
vn -0.2264 0.9183 0.3248
vn 0.0677 0.6749 0.7348
vn 0.0698 0.4410 0.8948
vn -0.0021 0.7906 0.6123
vn -0.2504 0.8939 0.3719
vn 0.0786 0.6939 0.7158
vn 0.0490 0.7785 0.6257
vn 0.0651 0.6381 0.7672
vn 0.0988 0.7104 0.6969
vn 0.1547 0.5571 0.8159
vn 0.0597 0.1493 0.9870
vn 0.6656 0.4989 0.5551
vn -0.1739 0.9390 0.2968
vn -0.6357 0.7370 0.2296
vn -0.1082 0.9448 0.3093
vn 0.1417 0.9414 0.3062
vn 0.1297 0.9052 0.4047
vn -0.3604 -0.0418 0.9319
vn -0.3390 0.9385 0.0649
vn -0.3856 0.9098 -0.1535
vn 0.4396 -0.3915 0.8084
vn 0.1091 0.9436 0.3126
vn 0.4679 -0.3878 0.7942
vn -0.3570 0.9206 -0.1585
vn -0.3200 0.9471 -0.0243
vn 0.4623 -0.4641 0.7555
vn 0.4921 -0.2591 0.8311
vn 0.3605 0.9185 -0.1624
vn -0.4614 -0.4794 0.7466
vn -0.9020 0.2658 0.3401
vn 0.1732 0.3746 0.9109
vn -0.1874 0.6155 0.7655
vn -0.2861 0.4927 0.8218
vn -0.7902 0.2832 0.5436
vn -0.6773 0.4591 0.5748
vn -0.4341 0.5867 0.6836
vn -0.4616 -0.4568 0.7604
vn 0.0080 0.6319 0.7750
vn -0.4668 -0.3682 0.8041
vn -0.4313 -0.4138 0.8017
vn 0.2509 0.7647 0.5935
vn 0.8269 0.3248 0.4591
vn 0.0088 0.9968 -0.0794
vn 0.3074 0.9223 0.2344
vn 0.3126 0.9223 0.2272
vn -0.9260 -0.3654 -0.0947
vn 0.2243 0.9413 0.2525
vn -0.9487 -0.3046 -0.0844
vn 0.1064 0.9348 -0.3389
vn -0.5759 0.6342 0.5159
vn -0.7906 -0.2965 0.5357
vn -0.1067 0.9674 -0.2295
vn -0.9183 0.2894 0.2701
vn -0.1407 0.3536 0.9247
vn -0.0896 0.2756 0.9571
vn -0.8160 0.4816 0.3198
vn -0.4330 -0.3951 0.8101
vn 0.3961 0.9083 -0.1348
vn 0.3995 -0.1662 0.9015
vn -0.2119 0.5227 -0.8258
vn -0.0903 0.5714 -0.8157
vn 0.1521 0.9643 -0.2169
vn 0.5321 0.7332 -0.4234
vn 0.5937 0.6519 -0.4717
vn -0.0784 0.5143 -0.8540
vn 0.6722 0.5569 -0.4878
vn -0.0567 0.4645 -0.8838
vn -0.0160 0.3805 -0.9247
vn 0.1062 0.4221 -0.9003
vn 0.4107 0.8890 -0.2027
vn 0.7135 0.4303 -0.5530
vn 0.8060 0.2992 -0.5108
vn 0.7437 0.5452 -0.3869
vn 0.7953 0.3576 -0.4895
vn 0.9176 0.3484 0.1913
vn -0.1001 0.9947 -0.0233
vn -0.1066 0.9942 -0.0116
vn 0.4831 0.8644 -0.1392
vn -0.0978 0.9952 0.0033
vn -0.5172 0.6156 -0.5946
vn 0.6362 0.7662 -0.0899
vn 0.0846 0.9961 -0.0253
vn 0.1021 0.9777 -0.1833
vn 0.0355 0.9977 0.0585
vn 0.0568 0.9925 -0.1080
vn -0.0432 0.9972 -0.0615
vn -0.0380 0.9976 0.0573
vn -0.1670 0.8444 -0.5090
vn -0.0682 0.9961 0.0566
vn -0.1066 0.9572 -0.2692
vn -0.8763 0.4690 -0.1100
vn 0.0450 0.8056 -0.5907
vn -0.3540 0.7587 -0.5469
vn -0.8929 0.4251 -0.1481
vn -0.4694 0.6523 -0.5951
vn 0.0221 0.7790 -0.6266
vn -0.9144 0.3427 -0.2156
vn 0.4043 0.5617 -0.7218
vn 0.8523 0.4303 -0.2974
vn 0.7839 0.4700 -0.4057
vn 0.8160 0.4041 -0.4134
vn 0.8909 0.4249 -0.1607
vn 0.3746 0.6893 -0.6201
vn 0.4322 0.7334 -0.5247
vn 0.8289 0.5262 -0.1898
vn 0.4513 0.4626 -0.7631
vn 0.4194 0.2745 -0.8653
vn 0.5079 0.3957 -0.7651
vn 0.4099 -0.0481 -0.9109
vn 0.3772 0.6747 -0.6344
vn 0.4169 0.5776 -0.7019
vn -0.6206 0.4818 -0.6186
vn 0.4000 0.7209 -0.5660
vn 0.3976 0.4181 -0.8168
vn 0.2079 0.5170 -0.8304
vn 0.1690 0.8851 -0.4337
vn 0.1091 0.4633 -0.8795
vn 0.3146 0.2214 -0.9231
vn 0.0938 0.6697 -0.7367
vn 0.0712 0.8279 -0.5563
vn -0.5697 0.4290 -0.7010
vn 0.3029 0.0078 -0.9530
vn 0.0766 0.4788 -0.8746
vn 0.0103 0.6139 -0.7893
vn -0.5138 0.4001 -0.7589
vn -0.0613 0.6863 -0.7247
vn -0.4120 0.3492 -0.8416
vn 0.3689 0.1758 -0.9127
vn -0.0657 0.5778 -0.8135
vn -0.0782 0.8548 -0.5130
vn 0.2707 0.3715 -0.8881
vn 0.1945 0.5699 -0.7984
vn -0.2617 0.5700 -0.7788
vn 0.0134 0.9033 -0.4287
vn 0.0540 0.9014 -0.4297
vn -0.3205 0.6671 -0.6725
vn 0.1102 0.6495 -0.7523
vn -0.0715 0.8968 -0.4365
vn -0.3941 0.7165 -0.5756
vn -0.1144 0.9027 -0.4147
vn -0.4057 0.6217 -0.6701
vn 0.1496 0.7327 -0.6639
vn 0.1187 0.8034 -0.5836
vn -0.5299 0.8334 -0.1569
vn -0.0454 0.3873 -0.9208
vn 0.1152 0.2847 -0.9517
vn 0.0104 0.0884 -0.9960
vn -0.1400 0.1035 -0.9847
vn -0.1944 0.3048 -0.9324
vn -0.0726 0.0280 -0.9970
vn 0.1729 0.0314 -0.9844
vn 0.0751 -0.0192 -0.9970
vn -0.0059 -0.0757 -0.9971
vn -0.1164 -0.0662 -0.9910
vn 0.0080 -0.0079 -0.9999
vn -0.1589 0.1565 -0.9748
vn 0.1580 -0.0685 -0.9851
vn 0.0290 0.3152 -0.9486
vn -0.1103 0.6104 -0.7844
vn 0.1789 0.1533 -0.9718
vn -0.2407 -0.0731 -0.9678
vn -0.3108 0.0801 -0.9471
vn -0.3061 0.1181 -0.9446
vn -0.1987 0.4231 -0.8840
vn -0.3683 -0.0113 -0.9296
vn 0.2775 0.0287 -0.9603
vn 0.2005 0.4224 -0.8839
vn 0.3747 0.1017 -0.9216
vn 0.2972 0.2794 -0.9130
vn 0.1140 0.5879 -0.8009
vn -0.2791 0.4539 -0.8462
vn -0.4661 0.0739 -0.8817
vn -0.4417 0.0328 -0.8965
vn -0.3398 0.2042 -0.9181
vn -0.5084 0.3867 -0.7694
vn -0.3998 0.2714 -0.8755
vn -0.4224 0.3893 -0.8185
vn -0.5523 0.0676 -0.8309
vn -0.4494 0.2837 -0.8471
vn -0.2455 0.4404 -0.8636
vn -0.2557 0.4167 -0.8724
vn -0.0602 0.5344 -0.8431
vn -0.4088 0.2814 -0.8681
vn -0.4653 0.3613 -0.8080
vn -0.5555 -0.0433 -0.8304
vn -0.5406 0.2499 -0.8033
vn -0.3397 0.6243 -0.7034
vn -0.6376 -0.0079 -0.7703
vn -0.6289 0.0390 -0.7765
vn -0.6176 0.1116 -0.7786
vn -0.6453 0.2121 -0.7339
vn -0.5541 0.4264 -0.7149
vn -0.4195 0.4878 -0.7655
vn -0.6789 0.0796 -0.7299
vn -0.7154 -0.0847 -0.6935
vn -0.7005 0.0381 -0.7127
vn -0.6124 0.4230 -0.6678
vn -0.7254 0.1602 -0.6694
vn -0.7648 0.0470 -0.6426
vn -0.1988 0.7055 -0.6802
vn -0.4161 0.6523 -0.6335
vn -0.8448 0.3284 -0.4225
vn -0.7132 0.2866 -0.6397
vn -0.7930 0.4585 -0.4012
vn -0.5100 0.6786 -0.5286
vn -0.0185 0.7476 -0.6639
vn 0.3320 0.5758 -0.7472
vn -0.4232 0.7223 -0.5470
vn 0.2080 0.7315 -0.6493
vn 0.7748 -0.6204 -0.1218
vn 0.6767 0.7318 -0.0812
vn 0.9866 -0.0863 -0.1386
vn 0.6177 0.7783 -0.1125
vn 0.9746 0.1028 -0.1992
vn 0.6196 0.7696 -0.1543
vn 0.9755 0.0413 -0.2162
vn 0.9636 -0.0678 -0.2584
vn 0.6107 0.7695 -0.1869
vn 0.9016 -0.3285 -0.2814
vn 0.7863 -0.5609 -0.2590
vn 0.6755 0.6963 -0.2425
vn 0.9387 0.0377 -0.3427
vn 0.7893 0.5226 -0.3222
vn 0.9220 0.3552 -0.1539
vn 0.8861 0.4169 -0.2026
vn 0.9694 0.1588 -0.1873
vn 0.6133 0.7439 -0.2654
vn 0.6362 0.7475 -0.1910
vn 0.8536 0.4376 -0.2824
vn 0.8664 0.4887 -0.1025
vn 0.7221 0.6890 -0.0617
vn 0.8900 0.4557 -0.0144
vn 0.7047 0.7074 -0.0555
vn 0.6062 0.7952 0.0146
vn 0.9970 -0.0769 0.0084
vn 0.8060 0.5903 0.0436
vn 0.6349 0.7704 0.0578
vn 0.8017 0.5887 0.1036
vn 0.6113 0.7868 0.0854
vn 0.6062 0.7876 0.1105
vn 0.7588 0.6276 0.1740
vn 0.6151 0.7757 0.1413
vn 0.7461 0.6333 0.2054
vn 0.7376 0.6260 0.2531
vn 0.6499 0.7340 0.1972
vn 0.6565 0.7189 0.2284
vn 0.8701 0.3483 0.3486
vn 0.9410 0.2742 0.1982
vn 0.9893 0.0539 0.1357
vn 0.9831 -0.0986 0.1539
vn 0.9307 0.1443 0.3361
vn 0.6804 -0.7306 0.0571
vn 0.9448 -0.1480 0.2924
vn 0.7359 -0.6298 0.2487
vn 0.9156 -0.3206 0.2426
vn 0.8027 -0.5693 0.1777
vn -0.1045 0.9335 -0.3429
vn 0.7293 -0.4375 0.5261
vn -0.0211 0.9528 -0.3027
vn -0.9997 -0.0244 -0.0008
vn -0.8743 -0.4854 -0.0041
vn -0.9209 0.3899 0.0029
vn -0.5532 0.3336 0.7633
vn -0.5859 0.1578 0.7949
vn -0.5042 0.1932 0.8417
vn -0.4627 0.2889 0.8381
vn -0.4105 0.3449 0.8441
vn -0.4331 0.1447 0.8896
vn -0.3530 0.3567 0.8649
vn -0.4002 0.2637 0.8777
vn -0.3531 0.3740 0.8576
vn -0.4712 0.4720 0.7451
vn -0.4215 -0.2962 0.8571
vn -0.5727 0.1058 0.8129
vn -0.5720 -0.0070 0.8202
vn -0.5712 -0.4022 0.7155
vn -0.5852 0.4248 0.6907
vn -0.6816 0.1562 0.7149
vn -0.2708 -0.3059 0.9128
vn -0.3063 -0.2375 0.9218
vn -0.6479 0.3278 0.6876
vn -0.6826 0.1851 0.7070
vn -0.3747 -0.3986 0.8371
vn -0.6718 0.0157 0.7406
vn -0.5897 0.6194 0.5182
vn -0.5127 0.5242 0.6800
vn -0.7183 -0.2584 0.6460
vn -0.7064 0.3337 0.6242
vn -0.7447 0.1906 0.6396
vn -0.7171 0.3794 0.5847
vn -0.7137 0.5496 0.4342
vn -0.8212 0.2735 0.5009
vn -0.7694 0.2892 0.5696
vn -0.4570 -0.3723 0.8078
vn -0.3229 -0.5733 0.7530
vn -0.1518 -0.5679 0.8090
vn -0.8081 0.1031 0.5799
vn -0.8009 -0.1153 0.5875
vn -0.8405 0.2091 0.4999
vn -0.8409 0.0642 0.5374
vn -0.8471 0.0404 0.5299
vn -0.2247 0.6771 0.7008
vn -0.8522 0.1949 0.4856
vn -0.5121 0.7240 0.4622
vn -0.3129 0.7731 0.5518
vn -0.7552 0.3886 0.5279
vn -0.5930 0.5917 0.5461
vn -0.4394 0.4973 0.7481
vn -0.7142 0.1239 0.6889
vn -0.4938 0.1139 0.8621
vn -0.2792 0.2993 0.9124
vn -0.3714 0.7152 0.5920
vn -0.2066 0.6871 0.6966
vn -0.0838 0.4440 0.8921
vn -0.5978 -0.0324 0.8010
vn -0.8747 0.1612 0.4571
vn -0.1941 0.8139 0.5476
vn -0.8533 0.3134 0.4167
vn -0.0221 0.7342 0.6786
vn 0.0909 0.5103 0.8552
vn -0.0536 -0.0030 0.9986
vn -0.8576 -0.2713 0.4369
vn 0.1179 0.1876 0.9751
vn -0.8591 -0.1208 0.4973
vn -0.8995 0.0585 0.4330
vn -0.3213 -0.3529 0.8788
vn -0.8857 -0.1842 0.4262
vn -0.9306 -0.0963 0.3532
vn -0.6270 -0.6751 0.3887
vn -0.0018 -0.1689 0.9856
vn 0.0863 0.8059 0.5857
vn -0.8960 -0.2781 0.3463
vn -0.3998 -0.7074 0.5829
vn -0.4554 -0.7428 0.4908
vn -0.5504 -0.7334 0.3991
vn 0.0325 -0.2803 0.9594
vn -0.9010 -0.3232 0.2894
vn -0.9499 -0.0672 0.3053
vn -0.9468 -0.1769 0.2689
vn 0.0848 0.9946 -0.0603
vn 0.3166 0.9223 -0.2216
vn 0.2404 0.9392 -0.2452
vn 0.2171 0.9263 -0.3079
vn -0.0730 0.9543 0.2898
vn 0.3158 0.9370 -0.1490
vn 0.2110 0.9766 0.0407
vn 0.7762 0.5896 0.2234
vn -0.7523 0.5912 0.2909
vn -0.3030 0.9369 0.1743
vn -0.1686 0.9846 -0.0464
vn 0.1443 0.9380 -0.3153
vn -0.4142 0.9045 0.1018
vn -0.0480 0.9370 -0.3461
vn -0.7297 0.3239 0.6021
vn 0.0194 0.9114 0.4110
vn -0.5931 0.3009 0.7468
vn -0.6467 0.3046 0.6992
vn -0.7013 0.2957 0.6487
vn 0.7883 0.5341 0.3055
vn 0.2194 0.8095 0.5446
vn 0.1235 0.7967 0.5917
vn -0.0445 0.9380 0.3439
vn 0.0019 0.7579 0.6524
vn -0.1243 0.9256 0.3574
vn -0.3123 0.7230 0.6162
vn -0.3253 0.8068 0.4933
vn -0.1390 0.9566 0.2563
vn -0.2448 0.9109 0.3321
vn -0.2156 0.9537 0.2095
vn -0.3319 0.9038 0.2702
vn -0.4150 0.8846 0.2129
vn -0.4344 0.7516 0.4964
vn -0.4150 0.9033 0.1090
vn -0.5089 0.7422 0.4362
vn -0.6779 0.7145 0.1730
vn -0.6371 0.6648 0.3900
vn -0.4537 0.6736 0.5834
vn -0.6728 0.7340 -0.0922
vn -0.2729 0.6404 0.7179
vn -0.5554 0.6183 0.5560
vn -0.4288 0.5976 0.6775
vn -0.3611 0.6316 0.6861
vn -0.6278 0.6057 0.4890
vn -0.7386 0.6698 0.0764
vn -0.5217 0.5558 0.6473
vn -0.7730 0.6107 0.1719
vn -0.7348 0.5420 0.4079
vn -0.6428 0.5234 0.5593
vn -0.3896 0.5346 0.7500
vn -0.5653 0.5517 0.6132
vn -0.5137 0.5129 0.6878
vn -0.4236 0.5461 0.7227
vn -0.3584 0.7418 0.5668
vn -0.3354 0.7027 0.6275
vn -0.3075 0.6425 0.7019
vn -0.4863 0.6807 0.5479
vn -0.5760 0.6218 0.5307
vn -0.1749 0.5769 0.7979
vn -0.7125 0.4705 0.5205
vn -0.5642 0.6748 0.4757
vn -0.5962 0.7028 0.3882
vn -0.7652 0.6003 0.2329
vn -0.7658 0.4959 0.4094
vn -0.8545 0.4992 0.1436
vn -0.0427 0.4465 0.8938
vn -0.5195 -0.4869 0.7021
vn -0.3604 -0.0418 0.9319
vn 0.1634 0.5690 0.8060
vn 0.1418 0.6130 0.7772
vn 0.0942 0.7135 0.6943
vn 0.3995 -0.1662 0.9015
vn 0.4396 -0.3915 0.8084
vn 0.4512 0.5462 0.7058
vn 0.1918 0.5733 0.7966
vn -0.7631 0.2587 0.5922
vn -0.9762 0.2130 0.0398
vn 0.3678 0.8994 0.2363
vn 0.2687 0.9450 0.1864
vn -0.9663 0.1928 -0.1708
vn -0.2392 0.6459 0.7250
vn -0.6573 0.5211 -0.5444
vn 0.3228 0.9353 0.1447
vn -0.9483 0.2270 -0.2218
vn 0.3885 0.9144 0.1141
vn -0.4456 0.8827 -0.1494
vn -0.7151 0.4869 -0.5016
vn -0.2876 0.5759 0.7653
vn -0.7723 0.3696 -0.5166
vn -0.4011 0.4759 0.7827
vn -0.2445 0.2848 0.9269
vn -0.5170 0.8523 0.0787
vn -0.5556 0.7627 0.3311
vn -0.3773 0.8891 0.2591
vn -0.4219 0.8826 0.2073
vn -0.5232 0.8515 0.0333
vn -0.4738 0.8806 -0.0102
vn -0.4938 0.8691 -0.0283
vn -0.4776 0.8751 -0.0786
vn -0.5258 0.8478 -0.0693
vn -0.9412 0.2131 -0.2620
vn -0.3290 0.9443 -0.0020
vn -0.4099 0.9074 -0.0928
vn -0.4501 0.8834 -0.1304
vn -0.3774 0.9150 -0.1426
vn -0.4280 0.8791 -0.2097
vn -0.5671 0.7956 -0.2130
vn -0.9183 0.2610 -0.2976
vn -0.3033 0.9343 -0.1872
vn -0.3918 0.8849 -0.2518
vn -0.1959 0.8974 -0.3953
vn -0.3373 0.9114 0.2357
vn -0.4005 0.8494 0.3436
vn -0.4128 0.8676 -0.2772
vn -0.9202 0.2183 -0.3249
vn 0.1111 0.9905 -0.0809
vn -0.8865 0.2837 -0.3656
vn -0.2884 0.9137 0.2862
vn -0.2688 0.9077 0.3222
vn -0.5289 0.6140 0.5859
vn -0.1693 0.8321 -0.5282
vn -0.4657 0.6178 0.6336
vn -0.6965 0.3890 0.6030
vn -0.5518 0.2789 -0.7860
vn -0.5460 0.8075 0.2232
vn -0.6962 0.6697 0.2586
vn -0.1974 0.2747 -0.9411
vn -0.4078 0.5218 0.7493
vn -0.3921 -0.3018 0.8690
vn -0.4978 -0.0671 0.8647
vn -0.4551 -0.2884 0.8425
vn -0.4170 -0.0930 0.9041
vn -0.5099 -0.2642 0.8186
vn -0.4332 -0.2144 0.8754
vn -0.4378 0.0349 0.8984
vn -0.5829 -0.1326 0.8016
vn -0.4331 0.1447 0.8896
vn -0.6954 -0.1810 0.6955
vn -0.6816 0.1562 0.7149
vn -0.5859 0.1578 0.7949
vn -0.5042 0.1932 0.8417
vn -0.6670 0.0108 0.7450
vn -0.4002 0.2637 0.8777
vn -0.6826 0.1851 0.7070
vn -0.7270 -0.0197 0.6863
vn -0.5688 -0.3216 0.7570
vn -0.6789 -0.3045 0.6681
vn -0.7321 -0.2111 0.6476
vn -0.7889 -0.0563 0.6120
vn -0.7447 0.1906 0.6396
vn -0.8081 0.1031 0.5799
vn -0.8745 -0.0505 0.4825
vn -0.8212 0.2735 0.5009
vn -0.7591 -0.3383 0.5561
vn -0.4629 -0.4751 0.7483
vn -0.7919 -0.3388 0.5080
vn -0.6076 -0.4947 0.6213
vn -0.5354 -0.5185 0.6667
vn -0.4709 -0.5304 0.7049
vn -0.4020 -0.4752 0.7827
vn -0.3404 -0.4415 0.8302
vn -0.6897 -0.4676 0.5529
vn -0.8203 -0.2379 0.5201
vn -0.8471 0.0404 0.5299
vn -0.8591 -0.1208 0.4973
vn -0.6194 -0.5747 0.5349
vn -0.7256 -0.4770 0.4960
vn -0.7805 -0.4411 0.4431
vn -0.5539 -0.6066 0.5702
vn -0.8857 -0.1842 0.4262
vn -0.8370 -0.3816 0.3922
vn -0.6608 -0.5755 0.4818
vn -0.3816 -0.6451 0.6620
vn -0.4899 -0.6391 0.5930
vn -0.3009 -0.5868 0.7517
vn -0.7231 -0.5468 0.4221
vn -0.4667 -0.6743 0.5722
vn -0.3749 -0.7238 0.5793
vn -0.6853 -0.6463 0.3356
vn -0.3135 -0.6456 0.6963
vn -0.7006 -0.5968 0.3912
vn -0.2263 -0.6736 0.7036
vn -0.5597 -0.6844 0.4672
vn -0.4811 -0.7382 0.4729
vn -0.4328 -0.7428 0.5109
vn -0.8445 -0.3573 0.3989
vn -0.8747 0.1612 0.4571
vn -0.6345 -0.6803 0.3669
vn -0.5624 -0.7228 0.4016
vn -0.7186 -0.6110 0.3320
vn -0.5035 -0.7488 0.4310
vn -0.3885 -0.7752 0.4981
vn -0.2734 -0.7490 0.6035
vn -0.3338 -0.7852 0.5216
vn -0.8175 -0.4913 0.3005
vn -0.7079 -0.5894 0.3892
vn -0.7084 -0.4120 0.5731
vn -0.5841 -0.5722 0.5757
vn -0.5446 -0.3569 0.7589
vn -0.7386 -0.1907 0.6466
vn -0.4209 -0.5959 0.6839
vn -0.5978 -0.0324 0.8010
vn -0.3213 -0.3529 0.8788
vn -0.4466 -0.7582 0.4751
vn -0.7142 0.1239 0.6889
vn -0.4938 0.1139 0.8621
vn -0.8960 -0.2781 0.3463
vn -0.9010 -0.3232 0.2894
vn -0.7407 -0.6197 0.2597
vn -0.6570 -0.6935 0.2957
vn -0.4556 -0.7421 0.4917
vn -0.5438 -0.7941 0.2715
vn -0.3056 -0.7784 0.5484
vn -0.4788 -0.8316 0.2815
vn -0.5382 -0.7734 0.3351
vn -0.2754 -0.7824 0.5586
vn -0.3263 -0.9100 0.2558
vn -0.1383 -0.7750 0.6166
vn -0.2375 -0.8555 0.4601
vn -0.1042 -0.5034 0.8577
vn -0.4127 -0.8123 0.4121
vn -0.3386 -0.8355 0.4327
vn -0.5731 -0.7678 0.2863
vn -0.4487 -0.8204 0.3543
vn -0.8104 -0.5460 0.2123
vn -0.2114 -0.7917 0.5731
vn -0.7050 -0.6732 0.2230
vn -0.2431 -0.8631 0.4426
vn -0.2219 -0.8387 0.4974
vn -0.2306 -0.8402 0.4908
vn -0.4561 -0.8446 0.2805
vn -0.1387 -0.7884 0.5994
vn -0.5027 -0.8364 0.2183
vn -0.1708 -0.8438 0.5087
vn -0.2631 -0.9439 0.1998
vn -0.6071 -0.7645 0.2168
vn -0.0796 -0.8714 0.4840
vn -0.1058 -0.8762 0.4703
vn -0.5775 -0.8015 0.1555
vn -0.0820 -0.9635 0.2550
vn -0.1009 -0.9594 0.2633
vn -0.5809 -0.7977 0.1620
vn -0.6953 -0.7036 0.1465
vn -0.0950 -0.9866 0.1323
vn -0.0346 -0.8789 0.4757
vn 0.0626 -0.9519 0.2998
vn -0.5611 -0.8243 0.0758
vn -0.6272 -0.7748 0.0794
vn 0.0715 -0.9074 0.4140
vn -0.0376 -0.9301 0.3654
vn 0.1842 -0.9655 0.1838
vn 0.2062 -0.8120 0.5461
vn 0.0607 -0.7286 0.6823
vn 0.0050 -0.9130 0.4078
vn 0.0321 -0.8750 0.4831
vn -0.6539 -0.7553 0.0426
vn -0.6070 -0.7947 0.0017
vn -0.5249 -0.8503 0.0386
vn -0.7652 -0.6371 0.0931
vn -0.7251 -0.6879 0.0328
vn 0.2260 -0.8752 0.4276
vn 0.1470 -0.8169 0.5577
vn 0.0918 -0.8776 0.4705
vn 0.1770 -0.8091 0.5604
vn 0.1609 -0.8514 0.4992
vn 0.2719 -0.9351 0.2274
vn -0.6743 -0.7380 -0.0253
vn -0.5758 -0.8146 -0.0705
vn -0.6795 -0.7285 -0.0867
vn 0.4015 -0.8491 0.3433
vn -0.6237 -0.7691 -0.1400
vn 0.3041 -0.9122 0.2746
vn 0.2517 -0.8151 0.5218
vn 0.1858 -0.7571 0.6263
vn 0.3115 -0.7474 0.5868
vn 0.4273 -0.8558 0.2915
vn -0.7529 -0.6558 -0.0560
vn -0.8092 -0.5872 -0.0179
vn -0.8306 -0.5374 0.1460
vn -0.6787 -0.7146 -0.1696
vn 0.2953 -0.6936 0.6571
vn 0.2946 -0.6633 0.6879
vn 0.3205 -0.7548 0.5724
vn 0.2921 -0.8166 0.4978
vn 0.3602 -0.7913 0.4941
vn 0.4439 -0.6704 0.5946
vn -0.7705 -0.6251 -0.1248
vn 0.3065 -0.6645 0.6816
vn 0.5343 -0.6975 0.4776
vn 0.6851 -0.5778 0.4437
vn -0.8471 -0.5302 0.0344
vn 0.1863 -0.4897 0.8518
vn 0.6418 -0.6970 0.3197
vn 0.5224 -0.7200 0.4569
vn 0.6357 -0.7045 0.3156
vn -0.8493 -0.5182 -0.1006
vn 0.2813 -0.5537 0.7838
vn 0.3551 -0.5643 0.7453
vn 0.4206 -0.5972 0.6830
vn 0.3756 -0.6896 0.6192
vn -0.9135 -0.3900 0.1156
vn -0.9056 -0.4132 -0.0958
vn -0.8810 -0.4186 0.2203
vn -0.9086 -0.3779 0.1777
vn -0.9169 -0.3983 -0.0245
vn -0.9281 -0.3670 0.0636
vn -0.9468 -0.1769 0.2689
vn -0.9606 -0.1615 0.2263
vn -0.9726 -0.1680 0.1606
vn -0.1110 -0.9933 0.0313
vn -0.0591 -0.9955 0.0740
vn -0.0924 -0.9938 0.0619
vn -0.0610 -0.9977 0.0280
vn -0.0809 -0.9941 0.0728
vn -0.1042 -0.9945 0.0043
vn -0.0654 -0.9978 -0.0098
vn -0.0304 -0.9993 0.0228
vn -0.0343 -0.9994 0.0077
vn -0.0238 -0.9989 0.0413
vn -0.0205 -0.9997 -0.0146
vn -0.0184 -0.9960 0.0876
vn -0.0057 -0.9986 0.0525
vn 0.0408 -0.9987 0.0300
vn 0.0426 -0.9987 0.0267
vn 0.0543 -0.9985 0.0109
vn 0.0330 -0.9992 -0.0238
vn -0.0784 -0.9964 -0.0325
vn 0.0275 -0.9946 0.1004
vn 0.0426 -0.9955 0.0845
vn 0.0348 -0.9947 0.0968
vn -0.0109 -0.9952 0.0969
vn -0.0402 -0.9938 0.1035
vn 0.0818 -0.9934 0.0799
vn 0.0895 -0.9937 0.0675
vn -0.0240 -0.9992 -0.0335
vn -0.0098 -0.9983 -0.0576
vn 0.0253 -0.9986 -0.0464
vn 0.0811 -0.9967 0.0028
vn 0.0882 -0.9960 -0.0157
vn 0.0563 -0.9980 -0.0304
vn 0.0465 -0.9972 -0.0593
vn 0.0215 -0.9978 -0.0621
vn 0.1064 -0.9934 0.0427
vn 0.1182 -0.9905 0.0706
vn 0.0612 -0.9925 0.1059
vn 0.1205 -0.9927 0.0097
vn 0.0064 -0.9911 0.1328
vn -0.0261 -0.9906 0.1343
vn 0.0503 -0.9890 0.1389
vn 0.0940 -0.9893 0.1118
vn 0.1159 -0.9881 0.1016
vn 0.1110 -0.9929 -0.0415
vn 0.1279 -0.9917 -0.0146
vn 0.1447 -0.9891 0.0283
vn -0.0058 -0.9890 0.1475
vn 0.0687 -0.9945 -0.0791
vn 0.1067 -0.9921 -0.0655
vn -0.0911 -0.9910 0.0985
vn -0.0747 -0.9944 -0.0747
vn -0.0635 -0.9970 -0.0439
vn -0.0706 -0.9890 0.1301
vn -0.0287 -0.9975 -0.0646
vn -0.0330 -0.9952 -0.0920
vn 0.0048 -0.9959 -0.0908
vn 0.0290 -0.9933 -0.1120
vn 0.0878 -0.9922 -0.0885
vn 0.1557 -0.9878 -0.0035
vn 0.1521 -0.9883 -0.0127
vn 0.1580 -0.9852 0.0667
vn -0.1157 -0.9916 -0.0574
vn -0.1253 -0.9915 -0.0340
vn -0.1344 -0.9909 -0.0023
vn -0.0672 -0.9915 -0.1117
vn -0.0891 -0.9911 -0.0993
vn -0.0224 -0.9917 -0.1267
vn -0.0682 -0.9892 -0.1298
vn -0.1321 -0.9895 0.0594
vn -0.1318 -0.9862 0.1002
vn -0.1484 -0.9883 0.0356
vn -0.1777 -0.9839 0.0172
vn -0.0848 -0.9867 0.1389
vn -0.1233 -0.9851 0.1196
vn -0.0253 -0.9849 0.1712
vn -0.0466 -0.9857 0.1620
vn 0.0634 -0.9862 0.1528
vn 0.0047 -0.9813 0.1927
vn 0.0451 -0.9825 0.1808
vn 0.1200 -0.9854 0.1205
vn 0.1263 -0.9810 0.1475
vn -0.0566 -0.9806 0.1875
vn -0.0949 -0.9807 0.1708
vn -0.1696 -0.9826 0.0755
vn -0.1494 -0.9867 0.0643
vn -0.1895 -0.9807 0.0474
vn -0.1554 -0.9866 -0.0502
vn -0.1581 -0.9852 -0.0668
vn -0.1743 -0.9839 -0.0385
vn -0.1942 -0.9808 -0.0200
vn -0.1166 -0.9868 -0.1128
vn -0.1574 -0.9812 -0.1113
vn -0.1922 -0.9813 0.0130
vn -0.2211 -0.9751 -0.0182
vn -0.1697 -0.9803 -0.1007
vn -0.1429 -0.9759 0.1649
vn -0.1439 -0.9799 0.1385
vn -0.2134 -0.9724 0.0948
vn -0.1709 -0.9771 0.1269
vn -0.2392 -0.9709 0.0124
vn -0.0098 -0.9873 -0.1588
vn 0.0240 -0.9905 -0.1352
vn 0.0506 -0.9892 -0.1378
vn -0.2115 -0.9724 -0.0982
vn -0.2031 -0.9770 -0.0648
vn -0.0511 -0.9813 -0.1857
vn -0.0796 -0.9842 -0.1584
vn 0.1264 -0.9893 -0.0732
vn 0.1169 -0.9859 -0.1194
vn 0.0585 -0.9877 -0.1450
vn 0.1519 -0.9844 -0.0889
vn 0.1693 -0.9840 -0.0552
vn 0.1844 -0.9820 0.0411
vn -0.1482 -0.9759 -0.1602
vn -0.1176 -0.9789 -0.1669
vn -0.0062 -0.9810 -0.1941
vn 0.0700 -0.9806 -0.1830
vn -0.2332 -0.9712 0.0482
vn -0.2109 -0.9695 0.1247
vn -0.0885 -0.9733 0.2119
vn -0.0060 -0.9739 0.2271
vn -0.0328 -0.9713 0.2357
vn -0.1228 -0.9723 0.1991
vn 0.0302 -0.9766 0.2131
vn 0.0831 -0.9764 0.1992
vn 0.1240 -0.9740 0.1896
vn 0.0614 -0.9719 0.2274
vn -0.1729 -0.9692 0.1755
vn -0.0665 -0.9711 0.2292
vn 0.1706 -0.9774 0.1247
vn 0.2153 -0.9735 0.0772
vn 0.2092 -0.9731 0.0968
vn 0.2137 -0.9765 0.0268
vn 0.1351 -0.9801 -0.1456
vn 0.2117 -0.9770 -0.0254
vn 0.2020 -0.9779 -0.0549
vn 0.2387 -0.9710 0.0112
vn 0.1972 -0.9766 -0.0855
vn 0.1904 -0.9745 -0.1187
vn -0.1172 -0.9719 -0.2042
vn -0.0873 -0.9704 -0.2251
vn -0.2202 -0.9729 -0.0704
vn -0.1889 -0.9707 -0.1486
vn -0.2062 -0.9682 -0.1419
vn 0.0314 -0.9713 -0.2359
vn -0.0280 -0.9715 -0.2353
vn 0.1351 -0.9701 -0.2016
vn -0.2616 -0.9651 -0.0126
vn 0.0841 -0.9733 -0.2134
vn 0.1595 -0.9746 -0.1574
vn -0.1505 -0.9624 0.2261
vn -0.2169 -0.9602 0.1758
vn -0.2605 -0.9627 -0.0736
vn -0.1906 -0.9649 -0.1806
vn -0.1598 -0.9612 -0.2249
vn -0.1080 -0.9632 0.2460
vn -0.1511 -0.9589 0.2403
vn -0.2536 -0.9623 0.0982
vn -0.2916 -0.9542 0.0671
vn -0.2460 -0.9554 0.1633
vn -0.2778 -0.9511 0.1349
vn -0.2550 -0.9579 -0.1322
vn -0.2799 -0.9593 0.0379
vn -0.2731 -0.9529 -0.1322
vn -0.2141 -0.9557 -0.2022
vn -0.0621 -0.9593 0.2756
vn 0.0411 -0.9601 0.2768
vn 0.0080 -0.9597 0.2810
vn 0.0887 -0.9637 0.2517
vn 0.1295 -0.9613 0.2433
vn 0.1492 -0.9678 0.2028
vn 0.0786 -0.9621 0.2612
vn 0.1912 -0.9614 0.1979
vn 0.1857 -0.9707 0.1527
vn 0.2044 -0.9686 0.1416
vn -0.1333 -0.9524 0.2740
vn -0.1643 -0.9498 0.2661
vn -0.0998 -0.9489 0.2995
vn -0.3275 -0.9448 0.0061
vn 0.1852 -0.9519 0.2442
vn -0.1912 -0.9592 0.2082
vn -0.2464 -0.9428 0.2247
vn -0.2557 -0.9455 0.2016
vn -0.2147 -0.9434 0.2527
vn -0.3107 -0.9501 -0.0259
vn -0.3192 -0.9457 -0.0609
vn -0.3172 -0.9439 -0.0917
vn -0.0530 -0.9446 0.3239
vn -0.0099 -0.9465 0.3225
vn -0.3364 -0.9337 0.1229
vn -0.2650 -0.9486 -0.1730
vn 0.0820 -0.9654 -0.2477
vn -0.3473 -0.9374 0.0267
vn -0.3192 -0.9295 0.1849
vn -0.1575 -0.9534 -0.2575
vn -0.3021 -0.9304 -0.2075
vn -0.0938 -0.9552 -0.2807
vn -0.3364 -0.9394 0.0660
vn -0.4098 -0.9116 0.0334
vn 0.0531 -0.9491 0.3104
vn -0.0336 -0.9595 -0.2796
vn 0.0219 -0.9610 -0.2757
vn 0.0547 -0.9576 -0.2830
vn -0.0648 -0.9463 -0.3168
vn -0.2311 -0.9465 -0.2253
vn 0.0952 -0.9470 0.3068
vn -0.2589 -0.9331 0.2495
vn 0.1325 -0.9465 0.2942
vn -0.1419 -0.9323 0.3327
vn -0.1930 -0.9313 0.3090
vn -0.3528 -0.9260 -0.1348
vn -0.3626 -0.9157 -0.1733
vn -0.2254 -0.9348 -0.2745
vn -0.3882 -0.9159 0.1024
vn -0.4088 -0.9094 0.0760
vn -0.3706 -0.9258 -0.0747
vn -0.3824 -0.9147 -0.1306
vn -0.3996 -0.9157 -0.0411
vn -0.3980 -0.9174 0.0033
vn -0.0282 -0.9355 0.3523
vn -0.3641 -0.9122 0.1880
vn -0.3645 -0.9207 0.1396
vn -0.3268 -0.9101 0.2548
vn -0.1049 -0.9239 0.3680
vn -0.0668 -0.9182 0.3904
vn 0.0203 -0.9247 0.3800
vn -0.2682 -0.9132 0.3067
vn -0.3456 -0.8945 0.2836
vn 0.0034 -0.9275 0.3738
vn -0.1974 -0.9186 0.3424
vn -0.0043 -0.9413 -0.3376
vn -0.2603 -0.9286 -0.2645
vn -0.1827 -0.9348 -0.3047
vn -0.1255 -0.9369 -0.3263
vn 0.0771 -0.9332 0.3509
vn 0.0544 -0.9437 -0.3262
vn -0.1301 -0.9145 0.3831
vn -0.3368 -0.9006 -0.2746
vn -0.0277 -0.9019 0.4310
vn -0.1886 -0.9031 0.3858
vn -0.2653 -0.8869 0.3781
vn -0.0970 -0.9130 0.3963
vn -0.4436 -0.8900 -0.1057
vn -0.4492 -0.8805 0.1515
vn -0.4417 -0.8872 0.1332
vn -0.4037 -0.8929 0.1997
vn -0.3138 -0.8895 0.3322
vn -0.3898 -0.8920 -0.2287
vn -0.4651 -0.8805 0.0914
vn -0.4335 -0.8995 0.0540
vn -0.2683 -0.9089 -0.3192
vn -0.2341 -0.9096 -0.3433
vn -0.4878 -0.8724 -0.0312
vn -0.4647 -0.8844 -0.0433
vn -0.5022 -0.8608 -0.0821
vn -0.3934 -0.8751 0.2820
vn -0.4447 -0.8650 0.2325
vn -0.4935 -0.8690 0.0365
vn -0.4656 -0.8687 -0.1691
vn -0.1757 -0.9094 -0.3769
vn -0.2216 -0.8964 -0.3839
vn -0.0630 -0.9191 -0.3889
vn -0.1331 -0.9115 -0.3893
vn 0.0941 -0.9208 0.3785
vn -0.3388 -0.8678 0.3635
vn -0.1388 -0.8852 0.4440
vn -0.5269 -0.8499 -0.0111
vn -0.3283 -0.8762 -0.3530
vn -0.5093 -0.8548 0.0997
vn 0.0126 -0.9116 -0.4109
vn -0.4208 -0.8576 -0.2959
vn -0.4580 -0.8539 -0.2473
vn -0.2967 -0.8576 0.4202
vn -0.5412 -0.8269 -0.1528
vn -0.1812 -0.8919 -0.4143
vn -0.3211 -0.8515 -0.4144
vn -0.2685 -0.8611 -0.4316
vn -0.4009 -0.8430 -0.3587
vn -0.1590 -0.8816 -0.4443
vn -0.1099 -0.8831 -0.4562
vn -0.0426 -0.8793 -0.4744
vn -0.5470 -0.7993 -0.2487
vn -0.5874 -0.7837 -0.2020
vn -0.3881 -0.8319 -0.3965
vn -0.4592 -0.8227 -0.3351
vn -0.5370 -0.7726 -0.3386
vn -0.2599 -0.8162 -0.5160
vn -0.1029 -0.8519 -0.5135
vn -0.1426 -0.8348 -0.5318
vn -0.2234 -0.8091 -0.5436
vn -0.3867 -0.7761 -0.4981
vn -0.4287 -0.7883 -0.4414
vn -0.3380 -0.7663 -0.5464
vn -0.5262 -0.7332 -0.4307
vn -0.6049 -0.7249 -0.3296
vn -0.6576 -0.7067 -0.2609
vn -0.1442 -0.7904 -0.5954
vn -0.2530 -0.7527 -0.6078
vn -0.4784 -0.7010 -0.5289
vn -0.5381 -0.6645 -0.5186
vn -0.6287 -0.6605 -0.4103
vn -0.4088 -0.7049 -0.5796
vn -0.7528 -0.6131 -0.2394
vn -0.6833 -0.6408 -0.3499
vn -0.7084 -0.6423 -0.2926
vn -0.3579 -0.6483 -0.6721
vn -0.4142 -0.6251 -0.6616
vn -0.7607 -0.6225 -0.1842
vn -0.6407 -0.5892 -0.4923
vn -0.4898 -0.6076 -0.6252
vn -0.6154 -0.5750 -0.5391
vn -0.8164 -0.4953 -0.2968
vn -0.6953 -0.5601 -0.4504
vn -0.7527 -0.5211 -0.4023
vn -0.5955 -0.5198 -0.6125
vn -0.8290 -0.5176 -0.2119
vn -0.8674 -0.4149 -0.2745
vn -0.7847 -0.4967 -0.3709
vn -0.8647 -0.4760 -0.1602
vn -0.8279 -0.4243 -0.3669
vn -0.5618 -0.4700 -0.6808
vn -0.7476 -0.4408 -0.4968
vn -0.7254 -0.4076 -0.5547
vn -0.6509 -0.4244 -0.6294
vn -0.7058 -0.3934 -0.5892
vn 0.6890 -0.7109 -0.1411
vn 0.6061 -0.7852 -0.1269
vn 0.6105 -0.7742 -0.1670
vn 0.7081 -0.6772 -0.2001
vn 0.6394 -0.7362 -0.2219
vn 0.7261 -0.6400 -0.2514
vn 0.7607 -0.6190 -0.1951
vn 0.6427 -0.7161 -0.2721
vn 0.5476 -0.8183 -0.1745
vn 0.5459 -0.8106 -0.2121
vn 0.6186 -0.7813 -0.0832
vn 0.5338 -0.8352 -0.1326
vn 0.7504 -0.6524 -0.1061
vn 0.6968 -0.7131 -0.0776
vn 0.5206 -0.8482 -0.0972
vn 0.5956 -0.8026 -0.0330
vn 0.5060 -0.8276 -0.2430
vn 0.5613 -0.7712 -0.3003
vn 0.4907 -0.8689 -0.0644
vn 0.5167 -0.8558 -0.0241
vn 0.4737 -0.8598 -0.1907
vn 0.4710 -0.8746 -0.1149
vn 0.4362 -0.8873 -0.1498
vn 0.5433 -0.8394 0.0142
vn 0.6349 -0.7725 0.0135
vn 0.6643 -0.7473 -0.0159
vn 0.7410 -0.6691 -0.0574
vn 0.6193 -0.7827 0.0624
vn 0.4668 -0.8842 0.0155
vn 0.4195 -0.9074 -0.0247
vn 0.3984 -0.9129 -0.0884
vn 0.4085 -0.9011 -0.1456
vn 0.3903 -0.9190 -0.0563
vn 0.5488 -0.8321 0.0802
vn 0.4688 -0.8812 0.0611
vn 0.4006 -0.8913 -0.2122
vn 0.4215 -0.8660 -0.2691
vn 0.3599 -0.9175 -0.1694
vn 0.3427 -0.9314 -0.1229
vn 0.3591 -0.9310 -0.0652
vn 0.4023 -0.9141 0.0508
vn 0.3624 -0.9320 -0.0010
vn 0.4301 -0.9024 0.0267
vn 0.3375 -0.9411 -0.0230
vn 0.3253 -0.9446 -0.0425
vn 0.4718 -0.8269 -0.3059
vn 0.3344 -0.9230 -0.1905
vn 0.3011 -0.9498 -0.0844
vn 0.2779 -0.9590 -0.0552
vn 0.3381 -0.9404 0.0374
vn 0.4650 -0.8807 0.0898
vn 0.3989 -0.9138 0.0768
vn 0.5175 -0.8461 0.1278
vn 0.2979 -0.9373 -0.1809
vn 0.2799 -0.9507 -0.1332
vn 0.3390 -0.9382 0.0699
vn 0.4134 -0.9021 0.1237
vn 0.4603 -0.8742 0.1545
vn 0.2680 -0.9634 -0.0038
vn 0.2461 -0.9631 -0.1084
vn 0.3413 -0.9353 0.0933
vn 0.5785 -0.8070 0.1186
vn 0.3078 -0.9226 -0.2327
vn 0.3465 -0.8937 -0.2850
vn 0.2673 -0.9621 0.0538
vn 0.3084 -0.9489 0.0664
vn 0.2174 -0.9726 -0.0821
vn 0.2345 -0.9717 0.0269
vn 0.2471 -0.9529 -0.1757
vn 0.2340 -0.9625 -0.1373
vn 0.2542 -0.9430 -0.2147
vn 0.3159 -0.9423 0.1103
vn 0.3982 -0.9068 0.1386
vn 0.2606 -0.9611 0.0915
vn 0.3687 -0.9167 0.1539
vn 0.2652 -0.9564 0.1219
vn 0.2889 -0.9450 0.1531
vn 0.4337 -0.8795 0.1959
vn 0.4035 -0.8960 0.1855
vn 0.3260 -0.9282 0.1794
vn 0.3708 -0.9075 0.1973
vn 0.5056 -0.8449 0.1748
vn 0.2464 -0.9596 0.1358
vn 0.2692 -0.9478 0.1708
vn 0.1857 -0.9663 -0.1782
vn 0.3557 -0.9087 0.2184
vn 0.4350 -0.8689 0.2363
vn 0.2163 -0.9585 0.1860
vn 0.2037 -0.9477 -0.2458
vn 0.2894 -0.9156 -0.2792
vn 0.2267 -0.9337 -0.2770
vn 0.3510 -0.9069 0.2329
vn 0.3042 -0.9290 0.2107
vn 0.2833 -0.9367 0.2056
vn 0.3070 -0.9213 0.2386
vn 0.2516 -0.9364 0.2446
vn 0.2890 -0.9202 0.2638
vn 0.1496 -0.9558 -0.2530
vn 0.4247 -0.8658 0.2644
vn 0.3810 -0.8828 0.2747
vn 0.3542 -0.8918 0.2814
vn 0.5043 -0.8316 0.2326
vn 0.2512 -0.9442 0.2132
vn 0.5620 -0.8063 0.1842
vn 0.6146 -0.7717 0.1638
vn 0.5561 -0.7950 0.2425
vn 0.4077 -0.8569 -0.3154
vn 0.2595 -0.9141 -0.3116
vn 0.2745 -0.9142 0.2981
vn 0.2572 -0.9201 0.2953
vn 0.1748 -0.9402 -0.2922
vn 0.2163 -0.9256 0.3106
vn 0.1777 -0.9485 0.2624
vn 0.1799 -0.9395 0.2914
vn 0.3141 -0.8868 0.3391
vn 0.3685 -0.8729 0.3199
vn 0.3520 -0.8767 0.3277
vn 0.1665 -0.9373 0.3062
vn 0.2716 -0.9021 0.3352
vn 0.4258 -0.8487 0.3137
vn 0.1929 -0.9206 -0.3395
vn 0.0981 -0.9456 -0.3101
vn 0.1422 -0.9296 -0.3401
vn 0.2397 -0.9017 -0.3598
vn 0.3523 -0.8672 -0.3518
vn 0.3023 -0.8801 -0.3661
vn 0.1517 -0.9280 0.3402
vn 0.1752 -0.9113 0.3725
vn 0.2361 -0.8952 0.3779
vn 0.2711 -0.8858 0.3767
vn 0.2988 -0.8813 0.3662
vn 0.0781 -0.9248 -0.3722
vn 0.1959 -0.8963 0.3977
vn 0.2214 -0.8848 -0.4101
vn 0.1298 -0.9049 -0.4053
vn 0.0693 -0.9181 -0.3902
vn 0.1458 -0.8903 0.4314
vn 0.1707 -0.8709 -0.4609
vn 0.3103 -0.8426 -0.4402
vn 0.0768 -0.8868 -0.4557
vn 0.1508 -0.8572 -0.4924
vn 0.4934 -0.8183 0.2947
vn 0.5654 -0.7711 0.2928
vn 0.3882 -0.8326 0.3951
vn 0.3598 -0.8490 0.3870
vn 0.2130 -0.8701 0.4444
vn 0.3042 -0.8432 0.4431
vn 0.4546 -0.8138 0.3619
vn 0.4658 -0.8032 -0.3713
vn 0.4225 -0.8072 -0.4122
vn 0.3762 -0.8020 -0.4640
vn 0.2558 -0.8282 -0.4987
vn 0.0177 -0.8590 -0.5117
vn 0.5027 -0.7896 0.3518
vn 0.1269 -0.8382 -0.5304
vn 0.0724 -0.8513 -0.5196
vn 0.4020 -0.7999 0.4455
vn 0.2363 -0.8001 -0.5513
vn -0.0491 -0.8271 -0.5600
vn 0.3469 -0.7809 -0.5195
vn 0.6026 -0.7638 0.2313
vn 0.5436 -0.7561 -0.3644
vn 0.4880 -0.7734 -0.4046
vn 0.1904 -0.7823 -0.5931
vn 0.0751 -0.8123 -0.5783
vn 0.0236 -0.8400 -0.5421
vn 0.6640 -0.7396 0.1100
vn 0.4368 -0.7524 -0.4931
vn 0.5006 -0.7556 0.4224
vn 0.5794 -0.7366 0.3488
vn 0.1233 -0.8171 -0.5632
vn 0.1533 -0.8939 -0.4211
vn 0.0199 -0.9381 -0.3459
vn 0.0284 -0.9858 -0.1655
vn -0.1282 -0.9674 -0.2185
vn -0.1692 -0.9856 0.0043
vn 0.0684 -0.9973 -0.0254
vn 0.2464 -0.9414 -0.2303
vn 0.2034 -0.9745 0.0947
vn 0.0088 -0.9887 0.1495
vn -0.1267 -0.9796 0.1561
vn -0.1274 -0.9891 0.0732
vn 0.1120 -0.9902 0.0830
vn 0.0078 -0.9988 -0.0492
vn -0.1591 -0.9871 -0.0153
vn -0.0969 -0.9868 -0.1300
vn 0.1531 -0.9852 -0.0768
vn 0.0963 -0.9843 -0.1477
vn -0.0008 -0.9762 -0.2168
vn -0.2723 -0.8953 -0.3524
vn -0.1305 -0.9568 -0.2600
vn -0.2605 -0.9483 -0.1812
vn 0.2399 -0.9671 0.0846
vn -0.2929 -0.9430 0.1581
vn -0.3373 -0.9411 -0.0237
vn 0.1191 -0.9249 -0.3612
vn -0.0540 -0.9231 -0.3808
vn 0.2279 -0.9386 -0.2590
vn 0.3257 -0.9429 -0.0693
vn -0.0955 -0.9192 -0.3820
vn -0.1545 -0.9071 -0.3915
vn -0.3204 -0.9440 0.0782
vn -0.3495 -0.9193 -0.1808
vn -0.4049 -0.9104 0.0845
vn -0.3021 -0.8845 -0.3556
vn -0.4754 -0.8698 -0.1321
vn -0.4021 -0.8766 -0.2643
vn -0.4323 -0.8979 0.0829
vn -0.3707 -0.7859 -0.4949
vn 0.3626 -0.8866 -0.2870
vn -0.4758 -0.8795 0.0091
vn -0.5073 -0.8454 -0.1672
vn 0.0658 -0.8692 -0.4901
vn 0.2152 -0.8957 -0.3891
vn -0.2879 -0.8512 -0.4388
vn 0.3824 -0.9214 0.0688
vn 0.3557 -0.9327 0.0592
vn -0.0744 -0.8550 -0.5132
vn -0.1396 -0.8488 -0.5100
vn 0.3080 -0.8294 -0.4660
vn -0.5006 -0.8615 0.0849
vn -0.0961 -0.8340 -0.5434
vn -0.5169 -0.8272 -0.2206
vn 0.2992 -0.8982 -0.3220
vn 0.4145 -0.9012 -0.1263
vn 0.3808 -0.8810 -0.2809
vn -0.2219 -0.8025 -0.5538
vn -0.5593 -0.8196 0.1245
vn -0.5784 -0.7481 -0.3253
vn 0.2380 -0.8319 -0.5014
vn -0.4176 -0.7694 -0.4834
vn -0.5134 -0.7736 -0.3714
vn -0.3200 -0.7807 -0.5368
vn 0.3522 -0.8241 -0.4436
vn 0.2172 -0.7478 -0.6274
vn 0.4723 -0.8789 0.0660
vn 0.4831 -0.8098 -0.3328
vn 0.0525 -0.7694 -0.6366
vn 0.1850 -0.7350 -0.6524
vn -0.6026 -0.7454 -0.2850
vn 0.1248 -0.9578 -0.2591
vn 0.3189 -0.9466 -0.0468
vn -0.5069 -0.7341 -0.4518
vn -0.1911 -0.8727 -0.4494
vn -0.1512 -0.7513 -0.6424
vn -0.5352 -0.8138 0.2265
vn -0.2719 -0.7279 -0.6295
vn 0.2995 -0.7028 -0.6453
vn 0.5160 -0.8322 -0.2031
vn 0.4165 -0.7332 -0.5375
vn -0.2574 -0.7372 -0.6248
vn -0.3119 -0.6835 -0.6600
vn -0.4426 -0.6845 -0.5793
vn 0.4859 -0.8010 -0.3497
vn -0.2567 -0.6893 -0.6775
vn -0.4984 -0.7676 -0.4030
vn -0.3689 -0.7262 -0.5802
vn -0.3082 -0.6549 -0.6900
vn -0.6296 -0.6821 -0.3719
vn -0.3161 -0.8143 -0.4868
vn -0.4310 -0.8522 -0.2965
vn -0.3965 -0.8453 -0.3581
vn -0.5244 -0.8483 -0.0739
vn -0.6140 -0.7626 -0.2036
vn -0.5782 -0.6663 -0.4708
vn -0.3061 -0.7385 -0.6008
vn -0.2224 -0.6200 -0.7524
vn -0.5636 -0.5845 -0.5837
vn 0.3550 -0.7375 -0.5746
vn 0.4818 -0.7565 -0.4422
vn -0.4508 -0.4746 -0.7560
vn 0.3691 -0.7372 -0.5660
vn -0.4408 -0.5551 -0.7054
vn 0.3164 -0.6960 -0.6446
vn -0.3279 -0.5602 -0.7607
vn 0.2934 -0.6652 -0.6866
vn 0.3962 -0.6632 -0.6349
vn -0.2972 -0.3846 -0.8739
vn -0.1950 -0.5758 -0.7940
vn -0.3422 -0.4797 -0.8080
vn 0.3891 -0.6313 -0.6709
vn 0.3270 -0.6184 -0.7146
vn -0.4431 -0.4614 -0.7686
vn -0.4590 -0.5440 -0.7024
vn -0.5422 -0.4300 -0.7219
vn 0.4227 -0.5269 -0.7374
vn 0.3698 -0.4929 -0.7876
vn -0.3733 -0.5026 -0.7798
vn -0.4583 -0.3018 -0.8360
vn -0.9730 -0.1382 0.1848
vn 0.5821 -0.6133 -0.5339
vn 0.4760 -0.4974 -0.7253
vn 0.4526 -0.5844 -0.6735
vn -0.5221 -0.3954 -0.7557
vn -0.4601 -0.3334 -0.8229
vn -0.7484 -0.3792 -0.5442
vn -0.9619 0.2628 0.0754
vn 0.9547 -0.1989 0.2215
vn 0.9035 -0.3898 0.1785
vn 0.7264 -0.6842 0.0644
vn 0.7280 -0.6839 -0.0480
vn 0.6212 -0.4380 -0.6499
vn 0.7723 -0.4317 -0.4660
vn 0.4824 -0.8045 -0.3466
vn 0.5727 -0.5743 -0.5850
vn 0.2039 -0.5817 -0.7874
vn 0.4392 -0.8941 0.0879
vn 0.5008 -0.8221 -0.2710
vn 0.3022 -0.9408 -0.1532
vn 0.3046 -0.8495 0.4309
vn 0.3189 -0.9466 -0.0468
vn 0.1248 -0.9578 -0.2591
vn 0.2181 -0.9000 -0.3774
vn 0.3487 -0.7676 -0.5377
vn 0.2589 -0.6603 -0.7049
vn 0.1850 -0.7350 -0.6524
vn 0.2934 -0.6652 -0.6866
vn 0.0952 -0.6964 -0.7113
vn 0.3550 -0.7375 -0.5746
vn 0.3315 -0.7838 -0.5251
vn 0.4797 -0.7645 -0.4307
vn 0.4004 -0.8560 -0.3270
vn 0.3940 -0.8297 -0.3954
vn 0.3171 -0.6993 -0.6406
vn 0.4818 -0.7565 -0.4422
vn 0.5677 -0.7085 -0.4192
vn 0.3091 -0.4513 -0.8371
vn 0.5331 -0.2448 -0.8099
vn 0.6440 -0.4744 -0.6002
vn 0.6745 -0.2255 -0.7030
vn 0.9548 0.2697 0.1250
vn 0.2172 -0.4115 -0.8851
vn 0.8064 0.2173 -0.5500
vn -0.7008 0.2889 -0.6522
vn -0.5759 0.6342 0.5159
vn -0.9487 -0.3046 -0.0844
vn -0.9260 -0.3654 -0.0947
vn -0.8600 0.5056 0.0687
vn -0.9025 0.3723 0.2164
vn -0.9287 -0.3632 -0.0753
vn 0.2243 0.9413 0.2525
vn -0.9254 -0.3729 -0.0669
vn -0.7652 0.6003 0.2329
vn -0.5962 0.7028 0.3882
vn -0.8787 0.4674 0.0974
vn -0.8626 0.4935 0.1114
vn -0.8242 0.3954 -0.4054
vn -0.8545 0.4992 0.1436
vn -0.7730 0.6107 0.1719
vn -0.7386 0.6698 0.0764
vn -0.6728 0.7340 -0.0922
vn 0.1857 0.6563 0.7313
vn -0.7906 0.2258 -0.5692
vn -0.7723 0.3696 -0.5166
vn -0.2445 0.2848 0.9269
vn -0.0896 0.2756 0.9571
vn -0.8160 0.4816 0.3198
vn -0.4078 0.5218 0.7493
vn -0.9619 0.2628 0.0754
vn -0.7238 0.6778 -0.1292
vn -0.9462 0.0630 -0.3175
vn -0.9084 -0.3950 -0.1370
vn -0.9730 -0.1382 0.1848
vn 0.6499 0.7340 0.1972
vn 0.6565 0.7189 0.2284
vn 0.7359 -0.6298 0.2487
vn 0.8064 0.2173 -0.5500
vn 0.7853 0.6160 -0.0620
vn 0.9548 0.2697 0.1250
vn -0.4623 0.6341 -0.6199
vn -0.8386 -0.0506 -0.5423
vn 0.3132 0.9414 -0.1252
vn -0.2174 0.2907 -0.9318
vn 0.4396 -0.3915 0.8084
vn 0.4679 -0.3878 0.7942
vn 0.3995 -0.1662 0.9015
vn 0.8321 -0.4111 -0.3723
vn 0.8683 -0.2762 -0.4122
vn 0.5535 0.5567 -0.6195
vn 0.4921 -0.2591 0.8311
vn 0.1732 0.3746 0.9109
vn 0.9411 0.1137 0.3184
vn 0.4623 -0.4641 0.7555
vn 0.1993 0.9748 -0.0999
vn -0.1778 0.9443 -0.2769
vn 0.3491 0.9228 0.1633
vn 0.0524 0.9884 -0.1423
vn 0.2460 0.9502 0.1915
vn -0.2354 0.9400 -0.2470
vn -0.1441 0.9200 -0.3644
vn 0.5235 0.8275 0.2030
vn 0.0624 0.9758 0.2096
vn -0.3403 0.9132 -0.2241
vn -0.2157 0.9696 -0.1157
vn 0.0102 0.9295 0.3687
vn -0.3144 0.9443 -0.0971
vn -0.7523 0.5912 0.2909
vn 0.5440 0.3117 0.7790
vn 0.6180 0.4802 0.6225
vn 0.1988 0.9560 0.2158
vn -0.6011 0.6767 0.4252
vn 0.3158 0.9370 -0.1490
vn 0.1177 0.9552 0.2717
vn 0.0508 0.9133 0.4042
vn 0.2705 0.9458 0.1797
vn 0.1964 0.9140 0.3551
vn 0.3220 0.8943 0.3107
vn 0.3778 0.9130 0.1543
vn 0.4255 0.8995 0.0987
vn 0.1404 0.8656 0.4807
vn 0.3819 0.8874 0.2583
vn 0.5055 0.8327 0.2261
vn 0.6554 0.2638 0.7077
vn 0.5834 0.3159 0.7482
vn 0.4009 0.7355 0.5462
vn 0.3100 0.7241 0.6161
vn 0.0989 0.2919 0.9513
vn -0.0877 0.7616 0.6421
vn 0.4877 0.7181 0.4965
vn -0.5622 0.2511 0.7879
vn 0.5840 0.7067 0.3993
vn 0.1409 0.7038 0.6963
vn 0.6497 0.7577 0.0612
vn 0.6627 0.6620 -0.3501
vn 0.5920 0.6610 0.4611
vn 0.6906 0.7026 0.1718
vn 0.7222 0.2743 0.6349
vn 0.6924 0.2516 0.6762
vn -0.5931 0.3009 0.7468
vn -0.1381 0.6646 0.7343
vn -0.4341 0.5867 0.6836
vn 0.6545 0.5915 -0.4709
vn 0.9426 0.3176 -0.1031
vn 0.7116 0.5850 0.3891
vn 0.7883 0.5341 0.3055
vn 0.1965 0.5961 0.7785
vn -0.1118 0.5820 0.8054
vn 0.7454 0.2146 0.6311
vn 0.1057 0.9079 0.4056
vn -0.1862 0.8606 0.4740
vn 0.2194 0.8095 0.5446
vn 0.4662 0.8558 0.2243
vn -0.2861 0.4927 0.8218
vn -0.1924 0.5608 0.8053
vn 0.1775 0.5200 0.8355
vn 0.7778 0.2092 0.5926
vn 0.2626 0.9211 0.2875
vn 0.4821 0.5670 0.6679
vn 0.3552 0.8977 0.2607
vn 0.0942 0.7135 0.6943
vn 0.4512 0.5462 0.7058
vn -0.1874 0.6155 0.7655
vn 0.0080 0.6319 0.7750
vn 0.2509 0.7647 0.5935
vn 0.8269 0.3248 0.4591
vn -0.5457 0.6298 0.5528
vn -0.6773 0.4591 0.5748
vn -0.7902 0.2832 0.5436
vn 0.5458 0.8369 0.0402
vn 0.8856 0.2125 0.4129
vn 0.1918 0.5733 0.7966
vn -0.4657 0.6178 0.6336
vn 0.3995 -0.1662 0.9015
vn 0.0542 0.9984 -0.0175
vn 0.0145 0.9983 -0.0570
vn -0.0233 0.9991 0.0365
vn -0.0649 0.9977 -0.0180
vn 0.0740 0.9960 0.0499
vn 0.0348 0.9935 0.1080
vn 0.1386 0.9903 -0.0029
vn 0.1188 0.9895 0.0819
vn -0.0576 0.9940 -0.0928
vn -0.1206 0.9926 0.0104
vn -0.0840 0.9947 0.0586
vn -0.1244 0.9808 0.1501
vn 0.0133 0.9883 0.1522
vn -0.1295 0.9880 -0.0843
vn -0.1855 0.9817 -0.0441
vn 0.0478 0.9901 -0.1323
vn 0.1341 0.9856 -0.1034
vn -0.0782 0.9754 -0.2059
vn 0.0124 0.9780 -0.2085
vn 0.2128 0.9768 -0.0238
vn 0.2777 0.9584 -0.0665
vn -0.1919 0.9787 0.0724
vn -0.3290 0.9443 -0.0020
vn 0.1526 0.9588 0.2396
vn -0.0848 0.9611 0.2629
vn 0.2138 0.9633 0.1624
vn 0.3336 0.9418 0.0417
vn -0.3033 0.9343 -0.1872
vn -0.3774 0.9150 -0.1426
vn 0.1497 0.9407 -0.3046
vn 0.1413 0.9276 0.3459
vn 0.0449 0.9303 -0.3641
vn -0.1117 0.9417 -0.3173
vn 0.3881 0.8999 -0.1992
vn 0.4014 0.9003 -0.1683
vn -0.1811 0.9271 0.3280
vn -0.3373 0.9114 0.2357
vn -0.4099 0.9074 -0.0928
vn -0.2884 0.9137 0.2862
vn 0.0754 0.9088 0.4104
vn -0.1798 0.9049 0.3858
vn -0.4219 0.8826 0.2073
vn 0.3759 0.8938 0.2447
vn 0.4577 0.8886 -0.0292
vn -0.0855 0.9176 -0.3882
vn 0.2101 0.9064 0.3665
vn 0.2460 0.9064 0.3433
vn 0.3112 0.9052 0.2894
vn -0.2688 0.9077 0.3222
vn -0.1959 0.8974 -0.3953
vn -0.1693 0.8321 -0.5282
vn 0.2257 0.8943 -0.3863
vn 0.0872 0.9172 -0.3888
vn -0.0172 0.8871 -0.4612
vn 0.1936 0.9071 -0.3737
vn 0.1179 0.8191 -0.5614
vn 0.4617 0.8799 -0.1122
vn 0.4263 0.8734 0.2353
vn 0.5238 0.8515 0.0259
vn 0.4737 0.8797 -0.0418
vn 0.4228 0.8821 -0.2076
vn 0.3429 0.8903 -0.2996
vn 0.6403 0.7104 -0.2920
vn 0.4320 0.8888 -0.1529
vn 0.7854 0.5866 -0.1976
vn 0.9328 0.2234 -0.2827
vn 0.9595 0.2021 -0.1961
vn 0.9032 0.2117 -0.3733
vn 0.1992 0.3062 -0.9309
vn 0.8276 0.5534 -0.0940
vn 0.9233 0.2108 -0.3212
vn 0.9385 0.2538 -0.2340
vn -0.1901 -0.5365 -0.8222
vn 0.3715 0.0905 -0.9240
vn -0.2506 0.3859 -0.8879
vn 0.9504 -0.3058 -0.0566
vn 0.9001 -0.4299 0.0702
vn 0.8875 -0.4531 -0.0841
vn 0.9337 -0.2879 -0.2130
vn 0.9330 -0.3271 0.1498
vn 0.9744 -0.2009 0.1009
vn 0.9751 -0.1328 0.1776
vn 0.9965 -0.0134 0.0827
vn 0.9820 0.0092 0.1888
vn 0.8228 -0.5682 -0.0111
vn 0.8048 -0.5764 -0.1420
vn 0.9198 -0.3779 0.1058
vn 0.8611 -0.5071 0.0373
vn 0.9320 -0.0732 0.3549
vn 0.7112 -0.6655 -0.2263
vn 0.9559 -0.0970 0.2773
vn 0.8942 -0.2716 0.3558
vn 0.9359 -0.1015 0.3374
vn 0.9075 -0.2386 0.3457
vn 0.8815 0.1721 0.4398
vn 0.9652 -0.1426 0.2193
vn 0.8523 -0.4484 0.2693
vn 0.9579 -0.2824 -0.0513
vn 0.9857 -0.1541 -0.0675
vn 0.8816 0.0410 -0.4701
vn 0.8811 -0.4647 0.0875
vn 0.9100 -0.2422 -0.3364
vn 0.7227 -0.6762 -0.1431
vn 0.6463 -0.7272 -0.2312
vn 0.6052 -0.7136 -0.3527
vn 0.5488 -0.7813 -0.2973
vn 0.4797 -0.7645 -0.4307
vn 0.4004 -0.8560 -0.3270
vn 0.6474 -0.7599 0.0582
vn 0.7748 -0.6322 -0.0033
vn 0.6819 -0.7312 -0.0178
vn 0.6193 -0.7799 -0.0906
vn 0.8281 -0.5603 0.0168
vn 0.4818 -0.7565 -0.4422
vn 0.4859 -0.8010 -0.3497
vn 0.9805 -0.0812 0.1790
vn 0.9901 0.0189 -0.1391
vn 0.9728 0.1981 0.1197
vn 0.9888 -0.1179 -0.0911
vn 0.9106 0.2471 -0.3313
vn 0.7390 0.2418 -0.6288
vn 0.6057 0.3688 -0.7051
vn 0.7383 0.0240 -0.6741
vn 0.7047 0.1609 -0.6910
vn 0.5527 0.1329 -0.8227
vn 0.5986 -0.0631 -0.7986
vn 0.9394 0.2853 -0.1901
vn 0.5974 0.6463 -0.4748
vn 0.7764 0.5780 -0.2514
vn 0.3920 0.7650 -0.5110
vn 0.5365 -0.2643 -0.8014
vn 0.3640 0.7363 -0.5704
vn 0.5286 0.1083 -0.8420
vn 0.5234 0.4794 -0.7044
vn 0.4379 0.6732 -0.5959
vn 0.8513 0.5218 -0.0551
vn 0.3965 0.7424 -0.5401
vn 0.8585 0.4837 0.1702
vn 0.8160 0.5589 0.1480
vn 0.6440 -0.4744 -0.6002
vn 0.5927 0.0744 -0.8020
vn 0.6750 0.5043 -0.5386
vn 0.9798 -0.1199 0.1602
vn 0.6119 0.5283 -0.5886
vn 0.5331 -0.2448 -0.8099
vn 0.6464 -0.7507 0.1361
vn 0.9610 -0.1286 0.2448
vn 0.9467 0.2512 0.2017
vn 0.9891 0.1325 0.0645
vn 0.9524 0.2936 0.0822
vn 0.6089 -0.7847 -0.1162
vn 0.9860 -0.1266 -0.1085
vn 0.7261 0.4856 0.4868
vn 0.7842 0.4077 0.4677
vn 0.5468 0.3123 -0.7768
vn 0.5301 0.4974 -0.6867
vn 0.5505 0.4603 -0.6965
vn 0.5922 0.2788 -0.7560
vn 0.6106 0.4402 -0.6583
vn 0.8177 0.4578 -0.3489
vn 0.5677 -0.7085 -0.4192
vn 0.6770 -0.1321 -0.7240
vn 0.8979 0.4196 -0.1334
vn 0.6661 0.4281 -0.6108
vn 0.7475 0.1379 -0.6498
vn 0.7018 0.4567 -0.5468
vn 0.7908 -0.0164 -0.6119
vn 0.7537 0.3963 -0.5243
vn 0.7698 0.3537 -0.5314
vn 0.8182 0.2889 -0.4971
vn 0.8020 0.1191 -0.5853
vn 0.8349 0.1433 -0.5314
vn 0.7849 0.4292 -0.4469
vn 0.8101 0.3443 -0.4745
vn 0.8622 0.3040 -0.4052
vn 0.8363 0.3766 -0.3984
vn 0.8255 -0.0267 -0.5638
vn 0.8489 -0.0344 -0.5274
vn 0.8099 -0.1189 -0.5744
vn 0.8572 -0.1939 -0.4770
vn 0.7717 -0.4239 -0.4741
vn 0.7363 0.3347 -0.5881
vn 0.7807 -0.2944 -0.5512
vn 0.7503 -0.2158 -0.6249
vn 0.8810 0.1008 -0.4623
vn 0.8961 0.4066 0.1779
vn 0.8977 0.3258 0.2965
vn 0.8342 0.4427 0.3288
vn 0.8269 0.5319 0.1827
vn 0.7653 0.5855 0.2674
vn 0.7292 0.5694 0.3795
vn 0.7891 0.4123 0.4554
vn 0.6502 0.5844 0.4855
vn 0.7494 0.6565 0.0860
vn 0.8560 0.5170 -0.0012
vn 0.9133 0.2307 0.3357
vn 0.6401 0.3803 -0.6675
vn 0.3940 -0.8297 -0.3954
vn 0.8692 -0.2402 -0.4322
vn 0.7589 -0.4866 -0.4328
vn 0.9054 -0.1873 -0.3809
vn 0.8593 0.3661 -0.3573
vn 0.5634 -0.3222 -0.7608
vn 0.3844 0.8025 -0.4563
vn 0.6606 0.1099 -0.7426
vn 0.4843 0.7381 -0.4698
vn 0.6266 -0.4523 -0.6347
vn 0.7111 -0.2772 -0.6461
vn 0.5470 0.6944 -0.4676
vn 0.5539 0.7250 -0.4095
vn 0.7415 -0.3630 -0.5642
vn 0.4647 0.8060 -0.3665
vn 0.7493 -0.4330 -0.5010
vn 0.5958 0.7004 -0.3930
vn 0.8227 -0.2820 -0.4936
vn 0.5950 0.7318 -0.3323
vn 0.8472 -0.2103 -0.4878
vn 0.6850 0.5943 -0.4213
vn 0.7035 0.6159 -0.3545
vn 0.6971 0.6344 -0.3342
vn 0.8747 0.2283 -0.4276
vn 0.6133 0.7439 -0.2654
vn 0.7312 -0.6002 -0.3242
vn 0.7893 0.5226 -0.3222
vn 0.7838 0.5409 -0.3050
vn 0.7044 -0.6542 -0.2753
vn 0.9387 0.0377 -0.3427
vn 0.9125 0.1588 -0.3771
vn 0.8819 0.1946 -0.4295
vn 0.8536 0.4376 -0.2824
vn 0.9387 0.0373 -0.3428
vn 0.9648 0.0425 -0.2595
vn 0.9259 0.2692 -0.2652
vn 0.8861 0.4169 -0.2026
vn 0.9694 0.1588 -0.1873
vn 0.9605 0.1978 -0.1955
vn 0.9223 0.2399 -0.3031
vn 0.9402 0.2421 -0.2398
vn 0.8731 0.4236 -0.2414
vn 0.8455 0.4259 -0.3220
vn 0.8000 0.5388 -0.2638
vn 0.7180 0.6320 -0.2917
vn 0.7529 0.5976 -0.2757
vn 0.7994 0.5719 -0.1840
vn 0.7209 0.6662 -0.1911
vn 0.7803 0.4942 -0.3832
vn 0.8334 0.3983 -0.3830
vn 0.6926 0.6286 -0.3539
vn 0.6843 0.6596 -0.3108
vn 0.6354 0.6949 -0.3367
vn 0.6197 0.6756 -0.3994
vn 0.6109 0.7013 -0.3673
vn 0.5735 0.7037 -0.4194
vn 0.5613 0.7056 -0.4326
vn 0.5807 0.6401 -0.5031
vn 0.4649 0.7705 -0.4362
vn 0.5187 0.6961 -0.4964
vn 0.6280 0.6087 -0.4849
vn 0.7041 0.5203 -0.4831
vn 0.6668 0.5110 -0.5424
vn 0.7563 0.4044 -0.5143
vn 0.7812 0.2323 -0.5795
vn 0.8277 0.1541 -0.5396
vn 0.8499 0.2004 -0.4873
vn 0.8468 0.0945 -0.5234
vn 0.8040 0.0401 -0.5933
vn 0.7072 0.3537 -0.6122
vn 0.5876 0.5835 -0.5606
vn 0.7225 0.4587 -0.5174
vn 0.7292 0.5330 -0.4292
vn 0.6988 0.6764 -0.2325
vn 0.4876 0.6870 -0.5388
vn 0.7299 0.6619 -0.1707
vn 0.6091 0.7382 -0.2898
vn 0.7275 0.6742 -0.1274
vn 0.8346 0.5334 -0.1374
vn 0.7456 0.6611 -0.0831
vn 0.8015 0.5946 -0.0628
vn 0.7444 0.6593 -0.1057
vn 0.7072 0.6966 -0.1212
vn 0.9328 0.3186 -0.1684
vn 0.8328 0.5157 -0.2013
vn 0.9340 0.2479 -0.2573
vn 0.9807 0.0734 -0.1812
vn 0.9090 0.4037 -0.1035
vn 0.7896 0.5573 -0.2568
vn 0.8991 0.2898 -0.3280
vn 0.7791 0.5398 -0.3188
vn 0.7712 0.5177 -0.3704
vn 0.9119 0.1472 -0.3831
vn 0.8895 0.1114 -0.4432
vn 0.9546 -0.0010 -0.2977
vn 0.9205 -0.0344 -0.3893
vn 0.9079 0.4000 -0.1257
vn 0.8870 0.4589 -0.0514
vn 0.9315 0.3587 -0.0609
vn 0.9645 0.0417 -0.2608
vn 0.8893 0.4160 -0.1901
vn 0.6198 0.3411 -0.7068
vn 0.4961 0.4938 -0.7141
vn 0.5596 0.1207 -0.8199
vn 0.4811 0.2811 -0.8304
vn 0.3853 0.6971 -0.6046
vn 0.4676 -0.0146 -0.8838
vn 0.4140 0.3195 -0.8524
vn 0.6121 -0.0755 -0.7872
vn 0.5771 0.0336 -0.8160
vn 0.4511 0.0331 -0.8919
vn 0.4218 0.1669 -0.8912
vn 0.4099 -0.0481 -0.9109
vn 0.3029 0.0078 -0.9530
vn 0.5614 0.2719 -0.7816
vn 0.6401 0.1911 -0.7442
vn 0.5728 0.4439 -0.6891
vn 0.4902 0.5256 -0.6953
vn 0.6649 0.2930 -0.6871
vn 0.6112 0.5200 -0.5967
vn 0.6957 0.4342 -0.5723
vn 0.7386 0.2212 -0.6368
vn 0.8721 0.2833 -0.3990
vn 0.8084 0.4507 -0.3786
vn 0.7940 0.0253 -0.6074
vn 0.6739 0.6284 -0.3885
vn 0.7757 0.5479 -0.3132
vn 0.8039 0.4896 -0.3377
vn 0.8540 0.0618 -0.5166
vn 0.7797 -0.0329 -0.6252
vn 0.6946 -0.0292 -0.7188
vn 0.7184 0.0394 -0.6945
vn 0.7726 0.1713 -0.6113
vn 0.8430 0.3530 -0.4059
vn 0.7384 0.6104 -0.2866
vn 0.7183 0.0568 -0.6934
vn 0.3405 0.5296 -0.7769
vn 0.2771 0.3660 -0.8884
vn 0.3689 0.1758 -0.9127
vn 0.6400 0.1078 -0.7607
vn 0.3933 0.7609 -0.5161
vn 0.9783 0.1630 -0.1277
vn 0.6177 0.7783 -0.1125
vn 0.6755 0.6963 -0.2425
vn 0.9885 0.0610 -0.1385
vn 0.9930 0.0865 -0.0801
vn 0.9009 0.2241 -0.3717
vn 0.6362 0.7475 -0.1910
vn 0.9806 0.1918 -0.0412
vn 0.9220 0.3552 -0.1539
vn 0.8528 0.2024 -0.4815
vn 0.8664 0.4887 -0.1025
vn 0.8730 -0.2283 -0.4310
vn 0.5329 -0.2229 -0.8163
vn 0.4558 -0.3543 -0.8165
vn 0.4535 -0.3027 -0.8383
vn 0.5899 -0.2727 -0.7600
vn 0.4760 -0.4974 -0.7253
vn 0.7263 -0.3355 -0.6000
vn 0.5821 -0.6133 -0.5339
vn 0.7507 -0.4819 -0.4519
vn 0.3698 -0.4929 -0.7876
vn 0.6468 -0.7341 -0.2070
vn 0.5139 -0.4661 -0.7202
vn 0.5772 -0.1952 -0.7930
vn 0.6059 0.0954 -0.7898
vn 0.6348 -0.1434 -0.7592
vn 0.7056 0.1153 -0.6991
vn 0.7061 -0.0975 -0.7013
vn 0.6317 -0.3551 -0.6891
vn 0.6880 -0.3364 -0.6430
vn 0.5733 -0.5008 -0.6485
vn 0.6566 -0.4583 -0.5991
vn 0.6037 -0.5816 -0.5452
vn 0.5607 -0.6244 -0.5437
vn 0.4960 -0.6497 -0.5761
vn 0.4656 -0.6530 -0.5973
vn 0.4526 -0.5844 -0.6735
vn 0.4831 -0.8098 -0.3328
vn 0.4723 -0.8789 0.0660
vn 0.5979 -0.7929 0.1172
vn 0.4966 -0.8533 0.1590
vn 0.7766 -0.6294 -0.0280
vn 0.4165 -0.7332 -0.5375
vn 0.8466 -0.0253 -0.5316
vn 0.6507 0.7201 -0.2408
vn 0.8260 0.1326 -0.5479
vn 0.7953 0.3576 -0.4895
vn 0.8774 0.0452 -0.4775
vn 0.7889 0.2743 -0.5499
vn 0.8060 0.2992 -0.5108
vn 0.7135 0.4303 -0.5530
vn 0.7168 0.5233 -0.4608
vn 0.8785 0.2877 -0.3814
vn 0.8481 0.4436 -0.2898
vn 0.7881 0.5638 -0.2469
vn 0.6469 0.6542 -0.3918
vn 0.7080 0.6701 -0.2228
vn 0.7764 0.6107 -0.1557
vn 0.8755 0.4270 -0.2262
vn 0.5265 0.7139 -0.4616
vn 0.4605 0.8719 -0.1663
vn 0.4107 0.8890 -0.2027
vn 0.5321 0.7332 -0.4234
vn 0.4831 0.8644 -0.1392
vn 0.5937 0.6519 -0.4717
vn 0.9367 0.2401 -0.2550
vn 0.9621 0.1894 -0.1961
vn 0.8461 0.5058 -0.1680
vn 0.5353 0.8371 -0.1127
vn 0.6722 0.5569 -0.4878
vn 0.9004 0.2761 -0.3361
vn 0.9285 0.1029 -0.3567
vn 0.9177 0.2709 -0.2905
vn 0.8847 0.3817 -0.2675
vn 0.8929 0.3908 -0.2237
vn 0.9335 0.2682 -0.2381
vn 0.9728 0.0994 -0.2094
vn 0.9461 0.1974 -0.2566
vn 0.9527 -0.0603 -0.2978
vn 0.9554 0.0521 -0.2907
vn 0.9340 -0.1483 -0.3249
vn 0.8717 -0.4270 -0.2404
vn 0.7817 -0.5676 -0.2583
vn 0.6189 0.6089 -0.4962
vn 0.7561 0.5096 -0.4107
vn 0.9397 0.1048 -0.3256
vn 0.3320 0.5758 -0.7472
vn 0.7686 0.3560 -0.5316
vn 0.7323 0.3557 -0.5807
vn 0.7462 0.1178 -0.6552
vn 0.6870 0.3375 -0.6435
vn 0.6865 0.0263 -0.7267
vn 0.6471 0.1119 -0.7542
vn 0.6340 0.1501 -0.7586
vn 0.5771 0.0947 -0.8111
vn 0.5030 0.4890 -0.7127
vn 0.6646 0.3188 -0.6758
vn 0.5979 0.3615 -0.7155
vn 0.5399 0.2804 -0.7937
vn 0.5267 0.4603 -0.7147
vn 0.5082 0.5779 -0.6386
vn 0.4112 0.6007 -0.6856
vn 0.4290 0.6854 -0.5884
vn 0.3592 0.7136 -0.6014
vn 0.5290 0.1368 -0.8375
vn 0.4687 0.3707 -0.8018
vn 0.5829 0.3533 -0.7317
vn 0.4278 0.5264 -0.7348
vn 0.6900 0.4458 -0.5703
vn 0.6160 0.6219 -0.4834
vn 0.4962 0.7353 -0.4617
vn 0.6276 0.7681 -0.1267
vn 0.3808 0.7036 -0.5999
vn 0.3428 0.6627 -0.6659
vn 0.4711 0.4580 -0.7539
vn 0.5523 0.1699 -0.8161
vn 0.7691 0.0876 -0.6331
vn 0.9927 0.0041 -0.1205
vn 0.9528 0.2991 -0.0522
vn 0.5366 0.6562 -0.5306
vn 0.5788 -0.3693 -0.7271
vn 0.5581 0.3172 -0.7668
vn 0.9359 0.3520 0.0099
vn 0.9365 0.3138 -0.1564
vn 0.7393 0.1367 -0.6594
vn 0.8176 0.3720 -0.4395
vn 0.5160 -0.8322 -0.2031
vn 0.7654 0.6351 -0.1035
vn 0.4227 -0.5269 -0.7374
vn 0.7180 0.6256 -0.3050
vn 0.9173 0.1714 -0.3595
vn 0.9118 0.3940 -0.1159
vn 0.8778 0.3563 -0.3202
vn 0.5856 0.5377 -0.6066
vn 0.7437 0.5452 -0.3869
vn 0.8209 0.5216 -0.2324
vn 0.7667 -0.1245 -0.6298
vn 0.9220 -0.1725 -0.3467
vn 0.3747 0.1017 -0.9216
vn 0.6794 -0.7015 0.2151
vn 0.7434 -0.6150 0.2630
vn 0.8354 -0.5075 0.2112
vn 0.9066 0.0733 -0.4156
vn 0.8769 0.0842 -0.4733
vn 0.8779 0.4613 -0.1282
vn 0.7496 0.6608 -0.0384
vn 0.8171 0.5620 -0.1280
vn 0.5555 -0.8312 0.0231
vn 0.9471 0.2938 0.1295
vn 0.2707 0.3715 -0.8881
vn 0.7773 0.5497 -0.3059
vn 0.9089 -0.1079 -0.4028
vn 0.6893 0.7019 -0.1795
vn 0.9908 0.1176 -0.0666
vn 0.6997 0.3011 -0.6479
vn 0.5992 0.6633 -0.4483
vn 0.9569 0.2550 -0.1387
vn 0.9672 0.1644 -0.1936
vn 0.9158 0.2302 -0.3292
vn 0.9290 0.1489 -0.3389
vn 0.8726 0.3520 -0.3387
vn 0.8724 0.2493 -0.4204
vn 0.7911 0.3080 -0.5286
vn 0.7933 0.4455 -0.4151
vn 0.6796 0.4341 -0.5914
vn 0.8058 0.2537 -0.5351
vn 0.6706 0.3584 -0.6495
vn 0.7322 0.2827 -0.6196
vn 0.7368 0.4568 -0.4985
vn 0.5002 0.8637 -0.0615
vn 0.7675 0.6410 0.0075
vn 0.6527 0.0230 -0.7572
vn 0.8871 0.4139 -0.2042
vn 0.9846 0.0228 -0.1736
vn 0.4145 -0.9012 -0.1263
vn 0.3824 -0.9214 0.0688
vn 0.6134 0.3055 -0.7283
vn 0.8884 -0.2365 -0.3934
vn 0.8680 0.3024 0.3938
vn 0.8319 -0.5549 0.0091
vn 0.7994 0.3636 -0.4783
vn 0.7568 0.5389 -0.3699
vn 0.4789 -0.8458 -0.2351
vn 0.5967 0.2880 -0.7490
vn 0.4755 0.6874 -0.5490
vn 0.8781 0.3942 0.2711
vn 0.9645 0.0672 -0.2554
vn 0.7619 0.6436 0.0725
vn 0.7244 0.5670 0.3920
vn 0.6629 0.7141 0.2247
vn 0.8412 0.3709 -0.3935
vn 0.4559 0.6971 -0.5534
vn 0.6797 0.3460 -0.6468
vn 0.9752 -0.0065 -0.2211
vn 0.9610 -0.1286 0.2448
vn 0.9820 0.0092 0.1888
vn 0.9359 -0.1015 0.3374
vn 0.9133 0.2307 0.3357
vn 0.8319 -0.5549 0.0091
vn 0.7434 -0.6150 0.2630
vn 0.8523 -0.4484 0.2693
vn 0.8354 -0.5075 0.2112
vn 0.7520 -0.6319 0.1878
vn 0.8281 -0.5603 0.0168
vn 0.6794 -0.7015 0.2151
vn 0.6464 -0.7507 0.1361
vn 0.5979 -0.7929 0.1172
vn 0.4966 -0.8533 0.1590
vn 0.5555 -0.8312 0.0231
vn 0.3824 -0.9214 0.0688
vn 0.4723 -0.8789 0.0660
vn 0.7748 -0.6322 -0.0033
vn 0.8319 -0.5549 0.0091
vn 0.9100 -0.2422 -0.3364
vn 0.7507 -0.4819 -0.4519
vn 0.7263 -0.3355 -0.6000
vn 0.7667 -0.1245 -0.6298
vn 0.3940 -0.8297 -0.3954
vn 0.5677 -0.7085 -0.4192
vn 0.4789 -0.8458 -0.2351
vn 0.9290 0.1489 -0.3389
vn 0.9752 -0.0065 -0.2211
vn 0.8979 0.4196 -0.1334
vn 0.8412 0.3709 -0.3935
vn 0.9798 -0.1199 0.1602
vn 0.8815 0.1721 0.4398
vn 0.8560 0.3136 0.4110
vn 0.8781 0.3942 0.2711
vn 0.7842 0.4077 0.4677
vn 0.8680 0.3024 0.3938
vn 0.7891 0.4123 0.4554
vn 0.7459 0.4333 0.5058
vn 0.6502 0.5844 0.4855
vn 0.6862 0.4882 0.5393
vn 0.7261 0.4856 0.4868
vn 0.8412 0.3709 -0.3935
vn 0.6750 0.5043 -0.5386
vn 0.7368 0.4568 -0.4985
vn 0.6706 0.3584 -0.6495
vn 0.8726 0.3520 -0.3387
vn 0.7773 0.5497 -0.3059
vn 0.8871 0.4139 -0.2042
vn 0.7933 0.4455 -0.4151
vn 0.6521 0.5952 -0.4696
vn 0.7102 0.6225 -0.3288
vn 0.6401 0.3803 -0.6675
vn 0.6997 0.3011 -0.6479
vn 0.7056 0.1153 -0.6991
vn 0.6134 0.3055 -0.7283
vn 0.6900 0.4458 -0.5703
vn 0.6119 0.5283 -0.5886
vn 0.7568 0.5389 -0.3699
vn 0.5829 0.3533 -0.7317
vn 0.5967 0.2880 -0.7490
vn 0.8177 0.4578 -0.3489
vn 0.7180 0.6256 -0.3050
vn 0.5967 0.2880 -0.7490
vn 0.5030 0.4890 -0.7127
vn 0.4379 0.6732 -0.5959
vn 0.4559 0.6971 -0.5534
vn 0.6870 0.3375 -0.6435
vn 0.4647 0.8060 -0.3665
vn 0.5366 0.6562 -0.5306
vn 0.7323 0.3557 -0.5807
vn 0.5992 0.6633 -0.4483
vn 0.6850 0.5943 -0.4213
vn 0.5992 0.6633 -0.4483
vn 0.7686 0.3560 -0.5316
vn 0.8468 0.0945 -0.5234
vn 0.8528 0.2024 -0.4815
vn 0.5856 0.5377 -0.6066
vn 0.7072 0.3537 -0.6122
vn 0.6646 0.3188 -0.6758
vn 0.7393 0.1367 -0.6594
vn 0.8819 0.1946 -0.4295
vn 0.8499 0.2004 -0.4873
vn 0.8176 0.3720 -0.4395
vn 0.8334 0.3983 -0.3830
vn 0.8528 0.2024 -0.4815
vn 0.9009 0.2241 -0.3717
vn 0.7503 -0.2158 -0.6249
vn 0.7061 -0.0975 -0.7013
vn 0.7691 0.0876 -0.6331
vn 0.6880 -0.3364 -0.6430
vn 0.4278 0.5264 -0.7348
vn 0.4112 0.6007 -0.6856
vn 0.4711 0.4580 -0.7539
vn 0.3428 0.6627 -0.6659
vn 0.9783 0.1630 -0.1277
vn 0.9365 0.3138 -0.1564
vn 0.9315 0.3587 -0.0609
vn 0.9806 0.1918 -0.0412
vn 0.7726 0.1713 -0.6113
vn 0.7225 0.4587 -0.5174
vn 0.6797 0.3460 -0.6468
vn 0.8260 0.1326 -0.5479
vn 0.8774 0.0452 -0.4775
vn 0.7994 0.3636 -0.4783
vn 0.8895 0.1114 -0.4432
vn 0.8769 0.0842 -0.4733
vn 0.8785 0.2877 -0.3814
vn 0.9397 0.1048 -0.3256
vn 0.8769 0.0842 -0.4733
vn 0.7561 0.5096 -0.4107
vn 0.7712 0.5177 -0.3704
vn 0.6091 0.7382 -0.2898
vn 0.6507 0.7201 -0.2408
vn 0.5937 0.6519 -0.4717
vn 0.6189 0.6089 -0.4962
vn 0.6722 0.5569 -0.4878
vn 0.9645 0.0672 -0.2554
vn 0.9546 -0.0010 -0.2977
vn 0.9397 0.1048 -0.3256
vn 0.6121 -0.0755 -0.7872
vn 0.6946 -0.0292 -0.7188
vn 0.6400 0.1078 -0.7607
vn 0.6527 0.0230 -0.7572
vn 0.9645 0.0417 -0.2608
vn 0.9854 -0.0401 -0.1652
vn 0.9807 0.0734 -0.1812
vn 0.9645 0.0672 -0.2554
vn 0.9621 0.1894 -0.1961
vn 0.9940 0.0819 -0.0725
vn 0.9118 0.3940 -0.1159
vn 0.9927 0.0041 -0.1205
vn 0.9622 0.2701 0.0355
vn 0.3933 0.7609 -0.5161
vn 0.4755 0.6874 -0.5490
vn 0.4290 0.6854 -0.5884
vn 0.9220 -0.1725 -0.3467
vn 0.9054 -0.1873 -0.3809
vn 0.7817 -0.5676 -0.2583
vn 0.5139 -0.4661 -0.7202
vn 0.5788 -0.3693 -0.7271
vn 0.5733 -0.5008 -0.6485
vn 0.4526 -0.5844 -0.6735
vn 0.4227 -0.5269 -0.7374
vn -0.0557 0.9262 -0.3729
vn -0.0935 0.8112 -0.5772
vn -0.1244 0.7916 -0.5982
vn 0.3350 0.9328 -0.1329
vn -0.3834 0.8057 -0.4514
vn -0.4142 0.7577 -0.5043
vn -0.4748 0.7452 -0.4682
vn -0.3959 0.8903 -0.2248
vn -0.2115 0.7403 -0.6381
vn -0.1601 0.9420 -0.2949
vn -0.1087 0.7107 -0.6950
vn -0.4300 0.6944 -0.5770
vn -0.4824 0.6440 -0.5937
vn -0.6313 0.7358 -0.2451
vn -0.5593 0.6929 -0.4551
vn -0.7031 0.6660 -0.2490
vn -0.6567 0.5717 -0.4919
vn -0.7922 0.5112 -0.3334
vn -0.7303 0.6066 -0.3141
vn -0.7316 0.4508 -0.5115
vn -0.8621 0.3468 -0.3695
vn -0.8455 0.2373 -0.4783
vn -0.7132 0.2866 -0.6397
vn -0.6325 0.7416 -0.2234
vn -0.8663 0.3216 -0.3823
vn -0.6120 0.4599 -0.6434
vn -0.1003 0.9359 -0.3376
vn -0.3944 0.9028 -0.1716
vn -0.3756 0.9197 -0.1143
vn -0.1938 0.9314 0.3082
vn -0.3953 -0.0375 -0.9178
vn -0.2874 0.8801 0.3778
vn -0.2559 -0.4574 -0.8517
vn -0.1793 0.9342 0.3085
vn -0.2130 -0.4675 -0.8580
vn -0.1701 0.9365 0.3068
vn -0.1703 0.9374 0.3037
vn -0.2506 0.3859 -0.8879
vn -0.1901 -0.5365 -0.8222
vn 0.4062 0.9133 -0.0295
vn -0.9651 -0.1972 -0.1724
vn -0.8170 -0.4469 -0.3645
vn 0.3975 0.9170 -0.0327
vn -0.8331 -0.4010 -0.3810
vn 0.3750 0.9256 -0.0513
vn -0.8450 -0.3524 -0.4023
vn -0.6607 0.2823 -0.6955
vn -0.8102 0.4660 -0.3556
vn -0.9800 0.1907 0.0571
vn -0.9555 0.2881 0.0636
vn -0.9460 0.3218 -0.0383
vn -0.8933 0.4469 0.0480
vn -0.7577 0.5700 -0.3179
vn 0.4041 0.5006 -0.7656
vn 0.4264 0.3571 -0.8311
vn -0.3982 0.7229 -0.5647
vn 0.4034 0.3695 -0.8371
vn -0.3967 0.6652 -0.6326
vn -0.4254 0.5263 -0.7363
vn -0.6522 0.4985 -0.5711
vn 0.3804 0.2370 -0.8939
vn -0.2076 -0.5022 -0.8395
vn -0.2409 -0.4438 -0.8631
vn -0.6078 0.5016 -0.6156
vn -0.8474 -0.1649 -0.5047
vn -0.3348 0.6504 -0.6818
vn 0.6703 0.4834 -0.5631
vn 0.6520 0.4324 -0.6228
vn -0.1921 0.6093 -0.7693
vn -0.4777 0.5437 -0.6901
vn -0.5538 0.5286 -0.6433
vn -0.5466 0.4120 -0.7291
vn -0.2455 0.4404 -0.8636
vn -0.4494 0.2837 -0.8471
vn -0.6997 0.5244 -0.4853
vn -0.5491 0.6231 -0.5570
vn 0.4138 0.9094 -0.0421
vn -0.1711 0.6184 -0.7670
vn -0.3439 0.9256 -0.1579
vn -0.6453 0.2121 -0.7339
vn -0.1356 0.9433 -0.3029
vn -0.2557 0.4167 -0.8724
vn 0.3715 0.0905 -0.9240
vn 0.3132 0.9414 -0.1252
vn -0.8386 -0.0506 -0.5423
vn -0.4623 0.6341 -0.6199
vn -0.5538 0.5286 -0.6433
vn -0.6120 0.4599 -0.6434
vn -0.5491 0.6231 -0.5570
vn -0.5466 0.4120 -0.7291
vn -0.6453 0.2121 -0.7339
vn 0.3975 0.9170 -0.0327
vn -0.1003 0.9359 -0.3376
vn -0.1356 0.9433 -0.3029
vn 0.3750 0.9256 -0.0513
vn 0.4138 0.9094 -0.0421
vn -0.8743 -0.4854 -0.0041
vn -0.9209 0.3899 0.0029
vn -0.9997 -0.0244 -0.0008
vn -0.1067 0.9674 -0.2295
vn -0.0883 0.9667 -0.2402
vn -0.7906 -0.2965 0.5357
vn -0.1067 0.9674 -0.2295
vn -0.0883 0.9667 -0.2402
vn -0.7906 -0.2965 0.5357
vn -0.1045 0.9335 -0.3429
vn 0.7293 -0.4375 0.5261
vn -0.0211 0.9528 -0.3027
f 185/185/185 360/360/360 280/280/280
f 5061/5061/5061 5062/5062/5062 5063/5063/5063
f 280/280/280 298/298/298 190/190/190
f 190/190/190 298/298/298 193/193/193
f 189/189/189 185/185/185 190/190/190
f 190/190/190 185/185/185 280/280/280
f 3114/3114/3114 3115/3115/3115 3116/3116/3116
f 191/191/191 190/190/190 192/192/192
f 192/192/192 190/190/190 193/193/193
f 189/189/189 190/190/190 191/191/191
f 527/527/527 528/528/528 548/548/548
f 527/527/527 548/548/548 549/549/549
f 513/513/513 528/528/528 514/514/514
f 514/514/514 528/528/528 527/527/527
f 517/517/517 514/514/514 527/527/527
f 517/517/517 527/527/527 522/522/522
f 519/519/519 517/517/517 522/522/522
f 1136/1136/1136 1137/1137/1137 1135/1135/1135
f 1136/1136/1136 1135/1135/1135 1134/1134/1134
f 1133/1133/1133 1134/1134/1134 1135/1135/1135
f 185/185/185 364/364/364 360/360/360
f 298/298/298 466/466/466 193/193/193
f 466/466/466 194/194/194 193/193/193
f 194/194/194 466/466/466 467/467/467
f 194/194/194 467/467/467 468/468/468
f 185/185/185 186/186/186 364/364/364
f 194/194/194 192/192/192 193/193/193
f 183/183/183 186/186/186 185/185/185
f 192/192/192 206/206/206 191/191/191
f 205/205/205 189/189/189 191/191/191
f 205/205/205 191/191/191 206/206/206
f 548/548/548 565/565/565 570/570/570
f 528/528/528 564/564/564 565/565/565
f 528/528/528 565/565/565 548/548/548
f 549/549/549 570/570/570 578/578/578
f 549/549/549 578/578/578 552/552/552
f 528/528/528 533/533/533 564/564/564
f 549/549/549 548/548/548 570/570/570
f 527/527/527 549/549/549 552/552/552
f 527/527/527 552/552/552 525/525/525
f 513/513/513 524/524/524 528/528/528
f 528/528/528 524/524/524 533/533/533
f 522/522/522 527/527/527 525/525/525
f 512/512/512 524/524/524 513/513/513
f 511/511/511 512/512/512 513/513/513
f 511/511/511 513/513/513 514/514/514
f 517/517/517 516/516/516 514/514/514
f 517/517/517 519/519/519 516/516/516
f 515/515/515 511/511/511 514/514/514
f 515/515/515 514/514/514 516/516/516
f 523/523/523 519/519/519 522/522/522
f 523/523/523 522/522/522 525/525/525
f 520/520/520 516/516/516 519/519/519
f 516/516/516 518/518/518 515/515/515
f 518/518/518 516/516/516 520/520/520
f 1135/1135/1135 1138/1138/1138 1152/1152/1152
f 520/520/520 519/519/519 521/521/521
f 1135/1135/1135 1152/1152/1152 1150/1150/1150
f 1133/1133/1133 1135/1135/1135 1150/1150/1150
f 1137/1137/1137 1139/1139/1139 1138/1138/1138
f 1137/1137/1137 1138/1138/1138 1135/1135/1135
f 1141/1141/1141 1139/1139/1139 1140/1140/1140
f 1140/1140/1140 1139/1139/1139 1137/1137/1137
f 1134/1134/1134 1133/1133/1133 1132/1132/1132
f 1132/1132/1132 1133/1133/1133 1131/1131/1131
f 1131/1131/1131 1130/1130/1130 1132/1132/1132
f 187/187/187 225/225/225 186/186/186
f 468/468/468 467/467/467 469/469/469
f 469/469/469 470/470/470 468/468/468
f 471/471/471 470/470/470 469/469/469
f 187/187/187 188/188/188 225/225/225
f 183/183/183 187/187/187 186/186/186
f 188/188/188 187/187/187 183/183/183
f 185/185/185 184/184/184 183/183/183
f 189/189/189 184/184/184 185/185/185
f 194/194/194 267/267/267 192/192/192
f 194/194/194 468/468/468 267/267/267
f 468/468/468 470/470/470 268/268/268
f 205/205/205 184/184/184 189/189/189
f 192/192/192 207/207/207 206/206/206
f 192/192/192 267/267/267 207/207/207
f 184/184/184 205/205/205 204/204/204
f 204/204/204 205/205/205 206/206/206
f 204/204/204 206/206/206 207/207/207
f 3498/3498/3498 3471/3471/3471 3484/3484/3484
f 3495/3495/3495 3471/3471/3471 3498/3498/3498
f 3498/3498/3498 3484/3484/3484 3499/3499/3499
f 3499/3499/3499 3484/3484/3484 3494/3494/3494
f 533/533/533 551/551/551 564/564/564
f 532/532/532 551/551/551 533/533/533
f 3497/3497/3497 3502/3502/3502 3494/3494/3494
f 3502/3502/3502 3497/3497/3497 3501/3501/3501
f 524/524/524 532/532/532 533/533/533
f 508/508/508 532/532/532 524/524/524
f 525/525/525 552/552/552 559/559/559
f 512/512/512 508/508/508 524/524/524
f 558/558/558 525/525/525 559/559/559
f 511/511/511 508/508/508 512/512/512
f 525/525/525 526/526/526 523/523/523
f 554/554/554 525/525/525 558/558/558
f 525/525/525 554/554/554 526/526/526
f 523/523/523 521/521/521 519/519/519
f 510/510/510 511/511/511 531/531/531
f 531/531/531 511/511/511 515/515/515
f 531/531/531 515/515/515 518/518/518
f 521/521/521 523/523/523 553/553/553
f 553/553/553 523/523/523 526/526/526
f 553/553/553 526/526/526 566/566/566
f 1139/1139/1139 1142/1142/1142 1143/1143/1143
f 1142/1142/1142 1139/1139/1139 1141/1141/1141
f 1130/1130/1130 1131/1131/1131 1129/1129/1129
f 1130/1130/1130 1129/1129/1129 1128/1128/1128
f 1127/1127/1127 1128/1128/1128 1129/1129/1129
f 188/188/188 221/221/221 225/225/225
f 471/471/471 469/469/469 472/472/472
f 472/472/472 473/473/473 471/471/471
f 188/188/188 197/197/197 221/221/221
f 468/468/468 268/268/268 267/267/267
f 268/268/268 470/470/470 471/471/471
f 178/178/178 183/183/183 184/184/184
f 184/184/184 177/177/177 178/178/178
f 207/207/207 267/267/267 266/266/266
f 177/177/177 184/184/184 158/158/158
f 158/158/158 184/184/184 204/204/204
f 207/207/207 208/208/208 204/204/204
f 142/142/142 158/158/158 204/204/204
f 204/204/204 208/208/208 148/148/148
f 159/159/159 208/208/208 207/207/207
f 134/134/134 158/158/158 142/142/142
f 142/142/142 204/204/204 148/148/148
f 208/208/208 159/159/159 148/148/148
f 131/131/131 142/142/142 148/148/148
f 3489/3489/3489 3470/3470/3470 3495/3495/3495
f 3495/3495/3495 3470/3470/3470 3471/3471/3471
f 3484/3484/3484 3452/3452/3452 3494/3494/3494
f 3494/3494/3494 3452/3452/3452 3472/3472/3472
f 445/445/445 447/447/447 448/448/448
f 448/448/448 447/447/447 451/451/451
f 3494/3494/3494 3472/3472/3472 3497/3497/3497
f 3496/3496/3496 3501/3501/3501 3497/3497/3497
f 3500/3500/3500 3501/3501/3501 3496/3496/3496
f 508/508/508 530/530/530 532/532/532
f 559/559/559 563/563/563 562/562/562
f 558/558/558 559/559/559 562/562/562
f 507/507/507 508/508/508 509/509/509
f 511/511/511 509/509/509 508/508/508
f 507/507/507 504/504/504 508/508/508
f 555/555/555 526/526/526 554/554/554
f 566/566/566 526/526/526 555/555/555
f 510/510/510 509/509/509 511/511/511
f 507/507/507 509/509/509 510/510/510
f 1131/1131/1131 1151/1151/1151 1129/1129/1129
f 544/544/544 507/507/507 531/531/531
f 531/531/531 507/507/507 510/510/510
f 221/221/221 449/449/449 225/225/225
f 1128/1128/1128 1127/1127/1127 1126/1126/1126
f 197/197/197 198/198/198 221/221/221
f 472/472/472 474/474/474 473/473/473
f 474/474/474 475/475/475 473/473/473
f 179/179/179 197/197/197 188/188/188
f 179/179/179 188/188/188 183/183/183
f 183/183/183 178/178/178 179/179/179
f 268/268/268 266/266/266 267/267/267
f 268/268/268 471/471/471 270/270/270
f 270/270/270 471/471/471 473/473/473
f 168/168/168 179/179/179 178/178/178
f 266/266/266 268/268/268 269/269/269
f 168/168/168 178/178/178 177/177/177
f 158/158/158 168/168/168 177/177/177
f 266/266/266 159/159/159 207/207/207
f 266/266/266 269/269/269 159/159/159
f 158/158/158 132/132/132 168/168/168
f 134/134/134 133/133/133 158/158/158
f 132/132/132 158/158/158 133/133/133
f 126/126/126 133/133/133 134/134/134
f 142/142/142 126/126/126 134/134/134
f 142/142/142 131/131/131 126/126/126
f 148/148/148 140/140/140 131/131/131
f 140/140/140 148/148/148 147/147/147
f 147/147/147 148/148/148 159/159/159
f 125/125/125 133/133/133 126/126/126
f 3489/3489/3489 3480/3480/3480 3470/3470/3470
f 3484/3484/3484 3471/3471/3471 3453/3453/3453
f 3484/3484/3484 3453/3453/3453 3452/3452/3452
f 3820/3820/3820 3480/3480/3480 3489/3489/3489
f 3820/3820/3820 3817/3817/3817 3480/3480/3480
f 3497/3497/3497 3472/3472/3472 3496/3496/3496
f 3472/3472/3472 3418/3418/3418 3496/3496/3496
f 445/445/445 444/444/444 446/446/446
f 445/445/445 446/446/446 447/447/447
f 443/443/443 444/444/444 445/445/445
f 3500/3500/3500 3496/3496/3496 3401/3401/3401
f 547/547/547 551/551/551 532/532/532
f 3192/3192/3192 3193/3193/3193 3191/3191/3191
f 530/530/530 547/547/547 532/532/532
f 508/508/508 504/504/504 530/530/530
f 562/562/562 561/561/561 558/558/558
f 560/560/560 558/558/558 561/561/561
f 558/558/558 560/560/560 554/554/554
f 502/502/502 503/503/503 504/504/504
f 502/502/502 504/504/504 507/507/507
f 556/556/556 555/555/555 554/554/554
f 1129/1129/1129 1151/1151/1151 1149/1149/1149
f 556/556/556 554/554/554 557/557/557
f 544/544/544 502/502/502 507/507/507
f 1129/1129/1129 1149/1149/1149 1127/1127/1127
f 1126/1126/1126 1127/1127/1127 1124/1124/1124
f 1126/1126/1126 1124/1124/1124 1125/1125/1125
f 480/480/480 476/476/476 474/474/474
f 198/198/198 232/232/232 449/449/449
f 198/198/198 449/449/449 221/221/221
f 474/474/474 476/476/476 475/475/475
f 198/198/198 199/199/199 232/232/232
f 199/199/199 198/198/198 182/182/182
f 197/197/197 182/182/182 198/198/198
f 197/197/197 179/179/179 182/182/182
f 473/473/473 475/475/475 270/270/270
f 168/168/168 180/180/180 179/179/179
f 268/268/268 270/270/270 269/269/269
f 269/269/269 164/164/164 159/159/159
f 168/168/168 132/132/132 180/180/180
f 147/147/147 159/159/159 164/164/164
f 125/125/125 132/132/132 133/133/133
f 126/126/126 122/122/122 125/125/125
f 140/140/140 139/139/139 131/131/131
f 147/147/147 139/139/139 140/140/140
f 122/122/122 126/126/126 127/127/127
f 127/127/127 126/126/126 131/131/131
f 127/127/127 131/131/131 139/139/139
f 3470/3470/3470 3460/3460/3460 3471/3471/3471
f 3471/3471/3471 3460/3460/3460 3453/3453/3453
f 3453/3453/3453 3449/3449/3449 3452/3452/3452
f 3472/3472/3472 3452/3452/3452 3436/3436/3436
f 3472/3472/3472 3436/3436/3436 3418/3418/3418
f 3817/3817/3817 3809/3809/3809 3480/3480/3480
f 3418/3418/3418 3388/3388/3388 3496/3496/3496
f 3496/3496/3496 3388/3388/3388 3401/3401/3401
f 3192/3192/3192 3191/3191/3191 3182/3182/3182
f 3182/3182/3182 3191/3191/3191 3186/3186/3186
f 561/561/561 562/562/562 567/567/567
f 530/530/530 504/504/504 529/529/529
f 568/568/568 561/561/561 567/567/567
f 505/505/505 529/529/529 504/504/504
f 560/560/560 561/561/561 568/568/568
f 503/503/503 505/505/505 504/504/504
f 557/557/557 554/554/554 560/560/560
f 557/557/557 560/560/560 572/572/572
f 534/534/534 503/503/503 544/544/544
f 544/544/544 503/503/503 502/502/502
f 232/232/232 488/488/488 449/449/449
f 1122/1122/1122 1125/1125/1125 1124/1124/1124
f 199/199/199 218/218/218 232/232/232
f 476/476/476 480/480/480 481/481/481
f 481/481/481 475/475/475 476/476/476
f 179/179/179 181/181/181 182/182/182
f 180/180/180 181/181/181 179/179/179
f 270/270/270 271/271/271 269/269/269
f 132/132/132 181/181/181 180/180/180
f 271/271/271 164/164/164 269/269/269
f 271/271/271 223/223/223 164/164/164
f 132/132/132 138/138/138 181/181/181
f 129/129/129 138/138/138 132/132/132
f 164/164/164 223/223/223 165/165/165
f 123/123/123 129/129/129 132/132/132
f 125/125/125 123/123/123 132/132/132
f 147/147/147 164/164/164 151/151/151
f 151/151/151 164/164/164 165/165/165
f 147/147/147 151/151/151 139/139/139
f 122/122/122 123/123/123 125/125/125
f 127/127/127 120/120/120 122/122/122
f 139/139/139 141/141/141 127/127/127
f 3441/3441/3441 3452/3452/3452 3449/3449/3449
f 3480/3480/3480 3462/3462/3462 3470/3470/3470
f 3470/3470/3470 3462/3462/3462 3460/3460/3460
f 3460/3460/3460 3450/3450/3450 3453/3453/3453
f 3441/3441/3441 3436/3436/3436 3452/3452/3452
f 3809/3809/3809 3473/3473/3473 3480/3480/3480
f 3480/3480/3480 3473/3473/3473 3462/3462/3462
f 3436/3436/3436 3420/3420/3420 3418/3418/3418
f 3817/3817/3817 3804/3804/3804 3809/3809/3809
f 3418/3418/3418 3420/3420/3420 3402/3402/3402
f 3418/3418/3418 3402/3402/3402 3388/3388/3388
f 3813/3813/3813 3804/3804/3804 3818/3818/3818
f 3818/3818/3818 3804/3804/3804 3817/3817/3817
f 3401/3401/3401 3388/3388/3388 3400/3400/3400
f 443/443/443 441/441/441 442/442/442
f 443/443/443 442/442/442 444/444/444
f 545/545/545 547/547/547 530/530/530
f 530/530/530 529/529/529 545/545/545
f 568/568/568 569/569/569 560/560/560
f 503/503/503 506/506/506 505/505/505
f 572/572/572 560/560/560 569/569/569
f 572/572/572 569/569/569 571/571/571
f 503/503/503 534/534/534 506/506/506
f 232/232/232 213/213/213 488/488/488
f 1122/1122/1122 1124/1124/1124 1123/1123/1123
f 218/218/218 213/213/213 232/232/232
f 482/482/482 481/481/481 480/480/480
f 481/481/481 482/482/482 483/483/483
f 217/217/217 213/213/213 218/218/218
f 199/199/199 217/217/217 218/218/218
f 199/199/199 196/196/196 217/217/217
f 497/497/497 481/481/481 483/483/483
f 195/195/195 196/196/196 182/182/182
f 196/196/196 199/199/199 182/182/182
f 182/182/182 181/181/181 195/195/195
f 276/276/276 270/270/270 475/475/475
f 276/276/276 475/475/475 481/481/481
f 271/271/271 277/277/277 223/223/223
f 129/129/129 136/136/136 138/138/138
f 123/123/123 122/122/122 121/121/121
f 151/151/151 146/146/146 139/139/139
f 124/124/124 123/123/123 121/121/121
f 139/139/139 146/146/146 141/141/141
f 121/121/121 122/122/122 120/120/120
f 120/120/120 127/127/127 141/141/141
f 3462/3462/3462 3461/3461/3461 3460/3460/3460
f 3453/3453/3453 3450/3450/3450 3449/3449/3449
f 3473/3473/3473 3464/3464/3464 3462/3462/3462
f 3809/3809/3809 3804/3804/3804 3473/3473/3473
f 440/440/440 442/442/442 441/441/441
f 3364/3364/3364 3400/3400/3400 3388/3388/3388
f 3400/3400/3400 3364/3364/3364 3363/3363/3363
f 3182/3182/3182 3186/3186/3186 3181/3181/3181
f 529/529/529 538/538/538 545/545/545
f 3179/3179/3179 3182/3182/3182 3181/3181/3181
f 575/575/575 568/568/568 567/567/567
f 535/535/535 529/529/529 505/505/505
f 506/506/506 535/535/535 505/505/505
f 569/569/569 568/568/568 571/571/571
f 572/572/572 571/571/571 576/576/576
f 534/534/534 537/537/537 506/506/506
f 1124/1124/1124 1148/1148/1148 1123/1123/1123
f 213/213/213 487/487/487 488/488/488
f 1120/1120/1120 1122/1122/1122 1123/1123/1123
f 1120/1120/1120 1121/1121/1121 1122/1122/1122
f 483/483/483 482/482/482 485/485/485
f 217/217/217 203/203/203 213/213/213
f 196/196/196 203/203/203 217/217/217
f 481/481/481 497/497/497 276/276/276
f 270/270/270 276/276/276 271/271/271
f 277/277/277 271/271/271 276/276/276
f 181/181/181 200/200/200 195/195/195
f 138/138/138 200/200/200 181/181/181
f 136/136/136 156/156/156 200/200/200
f 138/138/138 136/136/136 200/200/200
f 275/275/275 223/223/223 277/277/277
f 165/165/165 176/176/176 151/151/151
f 176/176/176 165/165/165 223/223/223
f 123/123/123 128/128/128 129/129/129
f 123/123/123 124/124/124 128/128/128
f 175/175/175 151/151/151 176/176/176
f 151/151/151 153/153/153 146/146/146
f 146/146/146 105/105/105 141/141/141
f 3460/3460/3460 3461/3461/3461 3450/3450/3450
f 3436/3436/3436 3441/3441/3441 3440/3440/3440
f 3804/3804/3804 3797/3797/3797 3473/3473/3473
f 3813/3813/3813 3797/3797/3797 3804/3804/3804
f 3813/3813/3813 3806/3806/3806 3797/3797/3797
f 3819/3819/3819 3806/3806/3806 3821/3821/3821
f 3821/3821/3821 3806/3806/3806 3813/3813/3813
f 418/418/418 440/440/440 441/441/441
f 538/538/538 550/550/550 545/545/545
f 535/535/535 538/538/538 529/529/529
f 568/568/568 575/575/575 573/573/573
f 571/571/571 568/568/568 573/573/573
f 506/506/506 536/536/536 535/535/535
f 571/571/571 574/574/574 576/576/576
f 537/537/537 536/536/536 506/506/506
f 1148/1148/1148 1120/1120/1120 1123/1123/1123
f 1119/1119/1119 1121/1121/1121 1120/1120/1120
f 203/203/203 210/210/210 213/213/213
f 483/483/483 485/485/485 486/486/486
f 497/497/497 483/483/483 486/486/486
f 203/203/203 196/196/196 201/201/201
f 196/196/196 195/195/195 201/201/201
f 293/293/293 276/276/276 497/497/497
f 281/281/281 275/275/275 277/277/277
f 136/136/136 137/137/137 156/156/156
f 272/272/272 223/223/223 275/275/275
f 223/223/223 272/272/272 176/176/176
f 137/137/137 136/136/136 130/130/130
f 130/130/130 136/136/136 129/129/129
f 128/128/128 130/130/130 129/129/129
f 151/151/151 175/175/175 153/153/153
f 109/109/109 124/124/124 121/121/121
f 120/120/120 107/107/107 121/121/121
f 141/141/141 102/102/102 120/120/120
f 101/101/101 120/120/120 102/102/102
f 102/102/102 141/141/141 105/105/105
f 3449/3449/3449 3450/3450/3450 3440/3440/3440
f 3462/3462/3462 3464/3464/3464 3461/3461/3461
f 3436/3436/3436 3440/3440/3440 3432/3432/3432
f 3464/3464/3464 3473/3473/3473 3775/3775/3775
f 3436/3436/3436 3432/3432/3432 3435/3435/3435
f 3420/3420/3420 3436/3436/3436 3435/3435/3435
f 3473/3473/3473 3797/3797/3797 3784/3784/3784
f 3402/3402/3402 3383/3383/3383 3388/3388/3388
f 3383/3383/3383 3364/3364/3364 3388/3388/3388
f 418/418/418 431/431/431 440/440/440
f 3178/3178/3178 3179/3179/3179 3181/3181/3181
f 575/575/575 577/577/577 573/573/573
f 536/536/536 540/540/540 535/535/535
f 574/574/574 571/571/571 573/573/573
f 536/536/536 539/539/539 540/540/540
f 537/537/537 539/539/539 536/536/536
f 1148/1148/1148 1147/1147/1147 1120/1120/1120
f 213/213/213 210/210/210 461/461/461
f 213/213/213 461/461/461 487/487/487
f 485/485/485 490/490/490 486/486/486
f 209/209/209 211/211/211 210/210/210
f 209/209/209 210/210/210 203/203/203
f 491/491/491 497/497/497 486/486/486
f 195/195/195 200/200/200 201/201/201
f 281/281/281 277/277/277 276/276/276
f 276/276/276 293/293/293 281/281/281
f 200/200/200 202/202/202 201/201/201
f 156/156/156 202/202/202 200/200/200
f 285/285/285 275/275/275 281/281/281
f 285/285/285 272/272/272 275/275/275
f 272/272/272 273/273/273 176/176/176
f 128/128/128 135/135/135 130/130/130
f 224/224/224 175/175/175 176/176/176
f 224/224/224 176/176/176 273/273/273
f 153/153/153 175/175/175 152/152/152
f 146/146/146 153/153/153 105/105/105
f 107/107/107 109/109/109 121/121/121
f 105/105/105 153/153/153 152/152/152
f 107/107/107 120/120/120 101/101/101
f 3461/3461/3461 3768/3768/3768 3450/3450/3450
f 3754/3754/3754 3768/3768/3768 3461/3461/3461
f 3450/3450/3450 3451/3451/3451 3440/3440/3440
f 3759/3759/3759 3451/3451/3451 3450/3450/3450
f 3449/3449/3449 3440/3440/3440 3441/3441/3441
f 3784/3784/3784 3775/3775/3775 3473/3473/3473
f 3420/3420/3420 3435/3435/3435 3429/3429/3429
f 3420/3420/3420 3403/3403/3403 3402/3402/3402
f 3819/3819/3819 3805/3805/3805 3806/3806/3806
f 3403/3403/3403 3383/3383/3383 3402/3402/3402
f 3815/3815/3815 3805/3805/3805 3819/3819/3819
f 3364/3364/3364 3383/3383/3383 3374/3374/3374
f 3374/3374/3374 3361/3361/3361 3364/3364/3364
f 417/417/417 450/450/450 431/431/431
f 418/418/418 417/417/417 431/431/431
f 3364/3364/3364 3361/3361/3361 3363/3363/3363
f 3363/3363/3363 3361/3361/3361 3358/3358/3358
f 538/538/538 546/546/546 550/550/550
f 538/538/538 541/541/541 546/546/546
f 535/535/535 541/541/541 538/538/538
f 3179/3179/3179 3178/3178/3178 3153/3153/3153
f 542/542/542 541/541/541 535/535/535
f 540/540/540 542/542/542 535/535/535
f 3153/3153/3153 3157/3157/3157 3172/3172/3172
f 3176/3176/3176 3172/3172/3172 3157/3157/3157
f 1120/1120/1120 1116/1116/1116 1119/1119/1119
f 210/210/210 211/211/211 461/461/461
f 1116/1116/1116 1117/1117/1117 1119/1119/1119
f 491/491/491 486/486/486 490/490/490
f 497/497/497 491/491/491 293/293/293
f 201/201/201 209/209/209 203/203/203
f 293/293/293 294/294/294 281/281/281
f 281/281/281 294/294/294 285/285/285
f 143/143/143 163/163/163 156/156/156
f 137/137/137 143/143/143 156/156/156
f 130/130/130 143/143/143 137/137/137
f 144/144/144 143/143/143 130/130/130
f 173/173/173 152/152/152 175/175/175
f 109/109/109 128/128/128 124/124/124
f 106/106/106 107/107/107 101/101/101
f 3450/3450/3450 3768/3768/3768 3759/3759/3759
f 3464/3464/3464 3775/3775/3775 3461/3461/3461
f 3461/3461/3461 3775/3775/3775 3756/3756/3756
f 3440/3440/3440 3770/3770/3770 3432/3432/3432
f 3420/3420/3420 3429/3429/3429 3403/3403/3403
f 3805/3805/3805 3797/3797/3797 3806/3806/3806
f 3361/3361/3361 3356/3356/3356 3358/3358/3358
f 416/416/416 417/417/417 418/418/418
f 3153/3153/3153 3178/3178/3178 3155/3155/3155
f 543/543/543 542/542/542 540/540/540
f 539/539/539 543/543/543 540/540/540
f 3176/3176/3176 3157/3157/3157 3183/3183/3183
f 579/579/579 543/543/543 539/539/539
f 1120/1120/1120 1147/1147/1147 1116/1116/1116
f 459/459/459 460/460/460 211/211/211
f 211/211/211 460/460/460 461/461/461
f 303/303/303 459/459/459 211/211/211
f 490/490/490 492/492/492 491/491/491
f 1366/1366/1366 1364/1364/1364 1365/1365/1365
f 303/303/303 211/211/211 212/212/212
f 212/212/212 211/211/211 209/209/209
f 214/214/214 212/212/212 209/209/209
f 214/214/214 209/209/209 201/201/201
f 201/201/201 202/202/202 214/214/214
f 156/156/156 163/163/163 202/202/202
f 295/295/295 285/285/285 294/294/294
f 143/143/143 149/149/149 163/163/163
f 285/285/285 289/289/289 272/272/272
f 143/143/143 144/144/144 149/149/149
f 135/135/135 144/144/144 130/130/130
f 236/236/236 224/224/224 273/273/273
f 107/107/107 108/108/108 109/109/109
f 107/107/107 106/106/106 108/108/108
f 102/102/102 100/100/100 101/101/101
f 102/102/102 103/103/103 100/100/100
f 105/105/105 103/103/103 102/102/102
f 103/103/103 105/105/105 152/152/152
f 103/103/103 152/152/152 172/172/172
f 108/108/108 106/106/106 98/98/98
f 101/101/101 98/98/98 106/106/106
f 101/101/101 100/100/100 98/98/98
f 100/100/100 103/103/103 104/104/104
f 157/157/157 108/108/108 98/98/98
f 98/98/98 100/100/100 99/99/99
f 99/99/99 100/100/100 104/104/104
f 71/71/71 98/98/98 99/99/99
f 95/95/95 157/157/157 98/98/98
f 95/95/95 98/98/98 71/71/71
f 256/256/256 157/157/157 95/95/95
f 95/95/95 71/71/71 70/70/70
f 71/71/71 99/99/99 72/72/72
f 3756/3756/3756 3755/3755/3755 3461/3461/3461
f 3461/3461/3461 3755/3755/3755 3754/3754/3754
f 3754/3754/3754 3759/3759/3759 3768/3768/3768
f 3759/3759/3759 3440/3440/3440 3451/3451/3451
f 3440/3440/3440 3750/3750/3750 3770/3770/3770
f 3432/3432/3432 3429/3429/3429 3435/3435/3435
f 3797/3797/3797 3783/3783/3783 3784/3784/3784
f 3416/3416/3416 3403/3403/3403 3429/3429/3429
f 3805/3805/3805 3796/3796/3796 3797/3797/3797
f 3381/3381/3381 3383/3383/3383 3403/3403/3403
f 3383/3383/3383 3381/3381/3381 3374/3374/3374
f 417/417/417 462/462/462 450/450/450
f 432/432/432 462/462/462 417/417/417
f 415/415/415 432/432/432 417/417/417
f 416/416/416 415/415/415 417/417/417
f 541/541/541 582/582/582 546/546/546
f 541/541/541 542/542/542 582/582/582
f 3154/3154/3154 3157/3157/3157 3153/3153/3153
f 1116/1116/1116 1115/1115/1115 1117/1117/1117
f 491/491/491 498/498/498 293/293/293
f 491/491/491 499/499/499 498/498/498
f 163/163/163 216/216/216 202/202/202
f 202/202/202 216/216/216 214/214/214
f 285/285/285 295/295/295 289/289/289
f 144/144/144 150/150/150 149/149/149
f 288/288/288 273/273/273 272/272/272
f 288/288/288 272/272/272 289/289/289
f 135/135/135 145/145/145 144/144/144
f 128/128/128 112/112/112 135/135/135
f 235/235/235 175/175/175 224/224/224
f 235/235/235 224/224/224 236/236/236
f 109/109/109 112/112/112 128/128/128
f 111/111/111 112/112/112 109/109/109
f 109/109/109 110/110/110 111/111/111
f 173/173/173 172/172/172 152/152/152
f 108/108/108 110/110/110 109/109/109
f 119/119/119 110/110/110 108/108/108
f 157/157/157 119/119/119 108/108/108
f 227/227/227 104/104/104 103/103/103
f 227/227/227 99/99/99 104/104/104
f 227/227/227 226/226/226 99/99/99
f 157/157/157 256/256/256 119/119/119
f 69/69/69 70/70/70 71/71/71
f 226/226/226 72/72/72 99/99/99
f 227/227/227 274/274/274 226/226/226
f 248/248/248 119/119/119 256/256/256
f 70/70/70 67/67/67 95/95/95
f 71/71/71 72/72/72 69/69/69
f 241/241/241 248/248/248 256/256/256
f 241/241/241 256/256/256 95/95/95
f 237/237/237 95/95/95 67/67/67
f 73/73/73 69/69/69 72/72/72
f 83/83/83 72/72/72 226/226/226
f 74/74/74 68/68/68 69/69/69
f 83/83/83 226/226/226 82/82/82
f 238/238/238 241/241/241 95/95/95
f 95/95/95 237/237/237 238/238/238
f 73/73/73 72/72/72 83/83/83
f 73/73/73 83/83/83 82/82/82
f 3700/3700/3700 3759/3759/3759 3754/3754/3754
f 3440/3440/3440 3759/3759/3759 3750/3750/3750
f 3775/3775/3775 3744/3744/3744 3756/3756/3756
f 3432/3432/3432 3770/3770/3770 3745/3745/3745
f 3775/3775/3775 3784/3784/3784 3760/3760/3760
f 3426/3426/3426 3429/3429/3429 3432/3432/3432
f 3416/3416/3416 3429/3429/3429 3426/3426/3426
f 3797/3797/3797 3796/3796/3796 3783/3783/3783
f 3416/3416/3416 3381/3381/3381 3403/3403/3403
f 3815/3815/3815 3802/3802/3802 3805/3805/3805
f 3814/3814/3814 3802/3802/3802 3815/3815/3815
f 3361/3361/3361 3347/3347/3347 3356/3356/3356
f 3361/3361/3361 3360/3360/3360 3347/3347/3347
f 416/416/416 414/414/414 415/415/415
f 3344/3344/3344 3357/3357/3357 3356/3356/3356
f 3356/3356/3356 3357/3357/3357 3358/3358/3358
f 3155/3155/3155 3151/3151/3151 3153/3153/3153
f 3153/3153/3153 3151/3151/3151 3147/3147/3147
f 543/543/543 581/581/581 542/542/542
f 579/579/579 580/580/580 543/543/543
f 3154/3154/3154 3183/3183/3183 3157/3157/3157
f 3183/3183/3183 3154/3154/3154 3189/3189/3189
f 303/303/303 302/302/302 342/342/342
f 212/212/212 302/302/302 303/303/303
f 1365/1365/1365 1364/1364/1364 1362/1362/1362
f 498/498/498 499/499/499 500/500/500
f 216/216/216 299/299/299 214/214/214
f 2734/2734/2734 2735/2735/2735 2733/2733/2733
f 163/163/163 169/169/169 216/216/216
f 149/149/149 169/169/169 163/163/163
f 2718/2718/2718 2715/2715/2715 2717/2717/2717
f 288/288/288 290/290/290 273/273/273
f 290/290/290 236/236/236 273/273/273
f 235/235/235 173/173/173 175/175/175
f 234/234/234 173/173/173 235/235/235
f 110/110/110 113/113/113 111/111/111
f 172/172/172 173/173/173 234/234/234
f 119/119/119 113/113/113 110/110/110
f 172/172/172 174/174/174 103/103/103
f 274/274/274 103/103/103 174/174/174
f 274/274/274 227/227/227 103/103/103
f 174/174/174 279/279/279 274/274/274
f 170/170/170 113/113/113 119/119/119
f 248/248/248 258/258/258 119/119/119
f 119/119/119 258/258/258 170/170/170
f 69/69/69 67/67/67 70/70/70
f 228/228/228 226/226/226 274/274/274
f 69/69/69 68/68/68 67/67/67
f 243/243/243 258/258/258 248/248/248
f 226/226/226 228/228/228 82/82/82
f 241/241/241 243/243/243 248/248/248
f 67/67/67 253/253/253 237/237/237
f 73/73/73 74/74/74 69/69/69
f 91/91/91 82/82/82 228/228/228
f 86/86/86 82/82/82 91/91/91
f 239/239/239 238/238/238 237/237/237
f 76/76/76 73/73/73 82/82/82
f 76/76/76 82/82/82 86/86/86
f 240/240/240 242/242/242 241/241/241
f 240/240/240 241/241/241 238/238/238
f 240/240/240 238/238/238 239/239/239
f 3744/3744/3744 3719/3719/3719 3756/3756/3756
f 3719/3719/3719 3755/3755/3755 3756/3756/3756
f 3750/3750/3750 3745/3745/3745 3770/3770/3770
f 3426/3426/3426 3432/3432/3432 3745/3745/3745
f 3784/3784/3784 3783/3783/3783 3760/3760/3760
f 3805/3805/3805 3802/3802/3802 3796/3796/3796
f 3374/3374/3374 3360/3360/3360 3361/3361/3361
f 433/433/433 432/432/432 415/415/415
f 3342/3342/3342 3344/3344/3344 3356/3356/3356
f 583/583/583 582/582/582 542/542/542
f 581/581/581 583/583/583 542/542/542
f 3147/3147/3147 3154/3154/3154 3153/3153/3153
f 580/580/580 581/581/581 543/543/543
f 1116/1116/1116 1114/1114/1114 1115/1115/1115
f 303/303/303 342/342/342 430/430/430
f 303/303/303 430/430/430 459/459/459
f 1115/1115/1115 1114/1114/1114 1111/1111/1111
f 1362/1362/1362 1364/1364/1364 1363/1363/1363
f 1361/1361/1361 1362/1362/1362 1363/1363/1363
f 501/501/501 500/500/500 499/499/499
f 2732/2732/2732 2734/2734/2734 2733/2733/2733
f 2734/2734/2734 2715/2715/2715 2718/2718/2718
f 216/216/216 169/169/169 299/299/299
f 149/149/149 155/155/155 169/169/169
f 2714/2714/2714 2717/2717/2717 2715/2715/2715
f 150/150/150 155/155/155 149/149/149
f 154/154/154 155/155/155 144/144/144
f 155/155/155 150/150/150 144/144/144
f 154/154/154 144/144/144 145/145/145
f 135/135/135 112/112/112 145/145/145
f 236/236/236 284/284/284 235/235/235
f 112/112/112 111/111/111 115/115/115
f 111/111/111 114/114/114 115/115/115
f 113/113/113 114/114/114 111/111/111
f 234/234/234 174/174/174 172/172/172
f 113/113/113 170/170/170 114/114/114
f 228/228/228 274/274/274 279/279/279
f 228/228/228 279/279/279 278/278/278
f 258/258/258 243/243/243 254/254/254
f 68/68/68 66/66/66 67/67/67
f 228/228/228 278/278/278 91/91/91
f 241/241/241 242/242/242 243/243/243
f 67/67/67 65/65/65 253/253/253
f 65/65/65 67/67/67 66/66/66
f 68/68/68 74/74/74 66/66/66
f 244/244/244 243/243/243 242/242/242
f 237/237/237 253/253/253 252/252/252
f 253/253/253 65/65/65 252/252/252
f 86/86/86 91/91/91 89/89/89
f 77/77/77 66/66/66 74/74/74
f 239/239/239 237/237/237 252/252/252
f 77/77/77 74/74/74 75/75/75
f 73/73/73 75/75/75 74/74/74
f 75/75/75 73/73/73 76/76/76
f 3754/3754/3754 3720/3720/3720 3700/3700/3700
f 3750/3750/3750 3759/3759/3759 3751/3751/3751
f 3750/3750/3750 3746/3746/3746 3745/3745/3745
f 3775/3775/3775 3760/3760/3760 3744/3744/3744
f 3783/3783/3783 3773/3773/3773 3760/3760/3760
f 3796/3796/3796 3787/3787/3787 3783/3783/3783
f 3416/3416/3416 3408/3408/3408 3381/3381/3381
f 3796/3796/3796 3802/3802/3802 3787/3787/3787
f 3365/3365/3365 3374/3374/3374 3381/3381/3381
f 3374/3374/3374 3365/3365/3365 3360/3360/3360
f 3823/3823/3823 3810/3810/3810 3814/3814/3814
f 3342/3342/3342 3356/3356/3356 3347/3347/3347
f 414/414/414 413/413/413 415/415/415
f 3147/3147/3147 3152/3152/3152 3154/3154/3154
f 580/580/580 584/584/584 581/581/581
f 1146/1146/1146 1145/1145/1145 1114/1114/1114
f 340/340/340 342/342/342 302/302/302
f 301/301/301 302/302/302 212/212/212
f 301/301/301 212/212/212 214/214/214
f 299/299/299 301/301/301 214/214/214
f 2732/2732/2732 2715/2715/2715 2734/2734/2734
f 169/169/169 300/300/300 299/299/299
f 2715/2715/2715 2713/2713/2713 2714/2714/2714
f 288/288/288 308/308/308 290/290/290
f 284/284/284 236/236/236 290/290/290
f 117/117/117 145/145/145 112/112/112
f 235/235/235 284/284/284 234/234/234
f 117/117/117 112/112/112 115/115/115
f 116/116/116 115/115/115 114/114/114
f 234/234/234 265/265/265 174/174/174
f 114/114/114 171/171/171 116/116/116
f 174/174/174 265/265/265 279/279/279
f 279/279/279 265/265/265 287/287/287
f 170/170/170 171/171/171 114/114/114
f 258/258/258 171/171/171 170/170/170
f 258/258/258 254/254/254 171/171/171
f 254/254/254 243/243/243 250/250/250
f 244/244/244 250/250/250 243/243/243
f 278/278/278 96/96/96 91/91/91
f 96/96/96 89/89/89 91/91/91
f 86/86/86 89/89/89 87/87/87
f 86/86/86 85/85/85 76/76/76
f 239/239/239 246/246/246 240/240/240
f 79/79/79 75/75/75 76/76/76
f 3755/3755/3755 3719/3719/3719 3754/3754/3754
f 3719/3719/3719 3720/3720/3720 3754/3754/3754
f 3759/3759/3759 3700/3700/3700 3751/3751/3751
f 3751/3751/3751 3700/3700/3700 3750/3750/3750
f 3700/3700/3700 3716/3716/3716 3750/3750/3750
f 3750/3750/3750 3716/3716/3716 3715/3715/3715
f 3758/3758/3758 3426/3426/3426 3745/3745/3745
f 3787/3787/3787 3773/3773/3773 3783/3783/3783
f 3382/3382/3382 3381/3381/3381 3408/3408/3408
f 3382/3382/3382 3365/3365/3365 3381/3381/3381
f 3355/3355/3355 3360/3360/3360 3365/3365/3365
f 3824/3824/3824 3810/3810/3810 3823/3823/3823
f 3355/3355/3355 3347/3347/3347 3360/3360/3360
f 415/415/415 422/422/422 433/433/433
f 433/433/433 422/422/422 434/434/434
f 3347/3347/3347 3341/3341/3341 3342/3342/3342
f 415/415/415 413/413/413 422/422/422
f 414/414/414 410/410/410 413/413/413
f 3342/3342/3342 3343/3343/3343 3344/3344/3344
f 582/582/582 583/583/583 585/585/585
f 3151/3151/3151 3143/3143/3143 3147/3147/3147
f 581/581/581 586/586/586 583/583/583
f 584/584/584 586/586/586 581/581/581
f 1113/1113/1113 1111/1111/1111 1114/1114/1114
f 340/340/340 430/430/430 342/342/342
f 302/302/302 312/312/312 340/340/340
f 302/302/302 301/301/301 312/312/312
f 2732/2732/2732 2733/2733/2733 2731/2731/2731
f 2732/2732/2732 2731/2731/2731 2728/2728/2728
f 300/300/300 304/304/304 299/299/299
f 2715/2715/2715 2732/2732/2732 2728/2728/2728
f 2728/2728/2728 2720/2720/2720 2715/2715/2715
f 2716/2716/2716 2715/2715/2715 2720/2720/2720
f 154/154/154 166/166/166 155/155/155
f 2711/2711/2711 2714/2714/2714 2713/2713/2713
f 287/287/287 265/265/265 286/286/286
f 286/286/286 265/265/265 283/283/283
f 254/254/254 215/215/215 171/171/171
f 287/287/287 278/278/278 279/279/279
f 250/250/250 215/215/215 254/254/254
f 297/297/297 291/291/291 278/278/278
f 96/96/96 278/278/278 291/291/291
f 249/249/249 250/250/250 244/244/244
f 48/48/48 65/65/65 66/66/66
f 96/96/96 92/92/92 89/89/89
f 92/92/92 96/96/96 291/291/291
f 244/244/244 242/242/242 245/245/245
f 89/89/89 92/92/92 87/87/87
f 46/46/46 252/252/252 65/65/65
f 46/46/46 65/65/65 48/48/48
f 48/48/48 66/66/66 77/77/77
f 245/245/245 242/242/242 247/247/247
f 247/247/247 242/242/242 240/240/240
f 240/240/240 246/246/246 247/247/247
f 252/252/252 255/255/255 239/239/239
f 252/252/252 259/259/259 255/255/255
f 75/75/75 78/78/78 77/77/77
f 86/86/86 87/87/87 85/85/85
f 246/246/246 239/239/239 255/255/255
f 85/85/85 84/84/84 76/76/76
f 78/78/78 75/75/75 79/79/79
f 3744/3744/3744 3717/3717/3717 3719/3719/3719
f 3718/3718/3718 3744/3744/3744 3760/3760/3760
f 3746/3746/3746 3750/3750/3750 3715/3715/3715
f 3745/3745/3745 3747/3747/3747 3758/3758/3758
f 3424/3424/3424 3426/3426/3426 3758/3758/3758
f 3424/3424/3424 3416/3416/3416 3426/3426/3426
f 3416/3416/3416 3424/3424/3424 3408/3408/3408
f 3814/3814/3814 3810/3810/3810 3802/3802/3802
f 583/583/583 587/587/587 585/585/585
f 3143/3143/3143 3142/3142/3142 3147/3147/3147
f 1145/1145/1145 1113/1113/1113 1114/1114/1114
f 430/430/430 340/340/340 405/405/405
f 312/312/312 341/341/341 340/340/340
f 1360/1360/1360 1362/1362/1362 1361/1361/1361
f 301/301/301 311/311/311 312/312/312
f 2444/2444/2444 2445/2445/2445 2443/2443/2443
f 304/304/304 301/301/301 299/299/299
f 169/169/169 219/219/219 300/300/300
f 155/155/155 219/219/219 169/169/169
f 155/155/155 166/166/166 219/219/219
f 2713/2713/2713 2715/2715/2715 2716/2716/2716
f 161/161/161 167/167/167 154/154/154
f 308/308/308 284/284/284 290/290/290
f 145/145/145 161/161/161 154/154/154
f 161/161/161 145/145/145 117/117/117
f 284/284/284 283/283/283 234/234/234
f 115/115/115 118/118/118 117/117/117
f 116/116/116 118/118/118 115/115/115
f 283/283/283 265/265/265 234/234/234
f 171/171/171 215/215/215 116/116/116
f 215/215/215 118/118/118 116/116/116
f 2683/2683/2683 2696/2696/2696 2691/2691/2691
f 2655/2655/2655 2694/2694/2694 2683/2683/2683
f 2683/2683/2683 2694/2694/2694 2696/2696/2696
f 250/250/250 233/233/233 215/215/215
f 250/250/250 249/249/249 233/233/233
f 292/292/292 92/92/92 291/291/291
f 245/245/245 249/249/249 244/244/244
f 47/47/47 46/46/46 48/48/48
f 47/47/47 48/48/48 77/77/77
f 46/46/46 259/259/259 252/252/252
f 251/251/251 245/245/245 247/247/247
f 47/47/47 77/77/77 78/78/78
f 247/247/247 246/246/246 261/261/261
f 263/263/263 261/261/261 246/246/246
f 255/255/255 263/263/263 246/246/246
f 76/76/76 84/84/84 79/79/79
f 78/78/78 79/79/79 80/80/80
f 3720/3720/3720 3694/3694/3694 3700/3700/3700
f 3746/3746/3746 3715/3715/3715 3745/3745/3745
f 3718/3718/3718 3760/3760/3760 3712/3712/3712
f 3760/3760/3760 3749/3749/3749 3713/3713/3713
f 3760/3760/3760 3773/3773/3773 3749/3749/3749
f 3772/3772/3772 3773/3773/3773 3787/3787/3787
f 3772/3772/3772 3787/3787/3787 3786/3786/3786
f 3802/3802/3802 3795/3795/3795 3787/3787/3787
f 3810/3810/3810 3795/3795/3795 3802/3802/3802
f 3824/3824/3824 3812/3812/3812 3810/3810/3810
f 3824/3824/3824 3826/3826/3826 3812/3812/3812
f 3355/3355/3355 3340/3340/3340 3347/3347/3347
f 3340/3340/3340 3341/3341/3341 3347/3347/3347
f 3338/3338/3338 3342/3342/3342 3341/3341/3341
f 3343/3343/3343 3342/3342/3342 3338/3338/3338
f 407/407/407 408/408/408 405/405/405
f 3141/3141/3141 3152/3152/3152 3147/3147/3147
f 3147/3147/3147 3142/3142/3142 3141/3141/3141
f 1145/1145/1145 1144/1144/1144 1113/1113/1113
f 340/340/340 341/341/341 405/405/405
f 1110/1110/1110 1109/1109/1109 1111/1111/1111
f 1113/1113/1113 1110/1110/1110 1111/1111/1111
f 1358/1358/1358 1361/1361/1361 1363/1363/1363
f 1358/1358/1358 1360/1360/1360 1361/1361/1361
f 301/301/301 304/304/304 311/311/311
f 2719/2719/2719 2713/2713/2713 2716/2716/2716
f 154/154/154 167/167/167 166/166/166
f 306/306/306 284/284/284 307/307/307
f 307/307/307 284/284/284 308/308/308
f 284/284/284 306/306/306 283/283/283
f 215/215/215 233/233/233 118/118/118
f 2683/2683/2683 2632/2632/2632 2655/2655/2655
f 233/233/233 328/328/328 282/282/282
f 260/260/260 328/328/328 233/233/233
f 2655/2655/2655 2632/2632/2632 2631/2631/2631
f 2631/2631/2631 2641/2641/2641 2655/2655/2655
f 260/260/260 233/233/233 249/249/249
f 257/257/257 249/249/249 245/245/245
f 94/94/94 92/92/92 292/292/292
f 88/88/88 87/87/87 92/92/92
f 92/92/92 94/94/94 88/88/88
f 257/257/257 245/245/245 251/251/251
f 251/251/251 247/247/247 261/261/261
f 87/87/87 88/88/88 85/85/85
f 93/93/93 88/88/88 94/94/94
f 264/264/264 263/263/263 255/255/255
f 264/264/264 255/255/255 259/259/259
f 88/88/88 84/84/84 85/85/85
f 3718/3718/3718 3717/3717/3717 3744/3744/3744
f 3719/3719/3719 3680/3680/3680 3720/3720/3720
f 3700/3700/3700 3715/3715/3715 3716/3716/3716
f 3699/3699/3699 3715/3715/3715 3700/3700/3700
f 3760/3760/3760 3713/3713/3713 3712/3712/3712
f 3747/3747/3747 3745/3745/3745 3722/3722/3722
f 3758/3758/3758 3757/3757/3757 3424/3424/3424
f 3408/3408/3408 3417/3417/3417 3382/3382/3382
f 3787/3787/3787 3795/3795/3795 3786/3786/3786
f 3417/3417/3417 3384/3384/3384 3382/3382/3382
f 3376/3376/3376 3382/3382/3382 3384/3384/3384
f 3810/3810/3810 3801/3801/3801 3795/3795/3795
f 3376/3376/3376 3365/3365/3365 3382/3382/3382
f 3812/3812/3812 3801/3801/3801 3810/3810/3810
f 3359/3359/3359 3365/3365/3365 3376/3376/3376
f 3359/3359/3359 3355/3355/3355 3365/3365/3365
f 3826/3826/3826 3825/3825/3825 3812/3812/3812
f 3359/3359/3359 3340/3340/3340 3355/3355/3355
f 422/422/422 452/452/452 434/434/434
f 410/410/410 409/409/409 413/413/413
f 406/406/406 409/409/409 407/407/407
f 409/409/409 410/410/410 407/407/407
f 1144/1144/1144 1118/1118/1118 1113/1113/1113
f 312/312/312 343/343/343 341/341/341
f 2444/2444/2444 2443/2443/2443 2441/2441/2441
f 2731/2731/2731 2730/2730/2730 2728/2728/2728
f 2730/2730/2730 2729/2729/2729 2728/2728/2728
f 300/300/300 338/338/338 304/304/304
f 2720/2720/2720 2728/2728/2728 2729/2729/2729
f 2729/2729/2729 2722/2722/2722 2720/2720/2720
f 219/219/219 339/339/339 300/300/300
f 231/231/231 219/219/219 166/166/166
f 167/167/167 231/231/231 166/166/166
f 2719/2719/2719 2712/2712/2712 2713/2713/2713
f 2712/2712/2712 2711/2711/2711 2713/2713/2713
f 117/117/117 160/160/160 161/161/161
f 118/118/118 160/160/160 117/117/117
f 283/283/283 306/306/306 286/286/286
f 306/306/306 309/309/309 286/286/286
f 2635/2635/2635 2683/2683/2683 2691/2691/2691
f 2691/2691/2691 2690/2690/2690 2635/2635/2635
f 233/233/233 282/282/282 118/118/118
f 2683/2683/2683 2635/2635/2635 2632/2632/2632
f 2630/2630/2630 2631/2631/2631 2632/2632/2632
f 328/328/328 260/260/260 325/325/325
f 262/262/262 325/325/325 260/260/260
f 2631/2631/2631 2623/2623/2623 2641/2641/2641
f 262/262/262 260/260/260 249/249/249
f 2623/2623/2623 2638/2638/2638 2641/2641/2641
f 257/257/257 262/262/262 249/249/249
f 2625/2625/2625 2637/2637/2637 2638/2638/2638
f 2625/2625/2625 2638/2638/2638 2623/2623/2623
f 251/251/251 261/261/261 344/344/344
f 43/43/43 259/259/259 46/46/46
f 345/345/345 261/261/261 263/263/263
f 47/47/47 78/78/78 81/81/81
f 80/80/80 81/81/81 78/78/78
f 345/345/345 263/263/263 264/264/264
f 41/41/41 264/264/264 259/259/259
f 84/84/84 90/90/90 79/79/79
f 3717/3717/3717 3686/3686/3686 3719/3719/3719
f 3686/3686/3686 3680/3680/3680 3719/3719/3719
f 3680/3680/3680 3694/3694/3694 3720/3720/3720
f 3694/3694/3694 3660/3660/3660 3700/3700/3700
f 3660/3660/3660 3699/3699/3699 3700/3700/3700
f 3715/3715/3715 3691/3691/3691 3723/3723/3723
f 3715/3715/3715 3723/3723/3723 3745/3745/3745
f 3723/3723/3723 3722/3722/3722 3745/3745/3745
f 3417/3417/3417 3408/3408/3408 3424/3424/3424
f 3825/3825/3825 3816/3816/3816 3812/3812/3812
f 3350/3350/3350 3340/3340/3340 3359/3359/3359
f 452/452/452 422/422/422 423/423/423
f 413/413/413 423/423/423 422/422/422
f 3340/3340/3340 3338/3338/3338 3341/3341/3341
f 413/413/413 409/409/409 423/423/423
f 3338/3338/3338 3337/3337/3337 3343/3343/3343
f 3136/3136/3136 3142/3142/3142 3143/3143/3143
f 407/407/407 405/405/405 406/406/406
f 3135/3135/3135 3141/3141/3141 3142/3142/3142
f 405/405/405 341/341/341 403/403/403
f 1110/1110/1110 1113/1113/1113 1118/1118/1118
f 341/341/341 343/343/343 355/355/355
f 1359/1359/1359 1360/1360/1360 1358/1358/1358
f 2443/2443/2443 2440/2440/2440 2441/2441/2441
f 311/311/311 343/343/343 312/312/312
f 2731/2731/2731 2736/2736/2736 2730/2730/2730
f 311/311/311 304/304/304 338/338/338
f 339/339/339 354/354/354 300/300/300
f 300/300/300 354/354/354 338/338/338
f 2721/2721/2721 2720/2720/2720 2722/2722/2722
f 2720/2720/2720 2721/2721/2721 2716/2716/2716
f 231/231/231 313/313/313 219/219/219
f 313/313/313 339/339/339 219/219/219
f 2721/2721/2721 2719/2719/2719 2716/2716/2716
f 220/220/220 161/161/161 160/160/160
f 118/118/118 162/162/162 160/160/160
f 118/118/118 282/282/282 162/162/162
f 316/316/316 282/282/282 317/317/317
f 328/328/328 317/317/317 282/282/282
f 2630/2630/2630 2632/2632/2632 2635/2635/2635
f 2630/2630/2630 2635/2635/2635 2654/2654/2654
f 2623/2623/2623 2631/2631/2631 2630/2630/2630
f 2623/2623/2623 2630/2630/2630 2629/2629/2629
f 262/262/262 326/326/326 325/325/325
f 251/251/251 305/305/305 257/257/257
f 251/251/251 344/344/344 336/336/336
f 47/47/47 45/45/45 46/46/46
f 2642/2642/2642 2637/2637/2637 2627/2627/2627
f 45/45/45 47/47/47 81/81/81
f 33/33/33 345/345/345 264/264/264
f 41/41/41 33/33/33 264/264/264
f 259/259/259 43/43/43 41/41/41
f 88/88/88 90/90/90 84/84/84
f 88/88/88 93/93/93 90/90/90
f 463/463/463 81/81/81 97/97/97
f 97/97/97 81/81/81 80/80/80
f 97/97/97 80/80/80 79/79/79
f 90/90/90 97/97/97 79/79/79
f 3699/3699/3699 3691/3691/3691 3715/3715/3715
f 3747/3747/3747 3724/3724/3724 3758/3758/3758
f 3773/3773/3773 3772/3772/3772 3749/3749/3749
f 3757/3757/3757 3417/3417/3417 3424/3424/3424
f 3795/3795/3795 3779/3779/3779 3786/3786/3786
f 3812/3812/3812 3816/3816/3816 3801/3801/3801
f 3362/3362/3362 3350/3350/3350 3359/3359/3359
f 3335/3335/3335 3337/3337/3337 3338/3338/3338
f 412/412/412 409/409/409 406/406/406
f 3135/3135/3135 3142/3142/3142 3136/3136/3136
f 404/404/404 406/406/406 405/405/405
f 404/404/404 405/405/405 403/403/403
f 355/355/355 403/403/403 341/341/341
f 1109/1109/1109 1110/1110/1110 1107/1107/1107
f 1351/1351/1351 1359/1359/1359 1358/1358/1358
f 311/311/311 350/350/350 343/343/343
f 314/314/314 231/231/231 167/167/167
f 2724/2724/2724 2712/2712/2712 2719/2719/2719
f 1342/1342/1342 1344/1344/1344 1343/1343/1343
f 2703/2703/2703 2711/2711/2711 2712/2712/2712
f 2702/2702/2702 2711/2711/2711 2703/2703/2703
f 162/162/162 220/220/220 160/160/160
f 2698/2698/2698 2690/2690/2690 2699/2699/2699
f 282/282/282 222/222/222 162/162/162
f 222/222/222 282/282/282 315/315/315
f 2698/2698/2698 2668/2668/2668 2690/2690/2690
f 2690/2690/2690 2668/2668/2668 2635/2635/2635
f 2635/2635/2635 2668/2668/2668 2667/2667/2667
f 2667/2667/2667 2654/2654/2654 2635/2635/2635
f 325/325/325 317/317/317 328/328/328
f 2639/2639/2639 2630/2630/2630 2654/2654/2654
f 317/317/317 318/318/318 316/316/316
f 319/319/319 317/317/317 325/325/325
f 2639/2639/2639 2629/2629/2629 2630/2630/2630
f 262/262/262 332/332/332 326/326/326
f 2623/2623/2623 2624/2624/2624 2625/2625/2625
f 2623/2623/2623 2629/2629/2629 2624/2624/2624
f 332/332/332 262/262/262 305/305/305
f 257/257/257 305/305/305 262/262/262
f 2625/2625/2625 2627/2627/2627 2637/2637/2637
f 336/336/336 305/305/305 251/251/251
f 261/261/261 345/345/345 344/344/344
f 43/43/43 46/46/46 45/45/45
f 2636/2636/2636 2642/2642/2642 2627/2627/2627
f 358/358/358 45/45/45 81/81/81
f 81/81/81 463/463/463 358/358/358
f 2649/2649/2649 2642/2642/2642 2636/2636/2636
f 2647/2647/2647 2649/2649/2649 2636/2636/2636
f 2656/2656/2656 2649/2649/2649 2650/2650/2650
f 2650/2650/2650 2649/2649/2649 2647/2647/2647
f 3664/3664/3664 3694/3694/3694 3680/3680/3680
f 3712/3712/3712 3717/3717/3717 3718/3718/3718
f 3686/3686/3686 3717/3717/3717 3687/3687/3687
f 3691/3691/3691 3722/3722/3722 3723/3723/3723
f 3722/3722/3722 3724/3724/3724 3747/3747/3747
f 3724/3724/3724 3757/3757/3757 3758/3758/3758
f 3772/3772/3772 3786/3786/3786 3779/3779/3779
f 3779/3779/3779 3795/3795/3795 3785/3785/3785
f 3795/3795/3795 3793/3793/3793 3785/3785/3785
f 3384/3384/3384 3377/3377/3377 3376/3376/3376
f 3377/3377/3377 3359/3359/3359 3376/3376/3376
f 3377/3377/3377 3362/3362/3362 3359/3359/3359
f 409/409/409 419/419/419 423/423/423
f 3340/3340/3340 3335/3335/3335 3338/3338/3338
f 3135/3135/3135 3138/3138/3138 3141/3141/3141
f 3141/3141/3141 3138/3138/3138 3188/3188/3188
f 1352/1352/1352 1351/1351/1351 1358/1358/1358
f 1107/1107/1107 1108/1108/1108 1109/1109/1109
f 343/343/343 350/350/350 355/355/355
f 2737/2737/2737 2730/2730/2730 2736/2736/2736
f 2441/2441/2441 2440/2440/2440 2438/2438/2438
f 2729/2729/2729 2726/2726/2726 2722/2722/2722
f 2721/2721/2721 2722/2722/2722 2726/2726/2726
f 2723/2723/2723 2719/2719/2719 2721/2721/2721
f 346/346/346 231/231/231 314/314/314
f 2723/2723/2723 2724/2724/2724 2719/2719/2719
f 2700/2700/2700 2699/2699/2699 2702/2702/2702
f 2700/2700/2700 2702/2702/2702 2703/2703/2703
f 2699/2699/2699 2700/2700/2700 2698/2698/2698
f 2698/2698/2698 2680/2680/2680 2668/2668/2668
f 316/316/316 315/315/315 282/282/282
f 334/334/334 315/315/315 316/316/316
f 316/316/316 333/333/333 334/334/334
f 318/318/318 333/333/333 316/316/316
f 319/319/319 318/318/318 317/317/317
f 319/319/319 320/320/320 318/318/318
f 2665/2665/2665 2639/2639/2639 2654/2654/2654
f 2667/2667/2667 2665/2665/2665 2654/2654/2654
f 2667/2667/2667 2664/2664/2664 2665/2665/2665
f 4985/4985/4985 4989/4989/4989 4982/4982/4982
f 319/319/319 325/325/325 326/326/326
f 2625/2625/2625 2626/2626/2626 2627/2627/2627
f 305/305/305 336/336/336 337/337/337
f 45/45/45 44/44/44 43/43/43
f 43/43/43 44/44/44 42/42/42
f 35/35/35 344/344/344 345/345/345
f 33/33/33 35/35/35 345/345/345
f 32/32/32 33/33/33 41/41/41
f 32/32/32 41/41/41 42/42/42
f 43/43/43 42/42/42 41/41/41
f 45/45/45 358/358/358 44/44/44
f 10/10/10 32/32/32 42/42/42
f 10/10/10 42/42/42 44/44/44
f 2634/2634/2634 2647/2647/2647 2636/2636/2636
f 1/1/1 32/32/32 10/10/10
f 10/10/10 44/44/44 358/358/358
f 3649/3649/3649 3680/3680/3680 3686/3686/3686
f 3664/3664/3664 3660/3660/3660 3694/3694/3694
f 3717/3717/3717 3688/3688/3688 3687/3687/3687
f 3691/3691/3691 3695/3695/3695 3722/3722/3722
f 3749/3749/3749 3739/3739/3739 3697/3697/3697
f 3417/3417/3417 3414/3414/3414 3384/3384/3384
f 3795/3795/3795 3801/3801/3801 3793/3793/3793
f 452/452/452 423/423/423 479/479/479
f 412/412/412 419/419/419 409/409/409
f 1107/1107/1107 1110/1110/1110 1118/1118/1118
f 2438/2438/2438 2440/2440/2440 2439/2439/2439
f 349/349/349 311/311/311 338/338/338
f 349/349/349 350/350/350 311/311/311
f 2730/2730/2730 2737/2737/2737 2729/2729/2729
f 2737/2737/2737 2726/2726/2726 2729/2729/2729
f 2725/2725/2725 2723/2723/2723 2721/2721/2721
f 2712/2712/2712 2724/2724/2724 2705/2705/2705
f 2712/2712/2712 2705/2705/2705 2703/2703/2703
f 229/229/229 161/161/161 220/220/220
f 1337/1337/1337 1342/1342/1342 1343/1343/1343
f 220/220/220 222/222/222 230/230/230
f 162/162/162 222/222/222 220/220/220
f 315/315/315 230/230/230 222/222/222
f 2698/2698/2698 2701/2701/2701 2680/2680/2680
f 2668/2668/2668 2680/2680/2680 2666/2666/2666
f 4984/4984/4984 4986/4986/4986 4985/4985/4985
f 2668/2668/2668 2664/2664/2664 2667/2667/2667
f 2668/2668/2668 2666/2666/2666 2664/2664/2664
f 4982/4982/4982 4984/4984/4984 4985/4985/4985
f 319/319/319 321/321/321 320/320/320
f 2639/2639/2639 2624/2624/2624 2629/2629/2629
f 322/322/322 319/319/319 326/326/326
f 2640/2640/2640 2624/2624/2624 2639/2639/2639
f 321/321/321 319/319/319 322/322/322
f 2625/2625/2625 2624/2624/2624 2626/2626/2626
f 2640/2640/2640 2639/2639/2639 2665/2665/2665
f 332/332/332 305/305/305 327/327/327
f 337/337/337 327/327/327 305/305/305
f 37/37/37 337/337/337 336/336/336
f 37/37/37 336/336/336 344/344/344
f 32/32/32 22/22/22 33/33/33
f 2636/2636/2636 2627/2627/2627 2634/2634/2634
f 2634/2634/2634 2627/2627/2627 2633/2633/2633
f 463/463/463 64/64/64 358/358/358
f 463/463/463 97/97/97 465/465/465
f 3/3/3 34/34/34 22/22/22
f 358/358/358 64/64/64 10/10/10
f 22/22/22 32/32/32 1/1/1
f 10/10/10 9/9/9 1/1/1
f 29/29/29 9/9/9 10/10/10
f 49/49/49 10/10/10 64/64/64
f 3713/3713/3713 3665/3665/3665 3712/3712/3712
f 3712/3712/3712 3688/3688/3688 3717/3717/3717
f 3699/3699/3699 3660/3660/3660 3691/3691/3691
f 3662/3662/3662 3691/3691/3691 3660/3660/3660
f 3749/3749/3749 3697/3697/3697 3713/3713/3713
f 3739/3739/3739 3749/3749/3749 3772/3772/3772
f 3757/3757/3757 3766/3766/3766 3417/3417/3417
f 3414/3414/3414 3377/3377/3377 3384/3384/3384
f 3801/3801/3801 3800/3800/3800 3793/3793/3793
f 3801/3801/3801 3811/3811/3811 3800/3800/3800
f 3816/3816/3816 3811/3811/3811 3801/3801/3801
f 3362/3362/3362 3351/3351/3351 3350/3350/3350
f 423/423/423 477/477/477 479/479/479
f 3339/3339/3339 3340/3340/3340 3350/3350/3350
f 3350/3350/3350 3351/3351/3351 3339/3339/3339
f 3339/3339/3339 3335/3335/3335 3340/3340/3340
f 3333/3333/3333 3337/3337/3337 3335/3335/3335
f 412/412/412 406/406/406 411/411/411
f 3118/3118/3118 3135/3135/3135 3136/3136/3136
f 406/406/406 404/404/404 411/411/411
f 3138/3138/3138 3130/3130/3130 3188/3188/3188
f 350/350/350 359/359/359 355/355/355
f 1350/1350/1350 1351/1351/1351 1352/1352/1352
f 2437/2437/2437 2438/2438/2438 2439/2439/2439
f 349/349/349 338/338/338 352/352/352
f 2737/2737/2737 2736/2736/2736 2738/2738/2738
f 339/339/339 353/353/353 354/354/354
f 313/313/313 353/353/353 339/339/339
f 347/347/347 353/353/353 313/313/313
f 347/347/347 313/313/313 231/231/231
f 231/231/231 346/346/346 347/347/347
f 1337/1337/1337 1338/1338/1338 1342/1342/1342
f 2700/2700/2700 2706/2706/2706 2701/2701/2701
f 2701/2701/2701 2698/2698/2698 2700/2700/2700
f 334/334/334 335/335/335 315/315/315
f 4982/4982/4982 4981/4981/4981 4984/4984/4984
f 2666/2666/2666 2662/2662/2662 2664/2664/2664
f 332/332/332 322/322/322 326/326/326
f 2626/2626/2626 2624/2624/2624 2640/2640/2640
f 2665/2665/2665 2664/2664/2664 2658/2658/2658
f 2659/2659/2659 2664/2664/2664 2662/2662/2662
f 2640/2640/2640 2665/2665/2665 2658/2658/2658
f 2626/2626/2626 2628/2628/2628 2627/2627/2627
f 2628/2628/2628 2633/2633/2633 2627/2627/2627
f 36/36/36 37/37/37 344/344/344
f 36/36/36 344/344/344 35/35/35
f 35/35/35 34/34/34 19/19/19
f 33/33/33 34/34/34 35/35/35
f 22/22/22 34/34/34 33/33/33
f 2634/2634/2634 2648/2648/2648 2647/2647/2647
f 3/3/3 19/19/19 34/34/34
f 465/465/465 61/61/61 64/64/64
f 2903/2903/2903 2656/2656/2656 2650/2650/2650
f 2903/2903/2903 2906/2906/2906 2656/2656/2656
f 2648/2648/2648 2651/2651/2651 2650/2650/2650
f 2650/2650/2650 2647/2647/2647 2648/2648/2648
f 3/3/3 4/4/4 19/19/19
f 1/1/1 3/3/3 22/22/22
f 1/1/1 2/2/2 3/3/3
f 64/64/64 61/61/61 49/49/49
f 1/1/1 9/9/9 2/2/2
f 49/49/49 29/29/29 10/10/10
f 3686/3686/3686 3687/3687/3687 3649/3649/3649
f 3687/3687/3687 3688/3688/3688 3649/3649/3649
f 3680/3680/3680 3649/3649/3649 3664/3664/3664
f 3688/3688/3688 3712/3712/3712 3665/3665/3665
f 3713/3713/3713 3697/3697/3697 3692/3692/3692
f 3691/3691/3691 3662/3662/3662 3695/3695/3695
f 3695/3695/3695 3724/3724/3724 3722/3722/3722
f 3772/3772/3772 3779/3779/3779 3739/3739/3739
f 3766/3766/3766 3757/3757/3757 3729/3729/3729
f 3779/3779/3779 3785/3785/3785 3769/3769/3769
f 3766/3766/3766 3414/3414/3414 3417/3417/3417
f 3370/3370/3370 3362/3362/3362 3377/3377/3377
f 3370/3370/3370 3351/3351/3351 3362/3362/3362
f 3822/3822/3822 3811/3811/3811 3816/3816/3816
f 477/477/477 423/423/423 457/457/457
f 423/423/423 419/419/419 457/457/457
f 3118/3118/3118 3117/3117/3117 3135/3135/3135
f 400/400/400 404/404/404 403/403/403
f 402/402/402 403/403/403 355/355/355
f 359/359/359 402/402/402 355/355/355
f 359/359/359 350/350/350 361/361/361
f 354/354/354 352/352/352 338/338/338
f 2737/2737/2737 2743/2743/2743 2726/2726/2726
f 2726/2726/2726 2725/2725/2725 2721/2721/2721
f 230/230/230 229/229/229 220/220/220
f 2704/2704/2704 2700/2700/2700 2703/2703/2703
f 2704/2704/2704 2703/2703/2703 2705/2705/2705
f 3052/3052/3052 3051/3051/3051 3059/3059/3059
f 2704/2704/2704 2706/2706/2706 2700/2700/2700
f 3053/3053/3053 3049/3049/3049 3052/3052/3052
f 2701/2701/2701 2692/2692/2692 2680/2680/2680
f 2692/2692/2692 2673/2673/2673 2680/2680/2680
f 4986/4986/4986 4984/4984/4984 4987/4987/4987
f 2673/2673/2673 2666/2666/2666 2680/2680/2680
f 4983/4983/4983 4980/4980/4980 4982/4982/4982
f 4982/4982/4982 4980/4980/4980 4981/4981/4981
f 2664/2664/2664 2659/2659/2659 2658/2658/2658
f 332/332/332 327/327/327 322/322/322
f 2643/2643/2643 2626/2626/2626 2640/2640/2640
f 322/322/322 323/323/323 321/321/321
f 322/322/322 327/327/327 323/323/323
f 2658/2658/2658 2643/2643/2643 2640/2640/2640
f 321/321/321 323/323/323 324/324/324
f 35/35/35 19/19/19 36/36/36
f 36/36/36 19/19/19 20/20/20
f 463/463/463 465/465/465 64/64/64
f 5064/5064/5064 5065/5065/5065 5066/5066/5066
f 5067/5067/5067 5068/5068/5068 5069/5069/5069
f 8/8/8 20/20/20 4/4/4
f 4/4/4 20/20/20 19/19/19
f 2906/2906/2906 2905/2905/2905 2907/2907/2907
f 296/296/296 61/61/61 484/484/484
f 2651/2651/2651 2903/2903/2903 2650/2650/2650
f 61/61/61 296/296/296 57/57/57
f 2/2/2 4/4/4 3/3/3
f 61/61/61 57/57/57 49/49/49
f 11/11/11 9/9/9 29/29/29
f 29/29/29 49/49/49 57/57/57
f 3649/3649/3649 3619/3619/3619 3664/3664/3664
f 3688/3688/3688 3665/3665/3665 3654/3654/3654
f 3688/3688/3688 3654/3654/3654 3649/3649/3649
f 3692/3692/3692 3665/3665/3665 3713/3713/3713
f 3724/3724/3724 3695/3695/3695 3684/3684/3684
f 3729/3729/3729 3757/3757/3757 3724/3724/3724
f 3800/3800/3800 3792/3792/3792 3793/3793/3793
f 3370/3370/3370 3377/3377/3377 3378/3378/3378
f 419/419/419 456/456/456 457/457/457
f 419/419/419 439/439/439 456/456/456
f 3329/3329/3329 3335/3335/3335 3339/3339/3339
f 3335/3335/3335 3329/3329/3329 3333/3333/3333
f 411/411/411 401/401/401 412/412/412
f 3117/3117/3117 3138/3138/3138 3135/3135/3135
f 404/404/404 400/400/400 411/411/411
f 3117/3117/3117 3130/3130/3130 3138/3138/3138
f 402/402/402 400/400/400 403/403/403
f 1118/1118/1118 1103/1103/1103 1107/1107/1107
f 1106/1106/1106 1108/1108/1108 1107/1107/1107
f 1353/1353/1353 1350/1350/1350 1352/1352/1352
f 361/361/361 350/350/350 349/349/349
f 2435/2435/2435 2438/2438/2438 2437/2437/2437
f 354/354/354 420/420/420 352/352/352
f 2743/2743/2743 2737/2737/2737 2739/2739/2739
f 353/353/353 420/420/420 354/354/354
f 353/353/353 347/347/347 357/357/357
f 2725/2725/2725 2726/2726/2726 2727/2727/2727
f 356/356/356 347/347/347 346/346/346
f 2741/2741/2741 2724/2724/2724 2723/2723/2723
f 1337/1337/1337 1336/1336/1336 1338/1338/1338
f 1336/1336/1336 1337/1337/1337 1335/1335/1335
f 2741/2741/2741 2705/2705/2705 2724/2724/2724
f 2707/2707/2707 2701/2701/2701 2706/2706/2706
f 2707/2707/2707 2692/2692/2692 2701/2701/2701
f 3045/3045/3045 3050/3050/3050 3053/3053/3053
f 3057/3057/3057 3045/3045/3045 3053/3053/3053
f 4990/4990/4990 4987/4987/4987 4984/4984/4984
f 2661/2661/2661 2659/2659/2659 2662/2662/2662
f 4981/4981/4981 4980/4980/4980 4979/4979/4979
f 4983/4983/4983 4988/4988/4988 4980/4980/4980
f 2628/2628/2628 2626/2626/2626 2643/2643/2643
f 50/50/50 327/327/327 337/337/337
f 2657/2657/2657 2643/2643/2643 2658/2658/2658
f 329/329/329 324/324/324 323/323/323
f 37/37/37 50/50/50 337/337/337
f 2628/2628/2628 2634/2634/2634 2633/2633/2633
f 18/18/18 36/36/36 20/20/20
f 2898/2898/2898 2648/2648/2648 2628/2628/2628
f 2628/2628/2628 2648/2648/2648 2634/2634/2634
f 8/8/8 18/18/18 20/20/20
f 2903/2903/2903 2905/2905/2905 2906/2906/2906
f 2651/2651/2651 2648/2648/2648 2899/2899/2899
f 2648/2648/2648 2898/2898/2898 2899/2899/2899
f 2899/2899/2899 2903/2903/2903 2651/2651/2651
f 8/8/8 4/4/4 7/7/7
f 296/296/296 59/59/59 57/57/57
f 5/5/5 4/4/4 2/2/2
f 6/6/6 5/5/5 2/2/2
f 6/6/6 2/2/2 9/9/9
f 9/9/9 11/11/11 6/6/6
f 29/29/29 38/38/38 11/11/11
f 29/29/29 57/57/57 58/58/58
f 58/58/58 57/57/57 59/59/59
f 3660/3660/3660 3659/3659/3659 3662/3662/3662
f 3739/3739/3739 3779/3779/3779 3769/3769/3769
f 3729/3729/3729 3748/3748/3748 3766/3766/3766
f 3785/3785/3785 3777/3777/3777 3769/3769/3769
f 3415/3415/3415 3414/3414/3414 3766/3766/3766
f 3385/3385/3385 3378/3378/3378 3377/3377/3377
f 412/412/412 424/424/424 419/419/419
f 412/412/412 401/401/401 424/424/424
f 401/401/401 411/411/411 400/400/400
f 3117/3117/3117 3129/3129/3129 3130/3130/3130
f 3187/3187/3187 3188/3188/3188 3130/3130/3130
f 1354/1354/1354 1350/1350/1350 1353/1353/1353
f 2435/2435/2435 2437/2437/2437 2436/2436/2436
f 352/352/352 397/397/397 349/349/349
f 2739/2739/2739 2737/2737/2737 2738/2738/2738
f 2727/2727/2727 2726/2726/2726 2743/2743/2743
f 3052/3052/3052 3048/3048/3048 3051/3051/3051
f 3049/3049/3049 3048/3048/3048 3052/3052/3052
f 2693/2693/2693 2692/2692/2692 2707/2707/2707
f 3053/3053/3053 3050/3050/3050 3049/3049/3049
f 2693/2693/2693 2673/2673/2673 2692/2692/2692
f 4987/4987/4987 4990/4990/4990 5044/5044/5044
f 2670/2670/2670 2666/2666/2666 2673/2673/2673
f 4981/4981/4981 4990/4990/4990 4984/4984/4984
f 2670/2670/2670 2662/2662/2662 2666/2666/2666
f 2663/2663/2663 2661/2661/2661 2662/2662/2662
f 4980/4980/4980 4978/4978/4978 4979/4979/4979
f 2659/2659/2659 2657/2657/2657 2658/2658/2658
f 2657/2657/2657 2659/2659/2659 2660/2660/2660
f 2660/2660/2660 2659/2659/2659 2661/2661/2661
f 4980/4980/4980 4988/4988/4988 4978/4978/4978
f 323/323/323 50/50/50 329/329/329
f 50/50/50 323/323/323 327/327/327
f 2644/2644/2644 2628/2628/2628 2643/2643/2643
f 2652/2652/2652 2644/2644/2644 2643/2643/2643
f 2657/2657/2657 2652/2652/2652 2643/2643/2643
f 329/329/329 330/330/330 324/324/324
f 37/37/37 18/18/18 50/50/50
f 36/36/36 18/18/18 37/37/37
f 2901/2901/2901 2898/2898/2898 2628/2628/2628
f 18/18/18 17/17/17 21/21/21
f 2905/2905/2905 2903/2903/2903 2904/2904/2904
f 2899/2899/2899 2898/2898/2898 2900/2900/2900
f 8/8/8 17/17/17 18/18/18
f 2904/2904/2904 2908/2908/2908 2905/2905/2905
f 2902/2902/2902 2903/2903/2903 2899/2899/2899
f 4165/4165/4165 4163/4163/4163 4166/4166/4166
f 4165/4165/4165 4166/4166/4166 4169/4169/4169
f 2909/2909/2909 2908/2908/2908 2904/2904/2904
f 4164/4164/4164 4160/4160/4160 4163/4163/4163
f 4164/4164/4164 4163/4163/4163 4165/4165/4165
f 8/8/8 7/7/7 17/17/17
f 4/4/4 5/5/5 7/7/7
f 2910/2910/2910 2908/2908/2908 2909/2909/2909
f 11/11/11 12/12/12 6/6/6
f 29/29/29 58/58/58 38/38/38
f 3619/3619/3619 3660/3660/3660 3664/3664/3664
f 3599/3599/3599 3659/3659/3659 3660/3660/3660
f 3663/3663/3663 3665/3665/3665 3692/3692/3692
f 3662/3662/3662 3684/3684/3684 3695/3695/3695
f 3661/3661/3661 3684/3684/3684 3662/3662/3662
f 3684/3684/3684 3683/3683/3683 3724/3724/3724
f 3697/3697/3697 3739/3739/3739 3706/3706/3706
f 3739/3739/3739 3769/3769/3769 3752/3752/3752
f 3785/3785/3785 3793/3793/3793 3792/3792/3792
f 3415/3415/3415 3377/3377/3377 3414/3414/3414
f 3385/3385/3385 3377/3377/3377 3415/3415/3415
f 3800/3800/3800 3803/3803/3803 3792/3792/3792
f 3385/3385/3385 3370/3370/3370 3378/3378/3378
f 3800/3800/3800 3811/3811/3811 3803/3803/3803
f 3351/3351/3351 3370/3370/3370 3352/3352/3352
f 4111/4111/4111 3811/3811/3811 3822/3822/3822
f 3352/3352/3352 3339/3339/3339 3351/3351/3351
f 3326/3326/3326 3329/3329/3329 3339/3339/3339
f 419/419/419 424/424/424 439/439/439
f 400/400/400 395/395/395 401/401/401
f 402/402/402 392/392/392 400/400/400
f 3187/3187/3187 3130/3130/3130 3129/3129/3129
f 1107/1107/1107 1090/1090/1090 1106/1106/1106
f 361/361/361 363/363/363 359/359/359
f 2739/2739/2739 2738/2738/2738 2742/2742/2742
f 353/353/353 357/357/357 362/362/362
f 347/347/347 356/356/356 357/357/357
f 2727/2727/2727 2740/2740/2740 2725/2725/2725
f 2725/2725/2725 2747/2747/2747 2723/2723/2723
f 1336/1336/1336 1341/1341/1341 1338/1338/1338
f 2747/2747/2747 2741/2741/2741 2723/2723/2723
f 2710/2710/2710 2708/2708/2708 2705/2705/2705
f 2708/2708/2708 2704/2704/2704 2705/2705/2705
f 3048/3048/3048 3046/3046/3046 3051/3051/3051
f 2708/2708/2708 2709/2709/2709 2704/2704/2704
f 3046/3046/3046 3048/3048/3048 3044/3044/3044
f 2707/2707/2707 2706/2706/2706 2704/2704/2704
f 3048/3048/3048 3049/3049/3049 3042/3042/3042
f 3050/3050/3050 3042/3042/3042 3049/3049/3049
f 3043/3043/3043 3050/3050/3050 3045/3045/3045
f 2686/2686/2686 2673/2673/2673 2693/2693/2693
f 2686/2686/2686 2679/2679/2679 2673/2673/2673
f 5054/5054/5054 5055/5055/5055 5052/5052/5052
f 2679/2679/2679 2670/2670/2670 2673/2673/2673
f 2669/2669/2669 2662/2662/2662 2670/2670/2670
f 5040/5040/5040 4990/4990/4990 4981/4981/4981
f 2669/2669/2669 2663/2663/2663 2662/2662/2662
f 5040/5040/5040 4981/4981/4981 4979/4979/4979
f 4971/4971/4971 5040/5040/5040 4979/4979/4979
f 2645/2645/2645 2628/2628/2628 2644/2644/2644
f 4988/4988/4988 4993/4993/4993 4992/4992/4992
f 4996/4996/4996 4995/4995/4995 4993/4993/4993
f 50/50/50 331/331/331 329/329/329
f 4178/4178/4178 4168/4168/4168 4167/4167/4167
f 2646/2646/2646 2644/2644/2644 2652/2652/2652
f 2897/2897/2897 2652/2652/2652 2657/2657/2657
f 21/21/21 331/331/331 50/50/50
f 21/21/21 50/50/50 18/18/18
f 2898/2898/2898 2901/2901/2901 2900/2900/2900
f 4168/4168/4168 4170/4170/4170 4169/4169/4169
f 17/17/17 24/24/24 21/21/21
f 2899/2899/2899 2900/2900/2900 2902/2902/2902
f 4166/4166/4166 4163/4163/4163 4167/4167/4167
f 4166/4166/4166 4167/4167/4167 4168/4168/4168
f 4166/4166/4166 4168/4168/4168 4169/4169/4169
f 2903/2903/2903 2902/2902/2902 2904/2904/2904
f 4160/4160/4160 4161/4161/4161 4162/4162/4162
f 4160/4160/4160 4162/4162/4162 4163/4163/4163
f 4179/4179/4179 4182/4182/4182 4161/4161/4161
f 4179/4179/4179 4161/4161/4161 4160/4160/4160
f 4169/4169/4169 4171/4171/4171 4165/4165/4165
f 4160/4160/4160 4164/4164/4164 4179/4179/4179
f 4171/4171/4171 4169/4169/4169 4174/4174/4174
f 4165/4165/4165 4171/4171/4171 4164/4164/4164
f 4172/4172/4172 4164/4164/4164 4171/4171/4171
f 15/15/15 17/17/17 7/7/7
f 4181/4181/4181 4183/4183/4183 4182/4182/4182
f 4181/4181/4181 4184/4184/4184 4183/4183/4183
f 60/60/60 59/59/59 62/62/62
f 58/58/58 59/59/59 60/60/60
f 6/6/6 13/13/13 5/5/5
f 5/5/5 13/13/13 14/14/14
f 12/12/12 13/13/13 6/6/6
f 11/11/11 30/30/30 12/12/12
f 38/38/38 30/30/30 11/11/11
f 38/38/38 52/52/52 30/30/30
f 52/52/52 38/38/38 58/58/58
f 3665/3665/3665 3643/3643/3643 3654/3654/3654
f 3605/3605/3605 3643/3643/3643 3665/3665/3665
f 3649/3649/3649 3654/3654/3654 3595/3595/3595
f 3649/3649/3649 3595/3595/3595 3601/3601/3601
f 3601/3601/3601 3619/3619/3619 3649/3649/3649
f 3599/3599/3599 3620/3620/3620 3659/3659/3659
f 3665/3665/3665 3663/3663/3663 3605/3605/3605
f 3662/3662/3662 3659/3659/3659 3620/3620/3620
f 3661/3661/3661 3653/3653/3653 3684/3684/3684
f 3739/3739/3739 3733/3733/3733 3706/3706/3706
f 3724/3724/3724 3683/3683/3683 3708/3708/3708
f 3729/3729/3729 3724/3724/3724 3728/3728/3728
f 3739/3739/3739 3752/3752/3752 3733/3733/3733
f 3728/3728/3728 3748/3748/3748 3729/3729/3729
f 3792/3792/3792 3777/3777/3777 3785/3785/3785
f 3385/3385/3385 3387/3387/3387 3370/3370/3370
f 3387/3387/3387 3371/3371/3371 3370/3370/3370
f 3371/3371/3371 3352/3352/3352 3370/3370/3370
f 4111/4111/4111 4110/4110/4110 3808/3808/3808
f 3811/3811/3811 4111/4111/4111 3808/3808/3808
f 3117/3117/3117 3118/3118/3118 3119/3119/3119
f 402/402/402 359/359/359 363/363/363
f 1090/1090/1090 1102/1102/1102 1106/1106/1106
f 1355/1355/1355 1353/1353/1353 1356/1356/1356
f 1355/1355/1355 1354/1354/1354 1353/1353/1353
f 366/366/366 361/361/361 349/349/349
f 397/397/397 388/388/388 349/349/349
f 2757/2757/2757 2739/2739/2739 2742/2742/2742
f 352/352/352 396/396/396 397/397/397
f 420/420/420 396/396/396 352/352/352
f 420/420/420 353/353/353 362/362/362
f 2710/2710/2710 2741/2741/2741 2747/2747/2747
f 2705/2705/2705 2741/2741/2741 2710/2710/2710
f 3046/3046/3046 3062/3062/3062 3051/3051/3051
f 3062/3062/3062 3059/3059/3059 3051/3051/3051
f 2709/2709/2709 2707/2707/2707 2704/2704/2704
f 3048/3048/3048 3042/3042/3042 3044/3044/3044
f 2755/2755/2755 2693/2693/2693 2707/2707/2707
f 3050/3050/3050 3043/3043/3043 3042/3042/3042
f 5051/5051/5051 5052/5052/5052 5053/5053/5053
f 2674/2674/2674 2660/2660/2660 2661/2661/2661
f 4978/4978/4978 4971/4971/4971 4979/4979/4979
f 4972/4972/4972 4971/4971/4971 4978/4978/4978
f 4972/4972/4972 4978/4978/4978 4988/4988/4988
f 4988/4988/4988 4992/4992/4992 4972/4972/4972
f 2646/2646/2646 2645/2645/2645 2644/2644/2644
f 2646/2646/2646 2785/2785/2785 2645/2645/2645
f 4994/4994/4994 4992/4992/4992 4993/4993/4993
f 4993/4993/4993 4995/4995/4995 4994/4994/4994
f 493/493/493 331/331/331 21/21/21
f 5028/5028/5028 5027/5027/5027 5029/5029/5029
f 3255/3255/3255 3253/3253/3253 3256/3256/3256
f 23/23/23 26/26/26 24/24/24
f 24/24/24 17/17/17 23/23/23
f 4181/4181/4181 4182/4182/4182 4179/4179/4179
f 3256/3256/3256 3257/3257/3257 3258/3258/3258
f 17/17/17 15/15/15 23/23/23
f 4164/4164/4164 4173/4173/4173 4179/4179/4179
f 4172/4172/4172 4173/4173/4173 4164/4164/4164
f 4171/4171/4171 4174/4174/4174 4172/4172/4172
f 3283/3283/3283 3321/3321/3321 3284/3284/3284
f 14/14/14 15/15/15 5/5/5
f 15/15/15 7/7/7 5/5/5
f 14/14/14 16/16/16 15/15/15
f 60/60/60 52/52/52 58/58/58
f 12/12/12 30/30/30 13/13/13
f 30/30/30 52/52/52 53/53/53
f 3595/3595/3595 3587/3587/3587 3601/3601/3601
f 3601/3601/3601 3587/3587/3587 3619/3619/3619
f 3654/3654/3654 3643/3643/3643 3595/3595/3595
f 3599/3599/3599 3660/3660/3660 3619/3619/3619
f 3663/3663/3663 3692/3692/3692 3645/3645/3645
f 3620/3620/3620 3661/3661/3661 3662/3662/3662
f 3666/3666/3666 3697/3697/3697 3706/3706/3706
f 3728/3728/3728 3766/3766/3766 3748/3748/3748
f 3792/3792/3792 3794/3794/3794 3777/3777/3777
f 3415/3415/3415 3387/3387/3387 3385/3385/3385
f 3808/3808/3808 3803/3803/3803 3811/3811/3811
f 3366/3366/3366 3352/3352/3352 3371/3371/3371
f 4110/4110/4110 4111/4111/4111 4109/4109/4109
f 456/456/456 489/489/489 457/457/457
f 3323/3323/3323 3329/3329/3329 3326/3326/3326
f 424/424/424 394/394/394 439/439/439
f 3334/3334/3334 3333/3333/3333 3323/3323/3323
f 3323/3323/3323 3333/3333/3333 3329/3329/3329
f 394/394/394 424/424/424 425/425/425
f 401/401/401 425/425/425 424/424/424
f 401/401/401 395/395/395 425/425/425
f 400/400/400 392/392/392 395/395/395
f 402/402/402 363/363/363 392/392/392
f 1101/1101/1101 1100/1100/1100 1103/1103/1103
f 1100/1100/1100 1090/1090/1090 1103/1103/1103
f 1103/1103/1103 1090/1090/1090 1107/1107/1107
f 366/366/366 367/367/367 363/363/363
f 361/361/361 366/366/366 363/363/363
f 2436/2436/2436 2442/2442/2442 2432/2432/2432
f 619/619/619 627/627/627 621/621/621
f 619/619/619 621/621/621 612/612/612
f 619/619/619 612/612/612 611/611/611
f 388/388/388 366/366/366 349/349/349
f 388/388/388 397/397/397 396/396/396
f 626/626/626 619/619/619 611/611/611
f 627/627/627 619/619/619 626/626/626
f 625/625/625 626/626/626 611/611/611
f 2759/2759/2759 2739/2739/2739 2757/2757/2757
f 2743/2743/2743 2739/2739/2739 2759/2759/2759
f 420/420/420 398/398/398 396/396/396
f 421/421/421 420/420/420 362/362/362
f 2748/2748/2748 2727/2727/2727 2743/2743/2743
f 2740/2740/2740 2727/2727/2727 2748/2748/2748
f 2747/2747/2747 2725/2725/2725 2740/2740/2740
f 1308/1308/1308 1341/1341/1341 1336/1336/1336
f 1335/1335/1335 1308/1308/1308 1336/1336/1336
f 3046/3046/3046 3055/3055/3055 3062/3062/3062
f 2708/2708/2708 2710/2710/2710 2709/2709/2709
f 3046/3046/3046 3044/3044/3044 3040/3040/3040
f 2693/2693/2693 2755/2755/2755 2754/2754/2754
f 2754/2754/2754 2686/2686/2686 2693/2693/2693
f 5051/5051/5051 5054/5054/5054 5052/5052/5052
f 2675/2675/2675 2670/2670/2670 2679/2679/2679
f 4977/4977/4977 5035/5035/5035 5040/5040/5040
f 4971/4971/4971 4977/4977/4977 5040/5040/5040
f 2671/2671/2671 2661/2661/2661 2663/2663/2663
f 2674/2674/2674 2661/2661/2661 2671/2671/2671
f 2685/2685/2685 2657/2657/2657 2660/2660/2660
f 2685/2685/2685 2660/2660/2660 2674/2674/2674
f 4996/4996/4996 4997/4997/4997 4995/4995/4995
f 2653/2653/2653 2652/2652/2652 2897/2897/2897
f 2653/2653/2653 2646/2646/2646 2652/2652/2652
f 5043/5043/5043 4972/4972/4972 4992/4992/4992
f 495/495/495 493/493/493 496/496/496
f 495/495/495 331/331/331 493/493/493
f 2646/2646/2646 2760/2760/2760 2785/2785/2785
f 4999/4999/4999 5027/5027/5027 5028/5028/5028
f 3256/3256/3256 3253/3253/3253 3257/3257/3257
f 4180/4180/4180 4181/4181/4181 4179/4179/4179
f 4173/4173/4173 4180/4180/4180 4179/4179/4179
f 3257/3257/3257 3241/3241/3241 3258/3258/3258
f 3241/3241/3241 3240/3240/3240 3258/3258/3258
f 4174/4174/4174 4175/4175/4175 4172/4172/4172
f 3321/3321/3321 3283/3283/3283 3319/3319/3319
f 4176/4176/4176 4172/4172/4172 4175/4175/4175
f 27/27/27 16/16/16 14/14/14
f 14/14/14 13/13/13 27/27/27
f 39/39/39 27/27/27 13/13/13
f 56/56/56 13/13/13 30/30/30
f 30/30/30 63/63/63 56/56/56
f 53/53/53 63/63/63 30/30/30
f 310/310/310 53/53/53 52/52/52
f 3606/3606/3606 3590/3590/3590 3643/3643/3643
f 3591/3591/3591 3573/3573/3573 3595/3595/3595
f 3573/3573/3573 3594/3594/3594 3595/3595/3595
f 3594/3594/3594 3587/3587/3587 3595/3595/3595
f 3587/3587/3587 3585/3585/3585 3619/3619/3619
f 3663/3663/3663 3645/3645/3645 3605/3605/3605
f 3643/3643/3643 3605/3605/3605 3606/3606/3606
f 3653/3653/3653 3661/3661/3661 3620/3620/3620
f 3708/3708/3708 3728/3728/3728 3724/3724/3724
f 3733/3733/3733 3752/3752/3752 3714/3714/3714
f 3753/3753/3753 3752/3752/3752 3769/3769/3769
f 3769/3769/3769 3777/3777/3777 3753/3753/3753
f 3742/3742/3742 3415/3415/3415 3766/3766/3766
f 3742/3742/3742 3774/3774/3774 3415/3415/3415
f 3792/3792/3792 3803/3803/3803 3794/3794/3794
f 3326/3326/3326 3339/3339/3339 3352/3352/3352
f 3353/3353/3353 3326/3326/3326 3352/3352/3352
f 478/478/478 489/489/489 456/456/456
f 478/478/478 456/456/456 439/439/439
f 3323/3323/3323 3326/3326/3326 3324/3324/3324
f 3120/3120/3120 3117/3117/3117 3119/3119/3119
f 3129/3129/3129 3117/3117/3117 3120/3120/3120
f 636/636/636 639/639/639 637/637/637
f 636/636/636 637/637/637 635/635/635
f 3148/3148/3148 3187/3187/3187 3129/3129/3129
f 670/670/670 639/639/639 636/636/636
f 680/680/680 639/639/639 670/670/670
f 636/636/636 635/635/635 634/634/634
f 1099/1099/1099 1090/1090/1090 1100/1100/1100
f 1089/1089/1089 1102/1102/1102 1090/1090/1090
f 621/621/621 620/620/620 612/612/612
f 612/612/612 620/620/620 616/616/616
f 616/616/616 608/608/608 612/612/612
f 612/612/612 608/608/608 609/609/609
f 648/648/648 670/670/670 636/636/636
f 612/612/612 609/609/609 611/611/611
f 1357/1357/1357 1355/1355/1355 1356/1356/1356
f 627/627/627 633/633/633 621/621/621
f 621/621/621 633/633/633 620/620/620
f 611/611/611 609/609/609 610/610/610
f 638/638/638 633/633/633 627/627/627
f 2742/2742/2742 2758/2758/2758 2757/2757/2757
f 2435/2435/2435 2436/2436/2436 2432/2432/2432
f 2435/2435/2435 2432/2432/2432 2431/2431/2431
f 627/627/627 657/657/657 638/638/638
f 623/623/623 611/611/611 610/610/610
f 611/611/611 623/623/623 625/625/625
f 2759/2759/2759 2749/2749/2749 2743/2743/2743
f 666/666/666 657/657/657 627/627/627
f 666/666/666 627/627/627 626/626/626
f 669/669/669 626/626/626 625/625/625
f 625/625/625 623/623/623 667/667/667
f 420/420/420 421/421/421 398/398/398
f 666/666/666 626/626/626 669/669/669
f 669/669/669 625/625/625 667/667/667
f 2749/2749/2749 2748/2748/2748 2743/2743/2743
f 357/357/357 428/428/428 362/362/362
f 2747/2747/2747 2740/2740/2740 2753/2753/2753
f 1308/1308/1308 1340/1340/1340 1341/1341/1341
f 1309/1309/1309 1308/1308/1308 1335/1335/1335
f 3055/3055/3055 3046/3046/3046 3040/3040/3040
f 2745/2745/2745 2709/2709/2709 2710/2710/2710
f 2744/2744/2744 2707/2707/2707 2709/2709/2709
f 2755/2755/2755 2707/2707/2707 2744/2744/2744
f 3042/3042/3042 3039/3039/3039 3044/3044/3044
f 3045/3045/3045 3032/3032/3032 3043/3043/3043
f 2682/2682/2682 2679/2679/2679 2686/2686/2686
f 2682/2682/2682 2675/2675/2675 2679/2679/2679
f 5036/5036/5036 5035/5035/5035 5034/5034/5034
f 2675/2675/2675 2669/2669/2669 2670/2670/2670
f 4977/4977/4977 5034/5034/5034 5035/5035/5035
f 2675/2675/2675 2672/2672/2672 2669/2669/2669
f 2672/2672/2672 2663/2663/2663 2669/2669/2669
f 2671/2671/2671 2663/2663/2663 2672/2672/2672
f 4970/4970/4970 4977/4977/4977 4971/4971/4971
f 4969/4969/4969 4971/4971/4971 4972/4972/4972
f 2685/2685/2685 2897/2897/2897 2657/2657/2657
f 4994/4994/4994 4998/4998/4998 4992/4992/4992
f 5027/5027/5027 4999/4999/4999 4994/4994/4994
f 2697/2697/2697 2760/2760/2760 2646/2646/2646
f 3254/3254/3254 3253/3253/3253 3255/3255/3255
f 348/348/348 429/429/429 24/24/24
f 31/31/31 348/348/348 24/24/24
f 31/31/31 24/24/24 26/26/26
f 31/31/31 26/26/26 23/23/23
f 3253/3253/3253 3241/3241/3241 3257/3257/3257
f 3283/3283/3283 3284/3284/3284 3282/3282/3282
f 15/15/15 25/25/25 23/23/23
f 15/15/15 28/28/28 25/25/25
f 3283/3283/3283 3281/3281/3281 3319/3319/3319
f 4177/4177/4177 4180/4180/4180 4173/4173/4173
f 4172/4172/4172 4177/4177/4177 4173/4173/4173
f 4172/4172/4172 4176/4176/4176 4177/4177/4177
f 28/28/28 15/15/15 16/16/16
f 3282/3282/3282 3232/3232/3232 3280/3280/3280
f 39/39/39 13/13/13 54/54/54
f 56/56/56 54/54/54 13/13/13
f 310/310/310 52/52/52 60/60/60
f 2218/2218/2218 2224/2224/2224 2229/2229/2229
f 2218/2218/2218 2229/2229/2229 2221/2221/2221
f 3643/3643/3643 3590/3590/3590 3595/3595/3595
f 3692/3692/3692 3697/3697/3697 3655/3655/3655
f 3645/3645/3645 3692/3692/3692 3655/3655/3655
f 3666/3666/3666 3655/3655/3655 3697/3697/3697
f 3728/3728/3728 3708/3708/3708 3685/3685/3685
f 3728/3728/3728 3742/3742/3742 3766/3766/3766
f 3777/3777/3777 3794/3794/3794 3778/3778/3778
f 3807/3807/3807 3794/3794/3794 3803/3803/3803
f 3808/3808/3808 3807/3807/3807 3803/3803/3803
f 4110/4110/4110 4109/4109/4109 3808/3808/3808
f 3324/3324/3324 3326/3326/3326 3353/3353/3353
f 426/426/426 478/478/478 439/439/439
f 394/394/394 426/426/426 439/439/439
f 3323/3323/3323 3330/3330/3330 3334/3334/3334
f 3121/3121/3121 3120/3120/3120 3119/3119/3119
f 616/616/616 622/622/622 615/615/615
f 3120/3120/3120 3148/3148/3148 3129/3129/3129
f 639/639/639 649/649/649 637/637/637
f 616/616/616 615/615/615 608/608/608
f 608/608/608 615/615/615 606/606/606
f 639/639/639 690/690/690 649/649/649
f 632/632/632 628/628/628 633/633/633
f 633/633/633 628/628/628 620/620/620
f 620/620/620 628/628/628 622/622/622
f 620/620/620 622/622/622 616/616/616
f 606/606/606 607/607/607 608/608/608
f 1510/1510/1510 1437/1437/1437 1421/1421/1421
f 632/632/632 634/634/634 635/635/635
f 608/608/608 607/607/607 609/609/609
f 638/638/638 634/634/634 633/633/633
f 634/634/634 632/632/632 633/633/633
f 363/363/363 367/367/367 392/392/392
f 679/679/679 680/680/680 670/670/670
f 670/670/670 648/648/648 665/665/665
f 634/634/634 648/648/648 636/636/636
f 607/607/607 610/610/610 609/609/609
f 679/679/679 670/670/670 665/665/665
f 638/638/638 648/648/648 634/634/634
f 2442/2442/2442 2456/2456/2456 2432/2432/2432
f 381/381/381 366/366/366 388/388/388
f 657/657/657 665/665/665 638/638/638
f 638/638/638 665/665/665 648/648/648
f 396/396/396 381/381/381 388/388/388
f 2757/2757/2757 2778/2778/2778 2759/2759/2759
f 677/677/677 665/665/665 657/657/657
f 624/624/624 623/623/623 610/610/610
f 678/678/678 677/677/677 657/657/657
f 623/623/623 624/624/624 668/668/668
f 623/623/623 668/668/668 671/671/671
f 672/672/672 678/678/678 657/657/657
f 666/666/666 672/672/672 657/657/657
f 421/421/421 399/399/399 398/398/398
f 667/667/667 623/623/623 671/671/671
f 682/682/682 672/672/672 666/666/666
f 682/682/682 666/666/666 681/681/681
f 669/669/669 681/681/681 666/666/666
f 683/683/683 669/669/669 667/667/667
f 683/683/683 667/667/667 671/671/671
f 2750/2750/2750 2740/2740/2740 2748/2748/2748
f 681/681/681 669/669/669 688/688/688
f 1340/1340/1340 1348/1348/1348 1341/1341/1341
f 1348/1348/1348 1349/1349/1349 1341/1341/1341
f 2710/2710/2710 2747/2747/2747 2752/2752/2752
f 2752/2752/2752 2745/2745/2745 2710/2710/2710
f 2744/2744/2744 2709/2709/2709 2745/2745/2745
f 3044/3044/3044 3039/3039/3039 3040/3040/3040
f 3043/3043/3043 3032/3032/3032 3042/3042/3042
f 3042/3042/3042 3032/3032/3032 3039/3039/3039
f 2695/2695/2695 2686/2686/2686 2754/2754/2754
f 3032/3032/3032 3045/3045/3045 3033/3033/3033
f 5044/5044/5044 5036/5036/5036 5038/5038/5038
f 2695/2695/2695 2682/2682/2682 2686/2686/2686
f 2676/2676/2676 2672/2672/2672 2675/2675/2675
f 4970/4970/4970 4976/4976/4976 4977/4977/4977
f 2677/2677/2677 2674/2674/2674 2671/2671/2671
f 2678/2678/2678 2674/2674/2674 2677/2677/2677
f 2678/2678/2678 2685/2685/2685 2674/2674/2674
f 4969/4969/4969 4970/4970/4970 4971/4971/4971
f 2646/2646/2646 2653/2653/2653 2697/2697/2697
f 2766/2766/2766 2897/2897/2897 2685/2685/2685
f 2766/2766/2766 2653/2653/2653 2897/2897/2897
f 4972/4972/4972 5043/5043/5043 4974/4974/4974
f 5000/5000/5000 4992/4992/4992 4998/4998/4998
f 2761/2761/2761 2760/2760/2760 2697/2697/2697
f 3253/3253/3253 3237/3237/3237 3241/3241/3241
f 23/23/23 25/25/25 31/31/31
f 3282/3282/3282 3281/3281/3281 3283/3283/3283
f 3280/3280/3280 3281/3281/3281 3282/3282/3282
f 3240/3240/3240 3229/3229/3229 3238/3238/3238
f 3241/3241/3241 3230/3230/3230 3240/3240/3240
f 27/27/27 28/28/28 16/16/16
f 3281/3281/3281 3318/3318/3318 3319/3319/3319
f 3229/3229/3229 3240/3240/3240 3230/3230/3230
f 51/51/51 28/28/28 27/27/27
f 39/39/39 51/51/51 27/27/27
f 2218/2218/2218 2222/2222/2222 2224/2224/2224
f 3591/3591/3591 3595/3595/3595 3590/3590/3590
f 3619/3619/3619 3585/3585/3585 3599/3599/3599
f 3620/3620/3620 3629/3629/3629 3653/3653/3653
f 3653/3653/3653 3683/3683/3683 3684/3684/3684
f 3685/3685/3685 3708/3708/3708 3683/3683/3683
f 3778/3778/3778 3762/3762/3762 3777/3777/3777
f 3777/3777/3777 3762/3762/3762 3753/3753/3753
f 3421/3421/3421 3415/3415/3415 3774/3774/3774
f 3421/3421/3421 3387/3387/3387 3415/3415/3415
f 3794/3794/3794 3788/3788/3788 3778/3778/3778
f 4109/4109/4109 3807/3807/3807 3808/3808/3808
f 3353/3353/3353 3352/3352/3352 3366/3366/3366
f 3322/3322/3322 3323/3323/3323 3324/3324/3324
f 3122/3122/3122 3121/3121/3121 3119/3119/3119
f 615/615/615 629/629/629 617/617/617
f 394/394/394 425/425/425 395/395/395
f 394/394/394 395/395/395 390/390/390
f 637/637/637 649/649/649 654/654/654
f 654/654/654 631/631/631 637/637/637
f 631/631/631 629/629/629 628/628/628
f 631/631/631 647/647/647 629/629/629
f 628/628/628 629/629/629 622/622/622
f 622/622/622 629/629/629 615/615/615
f 615/615/615 617/617/617 606/606/606
f 606/606/606 617/617/617 618/618/618
f 618/618/618 605/605/605 606/606/606
f 631/631/631 635/635/635 637/637/637
f 635/635/635 631/631/631 632/632/632
f 632/632/632 631/631/631 628/628/628
f 605/605/605 600/600/600 606/606/606
f 392/392/392 390/390/390 395/395/395
f 698/698/698 649/649/649 690/690/690
f 606/606/606 600/600/600 607/607/607
f 369/369/369 390/390/390 367/367/367
f 392/392/392 367/367/367 390/390/390
f 1421/1421/1421 1437/1437/1437 1420/1420/1420
f 1099/1099/1099 1088/1088/1088 1090/1090/1090
f 1090/1090/1090 1088/1088/1088 1089/1089/1089
f 1440/1440/1440 1420/1420/1420 1437/1437/1437
f 600/600/600 610/610/610 607/607/607
f 1087/1087/1087 1089/1089/1089 1088/1088/1088
f 1440/1440/1440 1437/1437/1437 1523/1523/1523
f 610/610/610 600/600/600 613/613/613
f 2433/2433/2433 2432/2432/2432 2456/2456/2456
f 2455/2455/2455 2433/2433/2433 2456/2456/2456
f 368/368/368 369/369/369 367/367/367
f 368/368/368 367/367/367 366/366/366
f 381/381/381 368/368/368 366/366/366
f 2757/2757/2757 2758/2758/2758 2765/2765/2765
f 624/624/624 610/610/610 614/614/614
f 614/614/614 610/610/610 613/613/613
f 665/665/665 677/677/677 679/679/679
f 624/624/624 673/673/673 668/668/668
f 678/678/678 684/684/684 677/677/677
f 2776/2776/2776 2749/2749/2749 2759/2759/2759
f 672/672/672 684/684/684 678/678/678
f 676/676/676 668/668/668 674/674/674
f 672/672/672 691/691/691 684/684/684
f 668/668/668 676/676/676 671/671/671
f 682/682/682 691/691/691 672/672/672
f 671/671/671 685/685/685 683/683/683
f 685/685/685 671/671/671 676/676/676
f 421/421/421 362/362/362 428/428/428
f 681/681/681 688/688/688 693/693/693
f 683/683/683 688/688/688 669/669/669
f 693/693/693 682/682/682 681/681/681
f 2753/2753/2753 2740/2740/2740 2750/2750/2750
f 1307/1307/1307 1340/1340/1340 1308/1308/1308
f 1309/1309/1309 1304/1304/1304 1308/1308/1308
f 3040/3040/3040 3038/3038/3038 3055/3055/3055
f 2746/2746/2746 2744/2744/2744 2745/2745/2745
f 3039/3039/3039 3026/3026/3026 3040/3040/3040
f 2746/2746/2746 2755/2755/2755 2744/2744/2744
f 2788/2788/2788 2754/2754/2754 2755/2755/2755
f 2754/2754/2754 2788/2788/2788 2695/2695/2695
f 2682/2682/2682 2695/2695/2695 2689/2689/2689
f 2687/2687/2687 2675/2675/2675 2682/2682/2682
f 5030/5030/5030 5034/5034/5034 4977/4977/4977
f 4976/4976/4976 5030/5030/5030 4977/4977/4977
f 2672/2672/2672 2677/2677/2677 2671/2671/2671
f 4972/4972/4972 4974/4974/4974 4969/4969/4969
f 4994/4994/4994 4999/4999/4999 4998/4998/4998
f 4998/4998/4998 4999/4999/4999 5000/5000/5000
f 4992/4992/4992 5001/5001/5001 5043/5043/5043
f 5026/5026/5026 5000/5000/5000 4999/4999/4999
f 438/438/438 429/429/429 348/348/348
f 3251/3251/3251 3253/3253/3253 3254/3254/3254
f 3251/3251/3251 3242/3242/3242 3253/3253/3253
f 31/31/31 365/365/365 348/348/348
f 365/365/365 31/31/31 55/55/55
f 3242/3242/3242 3237/3237/3237 3253/3253/3253
f 25/25/25 55/55/55 31/31/31
f 3237/3237/3237 3230/3230/3230 3241/3241/3241
f 28/28/28 40/40/40 25/25/25
f 3274/3274/3274 3281/3281/3281 3280/3280/3280
f 3275/3275/3275 3274/3274/3274 3280/3280/3280
f 3274/3274/3274 3318/3318/3318 3281/3281/3281
f 3275/3275/3275 3280/3280/3280 3232/3232/3232
f 3238/3238/3238 3227/3227/3227 3232/3232/3232
f 3229/3229/3229 3227/3227/3227 3238/3238/3238
f 3274/3274/3274 3271/3271/3271 3318/3318/3318
f 2210/2210/2210 2226/2226/2226 2228/2228/2228
f 2223/2223/2223 2210/2210/2210 2228/2228/2228
f 2222/2222/2222 2214/2214/2214 2223/2223/2223
f 2222/2222/2222 2218/2218/2218 2216/2216/2216
f 2216/2216/2216 2214/2214/2214 2222/2222/2222
f 3590/3590/3590 3573/3573/3573 3591/3591/3591
f 3573/3573/3573 3572/3572/3572 3594/3594/3594
f 3594/3594/3594 3572/3572/3572 3587/3587/3587
f 3645/3645/3645 3596/3596/3596 3605/3605/3605
f 3605/3605/3605 3588/3588/3588 3606/3606/3606
f 3589/3589/3589 3588/3588/3588 3605/3605/3605
f 3590/3590/3590 3606/3606/3606 3588/3588/3588
f 3600/3600/3600 3599/3599/3599 3598/3598/3598
f 3596/3596/3596 3645/3645/3645 3593/3593/3593
f 3645/3645/3645 3644/3644/3644 3593/3593/3593
f 3620/3620/3620 3597/3597/3597 3629/3629/3629
f 3645/3645/3645 3655/3655/3655 3644/3644/3644
f 3653/3653/3653 3682/3682/3682 3683/3683/3683
f 3682/3682/3682 3658/3658/3658 3683/3683/3683
f 3714/3714/3714 3706/3706/3706 3733/3733/3733
f 3711/3711/3711 3728/3728/3728 3685/3685/3685
f 3752/3752/3752 3734/3734/3734 3714/3714/3714
f 3371/3371/3371 3387/3387/3387 3409/3409/3409
f 4101/4101/4101 3807/3807/3807 4109/4109/4109
f 4115/4115/4115 4101/4101/4101 4109/4109/4109
f 426/426/426 464/464/464 478/478/478
f 3325/3325/3325 3323/3323/3323 3322/3322/3322
f 3325/3325/3325 3330/3330/3330 3323/3323/3323
f 394/394/394 393/393/393 426/426/426
f 629/629/629 647/647/647 646/646/646
f 393/393/393 390/390/390 391/391/391
f 394/394/394 390/390/390 393/393/393
f 4091/4091/4091 4088/4088/4088 4089/4089/4089
f 605/605/605 601/601/601 600/600/600
f 600/600/600 601/601/601 596/596/596
f 3137/3137/3137 3148/3148/3148 3120/3120/3120
f 1421/1421/1421 1419/1419/1419 1428/1428/1428
f 369/369/369 391/391/391 390/390/390
f 600/600/600 596/596/596 593/593/593
f 593/593/593 596/596/596 589/589/589
f 589/589/589 591/591/591 590/590/590
f 1098/1098/1098 1100/1100/1100 1101/1101/1101
f 1099/1099/1099 1100/1100/1100 1098/1098/1098
f 1420/1420/1420 1410/1410/1410 1421/1421/1421
f 595/595/595 600/600/600 593/593/593
f 589/589/589 588/588/588 593/593/593
f 588/588/588 589/589/589 590/590/590
f 600/600/600 595/595/595 613/613/613
f 599/599/599 588/588/588 590/590/590
f 597/597/597 588/588/588 599/599/599
f 368/368/368 370/370/370 369/369/369
f 1451/1451/1451 1440/1440/1440 1523/1523/1523
f 614/614/614 613/613/613 595/595/595
f 614/614/614 595/595/595 598/598/598
f 597/597/597 595/595/595 588/588/588
f 598/598/598 595/595/595 597/597/597
f 689/689/689 700/700/700 679/679/679
f 677/677/677 689/689/689 679/679/679
f 624/624/624 614/614/614 598/598/598
f 381/381/381 371/371/371 368/368/368
f 624/624/624 598/598/598 673/673/673
f 381/381/381 379/379/379 371/371/371
f 684/684/684 689/689/689 677/677/677
f 673/673/673 674/674/674 668/668/668
f 398/398/398 381/381/381 396/396/396
f 2778/2778/2778 2776/2776/2776 2759/2759/2759
f 381/381/381 398/398/398 379/379/379
f 691/691/691 696/696/696 684/684/684
f 674/674/674 687/687/687 676/676/676
f 2776/2776/2776 2768/2768/2768 2749/2749/2749
f 691/691/691 697/697/697 696/696/696
f 2768/2768/2768 2750/2750/2750 2749/2749/2749
f 2750/2750/2750 2748/2748/2748 2749/2749/2749
f 2753/2753/2753 2750/2750/2750 2770/2770/2770
f 683/683/683 694/694/694 688/688/688
f 694/694/694 683/683/683 685/685/685
f 1239/1239/1239 1276/1276/1276 1279/1279/1279
f 2775/2775/2775 2747/2747/2747 2753/2753/2753
f 1308/1308/1308 1304/1304/1304 1307/1307/1307
f 2752/2752/2752 2747/2747/2747 2775/2775/2775
f 1304/1304/1304 1309/1309/1309 1322/1322/1322
f 3038/3038/3038 3041/3041/3041 3055/3055/3055
f 2751/2751/2751 2745/2745/2745 2752/2752/2752
f 2751/2751/2751 2746/2746/2746 2745/2745/2745
f 3040/3040/3040 3026/3026/3026 3038/3038/3038
f 2788/2788/2788 2755/2755/2755 2746/2746/2746
f 3027/3027/3027 3039/3039/3039 3032/3032/3032
f 2789/2789/2789 2695/2695/2695 2788/2788/2788
f 5036/5036/5036 5037/5037/5037 5038/5038/5038
f 5036/5036/5036 5034/5034/5034 5037/5037/5037
f 2689/2689/2689 2687/2687/2687 2682/2682/2682
f 2684/2684/2684 2675/2675/2675 2687/2687/2687
f 2676/2676/2676 2675/2675/2675 2684/2684/2684
f 2676/2676/2676 2684/2684/2684 2681/2681/2681
f 2672/2672/2672 2676/2676/2676 2681/2681/2681
f 4973/4973/4973 5030/5030/5030 4976/4976/4976
f 2672/2672/2672 2681/2681/2681 2677/2677/2677
f 4970/4970/4970 4973/4973/4973 4976/4976/4976
f 2685/2685/2685 2678/2678/2678 2859/2859/2859
f 2766/2766/2766 2685/2685/2685 2859/2859/2859
f 5045/5045/5045 4974/4974/4974 5043/5043/5043
f 5043/5043/5043 5001/5001/5001 5045/5045/5045
f 5001/5001/5001 4992/4992/4992 5000/5000/5000
f 2762/2762/2762 2761/2761/2761 2697/2697/2697
f 348/348/348 437/437/437 438/438/438
f 365/365/365 437/437/437 348/348/348
f 3242/3242/3242 3251/3251/3251 3244/3244/3244
f 25/25/25 351/351/351 55/55/55
f 351/351/351 25/25/25 40/40/40
f 3275/3275/3275 3207/3207/3207 3274/3274/3274
f 3225/3225/3225 3229/3229/3229 3230/3230/3230
f 2225/2225/2225 2231/2231/2231 2232/2232/2232
f 2225/2225/2225 2232/2232/2232 2226/2226/2226
f 3207/3207/3207 3275/3275/3275 3206/3206/3206
f 3206/3206/3206 3275/3275/3275 3232/3232/3232
f 3227/3227/3227 3206/3206/3206 3232/3232/3232
f 3227/3227/3227 3229/3229/3229 3225/3225/3225
f 2210/2210/2210 2223/2223/2223 2214/2214/2214
f 2220/2220/2220 2218/2218/2218 2221/2221/2221
f 3204/3204/3204 3206/3206/3206 3227/3227/3227
f 2217/2217/2217 2216/2216/2216 2218/2218/2218
f 3585/3585/3585 3587/3587/3587 3586/3586/3586
f 3585/3585/3585 3598/3598/3598 3599/3599/3599
f 3620/3620/3620 3599/3599/3599 3600/3600/3600
f 3656/3656/3656 3706/3706/3706 3696/3696/3696
f 3683/3683/3683 3678/3678/3678 3685/3685/3685
f 3658/3658/3658 3678/3678/3678 3683/3683/3683
f 3706/3706/3706 3714/3714/3714 3696/3696/3696
f 3678/3678/3678 3711/3711/3711 3685/3685/3685
f 3711/3711/3711 3731/3731/3731 3728/3728/3728
f 3728/3728/3728 3731/3731/3731 3742/3742/3742
f 3421/3421/3421 3774/3774/3774 3742/3742/3742
f 3788/3788/3788 3794/3794/3794 3799/3799/3799
f 3409/3409/3409 3386/3386/3386 3371/3371/3371
f 3794/3794/3794 3807/3807/3807 3799/3799/3799
f 3386/3386/3386 3366/3366/3366 3371/3371/3371
f 3386/3386/3386 3373/3373/3373 3366/3366/3366
f 3366/3366/3366 3373/3373/3373 3353/3353/3353
f 4101/4101/4101 4115/4115/4115 4114/4114/4114
f 4121/4121/4121 4114/4114/4114 4115/4115/4115
f 3324/3324/3324 3353/3353/3353 3322/3322/3322
f 426/426/426 435/435/435 464/464/464
f 629/629/629 645/645/645 641/641/641
f 629/629/629 641/641/641 617/617/617
f 435/435/435 426/426/426 393/393/393
f 646/646/646 645/645/645 629/629/629
f 617/617/617 641/641/641 618/618/618
f 618/618/618 630/630/630 605/605/605
f 3122/3122/3122 3123/3123/3123 3121/3121/3121
f 4090/4090/4090 4089/4089/4089 4087/4087/4087
f 4089/4089/4089 4088/4088/4088 4087/4087/4087
f 654/654/654 652/652/652 631/631/631
f 631/631/631 652/652/652 647/647/647
f 630/630/630 601/601/601 605/605/605
f 4091/4091/4091 4092/4092/4092 4088/4088/4088
f 594/594/594 592/592/592 589/589/589
f 591/591/591 589/589/589 592/592/592
f 4104/4104/4104 4092/4092/4092 4097/4097/4097
f 4097/4097/4097 4092/4092/4092 4091/4091/4091
f 601/601/601 594/594/594 596/596/596
f 596/596/596 594/594/594 589/589/589
f 3121/3121/3121 3137/3137/3137 3120/3120/3120
f 1421/1421/1421 1410/1410/1410 1419/1419/1419
f 1086/1086/1086 1087/1087/1087 1088/1088/1088
f 1420/1420/1420 1440/1440/1440 1451/1451/1451
f 595/595/595 593/593/593 588/588/588
f 2431/2431/2431 2432/2432/2432 2433/2433/2433
f 368/368/368 371/371/371 370/370/370
f 385/385/385 386/386/386 374/374/374
f 673/673/673 598/598/598 675/675/675
f 375/375/375 374/374/374 373/373/373
f 373/373/373 374/374/374 370/370/370
f 2765/2765/2765 2778/2778/2778 2757/2757/2757
f 686/686/686 674/674/674 673/673/673
f 696/696/696 689/689/689 684/684/684
f 398/398/398 382/382/382 379/379/379
f 686/686/686 687/687/687 674/674/674
f 398/398/398 399/399/399 382/382/382
f 421/421/421 389/389/389 399/399/399
f 421/421/421 428/428/428 389/389/389
f 691/691/691 702/702/702 697/697/697
f 676/676/676 687/687/687 685/685/685
f 2770/2770/2770 2750/2750/2750 2768/2768/2768
f 682/682/682 701/701/701 691/691/691
f 691/691/691 701/701/701 702/702/702
f 685/685/685 687/687/687 695/695/695
f 693/693/693 701/701/701 682/682/682
f 1307/1307/1307 1348/1348/1348 1340/1340/1340
f 1279/1279/1279 1231/1231/1231 1239/1239/1239
f 2756/2756/2756 2746/2746/2746 2751/2751/2751
f 3027/3027/3027 3032/3032/3032 3028/3028/3028
f 2789/2789/2789 2689/2689/2689 2695/2695/2695
f 3033/3033/3033 3028/3028/3028 3032/3032/3032
f 5037/5037/5037 5034/5034/5034 5042/5042/5042
f 5042/5042/5042 5034/5034/5034 5030/5030/5030
f 2678/2678/2678 2677/2677/2677 2688/2688/2688
f 4967/4967/4967 4973/4973/4973 4970/4970/4970
f 4969/4969/4969 4967/4967/4967 4970/4970/4970
f 4974/4974/4974 4965/4965/4965 4969/4969/4969
f 5003/5003/5003 5000/5000/5000 5026/5026/5026
f 2763/2763/2763 2762/2762/2762 2697/2697/2697
f 494/494/494 438/438/438 437/437/437
f 55/55/55 351/351/351 365/365/365
f 2272/2272/2272 2231/2231/2231 2269/2269/2269
f 3228/3228/3228 3225/3225/3225 3230/3230/3230
f 3228/3228/3228 3230/3230/3230 3237/3237/3237
f 3270/3270/3270 3272/3272/3272 3271/3271/3271
f 3207/3207/3207 3271/3271/3271 3274/3274/3274
f 3270/3270/3270 3271/3271/3271 3207/3207/3207
f 2210/2210/2210 2225/2225/2225 2226/2226/2226
f 2219/2219/2219 2217/2217/2217 2218/2218/2218
f 2219/2219/2219 2218/2218/2218 2220/2220/2220
f 3204/3204/3204 3227/3227/3227 3225/3225/3225
f 2209/2209/2209 2210/2210/2210 2214/2214/2214
f 3565/3565/3565 3590/3590/3590 3588/3588/3588
f 3572/3572/3572 3570/3570/3570 3587/3587/3587
f 3587/3587/3587 3570/3570/3570 3586/3586/3586
f 3589/3589/3589 3605/3605/3605 3563/3563/3563
f 3605/3605/3605 3596/3596/3596 3563/3563/3563
f 3593/3593/3593 3644/3644/3644 3615/3615/3615
f 3600/3600/3600 3598/3598/3598 3620/3620/3620
f 3598/3598/3598 3597/3597/3597 3620/3620/3620
f 3653/3653/3653 3658/3658/3658 3682/3682/3682
f 3629/3629/3629 3658/3658/3658 3653/3653/3653
f 3734/3734/3734 3696/3696/3696 3714/3714/3714
f 3753/3753/3753 3734/3734/3734 3752/3752/3752
f 3776/3776/3776 3778/3778/3778 3788/3788/3788
f 3421/3421/3421 3422/3422/3422 3387/3387/3387
f 3387/3387/3387 3422/3422/3422 3409/3409/3409
f 3354/3354/3354 3322/3322/3322 3353/3353/3353
f 464/464/464 435/435/435 458/458/458
f 647/647/647 650/650/650 646/646/646
f 646/646/646 650/650/650 645/645/645
f 641/641/641 642/642/642 618/618/618
f 393/393/393 436/436/436 435/435/435
f 647/647/647 652/652/652 650/650/650
f 602/602/602 630/630/630 640/640/640
f 592/592/592 594/594/594 604/604/604
f 630/630/630 602/602/602 601/601/601
f 601/601/601 602/602/602 594/594/594
f 1098/1098/1098 1092/1092/1092 1099/1099/1099
f 1088/1088/1088 1099/1099/1099 1092/1092/1092
f 1409/1409/1409 1410/1410/1410 1420/1420/1420
f 1085/1085/1085 1087/1087/1087 1086/1086/1086
f 2433/2433/2433 2455/2455/2455 2452/2452/2452
f 1507/1507/1507 1432/1432/1432 1451/1451/1451
f 374/374/374 375/375/375 385/385/385
f 375/375/375 383/383/383 385/385/385
f 372/372/372 370/370/370 371/371/371
f 372/372/372 373/373/373 370/370/370
f 379/379/379 372/372/372 371/371/371
f 2777/2777/2777 2776/2776/2776 2778/2778/2778
f 1512/1512/1512 1448/1448/1448 1507/1507/1507
f 673/673/673 675/675/675 686/686/686
f 453/453/453 385/385/385 387/387/387
f 372/372/372 379/379/379 382/382/382
f 2777/2777/2777 2768/2768/2768 2776/2776/2776
f 382/382/382 399/399/399 389/389/389
f 1508/1508/1508 1512/1512/1512 1522/1522/1522
f 686/686/686 699/699/699 687/687/687
f 1508/1508/1508 1522/1522/1522 1520/1520/1520
f 1229/1229/1229 1230/1230/1230 1281/1281/1281
f 1345/1345/1345 1348/1348/1348 1307/1307/1307
f 2775/2775/2775 2753/2753/2753 2770/2770/2770
f 1230/1230/1230 1231/1231/1231 1277/1277/1277
f 1274/1274/1274 1276/1276/1276 1238/1238/1238
f 2780/2780/2780 2752/2752/2752 2775/2775/2775
f 1238/1238/1238 1276/1276/1276 1239/1239/1239
f 1224/1224/1224 1239/1239/1239 1231/1231/1231
f 3037/3037/3037 3041/3041/3041 3038/3038/3038
f 3038/3038/3038 3026/3026/3026 3037/3037/3037
f 3027/3027/3027 3026/3026/3026 3039/3039/3039
f 2756/2756/2756 2788/2788/2788 2746/2746/2746
f 2789/2789/2789 2788/2788/2788 2756/2756/2756
f 2790/2790/2790 2689/2689/2689 2789/2789/2789
f 3028/3028/3028 3033/3033/3033 3034/3034/3034
f 2687/2687/2687 2689/2689/2689 2793/2793/2793
f 2684/2684/2684 2687/2687/2687 2681/2681/2681
f 4973/4973/4973 5042/5042/5042 5030/5030/5030
f 2829/2829/2829 2677/2677/2677 2681/2681/2681
f 2688/2688/2688 2859/2859/2859 2678/2678/2678
f 4965/4965/4965 4967/4967/4967 4969/4969/4969
f 2697/2697/2697 2653/2653/2653 2763/2763/2763
f 2653/2653/2653 2766/2766/2766 2763/2763/2763
f 4965/4965/4965 4974/4974/4974 4991/4991/4991
f 4991/4991/4991 4974/4974/4974 5045/5045/5045
f 5001/5001/5001 5000/5000/5000 5002/5002/5002
f 5000/5000/5000 5003/5003/5003 5002/5002/5002
f 3244/3244/3244 3251/3251/3251 3250/3250/3250
f 5022/5022/5022 5021/5021/5021 5023/5023/5023
f 5020/5020/5020 5021/5021/5021 5022/5022/5022
f 3237/3237/3237 3242/3242/3242 3234/3234/3234
f 2227/2227/2227 2269/2269/2269 2231/2231/2231
f 2227/2227/2227 2231/2231/2231 2225/2225/2225
f 3225/3225/3225 3228/3228/3228 3224/3224/3224
f 2206/2206/2206 2227/2227/2227 2225/2225/2225
f 2206/2206/2206 2225/2225/2225 2210/2210/2210
f 2219/2219/2219 2215/2215/2215 2217/2217/2217
f 3273/3273/3273 3272/3272/3272 3270/3270/3270
f 2209/2209/2209 2206/2206/2206 2210/2210/2210
f 2215/2215/2215 2214/2214/2214 2216/2216/2216
f 2215/2215/2215 2216/2216/2216 2217/2217/2217
f 3270/3270/3270 3285/3285/3285 3273/3273/3273
f 3590/3590/3590 3565/3565/3565 3573/3573/3573
f 3592/3592/3592 3593/3593/3593 3615/3615/3615
f 3575/3575/3575 3598/3598/3598 3585/3585/3585
f 3655/3655/3655 3615/3615/3615 3644/3644/3644
f 3656/3656/3656 3666/3666/3666 3706/3706/3706
f 3666/3666/3666 3615/3615/3615 3655/3655/3655
f 3731/3731/3731 3421/3421/3421 3742/3742/3742
f 3762/3762/3762 3778/3778/3778 3761/3761/3761
f 3788/3788/3788 3799/3799/3799 3791/3791/3791
f 3807/3807/3807 4101/4101/4101 3799/3799/3799
f 3799/3799/3799 4101/4101/4101 4081/4081/4081
f 3373/3373/3373 3368/3368/3368 3353/3353/3353
f 4120/4120/4120 4114/4114/4114 4121/4121/4121
f 3327/3327/3327 3325/3325/3325 3322/3322/3322
f 645/645/645 651/651/651 641/641/641
f 435/435/435 436/436/436 458/458/458
f 3328/3328/3328 3325/3325/3325 3327/3327/3327
f 3328/3328/3328 3330/3330/3330 3325/3325/3325
f 652/652/652 660/660/660 650/650/650
f 642/642/642 640/640/640 618/618/618
f 594/594/594 603/603/603 604/604/604
f 4087/4087/4087 4082/4082/4082 4090/4090/4090
f 640/640/640 630/630/630 618/618/618
f 602/602/602 603/603/603 594/594/594
f 3124/3124/3124 3123/3123/3123 3122/3122/3122
f 4087/4087/4087 4088/4088/4088 4086/4086/4086
f 4088/4088/4088 4092/4092/4092 4086/4086/4086
f 4104/4104/4104 4093/4093/4093 4092/4092/4092
f 3123/3123/3123 3137/3137/3137 3121/3121/3121
f 1410/1410/1410 1412/1412/1412 1419/1419/1419
f 1420/1420/1420 1451/1451/1451 1432/1432/1432
f 2433/2433/2433 2452/2452/2452 2446/2446/2446
f 2431/2431/2431 2433/2433/2433 2434/2434/2434
f 2782/2782/2782 2765/2765/2765 2758/2758/2758
f 1507/1507/1507 1448/1448/1448 1432/1432/1432
f 2778/2778/2778 2765/2765/2765 2777/2777/2777
f 385/385/385 383/383/383 387/387/387
f 373/373/373 372/372/372 378/378/378
f 378/378/378 372/372/372 382/382/382
f 1508/1508/1508 1449/1449/1449 1512/1512/1512
f 1449/1449/1449 1448/1448/1448 1512/1512/1512
f 382/382/382 389/389/389 378/378/378
f 387/387/387 454/454/454 453/453/453
f 1222/1222/1222 1230/1230/1230 1229/1229/1229
f 1278/1278/1278 1289/1289/1289 1274/1274/1274
f 1219/1219/1219 1231/1231/1231 1230/1230/1230
f 1304/1304/1304 1303/1303/1303 1307/1307/1307
f 1217/1217/1217 1231/1231/1231 1219/1219/1219
f 2752/2752/2752 2780/2780/2780 2769/2769/2769
f 2779/2779/2779 2756/2756/2756 2751/2751/2751
f 3027/3027/3027 3028/3028/3028 3019/3019/3019
f 3034/3034/3034 3035/3035/3035 3028/3028/3028
f 2793/2793/2793 2689/2689/2689 2790/2790/2790
f 2794/2794/2794 2687/2687/2687 2793/2793/2793
f 5042/5042/5042 5046/5046/5046 5037/5037/5037
f 4975/4975/4975 5033/5033/5033 5042/5042/5042
f 2681/2681/2681 2687/2687/2687 2821/2821/2821
f 5042/5042/5042 4973/4973/4973 4975/4975/4975
f 2681/2681/2681 2821/2821/2821 2829/2829/2829
f 4975/4975/4975 4973/4973/4973 4967/4967/4967
f 2688/2688/2688 2677/2677/2677 2829/2829/2829
f 5004/5004/5004 5007/5007/5007 5045/5045/5045
f 5056/5056/5056 5057/5057/5057 5058/5058/5058
f 2763/2763/2763 2764/2764/2764 2762/2762/2762
f 2771/2771/2771 2764/2764/2764 2763/2763/2763
f 5004/5004/5004 5045/5045/5045 5001/5001/5001
f 5001/5001/5001 5002/5002/5002 5004/5004/5004
f 5002/5002/5002 5047/5047/5047 5025/5025/5025
f 4362/4362/4362 4363/4363/4363 4364/4364/4364
f 3245/3245/3245 3244/3244/3244 3250/3250/3250
f 5023/5023/5023 5025/5025/5025 5047/5047/5047
f 5023/5023/5023 5021/5021/5021 5025/5025/5025
f 3239/3239/3239 3242/3242/3242 3244/3244/3244
f 3239/3239/3239 3234/3234/3234 3242/3242/3242
f 5019/5019/5019 5021/5021/5021 5020/5020/5020
f 5019/5019/5019 5020/5020/5020 5018/5018/5018
f 2230/2230/2230 2269/2269/2269 2227/2227/2227
f 3228/3228/3228 3237/3237/3237 3234/3234/3234
f 3269/3269/3269 3270/3270/3270 3207/3207/3207
f 2206/2206/2206 2207/2207/2207 2227/2227/2227
f 3276/3276/3276 3273/3273/3273 3277/3277/3277
f 3272/3272/3272 3273/3273/3273 3276/3276/3276
f 3206/3206/3206 3205/3205/3205 3207/3207/3207
f 3205/3205/3205 3206/3206/3206 3204/3204/3204
f 3204/3204/3204 3225/3225/3225 3203/3203/3203
f 3224/3224/3224 3203/3203/3203 3225/3225/3225
f 2208/2208/2208 2206/2206/2206 2209/2209/2209
f 2208/2208/2208 2209/2209/2209 2213/2213/2213
f 2213/2213/2213 2209/2209/2209 2214/2214/2214
f 2213/2213/2213 2214/2214/2214 2215/2215/2215
f 3286/3286/3286 3285/3285/3285 3270/3270/3270
f 3270/3270/3270 3269/3269/3269 3286/3286/3286
f 3285/3285/3285 3290/3290/3290 3273/3273/3273
f 3290/3290/3290 3285/3285/3285 3289/3289/3289
f 3593/3593/3593 3563/3563/3563 3596/3596/3596
f 3588/3588/3588 3564/3564/3564 3565/3565/3565
f 3586/3586/3586 3570/3570/3570 3585/3585/3585
f 3570/3570/3570 3571/3571/3571 3585/3585/3585
f 3585/3585/3585 3571/3571/3571 3575/3575/3575
f 3615/3615/3615 3666/3666/3666 3656/3656/3656
f 3624/3624/3624 3652/3652/3652 3629/3629/3629
f 3629/3629/3629 3652/3652/3652 3658/3658/3658
f 3658/3658/3658 3677/3677/3677 3678/3678/3678
f 3753/3753/3753 3762/3762/3762 3734/3734/3734
f 3731/3731/3731 3741/3741/3741 3421/3421/3421
f 3761/3761/3761 3778/3778/3778 3776/3776/3776
f 3421/3421/3421 3741/3741/3741 3767/3767/3767
f 3788/3788/3788 3780/3780/3780 3776/3776/3776
f 3788/3788/3788 3791/3791/3791 3780/3780/3780
f 3375/3375/3375 3373/3373/3373 3386/3386/3386
f 3368/3368/3368 3354/3354/3354 3353/3353/3353
f 4099/4099/4099 4114/4114/4114 4120/4120/4120
f 604/604/604 659/659/659 692/692/692
f 4122/4122/4122 4099/4099/4099 4120/4120/4120
f 604/604/604 644/644/644 659/659/659
f 641/641/641 651/651/651 653/653/653
f 641/641/641 653/653/653 642/642/642
f 653/653/653 640/640/640 642/642/642
f 4066/4066/4066 4090/4090/4090 4058/4058/4058
f 640/640/640 643/643/643 602/602/602
f 603/603/603 643/643/643 644/644/644
f 603/603/603 644/644/644 604/604/604
f 602/602/602 643/643/643 603/603/603
f 3336/3336/3336 3330/3330/3330 3328/3328/3328
f 3134/3134/3134 3137/3137/3137 3123/3123/3123
f 1423/1423/1423 1419/1419/1419 1412/1412/1412
f 1092/1092/1092 1098/1098/1098 1096/1096/1096
f 1092/1092/1092 1083/1083/1083 1088/1088/1088
f 1088/1088/1088 1083/1083/1083 1086/1086/1086
f 1083/1083/1083 1085/1085/1085 1086/1086/1086
f 1084/1084/1084 1085/1085/1085 1083/1083/1083
f 2451/2451/2451 2446/2446/2446 2452/2452/2452
f 1409/1409/1409 1420/1420/1420 1432/1432/1432
f 2434/2434/2434 2433/2433/2433 2446/2446/2446
f 1448/1448/1448 1433/1433/1433 1432/1432/1432
f 376/376/376 383/383/383 375/375/375
f 373/373/373 376/376/376 375/375/375
f 1448/1448/1448 1449/1449/1449 1433/1433/1433
f 384/384/384 383/383/383 376/376/376
f 377/377/377 373/373/373 378/378/378
f 1506/1506/1506 1508/1508/1508 1520/1520/1520
f 1303/1303/1303 1345/1345/1345 1307/1307/1307
f 2780/2780/2780 2775/2775/2775 2770/2770/2770
f 1222/1222/1222 1219/1219/1219 1230/1230/1230
f 1263/1263/1263 1278/1278/1278 1274/1274/1274
f 1233/1233/1233 1263/1263/1263 1274/1274/1274
f 1233/1233/1233 1274/1274/1274 1238/1238/1238
f 1231/1231/1231 1217/1217/1217 1224/1224/1224
f 1221/1221/1221 1238/1238/1238 1239/1239/1239
f 1221/1221/1221 1239/1239/1239 1224/1224/1224
f 2752/2752/2752 2767/2767/2767 2751/2751/2751
f 2752/2752/2752 2769/2769/2769 2767/2767/2767
f 2767/2767/2767 2779/2779/2779 2751/2751/2751
f 3027/3027/3027 3019/3019/3019 3026/3026/3026
f 2756/2756/2756 2779/2779/2779 2789/2789/2789
f 2789/2789/2789 2795/2795/2795 2790/2790/2790
f 5046/5046/5046 5042/5042/5042 5033/5033/5033
f 2823/2823/2823 2821/2821/2821 2687/2687/2687
f 2687/2687/2687 2794/2794/2794 2823/2823/2823
f 2688/2688/2688 2842/2842/2842 2859/2859/2859
f 2773/2773/2773 2763/2763/2763 2766/2766/2766
f 2773/2773/2773 2771/2771/2771 2763/2763/2763
f 2773/2773/2773 2766/2766/2766 2859/2859/2859
f 5006/5006/5006 5004/5004/5004 5005/5005/5005
f 5002/5002/5002 5005/5005/5005 5004/5004/5004
f 3245/3245/3245 3250/3250/3250 3247/3247/3247
f 5025/5025/5025 5005/5005/5005 5002/5002/5002
f 5005/5005/5005 5025/5025/5025 5013/5013/5013
f 5012/5012/5012 5005/5005/5005 5013/5013/5013
f 5021/5021/5021 5019/5019/5019 5025/5025/5025
f 3239/3239/3239 3244/3244/3244 3245/3245/3245
f 3226/3226/3226 3228/3228/3228 3234/3234/3234
f 2207/2207/2207 2230/2230/2230 2227/2227/2227
f 3205/3205/3205 3208/3208/3208 3207/3207/3207
f 3207/3207/3207 3208/3208/3208 3269/3269/3269
f 2212/2212/2212 2208/2208/2208 2213/2213/2213
f 3276/3276/3276 3277/3277/3277 3278/3278/3278
f 3278/3278/3278 3277/3277/3277 3279/3279/3279
f 3205/3205/3205 3204/3204/3204 3197/3197/3197
f 3208/3208/3208 3286/3286/3286 3269/3269/3269
f 3197/3197/3197 3204/3204/3204 3203/3203/3203
f 3290/3290/3290 3277/3277/3277 3273/3273/3273
f 3290/3290/3290 3293/3293/3293 3277/3277/3277
f 3288/3288/3288 3289/3289/3289 3285/3285/3285
f 3552/3552/3552 3563/3563/3563 3593/3593/3593
f 3565/3565/3565 3503/3503/3503 3573/3573/3573
f 3503/3503/3503 3572/3572/3572 3573/3573/3573
f 3624/3624/3624 3629/3629/3629 3597/3597/3597
f 3711/3711/3711 3710/3710/3710 3731/3731/3731
f 3762/3762/3762 3761/3761/3761 3734/3734/3734
f 3710/3710/3710 3741/3741/3741 3731/3731/3731
f 3422/3422/3422 3419/3419/3419 3409/3409/3409
f 3386/3386/3386 3409/3409/3409 3419/3419/3419
f 4099/4099/4099 4101/4101/4101 4114/4114/4114
f 3348/3348/3348 3322/3322/3322 3354/3354/3354
f 3327/3327/3327 3322/3322/3322 3348/3348/3348
f 661/661/661 650/650/650 662/662/662
f 650/650/650 660/660/660 662/662/662
f 650/650/650 661/661/661 645/645/645
f 645/645/645 661/661/661 651/651/651
f 653/653/653 651/651/651 658/658/658
f 644/644/644 656/656/656 659/659/659
f 640/640/640 653/653/653 655/655/655
f 644/644/644 643/643/643 656/656/656
f 4082/4082/4082 4058/4058/4058 4090/4090/4090
f 4087/4087/4087 4086/4086/4086 4082/4082/4082
f 3125/3125/3125 3123/3123/3123 3124/3124/3124
f 1423/1423/1423 1471/1471/1471 1419/1419/1419
f 1410/1410/1410 1411/1411/1411 1412/1412/1412
f 1410/1410/1410 1407/1407/1407 1411/1411/1411
f 1409/1409/1409 1407/1407/1407 1410/1410/1410
f 1424/1424/1424 1409/1409/1409 1432/1432/1432
f 1433/1433/1433 1424/1424/1424 1432/1432/1432
f 2783/2783/2783 2765/2765/2765 2782/2782/2782
f 2783/2783/2783 2777/2777/2777 2765/2765/2765
f 2784/2784/2784 2777/2777/2777 2783/2783/2783
f 373/373/373 377/377/377 376/376/376
f 384/384/384 387/387/387 383/383/383
f 1346/1346/1346 1339/1339/1339 1347/1347/1347
f 1499/1499/1499 1449/1449/1449 1508/1508/1508
f 427/427/427 455/455/455 454/454/454
f 427/427/427 454/454/454 387/387/387
f 1303/1303/1303 1296/1296/1296 1345/1345/1345
f 1296/1296/1296 1346/1346/1346 1345/1345/1345
f 1506/1506/1506 1499/1499/1499 1508/1508/1508
f 1520/1520/1520 1521/1521/1521 1506/1506/1506
f 1212/1212/1212 1222/1222/1222 1229/1229/1229
f 1212/1212/1212 1229/1229/1229 1223/1223/1223
f 1263/1263/1263 1273/1273/1273 1278/1278/1278
f 1224/1224/1224 1217/1217/1217 1211/1211/1211
f 3017/3017/3017 3026/3026/3026 3019/3019/3019
f 3028/3028/3028 3029/3029/3029 3019/3019/3019
f 2795/2795/2795 2798/2798/2798 2790/2790/2790
f 2798/2798/2798 2817/2817/2817 2790/2790/2790
f 2817/2817/2817 2793/2793/2793 2790/2790/2790
f 3035/3035/3035 3036/3036/3036 3028/3028/3028
f 3035/3035/3035 3058/3058/3058 3036/3036/3036
f 2793/2793/2793 2817/2817/2817 2794/2794/2794
f 2829/2829/2829 2821/2821/2821 2830/2830/2830
f 2829/2829/2829 2830/2830/2830 2839/2839/2839
f 4966/4966/4966 4975/4975/4975 4967/4967/4967
f 4965/4965/4965 4966/4966/4966 4967/4967/4967
f 2842/2842/2842 2688/2688/2688 2829/2829/2829
f 4966/4966/4966 4965/4965/4965 4968/4968/4968
f 2773/2773/2773 2859/2859/2859 2842/2842/2842
f 4968/4968/4968 4965/4965/4965 4991/4991/4991
f 5041/5041/5041 4968/4968/4968 4991/4991/4991
f 5059/5059/5059 5060/5060/5060 5057/5057/5057
f 5059/5059/5059 5057/5057/5057 5056/5056/5056
f 5008/5008/5008 5007/5007/5007 5006/5006/5006
f 5007/5007/5007 5004/5004/5004 5006/5006/5006
f 5012/5012/5012 5006/5006/5006 5005/5005/5005
f 5039/5039/5039 5006/5006/5006 5012/5012/5012
f 5013/5013/5013 5014/5014/5014 5012/5012/5012
f 5024/5024/5024 5012/5012/5012 5014/5014/5014
f 2150/2150/2150 2155/2155/2155 2151/2151/2151
f 5015/5015/5015 5014/5014/5014 5013/5013/5013
f 5019/5019/5019 5015/5015/5015 5025/5025/5025
f 5025/5025/5025 5015/5015/5015 5013/5013/5013
f 5017/5017/5017 5024/5024/5024 5014/5014/5014
f 5019/5019/5019 5018/5018/5018 5015/5015/5015
f 3231/3231/3231 3234/3234/3234 3239/3239/3239
f 2269/2269/2269 2230/2230/2230 2271/2271/2271
f 2233/2233/2233 2271/2271/2271 2230/2230/2230
f 3226/3226/3226 3234/3234/3234 3231/3231/3231
f 2207/2207/2207 2233/2233/2233 2230/2230/2230
f 3224/3224/3224 3228/3228/3228 3226/3226/3226
f 2206/2206/2206 2203/2203/2203 2207/2207/2207
f 2211/2211/2211 2208/2208/2208 2212/2212/2212
f 3197/3197/3197 3208/3208/3208 3205/3205/3205
f 3223/3223/3223 3203/3203/3203 3224/3224/3224
f 3277/3277/3277 3294/3294/3294 3279/3279/3279
f 3194/3194/3194 3197/3197/3197 3203/3203/3203
f 3293/3293/3293 3294/3294/3294 3277/3277/3277
f 3208/3208/3208 3316/3316/3316 3286/3286/3286
f 3290/3290/3290 3292/3292/3292 3293/3293/3293
f 3289/3289/3289 3291/3291/3291 3290/3290/3290
f 3291/3291/3291 3292/3292/3292 3290/3290/3290
f 3288/3288/3288 3291/3291/3291 3289/3289/3289
f 3592/3592/3592 3552/3552/3552 3593/3593/3593
f 3589/3589/3589 3563/3563/3563 3588/3588/3588
f 3564/3564/3564 3588/3588/3588 3563/3563/3563
f 3656/3656/3656 3616/3616/3616 3615/3615/3615
f 3658/3658/3658 3652/3652/3652 3624/3624/3624
f 3641/3641/3641 3656/3656/3656 3696/3696/3696
f 3678/3678/3678 3710/3710/3710 3711/3711/3711
f 3767/3767/3767 3427/3427/3427 3421/3421/3421
f 3421/3421/3421 3427/3427/3427 3422/3422/3422
f 3419/3419/3419 3375/3375/3375 3386/3386/3386
f 4078/4078/4078 4081/4081/4081 4101/4101/4101
f 3375/3375/3375 3368/3368/3368 3373/3373/3373
f 4099/4099/4099 4078/4078/4078 4101/4101/4101
f 3368/3368/3368 3348/3348/3348 3354/3354/3354
f 4078/4078/4078 4099/4099/4099 4079/4079/4079
f 4099/4099/4099 4094/4094/4094 4079/4079/4079
f 3331/3331/3331 3327/3327/3327 3348/3348/3348
f 658/658/658 651/651/651 663/663/663
f 651/651/651 661/661/661 663/663/663
f 4055/4055/4055 4079/4079/4079 4094/4094/4094
f 4066/4066/4066 4058/4058/4058 4049/4049/4049
f 643/643/643 640/640/640 655/655/655
f 643/643/643 655/655/655 656/656/656
f 4082/4082/4082 4069/4069/4069 4058/4058/4058
f 3336/3336/3336 3328/3328/3328 3332/3332/3332
f 4082/4082/4082 4086/4086/4086 4083/4083/4083
f 4092/4092/4092 4093/4093/4093 4086/4086/4086
f 3134/3134/3134 3123/3123/3123 3125/3125/3125
f 1411/1411/1411 1423/1423/1423 1412/1412/1412
f 1096/1096/1096 1091/1091/1091 1092/1092/1092
f 2451/2451/2451 2450/2450/2450 2446/2446/2446
f 2446/2446/2446 2447/2447/2447 2434/2434/2434
f 1424/1424/1424 1433/1433/1433 1405/1405/1405
f 1433/1433/1433 1449/1449/1449 1446/1446/1446
f 2791/2791/2791 2768/2768/2768 2777/2777/2777
f 1499/1499/1499 1446/1446/1446 1449/1449/1449
f 387/387/387 384/384/384 427/427/427
f 1226/1226/1226 1228/1228/1228 1240/1240/1240
f 380/380/380 376/376/376 377/377/377
f 2781/2781/2781 2768/2768/2768 2791/2791/2791
f 1228/1228/1228 1214/1214/1214 1227/1227/1227
f 1214/1214/1214 1228/1228/1228 1226/1226/1226
f 1339/1339/1339 1346/1346/1346 1296/1296/1296
f 2781/2781/2781 2770/2770/2770 2768/2768/2768
f 1296/1296/1296 1303/1303/1303 1295/1295/1295
f 1516/1516/1516 1506/1506/1506 1521/1521/1521
f 1303/1303/1303 1304/1304/1304 1295/1295/1295
f 2792/2792/2792 2769/2769/2769 2780/2780/2780
f 2787/2787/2787 2769/2769/2769 2792/2792/2792
f 1219/1219/1219 1222/1222/1222 1212/1212/1212
f 1263/1263/1263 1233/1233/1233 1234/1234/1234
f 1219/1219/1219 1209/1209/1209 1217/1217/1217
f 1209/1209/1209 1219/1219/1219 1212/1212/1212
f 1304/1304/1304 1322/1322/1322 1305/1305/1305
f 3054/3054/3054 3041/3041/3041 3025/3025/3025
f 1238/1238/1238 1221/1221/1221 1233/1233/1233
f 1224/1224/1224 1211/1211/1211 1221/1221/1221
f 3041/3041/3041 3037/3037/3037 3025/3025/3025
f 3025/3025/3025 3037/3037/3037 3017/3017/3017
f 3026/3026/3026 3017/3017/3017 3037/3037/3037
f 2779/2779/2779 2767/2767/2767 2795/2795/2795
f 2795/2795/2795 2789/2789/2789 2779/2779/2779
f 3028/3028/3028 3036/3036/3036 3029/3029/3029
f 2173/2173/2173 2172/2172/2172 2174/2174/2174
f 2817/2817/2817 2823/2823/2823 2794/2794/2794
f 2174/2174/2174 2170/2170/2170 2173/2173/2173
f 2171/2171/2171 2173/2173/2173 2170/2170/2170
f 2830/2830/2830 2823/2823/2823 2803/2803/2803
f 4975/4975/4975 5032/5032/5032 5033/5033/5033
f 2830/2830/2830 2821/2821/2821 2823/2823/2823
f 5031/5031/5031 5032/5032/5032 4975/4975/4975
f 4975/4975/4975 4966/4966/4966 5031/5031/5031
f 2842/2842/2842 2829/2829/2829 2839/2839/2839
f 2771/2771/2771 2773/2773/2773 2772/2772/2772
f 2772/2772/2772 2764/2764/2764 2771/2771/2771
f 5008/5008/5008 5009/5009/5009 5007/5007/5007
f 5039/5039/5039 5011/5011/5011 5006/5006/5006
f 5006/5006/5006 5011/5011/5011 5008/5008/5008
f 3246/3246/3246 3245/3245/3245 3247/3247/3247
f 3246/3246/3246 3243/3243/3243 3245/3245/3245
f 2149/2149/2149 2150/2150/2150 2151/2151/2151
f 3235/3235/3235 3239/3239/3239 3245/3245/3245
f 2149/2149/2149 2151/2151/2151 2152/2152/2152
f 5018/5018/5018 5016/5016/5016 5015/5015/5015
f 5016/5016/5016 5014/5014/5014 5015/5015/5015
f 5014/5014/5014 5016/5016/5016 5017/5017/5017
f 3235/3235/3235 3231/3231/3231 3239/3239/3239
f 3220/3220/3220 3226/3226/3226 3231/3231/3231
f 2203/2203/2203 2233/2233/2233 2207/2207/2207
f 3224/3224/3224 3226/3226/3226 3222/3222/3222
f 2203/2203/2203 2206/2206/2206 2205/2205/2205
f 2205/2205/2205 2206/2206/2206 2208/2208/2208
f 3309/3309/3309 3301/3301/3301 3308/3308/3308
f 2205/2205/2205 2208/2208/2208 2211/2211/2211
f 3294/3294/3294 3301/3301/3301 3279/3279/3279
f 3223/3223/3223 3224/3224/3224 3222/3222/3222
f 3223/3223/3223 3194/3194/3194 3203/3203/3203
f 3300/3300/3300 3301/3301/3301 3297/3297/3297
f 3297/3297/3297 3301/3301/3301 3294/3294/3294
f 3297/3297/3297 3294/3294/3294 3293/3293/3293
f 3293/3293/3293 3292/3292/3292 3297/3297/3297
f 3288/3288/3288 3285/3285/3285 3287/3287/3287
f 3285/3285/3285 3286/3286/3286 3287/3287/3287
f 3306/3306/3306 3286/3286/3286 3316/3316/3316
f 3287/3287/3287 3286/3286/3286 3306/3306/3306
f 3305/3305/3305 3288/3288/3288 3287/3287/3287
f 3563/3563/3563 3509/3509/3509 3564/3564/3564
f 3565/3565/3565 3509/3509/3509 3508/3508/3508
f 3564/3564/3564 3509/3509/3509 3565/3565/3565
f 3508/3508/3508 3503/3503/3503 3565/3565/3565
f 3572/3572/3572 3503/3503/3503 3505/3505/3505
f 3505/3505/3505 3570/3570/3570 3572/3572/3572
f 3570/3570/3570 3551/3551/3551 3571/3571/3571
f 3551/3551/3551 3575/3575/3575 3571/3571/3571
f 3575/3575/3575 3584/3584/3584 3598/3598/3598
f 3656/3656/3656 3641/3641/3641 3616/3616/3616
f 3584/3584/3584 3597/3597/3597 3598/3598/3598
f 3657/3657/3657 3658/3658/3658 3624/3624/3624
f 3735/3735/3735 3698/3698/3698 3734/3734/3734
f 3734/3734/3734 3698/3698/3698 3696/3696/3696
f 3677/3677/3677 3710/3710/3710 3678/3678/3678
f 3776/3776/3776 3764/3764/3764 3761/3761/3761
f 3734/3734/3734 3761/3761/3761 3735/3735/3735
f 3710/3710/3710 3738/3738/3738 3741/3741/3741
f 3780/3780/3780 3791/3791/3791 3790/3790/3790
f 3419/3419/3419 3422/3422/3422 3427/3427/3427
f 3425/3425/3425 3375/3375/3375 3419/3419/3419
f 3368/3368/3368 3367/3367/3367 3348/3348/3348
f 4032/4032/4032 4049/4049/4049 4033/4033/4033
f 653/653/653 658/658/658 664/664/664
f 655/655/655 653/653/653 664/664/664
f 4054/4054/4054 4038/4038/4038 4055/4055/4055
f 3331/3331/3331 3328/3328/3328 3327/3327/3327
f 3332/3332/3332 3328/3328/3328 3331/3331/3331
f 4082/4082/4082 4083/4083/4083 4057/4057/4057
f 4082/4082/4082 4057/4057/4057 4069/4069/4069
f 3133/3133/3133 3134/3134/3134 3125/3125/3125
f 1091/1091/1091 1096/1096/1096 1097/1097/1097
f 1092/1092/1092 1071/1071/1071 1083/1083/1083
f 1072/1072/1072 1084/1084/1084 1083/1083/1083
f 2448/2448/2448 2447/2447/2447 2446/2446/2446
f 1424/1424/1424 1405/1405/1405 1409/1409/1409
f 1433/1433/1433 1406/1406/1406 1405/1405/1405
f 1433/1433/1433 1446/1446/1446 1435/1435/1435
f 2784/2784/2784 2791/2791/2791 2777/2777/2777
f 1347/1347/1347 1339/1339/1339 1226/1226/1226
f 1506/1506/1506 1446/1446/1446 1499/1499/1499
f 1216/1216/1216 1223/1223/1223 1227/1227/1227
f 1214/1214/1214 1216/1216/1216 1227/1227/1227
f 2780/2780/2780 2770/2770/2770 2781/2781/2781
f 1210/1210/1210 1212/1212/1212 1223/1223/1223
f 1301/1301/1301 1295/1295/1295 1304/1304/1304
f 1304/1304/1304 1305/1305/1305 1301/1301/1301
f 1263/1263/1263 1236/1236/1236 1273/1273/1273
f 1217/1217/1217 1209/1209/1209 1211/1211/1211
f 2786/2786/2786 2767/2767/2767 2769/2769/2769
f 2787/2787/2787 2786/2786/2786 2769/2769/2769
f 1218/1218/1218 1233/1233/1233 1221/1221/1221
f 3056/3056/3056 3029/3029/3029 3036/3036/3036
f 2798/2798/2798 2801/2801/2801 2817/2817/2817
f 3058/3058/3058 3056/3056/3056 3036/3036/3036
f 2801/2801/2801 2823/2823/2823 2817/2817/2817
f 2803/2803/2803 2823/2823/2823 2801/2801/2801
f 2170/2170/2170 2169/2169/2169 2171/2171/2171
f 2170/2170/2170 2168/2168/2168 2169/2169/2169
f 2814/2814/2814 2830/2830/2830 2803/2803/2803
f 2828/2828/2828 2830/2830/2830 2814/2814/2814
f 2167/2167/2167 2168/2168/2168 2166/2166/2166
f 2866/2866/2866 2839/2839/2839 2828/2828/2828
f 2828/2828/2828 2839/2839/2839 2830/2830/2830
f 2866/2866/2866 2842/2842/2842 2839/2839/2839
f 2773/2773/2773 2842/2842/2842 2774/2774/2774
f 5048/5048/5048 4968/4968/4968 5041/5041/5041
f 5041/5041/5041 5010/5010/5010 5048/5048/5048
f 5009/5009/5009 5010/5010/5010 5041/5041/5041
f 5008/5008/5008 5010/5010/5010 5009/5009/5009
f 5011/5011/5011 5010/5010/5010 5008/5008/5008
f 2135/2135/2135 2154/2154/2154 2145/2145/2145
f 2132/2132/2132 2145/2145/2145 2150/2150/2150
f 2132/2132/2132 2150/2150/2150 2149/2149/2149
f 2152/2152/2152 2147/2147/2147 2149/2149/2149
f 2148/2148/2148 2147/2147/2147 2152/2152/2152
f 2270/2270/2270 2148/2148/2148 2152/2152/2152
f 2233/2233/2233 2270/2270/2270 2271/2271/2271
f 2233/2233/2233 2234/2234/2234 2270/2270/2270
f 2148/2148/2148 2270/2270/2270 2234/2234/2234
f 2204/2204/2204 2203/2203/2203 2205/2205/2205
f 3220/3220/3220 3222/3222/3222 3226/3226/3226
f 3308/3308/3308 3310/3310/3310 3309/3309/3309
f 3196/3196/3196 3208/3208/3208 3197/3197/3197
f 3196/3196/3196 3212/3212/3212 3208/3208/3208
f 3212/3212/3212 3316/3316/3316 3208/3208/3208
f 3300/3300/3300 3308/3308/3308 3301/3301/3301
f 3299/3299/3299 3300/3300/3300 3297/3297/3297
f 3288/3288/3288 3295/3295/3295 3291/3291/3291
f 3296/3296/3296 3292/3292/3292 3291/3291/3291
f 3296/3296/3296 3291/3291/3291 3295/3295/3295
f 4311/4311/4311 4312/4312/4312 4331/4331/4331
f 3520/3520/3520 3509/3509/3509 3563/3563/3563
f 3507/3507/3507 3570/3570/3570 3505/3505/3505
f 3616/3616/3616 3569/3569/3569 3615/3615/3615
f 3569/3569/3569 3592/3592/3592 3615/3615/3615
f 3574/3574/3574 3584/3584/3584 3575/3575/3575
f 3584/3584/3584 3624/3624/3624 3597/3597/3597
f 3621/3621/3621 3657/3657/3657 3624/3624/3624
f 3657/3657/3657 3677/3677/3677 3658/3658/3658
f 3764/3764/3764 3735/3735/3735 3761/3761/3761
f 3741/3741/3741 3738/3738/3738 3767/3767/3767
f 3776/3776/3776 3780/3780/3780 3764/3764/3764
f 3427/3427/3427 3425/3425/3425 3419/3419/3419
f 3791/3791/3791 3798/3798/3798 3790/3790/3790
f 3791/3791/3791 3799/3799/3799 3798/3798/3798
f 3798/3798/3798 3799/3799/3799 4081/4081/4081
f 3406/3406/3406 3367/3367/3367 3375/3375/3375
f 3368/3368/3368 3375/3375/3375 3367/3367/3367
f 3348/3348/3348 3367/3367/3367 3349/3349/3349
f 4079/4079/4079 4035/4035/4035 4078/4078/4078
f 4030/4030/4030 4047/4047/4047 4037/4037/4037
f 4035/4035/4035 4055/4055/4055 4038/4038/4038
f 4079/4079/4079 4055/4055/4055 4035/4035/4035
f 3349/3349/3349 3331/3331/3331 3348/3348/3348
f 4049/4049/4049 4058/4058/4058 4033/4033/4033
f 4069/4069/4069 4057/4057/4057 4058/4058/4058
f 3345/3345/3345 3332/3332/3332 3331/3331/3331
f 4083/4083/4083 4086/4086/4086 4084/4084/4084
f 3131/3131/3131 3124/3124/3124 3132/3132/3132
f 3131/3131/3131 3132/3132/3132 3144/3144/3144
f 4084/4084/4084 4093/4093/4093 4105/4105/4105
f 4086/4086/4086 4093/4093/4093 4084/4084/4084
f 3126/3126/3126 3125/3125/3125 3124/3124/3124
f 3126/3126/3126 3124/3124/3124 3131/3131/3131
f 1423/1423/1423 1472/1472/1472 1471/1471/1471
f 1071/1071/1071 1092/1092/1092 1091/1091/1091
f 2448/2448/2448 2446/2446/2446 2450/2450/2450
f 2447/2447/2447 2449/2449/2449 2434/2434/2434
f 2847/2847/2847 2846/2846/2846 2782/2782/2782
f 1409/1409/1409 1405/1405/1405 1400/1400/1400
f 2783/2783/2783 2782/2782/2782 2846/2846/2846
f 1406/1406/1406 1433/1433/1433 1435/1435/1435
f 1226/1226/1226 1339/1339/1339 1215/1215/1215
f 1214/1214/1214 1226/1226/1226 1215/1215/1215
f 1296/1296/1296 1294/1294/1294 1339/1339/1339
f 1295/1295/1295 1293/1293/1293 1296/1296/1296
f 1494/1494/1494 1446/1446/1446 1506/1506/1506
f 2780/2780/2780 2781/2781/2781 2792/2792/2792
f 1509/1509/1509 1494/1494/1494 1506/1506/1506
f 1516/1516/1516 1509/1509/1509 1506/1506/1506
f 1210/1210/1210 1223/1223/1223 1216/1216/1216
f 1236/1236/1236 1270/1270/1270 1273/1273/1273
f 1209/1209/1209 1212/1212/1212 1210/1210/1210
f 1236/1236/1236 1263/1263/1263 1234/1234/1234
f 1218/1218/1218 1234/1234/1234 1233/1233/1233
f 1221/1221/1221 1211/1211/1211 1218/1218/1218
f 1189/1189/1189 1211/1211/1211 1209/1209/1209
f 3029/3029/3029 3016/3016/3016 3019/3019/3019
f 3056/3056/3056 3030/3030/3030 3029/3029/3029
f 2798/2798/2798 2800/2800/2800 2801/2801/2801
f 3056/3056/3056 3047/3047/3047 3030/3030/3030
f 2801/2801/2801 2800/2800/2800 2802/2802/2802
f 3058/3058/3058 3047/3047/3047 3056/3056/3056
f 2171/2171/2171 2172/2172/2172 2173/2173/2173
f 2802/2802/2802 2803/2803/2803 2801/2801/2801
f 2804/2804/2804 2802/2802/2802 2800/2800/2800
f 3058/3058/3058 2951/2951/2951 3047/3047/3047
f 2169/2169/2169 2172/2172/2172 2171/2171/2171
f 2169/2169/2169 2177/2177/2177 2172/2172/2172
f 2805/2805/2805 2802/2802/2802 2804/2804/2804
f 2806/2806/2806 2814/2814/2814 2803/2803/2803
f 2803/2803/2803 2802/2802/2802 2806/2806/2806
f 2806/2806/2806 2802/2802/2802 2805/2805/2805
f 2167/2167/2167 2169/2169/2169 2168/2168/2168
f 2828/2828/2828 2814/2814/2814 2806/2806/2806
f 2827/2827/2827 2866/2866/2866 2828/2828/2828
f 2774/2774/2774 2866/2866/2866 2827/2827/2827
f 2141/2141/2141 2143/2143/2143 2166/2166/2166
f 2142/2142/2142 2143/2143/2143 2141/2141/2141
f 2141/2141/2141 2134/2134/2134 2142/2142/2142
f 2774/2774/2774 2842/2842/2842 2866/2866/2866
f 2108/2108/2108 2134/2134/2134 2141/2141/2141
f 2144/2144/2144 2108/2108/2108 2141/2141/2141
f 5049/5049/5049 4968/4968/4968 5048/5048/5048
f 2161/2161/2161 2108/2108/2108 2144/2144/2144
f 2772/2772/2772 2773/2773/2773 2774/2774/2774
f 5050/5050/5050 5048/5048/5048 5010/5010/5010
f 3260/3260/3260 3248/3248/3248 3247/3247/3247
f 3260/3260/3260 3261/3261/3261 3248/3248/3248
f 2135/2135/2135 2107/2107/2107 2154/2154/2154
f 3247/3247/3247 3248/3248/3248 3246/3246/3246
f 2135/2135/2135 2145/2145/2145 2132/2132/2132
f 3249/3249/3249 3243/3243/3243 3246/3246/3246
f 3243/3243/3243 3235/3235/3235 3245/3245/3245
f 2147/2147/2147 2132/2132/2132 2149/2149/2149
f 3219/3219/3219 3231/3231/3231 3235/3235/3235
f 2148/2148/2148 2202/2202/2202 2146/2146/2146
f 2234/2234/2234 2202/2202/2202 2148/2148/2148
f 2233/2233/2233 2192/2192/2192 2234/2234/2234
f 2203/2203/2203 2192/2192/2192 2233/2233/2233
f 3219/3219/3219 3220/3220/3220 3231/3231/3231
f 2202/2202/2202 2234/2234/2234 2192/2192/2192
f 2201/2201/2201 2192/2192/2192 2203/2203/2203
f 2203/2203/2203 2204/2204/2204 2201/2201/2201
f 3317/3317/3317 3310/3310/3310 3307/3307/3307
f 3223/3223/3223 3222/3222/3222 3221/3221/3221
f 3308/3308/3308 3307/3307/3307 3310/3310/3310
f 3211/3211/3211 3316/3316/3316 3212/3212/3212
f 3194/3194/3194 3196/3196/3196 3197/3197/3197
f 3303/3303/3303 3307/3307/3307 3308/3308/3308
f 3308/3308/3308 3300/3300/3300 3303/3303/3303
f 3303/3303/3303 3300/3300/3300 3299/3299/3299
f 3298/3298/3298 3299/3299/3299 3297/3297/3297
f 3297/3297/3297 3296/3296/3296 3298/3298/3298
f 3292/3292/3292 3296/3296/3296 3297/3297/3297
f 4311/4311/4311 4331/4331/4331 4326/4326/4326
f 3553/3553/3553 3563/3563/3563 3552/3552/3552
f 3570/3570/3570 3507/3507/3507 3551/3551/3551
f 3551/3551/3551 3574/3574/3574 3575/3575/3575
f 3641/3641/3641 3569/3569/3569 3616/3616/3616
f 3608/3608/3608 3569/3569/3569 3641/3641/3641
f 3641/3641/3641 3696/3696/3696 3642/3642/3642
f 3642/3642/3642 3696/3696/3696 3698/3698/3698
f 3657/3657/3657 3679/3679/3679 3677/3677/3677
f 3677/3677/3677 3679/3679/3679 3710/3710/3710
f 3725/3725/3725 3710/3710/3710 3679/3679/3679
f 3738/3738/3738 3710/3710/3710 3725/3725/3725
f 3790/3790/3790 3781/3781/3781 3780/3780/3780
f 3425/3425/3425 3406/3406/3406 3375/3375/3375
f 4081/4081/4081 4077/4077/4077 3798/3798/3798
f 4078/4078/4078 4077/4077/4077 4081/4081/4081
f 3406/3406/3406 3404/3404/3404 3367/3367/3367
f 4035/4035/4035 4077/4077/4077 4078/4078/4078
f 3367/3367/3367 3369/3369/3369 3349/3349/3349
f 4032/4032/4032 4021/4021/4021 4037/4037/4037
f 4021/4021/4021 4030/4030/4030 4037/4037/4037
f 4034/4034/4034 4047/4047/4047 4030/4030/4030
f 4033/4033/4033 4058/4058/4058 4031/4031/4031
f 4058/4058/4058 4057/4057/4057 4031/4031/4031
f 4038/4038/4038 4054/4054/4054 4034/4034/4034
f 3345/3345/3345 3331/3331/3331 3349/3349/3349
f 3345/3345/3345 3346/3346/3346 3332/3332/3332
f 4057/4057/4057 4083/4083/4083 4059/4059/4059
f 3132/3132/3132 3146/3146/3146 3144/3144/3144
f 1426/1426/1426 1472/1472/1472 1423/1423/1423
f 1426/1426/1426 1423/1423/1423 1411/1411/1411
f 1413/1413/1413 1426/1426/1426 1411/1411/1411
f 1094/1094/1094 1091/1091/1091 1097/1097/1097
f 1407/1407/1407 1413/1413/1413 1411/1411/1411
f 1072/1072/1072 1083/1083/1083 1071/1071/1071
f 1072/1072/1072 1071/1071/1071 1070/1070/1070
f 2448/2448/2448 2450/2450/2450 2453/2453/2453
f 2835/2835/2835 2784/2784/2784 2783/2783/2783
f 1405/1405/1405 1406/1406/1406 1403/1403/1403
f 1214/1214/1214 1215/1215/1215 1213/1213/1213
f 1294/1294/1294 1215/1215/1215 1339/1339/1339
f 1447/1447/1447 1446/1446/1446 1494/1494/1494
f 1214/1214/1214 1207/1207/1207 1216/1216/1216
f 1293/1293/1293 1294/1294/1294 1296/1296/1296
f 1291/1291/1291 1293/1293/1293 1295/1295/1295
f 1301/1301/1301 1291/1291/1291 1295/1295/1295
f 1301/1301/1301 1305/1305/1305 1300/1300/1300
f 1209/1209/1209 1210/1210/1210 1208/1208/1208
f 3018/3018/3018 3054/3054/3054 3025/3025/3025
f 2796/2796/2796 2786/2786/2786 2787/2787/2787
f 1220/1220/1220 1236/1236/1236 1234/1234/1234
f 1218/1218/1218 1220/1220/1220 1234/1234/1234
f 1187/1187/1187 1218/1218/1218 1211/1211/1211
f 1183/1183/1183 1211/1211/1211 1189/1189/1189
f 2786/2786/2786 2840/2840/2840 2767/2767/2767
f 3019/3019/3019 3015/3015/3015 3017/3017/3017
f 2840/2840/2840 2795/2795/2795 2767/2767/2767
f 2795/2795/2795 2840/2840/2840 2825/2825/2825
f 2795/2795/2795 2825/2825/2825 2799/2799/2799
f 3016/3016/3016 3029/3029/3029 3030/3030/3030
f 2799/2799/2799 2798/2798/2798 2795/2795/2795
f 2798/2798/2798 2799/2799/2799 2800/2800/2800
f 2995/2995/2995 3047/3047/3047 2951/2951/2951
f 2169/2169/2169 2175/2175/2175 2177/2177/2177
f 2951/2951/2951 2949/2949/2949 2995/2995/2995
f 2949/2949/2949 2951/2951/2951 2948/2948/2948
f 2167/2167/2167 2175/2175/2175 2169/2169/2169
f 2811/2811/2811 2806/2806/2806 2805/2805/2805
f 2806/2806/2806 2827/2827/2827 2828/2828/2828
f 2166/2166/2166 2143/2143/2143 2167/2167/2167
f 2143/2143/2143 2175/2175/2175 2167/2167/2167
f 2827/2827/2827 2806/2806/2806 2811/2811/2811
f 2868/2868/2868 2774/2774/2774 2827/2827/2827
f 2815/2815/2815 2827/2827/2827 2811/2811/2811
f 2868/2868/2868 2772/2772/2772 2774/2774/2774
f 2872/2872/2872 2772/2772/2772 2868/2868/2868
f 4197/4197/4197 4196/4196/4196 4199/4199/4199
f 4196/4196/4196 4197/4197/4197 4198/4198/4198
f 2121/2121/2121 2107/2107/2107 2135/2135/2135
f 3246/3246/3246 3248/3248/3248 3249/3249/3249
f 2121/2121/2121 2135/2135/2135 2132/2132/2132
f 2133/2133/2133 2132/2132/2132 2147/2147/2147
f 3235/3235/3235 3243/3243/3243 3236/3236/3236
f 2133/2133/2133 2147/2147/2147 2148/2148/2148
f 3219/3219/3219 3235/3235/3235 3236/3236/3236
f 2146/2146/2146 2133/2133/2133 2148/2148/2148
f 2191/2191/2191 2202/2202/2202 2192/2192/2192
f 3212/3212/3212 3196/3196/3196 3211/3211/3211
f 3222/3222/3222 3220/3220/3220 3221/3221/3221
f 3320/3320/3320 3317/3317/3317 3307/3307/3307
f 3194/3194/3194 3223/3223/3223 3221/3221/3221
f 3306/3306/3306 3316/3316/3316 3211/3211/3211
f 3305/3305/3305 3287/3287/3287 3311/3311/3311
f 4304/4304/4304 4318/4318/4318 4327/4327/4327
f 4312/4312/4312 4304/4304/4304 4327/4327/4327
f 3509/3509/3509 3506/3506/3506 3508/3508/3508
f 3508/3508/3508 3506/3506/3506 3503/3503/3503
f 3503/3503/3503 3504/3504/3504 3505/3505/3505
f 3506/3506/3506 3504/3504/3504 3503/3503/3503
f 3592/3592/3592 3569/3569/3569 3567/3567/3567
f 3567/3567/3567 3552/3552/3552 3592/3592/3592
f 3507/3507/3507 3525/3525/3525 3551/3551/3551
f 3554/3554/3554 3574/3574/3574 3551/3551/3551
f 3584/3584/3584 3621/3621/3621 3624/3624/3624
f 3735/3735/3735 3705/3705/3705 3698/3698/3698
f 3767/3767/3767 3738/3738/3738 3743/3743/3743
f 3372/3372/3372 3367/3367/3367 3404/3404/3404
f 3372/3372/3372 3369/3369/3369 3367/3367/3367
f 4077/4077/4077 4035/4035/4035 4053/4053/4053
f 3372/3372/3372 3379/3379/3379 3369/3369/3369
f 4033/4033/4033 4018/4018/4018 4032/4032/4032
f 4018/4018/4018 4021/4021/4021 4032/4032/4032
f 3369/3369/3369 3379/3379/3379 3349/3349/3349
f 4034/4034/4034 4029/4029/4029 4038/4038/4038
f 4038/4038/4038 4029/4029/4029 4035/4035/4035
f 4031/4031/4031 4057/4057/4057 4041/4041/4041
f 4057/4057/4057 4059/4059/4059 4041/4041/4041
f 3345/3345/3345 3349/3349/3349 3379/3379/3379
f 3345/3345/3345 3379/3379/3379 3380/3380/3380
f 3380/3380/3380 3346/3346/3346 3345/3345/3345
f 3146/3146/3146 3170/3170/3170 3160/3160/3160
f 3146/3146/3146 3145/3145/3145 3144/3144/3144
f 3145/3145/3145 3146/3146/3146 3160/3160/3160
f 4106/4106/4106 4084/4084/4084 4105/4105/4105
f 3145/3145/3145 3131/3131/3131 3144/3144/3144
f 1458/1458/1458 1472/1472/1472 1426/1426/1426
f 3139/3139/3139 3126/3126/3126 3131/3131/3131
f 3127/3127/3127 3125/3125/3125 3126/3126/3126
f 3127/3127/3127 3133/3133/3133 3125/3125/3125
f 1071/1071/1071 1091/1091/1091 1069/1069/1069
f 2449/2449/2449 2447/2447/2447 2448/2448/2448
f 1398/1398/1398 1407/1407/1407 1400/1400/1400
f 1409/1409/1409 1400/1400/1400 1407/1407/1407
f 1405/1405/1405 1403/1403/1403 1400/1400/1400
f 1406/1406/1406 1435/1435/1435 1403/1403/1403
f 2784/2784/2784 2824/2824/2824 2791/2791/2791
f 2781/2781/2781 2797/2797/2797 2792/2792/2792
f 2781/2781/2781 2791/2791/2791 2797/2797/2797
f 1435/1435/1435 1446/1446/1446 1447/1447/1447
f 1207/1207/1207 1214/1214/1214 1204/1204/1204
f 1204/1204/1204 1214/1214/1214 1213/1213/1213
f 1207/1207/1207 1210/1210/1210 1216/1216/1216
f 2796/2796/2796 2787/2787/2787 2792/2792/2792
f 1235/1235/1235 1236/1236/1236 1220/1220/1220
f 1189/1189/1189 1209/1209/1209 1208/1208/1208
f 1188/1188/1188 1220/1220/1220 1218/1218/1218
f 1218/1218/1218 1187/1187/1187 1188/1188/1188
f 1183/1183/1183 1187/1187/1187 1211/1211/1211
f 3019/3019/3019 3016/3016/3016 3015/3015/3015
f 3030/3030/3030 3047/3047/3047 3031/3031/3031
f 2804/2804/2804 2809/2809/2809 2805/2805/2805
f 2811/2811/2811 2805/2805/2805 2809/2809/2809
f 2949/2949/2949 2948/2948/2948 2947/2947/2947
f 2812/2812/2812 2815/2815/2815 2811/2811/2811
f 2950/2950/2950 2945/2945/2945 2948/2948/2948
f 2948/2948/2948 2945/2945/2945 2947/2947/2947
f 2826/2826/2826 2868/2868/2868 2827/2827/2827
f 2827/2827/2827 2815/2815/2815 2826/2826/2826
f 2947/2947/2947 2945/2945/2945 2944/2944/2944
f 2945/2945/2945 2950/2950/2950 2946/2946/2946
f 2943/2943/2943 2945/2945/2945 2946/2946/2946
f 2134/2134/2134 2153/2153/2153 2142/2142/2142
f 2943/2943/2943 2944/2944/2944 2945/2945/2945
f 2108/2108/2108 2105/2105/2105 2134/2134/2134
f 2873/2873/2873 2872/2872/2872 2868/2868/2868
f 2873/2873/2873 2868/2868/2868 2826/2826/2826
f 2820/2820/2820 2826/2826/2826 2815/2815/2815
f 2106/2106/2106 2105/2105/2105 2107/2107/2107
f 2108/2108/2108 2107/2107/2107 2105/2105/2105
f 3248/3248/3248 3261/3261/3261 3266/3266/3266
f 3259/3259/3259 3249/3249/3249 3248/3248/3248
f 2121/2121/2121 2132/2132/2132 2122/2122/2122
f 2122/2122/2122 2132/2132/2132 2133/2133/2133
f 3233/3233/3233 3236/3236/3236 3243/3243/3243
f 2146/2146/2146 2137/2137/2137 2133/2133/2133
f 2202/2202/2202 2137/2137/2137 2146/2146/2146
f 2187/2187/2187 2192/2192/2192 2201/2201/2201
f 2201/2201/2201 2273/2273/2273 2187/2187/2187
f 3218/3218/3218 3220/3220/3220 3219/3219/3219
f 3221/3221/3221 3220/3220/3220 3218/3218/3218
f 3320/3320/3320 3307/3307/3307 3314/3314/3314
f 3313/3313/3313 3306/3306/3306 3211/3211/3211
f 3304/3304/3304 3307/3307/3307 3303/3303/3303
f 3299/3299/3299 3304/3304/3304 3303/3303/3303
f 3312/3312/3312 3287/3287/3287 3306/3306/3306
f 3302/3302/3302 3304/3304/3304 3299/3299/3299
f 3298/3298/3298 3302/3302/3302 3299/3299/3299
f 3311/3311/3311 3287/3287/3287 3312/3312/3312
f 4304/4304/4304 4312/4312/4312 4311/4311/4311
f 3574/3574/3574 3583/3583/3583 3584/3584/3584
f 3608/3608/3608 3641/3641/3641 3607/3607/3607
f 3641/3641/3641 3642/3642/3642 3607/3607/3607
f 3583/3583/3583 3621/3621/3621 3584/3584/3584
f 3621/3621/3621 3630/3630/3630 3657/3657/3657
f 3735/3735/3735 3764/3764/3764 3705/3705/3705
f 3725/3725/3725 3743/3743/3743 3738/3738/3738
f 3764/3764/3764 3780/3780/3780 3763/3763/3763
f 3780/3780/3780 3781/3781/3781 3763/3763/3763
f 3767/3767/3767 3431/3431/3431 3427/3427/3427
f 3425/3425/3425 3427/3427/3427 3431/3431/3431
f 3425/3425/3425 3423/3423/3423 3406/3406/3406
f 4053/4053/4053 3798/3798/3798 4077/4077/4077
f 3405/3405/3405 3372/3372/3372 3404/3404/3404
f 4053/4053/4053 4035/4035/4035 4016/4016/4016
f 3372/3372/3372 3389/3389/3389 3379/3379/3379
f 4018/4018/4018 4033/4033/4033 4031/4031/4031
f 4021/4021/4021 4020/4020/4020 4030/4030/4030
f 4030/4030/4030 4020/4020/4020 4034/4034/4034
f 4020/4020/4020 4028/4028/4028 4034/4034/4034
f 3379/3379/3379 3389/3389/3389 3390/3390/3390
f 3379/3379/3379 3390/3390/3390 3393/3393/3393
f 3380/3380/3380 3379/3379/3379 3393/3393/3393
f 3393/3393/3393 3398/3398/3398 3380/3380/3380
f 4084/4084/4084 4059/4059/4059 4083/4083/4083
f 3160/3160/3160 3170/3170/3170 3163/3163/3163
f 4187/4187/4187 4188/4188/4188 4185/4185/4185
f 4185/4185/4185 4188/4188/4188 4189/4189/4189
f 4106/4106/4106 4116/4116/4116 4085/4085/4085
f 4084/4084/4084 4106/4106/4106 4085/4085/4085
f 4123/4123/4123 4116/4116/4116 4106/4106/4106
f 3145/3145/3145 3139/3139/3139 3131/3131/3131
f 1458/1458/1458 1427/1427/1427 1459/1459/1459
f 1458/1458/1458 1426/1426/1426 1427/1427/1427
f 3128/3128/3128 3127/3127/3127 3126/3126/3126
f 3139/3139/3139 3128/3128/3128 3126/3126/3126
f 1413/1413/1413 1427/1427/1427 1426/1426/1426
f 1069/1069/1069 1091/1091/1091 1094/1094/1094
f 1413/1413/1413 1407/1407/1407 1408/1408/1408
f 1407/1407/1407 1398/1398/1398 1408/1408/1408
f 1400/1400/1400 1403/1403/1403 1399/1399/1399
f 1290/1290/1290 1294/1294/1294 1293/1293/1293
f 1290/1290/1290 1215/1215/1215 1294/1294/1294
f 1509/1509/1509 1500/1500/1500 1494/1494/1494
f 1292/1292/1292 1291/1291/1291 1301/1301/1301
f 1292/1292/1292 1301/1301/1301 1300/1300/1300
f 1272/1272/1272 1270/1270/1270 1252/1252/1252
f 1206/1206/1206 1208/1208/1208 1210/1210/1210
f 1252/1252/1252 1270/1270/1270 1236/1236/1236
f 1235/1235/1235 1252/1252/1252 1236/1236/1236
f 1189/1189/1189 1208/1208/1208 1186/1186/1186
f 3025/3025/3025 3017/3017/3017 3018/3018/3018
f 2843/2843/2843 2825/2825/2825 2840/2840/2840
f 3031/3031/3031 3016/3016/3016 3030/3030/3030
f 2810/2810/2810 2800/2800/2800 2799/2799/2799
f 2995/2995/2995 2987/2987/2987 3047/3047/3047
f 2800/2800/2800 2807/2807/2807 2804/2804/2804
f 2993/2993/2993 2995/2995/2995 2949/2949/2949
f 2812/2812/2812 2811/2811/2811 2809/2809/2809
f 2993/2993/2993 2949/2949/2949 2947/2947/2947
f 2994/2994/2994 2993/2993/2993 2947/2947/2947
f 2105/2105/2105 2153/2153/2153 2134/2134/2134
f 2826/2826/2826 2820/2820/2820 2873/2873/2873
f 2872/2872/2872 2873/2873/2873 2875/2875/2875
f 2107/2107/2107 2121/2121/2121 2106/2106/2106
f 3266/3266/3266 3259/3259/3259 3248/3248/3248
f 2106/2106/2106 2121/2121/2121 2116/2116/2116
f 3249/3249/3249 3252/3252/3252 3243/3243/3243
f 3233/3233/3233 3243/3243/3243 3252/3252/3252
f 2122/2122/2122 2133/2133/2133 2124/2124/2124
f 3219/3219/3219 3236/3236/3236 3233/3233/3233
f 2137/2137/2137 2124/2124/2124 2133/2133/2133
f 2137/2137/2137 2202/2202/2202 2200/2200/2200
f 2200/2200/2200 2202/2202/2202 2191/2191/2191
f 2191/2191/2191 2192/2192/2192 2187/2187/2187
f 3221/3221/3221 3218/3218/3218 3198/3198/3198
f 2274/2274/2274 2273/2273/2273 2279/2279/2279
f 3198/3198/3198 3194/3194/3194 3221/3221/3221
f 3304/3304/3304 3314/3314/3314 3307/3307/3307
f 3306/3306/3306 3313/3313/3313 3312/3312/3312
f 4322/4322/4322 4339/4339/4339 4317/4317/4317
f 4311/4311/4311 4326/4326/4326 4301/4301/4301
f 4299/4299/4299 4303/4303/4303 4304/4304/4304
f 4299/4299/4299 4304/4304/4304 4311/4311/4311
f 3563/3563/3563 3513/3513/3513 3520/3520/3520
f 3553/3553/3553 3513/3513/3513 3563/3563/3563
f 3509/3509/3509 3510/3510/3510 3506/3506/3506
f 3566/3566/3566 3567/3567/3567 3569/3569/3569
f 3504/3504/3504 3507/3507/3507 3505/3505/3505
f 3525/3525/3525 3507/3507/3507 3504/3504/3504
f 3569/3569/3569 3608/3608/3608 3607/3607/3607
f 3554/3554/3554 3583/3583/3583 3574/3574/3574
f 3647/3647/3647 3642/3642/3642 3698/3698/3698
f 3583/3583/3583 3630/3630/3630 3621/3621/3621
f 3630/3630/3630 3667/3667/3667 3657/3657/3657
f 3657/3657/3657 3667/3667/3667 3679/3679/3679
f 3667/3667/3667 3689/3689/3689 3679/3679/3679
f 3689/3689/3689 3725/3725/3725 3679/3679/3679
f 3705/3705/3705 3764/3764/3764 3763/3763/3763
f 3743/3743/3743 3726/3726/3726 3767/3767/3767
f 3781/3781/3781 3790/3790/3790 3789/3789/3789
f 3425/3425/3425 3431/3431/3431 3423/3423/3423
f 3798/3798/3798 4053/4053/4053 4048/4048/4048
f 3406/3406/3406 3410/3410/3410 3404/3404/3404
f 3372/3372/3372 3405/3405/3405 3407/3407/3407
f 4011/4011/4011 4020/4020/4020 4021/4021/4021
f 3391/3391/3391 3390/3390/3390 3389/3389/3389
f 4028/4028/4028 4029/4029/4029 4034/4034/4034
f 4029/4029/4029 4016/4016/4016 4035/4035/4035
f 3393/3393/3393 3395/3395/3395 3398/3398/3398
f 4059/4059/4059 4084/4084/4084 4073/4073/4073
f 4085/4085/4085 4073/4073/4073 4084/4084/4084
f 2381/2381/2381 2408/2408/2408 2382/2382/2382
f 2381/2381/2381 2382/2382/2382 2383/2383/2383
f 2408/2408/2408 2381/2381/2381 2410/2410/2410
f 2383/2383/2383 2409/2409/2409 2381/2381/2381
f 3160/3160/3160 3161/3161/3161 3145/3145/3145
f 1393/1393/1393 1384/1384/1384 1391/1391/1391
f 2409/2409/2409 2383/2383/2383 2387/2387/2387
f 4185/4185/4185 4186/4186/4186 4187/4187/4187
f 1393/1393/1393 1436/1436/1436 1384/1384/1384
f 3161/3161/3161 3158/3158/3158 3145/3145/3145
f 1384/1384/1384 1436/1436/1436 1383/1383/1383
f 1436/1436/1436 1459/1459/1459 1427/1427/1427
f 1415/1415/1415 1427/1427/1427 1413/1413/1413
f 1094/1094/1094 1095/1095/1095 1069/1069/1069
f 1408/1408/1408 1415/1415/1415 1413/1413/1413
f 1069/1069/1069 1070/1070/1070 1071/1071/1071
f 1073/1073/1073 1070/1070/1070 1069/1069/1069
f 2454/2454/2454 2448/2448/2448 2453/2453/2453
f 1544/1544/1544 1545/1545/1545 1543/1543/1543
f 1400/1400/1400 1399/1399/1399 1398/1398/1398
f 2835/2835/2835 2824/2824/2824 2784/2784/2784
f 1435/1435/1435 1401/1401/1401 1403/1403/1403
f 2824/2824/2824 2797/2797/2797 2791/2791/2791
f 1443/1443/1443 1435/1435/1435 1447/1447/1447
f 1215/1215/1215 1205/1205/1205 1213/1213/1213
f 1447/1447/1447 1494/1494/1494 1491/1491/1491
f 1204/1204/1204 1213/1213/1213 1205/1205/1205
f 1205/1205/1205 1215/1215/1215 1290/1290/1290
f 1291/1291/1291 1290/1290/1290 1293/1293/1293
f 1491/1491/1491 1494/1494/1494 1500/1500/1500
f 2836/2836/2836 2796/2796/2796 2792/2792/2792
f 1206/1206/1206 1210/1210/1210 1207/1207/1207
f 1197/1197/1197 1206/1206/1206 1207/1207/1207
f 1208/1208/1208 1206/1206/1206 1186/1186/1186
f 3017/3017/3017 3010/3010/3010 3018/3018/3018
f 2796/2796/2796 2831/2831/2831 2786/2786/2786
f 1183/1183/1183 1189/1189/1189 1179/1179/1179
f 1179/1179/1179 1189/1189/1189 1186/1186/1186
f 3015/3015/3015 3010/3010/3010 3017/3017/3017
f 1176/1176/1176 1188/1188/1188 1187/1187/1187
f 1183/1183/1183 1176/1176/1176 1187/1187/1187
f 2810/2810/2810 2799/2799/2799 2825/2825/2825
f 3016/3016/3016 3031/3031/3031 3003/3003/3003
f 2987/2987/2987 3031/3031/3031 3047/3047/3047
f 2987/2987/2987 2995/2995/2995 2990/2990/2990
f 2804/2804/2804 2807/2807/2807 2808/2808/2808
f 2809/2809/2809 2804/2804/2804 2808/2808/2808
f 2993/2993/2993 2990/2990/2990 2995/2995/2995
f 2812/2812/2812 2809/2809/2809 2808/2808/2808
f 2944/2944/2944 2994/2994/2994 2947/2947/2947
f 2816/2816/2816 2815/2815/2815 2812/2812/2812
f 2816/2816/2816 2855/2855/2855 2820/2820/2820
f 2820/2820/2820 2815/2815/2815 2816/2816/2816
f 2875/2875/2875 2874/2874/2874 2877/2877/2877
f 2874/2874/2874 2875/2875/2875 2873/2873/2873
f 2874/2874/2874 2873/2873/2873 2855/2855/2855
f 2855/2855/2855 2873/2873/2873 2820/2820/2820
f 2106/2106/2106 2099/2099/2099 2105/2105/2105
f 3259/3259/3259 3252/3252/3252 3249/3249/3249
f 2116/2116/2116 2121/2121/2121 2117/2117/2117
f 2121/2121/2121 2122/2122/2122 2117/2117/2117
f 3217/3217/3217 3219/3219/3219 3233/3233/3233
f 2200/2200/2200 2124/2124/2124 2137/2137/2137
f 3218/3218/3218 3219/3219/3219 3217/3217/3217
f 3218/3218/3218 3217/3217/3217 3216/3216/3216
f 2186/2186/2186 2191/2191/2191 2187/2187/2187
f 2186/2186/2186 2190/2190/2190 2191/2191/2191
f 2187/2187/2187 2273/2273/2273 2274/2274/2274
f 3211/3211/3211 3196/3196/3196 3210/3210/3210
f 3195/3195/3195 3210/3210/3210 3196/3196/3196
f 3216/3216/3216 3198/3198/3198 3218/3218/3218
f 3194/3194/3194 3195/3195/3195 3196/3196/3196
f 3315/3315/3315 3313/3313/3313 3211/3211/3211
f 4303/4303/4303 4317/4317/4317 4318/4318/4318
f 4304/4304/4304 4303/4303/4303 4318/4318/4318
f 4328/4328/4328 4301/4301/4301 4326/4326/4326
f 3556/3556/3556 3555/3555/3555 3552/3552/3552
f 3552/3552/3552 3513/3513/3513 3553/3553/3553
f 3528/3528/3528 3513/3513/3513 3552/3552/3552
f 3520/3520/3520 3513/3513/3513 3509/3509/3509
f 3513/3513/3513 3511/3511/3511 3509/3509/3509
f 3569/3569/3569 3556/3556/3556 3566/3566/3566
f 3556/3556/3556 3552/3552/3552 3566/3566/3566
f 3566/3566/3566 3552/3552/3552 3567/3567/3567
f 3551/3551/3551 3525/3525/3525 3554/3554/3554
f 3569/3569/3569 3607/3607/3607 3568/3568/3568
f 3554/3554/3554 3577/3577/3577 3583/3583/3583
f 3705/3705/3705 3647/3647/3647 3698/3698/3698
f 3725/3725/3725 3726/3726/3726 3743/3743/3743
f 3790/3790/3790 3798/3798/3798 3789/3789/3789
f 3423/3423/3423 3410/3410/3410 3406/3406/3406
f 3404/3404/3404 3410/3410/3410 3405/3405/3405
f 3372/3372/3372 3407/3407/3407 3389/3389/3389
f 3397/3397/3397 3391/3391/3391 3389/3389/3389
f 3407/3407/3407 3397/3397/3397 3389/3389/3389
f 4018/4018/4018 4011/4011/4011 4021/4021/4021
f 4011/4011/4011 4008/4008/4008 4020/4020/4020
f 4002/4002/4002 4016/4016/4016 4029/4029/4029
f 4002/4002/4002 4028/4028/4028 4020/4020/4020
f 3391/3391/3391 3392/3392/3392 3390/3390/3390
f 3392/3392/3392 3393/3393/3393 3390/3390/3390
f 4059/4059/4059 4045/4045/4045 4041/4041/4041
f 3392/3392/3392 3395/3395/3395 3393/3393/3393
f 4059/4059/4059 4073/4073/4073 4071/4071/4071
f 3164/3164/3164 3163/3163/3163 3169/3169/3169
f 2382/2382/2382 2400/2400/2400 2384/2384/2384
f 2382/2382/2382 2384/2384/2384 2383/2383/2383
f 2383/2383/2383 2384/2384/2384 2385/2385/2385
f 2385/2385/2385 2386/2386/2386 2383/2383/2383
f 3162/3162/3162 3160/3160/3160 3163/3163/3163
f 3164/3164/3164 3162/3162/3162 3163/3163/3163
f 2408/2408/2408 2400/2400/2400 2382/2382/2382
f 2383/2383/2383 2386/2386/2386 2387/2387/2387
f 4085/4085/4085 4072/4072/4072 4073/4073/4073
f 3160/3160/3160 3162/3162/3162 3161/3161/3161
f 1384/1384/1384 1380/1380/1380 1391/1391/1391
f 1384/1384/1384 1383/1383/1383 1380/1380/1380
f 3158/3158/3158 3139/3139/3139 3145/3145/3145
f 1434/1434/1434 1436/1436/1436 1415/1415/1415
f 1427/1427/1427 1415/1415/1415 1436/1436/1436
f 1093/1093/1093 1069/1069/1069 1095/1095/1095
f 1408/1408/1408 1398/1398/1398 1415/1415/1415
f 1544/1544/1544 1543/1543/1543 1542/1542/1542
f 2848/2848/2848 2846/2846/2846 2847/2847/2847
f 2846/2846/2846 2849/2849/2849 2783/2783/2783
f 2846/2846/2846 2848/2848/2848 2849/2849/2849
f 2835/2835/2835 2783/2783/2783 2849/2849/2849
f 1399/1399/1399 1403/1403/1403 1401/1401/1401
f 2835/2835/2835 2850/2850/2850 2824/2824/2824
f 1401/1401/1401 1435/1435/1435 1443/1443/1443
f 1443/1443/1443 1447/1447/1447 1491/1491/1491
f 1290/1290/1290 1291/1291/1291 1292/1292/1292
f 2792/2792/2792 2797/2797/2797 2836/2836/2836
f 1300/1300/1300 1299/1299/1299 1292/1292/1292
f 2832/2832/2832 2796/2796/2796 2836/2836/2836
f 1306/1306/1306 1300/1300/1300 1305/1305/1305
f 1252/1252/1252 1269/1269/1269 1272/1272/1272
f 3018/3018/3018 3013/3013/3013 3054/3054/3054
f 2796/2796/2796 2832/2832/2832 2831/2831/2831
f 1220/1220/1220 1232/1232/1232 1235/1235/1235
f 2831/2831/2831 2834/2834/2834 2786/2786/2786
f 1190/1190/1190 1232/1232/1232 1220/1220/1220
f 1179/1179/1179 1176/1176/1176 1183/1183/1183
f 3015/3015/3015 3008/3008/3008 3010/3010/3010
f 2834/2834/2834 2840/2840/2840 2786/2786/2786
f 3016/3016/3016 3008/3008/3008 3015/3015/3015
f 3016/3016/3016 3002/3002/3002 3008/3008/3008
f 2843/2843/2843 2840/2840/2840 2834/2834/2834
f 2843/2843/2843 2810/2810/2810 2825/2825/2825
f 3003/3003/3003 3002/3002/3002 3016/3016/3016
f 2843/2843/2843 2844/2844/2844 2810/2810/2810
f 3003/3003/3003 3031/3031/3031 2987/2987/2987
f 2810/2810/2810 2807/2807/2807 2800/2800/2800
f 2813/2813/2813 2812/2812/2812 2808/2808/2808
f 2994/2994/2994 2984/2984/2984 2993/2993/2993
f 2994/2994/2994 2944/2944/2944 2992/2992/2992
f 2941/2941/2941 2992/2992/2992 2944/2944/2944
f 2941/2941/2941 2944/2944/2944 2943/2943/2943
f 2942/2942/2942 2941/2941/2941 2943/2943/2943
f 4200/4200/4200 4201/4201/4201 4202/4202/4202
f 3265/3265/3265 3259/3259/3259 3266/3266/3266
f 3262/3262/3262 3259/3259/3259 3265/3265/3265
f 3262/3262/3262 3252/3252/3252 3259/3259/3259
f 2122/2122/2122 2118/2118/2118 2117/2117/2117
f 2122/2122/2122 2124/2124/2124 2118/2118/2118
f 3233/3233/3233 3252/3252/3252 3217/3217/3217
f 3216/3216/3216 3217/3217/3217 3215/3215/3215
f 2190/2190/2190 2200/2200/2200 2191/2191/2191
f 2179/2179/2179 2186/2186/2186 2187/2187/2187
f 2187/2187/2187 2274/2274/2274 2179/2179/2179
f 3194/3194/3194 3198/3198/3198 3195/3195/3195
f 4334/4334/4334 4340/4340/4340 4339/4339/4339
f 4322/4322/4322 4334/4334/4334 4339/4339/4339
f 4317/4317/4317 4307/4307/4307 4322/4322/4322
f 4299/4299/4299 4293/4293/4293 4303/4303/4303
f 4300/4300/4300 4299/4299/4299 4311/4311/4311
f 3512/3512/3512 3515/3515/3515 3506/3506/3506
f 3577/3577/3577 3576/3576/3576 3583/3583/3583
f 3602/3602/3602 3607/3607/3607 3617/3617/3617
f 3583/3583/3583 3623/3623/3623 3630/3630/3630
f 3630/3630/3630 3623/3623/3623 3667/3667/3667
f 3689/3689/3689 3726/3726/3726 3725/3725/3725
f 3726/3726/3726 3431/3431/3431 3767/3767/3767
f 3781/3781/3781 3789/3789/3789 3782/3782/3782
f 3431/3431/3431 3430/3430/3430 3423/3423/3423
f 3789/3789/3789 3798/3798/3798 3782/3782/3782
f 3423/3423/3423 3430/3430/3430 3410/3410/3410
f 3798/3798/3798 4048/4048/4048 3985/3985/3985
f 3410/3410/3410 3407/3407/3407 3405/3405/3405
f 3394/3394/3394 3391/3391/3391 3397/3397/3397
f 4008/4008/4008 4007/4007/4007 4020/4020/4020
f 4007/4007/4007 4002/4002/4002 4020/4020/4020
f 4053/4053/4053 4016/4016/4016 4026/4026/4026
f 4018/4018/4018 4031/4031/4031 4017/4017/4017
f 4017/4017/4017 4031/4031/4031 4027/4027/4027
f 4028/4028/4028 4002/4002/4002 4029/4029/4029
f 4031/4031/4031 4041/4041/4041 4027/4027/4027
f 4041/4041/4041 4045/4045/4045 4027/4027/4027
f 3396/3396/3396 3395/3395/3395 3392/3392/3392
f 4059/4059/4059 4071/4071/4071 4045/4045/4045
f 2392/2392/2392 2400/2400/2400 2404/2404/2404
f 2392/2392/2392 2384/2384/2384 2400/2400/2400
f 2384/2384/2384 2389/2389/2389 2385/2385/2385
f 4073/4073/4073 4072/4072/4072 4071/4071/4071
f 1391/1391/1391 1381/1381/1381 1392/1392/1392
f 2408/2408/2408 2404/2404/2404 2400/2400/2400
f 1380/1380/1380 1381/1381/1381 1391/1391/1391
f 3162/3162/3162 3166/3166/3166 3161/3161/3161
f 1380/1380/1380 1376/1376/1376 1381/1381/1381
f 3158/3158/3158 3161/3161/3161 3166/3166/3166
f 1436/1436/1436 1434/1434/1434 1383/1383/1383
f 3140/3140/3140 3128/3128/3128 3139/3139/3139
f 3139/3139/3139 3158/3158/3158 3140/3140/3140
f 3149/3149/3149 3128/3128/3128 3140/3140/3140
f 1545/1545/1545 1546/1546/1546 1543/1543/1543
f 1397/1397/1397 1414/1414/1414 1398/1398/1398
f 1397/1397/1397 1398/1398/1398 1395/1395/1395
f 1398/1398/1398 1399/1399/1399 1395/1395/1395
f 2797/2797/2797 2824/2824/2824 2837/2837/2837
f 2797/2797/2797 2838/2838/2838 2836/2836/2836
f 1290/1290/1290 1292/1292/1292 1205/1205/1205
f 1207/1207/1207 1204/1204/1204 1197/1197/1197
f 1495/1495/1495 1491/1491/1491 1500/1500/1500
f 1206/1206/1206 1197/1197/1197 1180/1180/1180
f 1180/1180/1180 1186/1186/1186 1206/1206/1206
f 1186/1186/1186 1180/1180/1180 1175/1175/1175
f 1232/1232/1232 1252/1252/1252 1235/1235/1235
f 1179/1179/1179 1186/1186/1186 1175/1175/1175
f 1190/1190/1190 1188/1188/1188 1178/1178/1178
f 1190/1190/1190 1220/1220/1220 1188/1188/1188
f 1188/1188/1188 1176/1176/1176 1178/1178/1178
f 3002/3002/3002 3004/3004/3004 3008/3008/3008
f 2810/2810/2810 2844/2844/2844 2822/2822/2822
f 2810/2810/2810 2822/2822/2822 2818/2818/2818
f 2818/2818/2818 2807/2807/2807 2810/2810/2810
f 2808/2808/2808 2807/2807/2807 2818/2818/2818
f 2993/2993/2993 2984/2984/2984 2990/2990/2990
f 2812/2812/2812 2813/2813/2813 2819/2819/2819
f 2816/2816/2816 2812/2812/2812 2819/2819/2819
f 2940/2940/2940 2941/2941/2941 2942/2942/2942
f 2105/2105/2105 2099/2099/2099 2098/2098/2098
f 2855/2855/2855 2816/2816/2816 2841/2841/2841
f 2879/2879/2879 2877/2877/2877 2874/2874/2874
f 2874/2874/2874 2855/2855/2855 2867/2867/2867
f 2913/2913/2913 2877/2877/2877 2879/2879/2879
f 2867/2867/2867 2879/2879/2879 2874/2874/2874
f 2106/2106/2106 2116/2116/2116 2112/2112/2112
f 3262/3262/3262 3265/3265/3265 3268/3268/3268
f 2116/2116/2116 2113/2113/2113 2112/2112/2112
f 3252/3252/3252 3262/3262/3262 3263/3263/3263
f 2113/2113/2113 2116/2116/2116 2117/2117/2117
f 2118/2118/2118 2113/2113/2113 2117/2117/2117
f 3217/3217/3217 3252/3252/3252 3263/3263/3263
f 3215/3215/3215 3209/3209/3209 3216/3216/3216
f 2179/2179/2179 2185/2185/2185 2186/2186/2186
f 3216/3216/3216 3200/3200/3200 3198/3198/3198
f 2189/2189/2189 2190/2190/2190 2186/2186/2186
f 3210/3210/3210 3315/3315/3315 3211/3211/3211
f 3315/3315/3315 3312/3312/3312 3313/3313/3313
f 4325/4325/4325 4328/4328/4328 4338/4338/4338
f 4307/4307/4307 4317/4317/4317 4303/4303/4303
f 4301/4301/4301 4328/4328/4328 4325/4325/4325
f 4300/4300/4300 4311/4311/4311 4301/4301/4301
f 3555/3555/3555 3529/3529/3529 3552/3552/3552
f 3529/3529/3529 3528/3528/3528 3552/3552/3552
f 3510/3510/3510 3512/3512/3512 3506/3506/3506
f 3506/3506/3506 3514/3514/3514 3504/3504/3504
f 3525/3525/3525 3541/3541/3541 3554/3554/3554
f 3541/3541/3541 3576/3576/3576 3554/3554/3554
f 3554/3554/3554 3576/3576/3576 3577/3577/3577
f 3647/3647/3647 3607/3607/3607 3642/3642/3642
f 3705/3705/3705 3702/3702/3702 3647/3647/3647
f 3763/3763/3763 3732/3732/3732 3705/3705/3705
f 3763/3763/3763 3781/3781/3781 3782/3782/3782
f 3438/3438/3438 3430/3430/3430 3431/3431/3431
f 3782/3782/3782 3798/3798/3798 3985/3985/3985
f 3434/3434/3434 3437/3437/3437 3410/3410/3410
f 3437/3437/3437 3428/3428/3428 3410/3410/3410
f 3410/3410/3410 3428/3428/3428 3407/3407/3407
f 3412/3412/3412 3397/3397/3397 3407/3407/3407
f 4048/4048/4048 4053/4053/4053 4026/4026/4026
f 4017/4017/4017 4012/4012/4012 4018/4018/4018
f 4018/4018/4018 4012/4012/4012 4011/4011/4011
f 4002/4002/4002 4001/4001/4001 4016/4016/4016
f 4026/4026/4026 4016/4016/4016 4001/4001/4001
f 3394/3394/3394 3392/3392/3392 3391/3391/3391
f 3396/3396/3396 3392/3392/3392 3394/3394/3394
f 4027/4027/4027 4045/4045/4045 4044/4044/4044
f 3399/3399/3399 3395/3395/3395 3396/3396/3396
f 2384/2384/2384 2392/2392/2392 2389/2389/2389
f 4071/4071/4071 4072/4072/4072 4070/4070/4070
f 1392/1392/1392 1381/1381/1381 1385/1385/1385
f 3165/3165/3165 3162/3162/3162 3164/3164/3164
f 1376/1376/1376 1380/1380/1380 1375/1375/1375
f 1383/1383/1383 1375/1375/1375 1380/1380/1380
f 1377/1377/1377 1375/1375/1375 1383/1383/1383
f 1434/1434/1434 1377/1377/1377 1383/1383/1383
f 3140/3140/3140 3158/3158/3158 3159/3159/3159
f 3159/3159/3159 3158/3158/3158 3166/3166/3166
f 1415/1415/1415 1431/1431/1431 1434/1434/1434
f 1069/1069/1069 1093/1093/1093 1074/1074/1074
f 1074/1074/1074 1073/1073/1073 1069/1069/1069
f 1398/1398/1398 1414/1414/1414 1415/1415/1415
f 2849/2849/2849 2850/2850/2850 2835/2835/2835
f 1399/1399/1399 1401/1401/1401 1395/1395/1395
f 1401/1401/1401 1402/1402/1402 1395/1395/1395
f 2797/2797/2797 2837/2837/2837 2838/2838/2838
f 1439/1439/1439 1401/1401/1401 1443/1443/1443
f 1443/1443/1443 1491/1491/1491 1485/1485/1485
f 1204/1204/1204 1205/1205/1205 1193/1193/1193
f 1194/1194/1194 1193/1193/1193 1205/1205/1205
f 1193/1193/1193 1197/1197/1197 1204/1204/1204
f 3018/3018/3018 3010/3010/3010 3013/3013/3013
f 1225/1225/1225 1232/1232/1232 1190/1190/1190
f 1173/1173/1173 1176/1176/1176 1179/1179/1179
f 1173/1173/1173 1179/1179/1179 1175/1175/1175
f 1609/1609/1609 1637/1637/1637 1645/1645/1645
f 3003/3003/3003 2999/2999/2999 3002/3002/3002
f 2987/2987/2987 2999/2999/2999 3003/3003/3003
f 2987/2987/2987 2983/2983/2983 2999/2999/2999
f 2808/2808/2808 2818/2818/2818 2833/2833/2833
f 2987/2987/2987 2990/2990/2990 2980/2980/2980
f 2983/2983/2983 2987/2987/2987 2980/2980/2980
f 2813/2813/2813 2808/2808/2808 2833/2833/2833
f 2984/2984/2984 2980/2980/2980 2990/2990/2990
f 2992/2992/2992 2984/2984/2984 2994/2994/2994
f 2816/2816/2816 2819/2819/2819 2841/2841/2841
f 2855/2855/2855 2841/2841/2841 2867/2867/2867
f 2106/2106/2106 2100/2100/2100 2099/2099/2099
f 2878/2878/2878 2879/2879/2879 2867/2867/2867
f 2112/2112/2112 2100/2100/2100 2106/2106/2106
f 2913/2913/2913 2879/2879/2879 2880/2880/2880
f 3263/3263/3263 3264/3264/3264 3217/3217/3217
f 3217/3217/3217 3264/3264/3264 3215/3215/3215
f 2136/2136/2136 2124/2124/2124 2200/2200/2200
f 3199/3199/3199 3210/3210/3210 3195/3195/3195
f 3199/3199/3199 3195/3195/3195 3198/3198/3198
f 3216/3216/3216 3209/3209/3209 3200/3200/3200
f 2189/2189/2189 2186/2186/2186 2185/2185/2185
f 4246/4246/4246 4288/4288/4288 4255/4255/4255
f 2279/2279/2279 2180/2180/2180 2274/2274/2274
f 2279/2279/2279 2280/2280/2280 2180/2180/2180
f 4338/4338/4338 4288/4288/4288 4330/4330/4330
f 4325/4325/4325 4338/4338/4338 4330/4330/4330
f 4298/4298/4298 4307/4307/4307 4303/4303/4303
f 4293/4293/4293 4298/4298/4298 4303/4303/4303
f 3515/3515/3515 3514/3514/3514 3506/3506/3506
f 3568/3568/3568 3557/3557/3557 3569/3569/3569
f 3504/3504/3504 3524/3524/3524 3525/3525/3525
f 3568/3568/3568 3607/3607/3607 3602/3602/3602
f 3726/3726/3726 3689/3689/3689 3721/3721/3721
f 3431/3431/3431 3726/3726/3726 3740/3740/3740
f 3740/3740/3740 3438/3438/3438 3431/3431/3431
f 3434/3434/3434 3430/3430/3430 3443/3443/3443
f 3430/3430/3430 3434/3434/3434 3410/3410/3410
f 3428/3428/3428 3412/3412/3412 3407/3407/3407
f 3412/3412/3412 3411/3411/3411 3397/3397/3397
f 3397/3397/3397 3411/3411/3411 3394/3394/3394
f 4027/4027/4027 4023/4023/4023 4017/4017/4017
f 2392/2392/2392 2391/2391/2391 2389/2389/2389
f 2389/2389/2389 2391/2391/2391 2390/2390/2390
f 3175/3175/3175 3164/3164/3164 3180/3180/3180
f 2392/2392/2392 2404/2404/2404 2398/2398/2398
f 2389/2389/2389 2390/2390/2390 2385/2385/2385
f 2390/2390/2390 2388/2388/2388 2385/2385/2385
f 3175/3175/3175 3165/3165/3165 3164/3164/3164
f 2388/2388/2388 2386/2386/2386 2385/2385/2385
f 3167/3167/3167 3166/3166/3166 3162/3162/3162
f 3159/3159/3159 3166/3166/3166 3171/3171/3171
f 1431/1431/1431 1377/1377/1377 1434/1434/1434
f 3156/3156/3156 3140/3140/3140 3159/3159/3159
f 1431/1431/1431 1415/1415/1415 1414/1414/1414
f 3150/3150/3150 3149/3149/3149 3140/3140/3140
f 3140/3140/3140 3156/3156/3156 3150/3150/3150
f 1073/1073/1073 1074/1074/1074 1075/1075/1075
f 1543/1543/1543 1546/1546/1546 1547/1547/1547
f 2837/2837/2837 2824/2824/2824 2850/2850/2850
f 1194/1194/1194 1205/1205/1205 1297/1297/1297
f 1485/1485/1485 1491/1491/1491 1484/1484/1484
f 1193/1193/1193 1191/1191/1191 1197/1197/1197
f 1292/1292/1292 1297/1297/1297 1205/1205/1205
f 1292/1292/1292 1299/1299/1299 1298/1298/1298
f 1484/1484/1484 1491/1491/1491 1495/1495/1495
f 1191/1191/1191 1180/1180/1180 1197/1197/1197
f 1302/1302/1302 1299/1299/1299 1300/1300/1300
f 1306/1306/1306 1302/1302/1302 1300/1300/1300
f 2831/2831/2831 2832/2832/2832 2853/2853/2853
f 1265/1265/1265 1269/1269/1269 1252/1252/1252
f 1643/1643/1643 1644/1644/1644 1608/1608/1608
f 1225/1225/1225 1250/1250/1250 1252/1252/1252
f 1225/1225/1225 1252/1252/1252 1232/1232/1232
f 1643/1643/1643 1609/1609/1609 1645/1645/1645
f 1641/1641/1641 1637/1637/1637 1640/1640/1640
f 2819/2819/2819 2813/2813/2813 2833/2833/2833
f 2879/2879/2879 2878/2878/2878 2880/2880/2880
f 2109/2109/2109 2100/2100/2100 2112/2112/2112
f 4209/4209/4209 4287/4287/4287 4289/4289/4289
f 2113/2113/2113 2109/2109/2109 2112/2112/2112
f 3268/3268/3268 3267/3267/3267 3263/3263/3263
f 3268/3268/3268 3263/3263/3263 3262/3262/3262
f 2118/2118/2118 2124/2124/2124 2120/2120/2120
f 2136/2136/2136 2120/2120/2120 2124/2124/2124
f 3209/3209/3209 3215/3215/3215 3214/3214/3214
f 2195/2195/2195 2136/2136/2136 2200/2200/2200
f 2190/2190/2190 2195/2195/2195 2200/2200/2200
f 2179/2179/2179 2274/2274/2274 2180/2180/2180
f 4255/4255/4255 4228/4228/4228 4246/4246/4246
f 3199/3199/3199 3198/3198/3198 3200/3200/3200
f 4266/4266/4266 4288/4288/4288 4246/4246/4246
f 4334/4334/4334 4343/4343/4343 4340/4340/4340
f 4314/4314/4314 4301/4301/4301 4325/4325/4325
f 4292/4292/4292 4293/4293/4293 4299/4299/4299
f 4292/4292/4292 4299/4299/4299 4300/4300/4300
f 4301/4301/4301 4292/4292/4292 4300/4300/4300
f 3529/3529/3529 3555/3555/3555 3556/3556/3556
f 3511/3511/3511 3510/3510/3510 3509/3509/3509
f 3514/3514/3514 3524/3524/3524 3504/3504/3504
f 3556/3556/3556 3569/3569/3569 3557/3557/3557
f 3540/3540/3540 3525/3525/3525 3524/3524/3524
f 3541/3541/3541 3548/3548/3548 3576/3576/3576
f 3576/3576/3576 3579/3579/3579 3583/3583/3583
f 3583/3583/3583 3622/3622/3622 3623/3623/3623
f 3623/3623/3623 3669/3669/3669 3667/3667/3667
f 3667/3667/3667 3669/3669/3669 3689/3689/3689
f 3669/3669/3669 3690/3690/3690 3689/3689/3689
f 3689/3689/3689 3690/3690/3690 3721/3721/3721
f 3782/3782/3782 3771/3771/3771 3763/3763/3763
f 3447/3447/3447 3740/3740/3740 3726/3726/3726
f 3782/3782/3782 3985/3985/3985 3979/3979/3979
f 3442/3442/3442 3430/3430/3430 3438/3438/3438
f 3437/3437/3437 3433/3433/3433 3428/3428/3428
f 3433/3433/3433 3412/3412/3412 3428/3428/3428
f 4015/4015/4015 4012/4012/4012 4017/4017/4017
f 4012/4012/4012 4010/4010/4010 4011/4011/4011
f 3396/3396/3396 3394/3394/3394 3411/3411/3411
f 3413/3413/3413 3396/3396/3396 3411/3411/3411
f 822/822/822 820/820/820 803/803/803
f 4027/4027/4027 4044/4044/4044 4023/4023/4023
f 3190/3190/3190 3175/3175/3175 3180/3180/3180
f 2393/2393/2393 2392/2392/2392 2398/2398/2398
f 2393/2393/2393 2391/2391/2391 2392/2392/2392
f 4045/4045/4045 4071/4071/4071 4070/4070/4070
f 2404/2404/2404 2406/2406/2406 2398/2398/2398
f 2404/2404/2404 2407/2407/2407 2406/2406/2406
f 1378/1378/1378 1385/1385/1385 1381/1381/1381
f 1376/1376/1376 1378/1378/1378 1381/1381/1381
f 3168/3168/3168 3162/3162/3162 3165/3165/3165
f 3167/3167/3167 3162/3162/3162 3168/3168/3168
f 3171/3171/3171 3166/3166/3166 3167/3167/3167
f 3159/3159/3159 3171/3171/3171 3156/3156/3156
f 1431/1431/1431 1414/1414/1414 1417/1417/1417
f 1414/1414/1414 1416/1416/1416 1417/1417/1417
f 1414/1414/1414 1397/1397/1397 1416/1416/1416
f 1395/1395/1395 1396/1396/1396 1397/1397/1397
f 1401/1401/1401 1439/1439/1439 1402/1402/1402
f 2838/2838/2838 2837/2837/2837 2851/2851/2851
f 1298/1298/1298 1297/1297/1297 1292/1292/1292
f 1501/1501/1501 1484/1484/1484 1495/1495/1495
f 1180/1180/1180 1191/1191/1191 1182/1182/1182
f 1302/1302/1302 1298/1298/1298 1299/1299/1299
f 3013/3013/3013 3012/3012/3012 3060/3060/3060
f 1250/1250/1250 1265/1265/1265 1252/1252/1252
f 3013/3013/3013 3010/3010/3010 3009/3009/3009
f 1166/1166/1166 1175/1175/1175 1180/1180/1180
f 3008/3008/3008 3009/3009/3009 3010/3010/3010
f 1166/1166/1166 1173/1173/1173 1175/1175/1175
f 1166/1166/1166 1165/1165/1165 1173/1173/1173
f 1177/1177/1177 1190/1190/1190 1178/1178/1178
f 1177/1177/1177 1178/1178/1178 1176/1176/1176
f 1164/1164/1164 1177/1177/1177 1176/1176/1176
f 3007/3007/3007 3008/3008/3008 3004/3004/3004
f 1627/1627/1627 1609/1609/1609 1643/1643/1643
f 3001/3001/3001 3007/3007/3007 3004/3004/3004
f 1610/1610/1610 1637/1637/1637 1609/1609/1609
f 3002/3002/3002 3001/3001/3001 3004/3004/3004
f 2999/2999/2999 3001/3001/3001 3002/3002/3002
f 2845/2845/2845 2833/2833/2833 2818/2818/2818
f 2980/2980/2980 2978/2978/2978 2983/2983/2983
f 2988/2988/2988 2984/2984/2984 2992/2992/2992
f 2098/2098/2098 2099/2099/2099 2100/2100/2100
f 2878/2878/2878 2867/2867/2867 2869/2869/2869
f 2114/2114/2114 2113/2113/2113 2118/2118/2118
f 3264/3264/3264 3263/3263/3263 3267/3267/3267
f 3214/3214/3214 3215/3215/3215 3264/3264/3264
f 2178/2178/2178 2185/2185/2185 2179/2179/2179
f 4243/4243/4243 4246/4246/4246 4228/4228/4228
f 2189/2189/2189 2195/2195/2195 2190/2190/2190
f 4288/4288/4288 4266/4266/4266 4330/4330/4330
f 4321/4321/4321 4334/4334/4334 4322/4322/4322
f 4305/4305/4305 4308/4308/4308 4307/4307/4307
f 4298/4298/4298 4305/4305/4305 4307/4307/4307
f 4291/4291/4291 4298/4298/4298 4293/4293/4293
f 4302/4302/4302 4292/4292/4292 4301/4301/4301
f 3513/3513/3513 3516/3516/3516 3511/3511/3511
f 3583/3583/3583 3579/3579/3579 3622/3622/3622
f 3646/3646/3646 3647/3647/3647 3702/3702/3702
f 3622/3622/3622 3669/3669/3669 3623/3623/3623
f 3703/3703/3703 3702/3702/3702 3705/3705/3705
f 3703/3703/3703 3705/3705/3705 3732/3732/3732
f 3732/3732/3732 3763/3763/3763 3771/3771/3771
f 3721/3721/3721 3447/3447/3447 3726/3726/3726
f 3740/3740/3740 3447/3447/3447 3438/3438/3438
f 3985/3985/3985 4048/4048/4048 3992/3992/3992
f 4010/4010/4010 4008/4008/4008 4011/4011/4011
f 4007/4007/4007 4008/4008/4008 4006/4006/4006
f 4023/4023/4023 4015/4015/4015 4017/4017/4017
f 4006/4006/4006 4003/4003/4003 4007/4007/4007
f 4007/4007/4007 4003/4003/4003 4002/4002/4002
f 4003/4003/4003 4000/4000/4000 4002/4002/4002
f 4026/4026/4026 4001/4001/4001 3999/3999/3999
f 4001/4001/4001 4000/4000/4000 3999/3999/3999
f 4001/4001/4001 4002/4002/4002 4000/4000/4000
f 2390/2390/2390 2391/2391/2391 2395/2395/2395
f 4045/4045/4045 4070/4070/4070 4044/4044/4044
f 2388/2388/2388 2390/2390/2390 2397/2397/2397
f 1387/1387/1387 1385/1385/1385 1378/1378/1378
f 3168/3168/3168 3165/3165/3165 3175/3175/3175
f 3167/3167/3167 3168/3168/3168 3173/3173/3173
f 1370/1370/1370 1378/1378/1378 1376/1376/1376
f 1375/1375/1375 1370/1370/1370 1376/1376/1376
f 1375/1375/1375 1371/1371/1371 1370/1370/1370
f 3171/3171/3171 3167/3167/3167 3173/3173/3173
f 1371/1371/1371 1375/1375/1375 1377/1377/1377
f 3171/3171/3171 3173/3173/3173 3185/3185/3185
f 1418/1418/1418 1371/1371/1371 1377/1377/1377
f 1431/1431/1431 1418/1418/1418 1377/1377/1377
f 3184/3184/3184 3150/3150/3150 3156/3156/3156
f 1076/1076/1076 1075/1075/1075 1074/1074/1074
f 1543/1543/1543 1547/1547/1547 1541/1541/1541
f 1542/1542/1542 1543/1543/1543 1541/1541/1541
f 1540/1540/1540 1549/1549/1549 1542/1542/1542
f 2865/2865/2865 2850/2850/2850 2849/2849/2849
f 1402/1402/1402 1396/1396/1396 1395/1395/1395
f 2838/2838/2838 2851/2851/2851 2836/2836/2836
f 1484/1484/1484 1439/1439/1439 1443/1443/1443
f 1484/1484/1484 1443/1443/1443 1485/1485/1485
f 1192/1192/1192 1191/1191/1191 1193/1193/1193
f 1192/1192/1192 1193/1193/1193 1194/1194/1194
f 1297/1297/1297 1192/1192/1192 1194/1194/1194
f 2854/2854/2854 2853/2853/2853 2832/2832/2832
f 2854/2854/2854 2832/2832/2832 2836/2836/2836
f 1650/1650/1650 1608/1608/1608 1644/1644/1644
f 1182/1182/1182 1169/1169/1169 1180/1180/1180
f 1237/1237/1237 1250/1250/1250 1225/1225/1225
f 1627/1627/1627 1643/1643/1643 1608/1608/1608
f 1190/1190/1190 1177/1177/1177 1225/1225/1225
f 1173/1173/1173 1164/1164/1164 1176/1176/1176
f 3007/3007/3007 3009/3009/3009 3008/3008/3008
f 1611/1611/1611 1637/1637/1637 1610/1610/1610
f 1640/1640/1640 1637/1637/1637 1611/1611/1611
f 2980/2980/2980 2984/2984/2984 2974/2974/2974
f 2833/2833/2833 2852/2852/2852 2819/2819/2819
f 2988/2988/2988 2974/2974/2974 2984/2984/2984
f 2819/2819/2819 2852/2852/2852 2858/2858/2858
f 2988/2988/2988 2992/2992/2992 2989/2989/2989
f 2941/2941/2941 2989/2989/2989 2992/2992/2992
f 2841/2841/2841 2819/2819/2819 2858/2858/2858
f 2880/2880/2880 2878/2878/2878 2881/2881/2881
f 2867/2867/2867 2841/2841/2841 2869/2869/2869
f 4206/4206/4206 4208/4208/4208 4209/4209/4209
f 2869/2869/2869 2882/2882/2882 2878/2878/2878
f 4208/4208/4208 4287/4287/4287 4209/4209/4209
f 4208/4208/4208 4286/4286/4286 4287/4287/4287
f 2109/2109/2109 2113/2113/2113 2114/2114/2114
f 4286/4286/4286 4277/4277/4277 4287/4287/4287
f 4286/4286/4286 4281/4281/4281 4277/4277/4277
f 4260/4260/4260 4277/4277/4277 4281/4281/4281
f 4277/4277/4277 4260/4260/4260 4276/4276/4276
f 4260/4260/4260 4261/4261/4261 4267/4267/4267
f 4260/4260/4260 4267/4267/4267 4276/4276/4276
f 2136/2136/2136 2123/2123/2123 2120/2120/2120
f 3201/3201/3201 3199/3199/3199 3200/3200/3200
f 3213/3213/3213 3201/3201/3201 3209/3209/3209
f 3213/3213/3213 3209/3209/3209 3214/3214/3214
f 2178/2178/2178 2179/2179/2179 2180/2180/2180
f 3201/3201/3201 3200/3200/3200 3209/3209/3209
f 4246/4246/4246 4243/4243/4243 4266/4266/4266
f 4265/4265/4265 4266/4266/4266 4243/4243/4243
f 4265/4265/4265 4330/4330/4330 4266/4266/4266
f 4329/4329/4329 4330/4330/4330 4265/4265/4265
f 4329/4329/4329 4314/4314/4314 4325/4325/4325
f 4325/4325/4325 4330/4330/4330 4329/4329/4329
f 4307/4307/4307 4321/4321/4321 4322/4322/4322
f 4292/4292/4292 4291/4291/4291 4293/4293/4293
f 4301/4301/4301 4314/4314/4314 4302/4302/4302
f 3557/3557/3557 3535/3535/3535 3556/3556/3556
f 3556/3556/3556 3535/3535/3535 3529/3529/3529
f 3511/3511/3511 3516/3516/3516 3510/3510/3510
f 3510/3510/3510 3515/3515/3515 3512/3512/3512
f 3515/3515/3515 3521/3521/3521 3514/3514/3514
f 3602/3602/3602 3558/3558/3558 3568/3568/3568
f 3540/3540/3540 3541/3541/3541 3525/3525/3525
f 3603/3603/3603 3602/3602/3602 3617/3617/3617
f 3548/3548/3548 3579/3579/3579 3576/3576/3576
f 3607/3607/3607 3647/3647/3647 3617/3617/3617
f 3669/3669/3669 3730/3730/3730 3690/3690/3690
f 3447/3447/3447 3721/3721/3721 3690/3690/3690
f 3442/3442/3442 3438/3438/3438 3447/3447/3447
f 3442/3442/3442 3447/3447/3447 3448/3448/3448
f 3771/3771/3771 3782/3782/3782 3979/3979/3979
f 3442/3442/3442 3443/3443/3443 3430/3430/3430
f 3433/3433/3433 3439/3439/3439 3412/3412/3412
f 3411/3411/3411 3412/3412/3412 3439/3439/3439
f 4015/4015/4015 4010/4010/4010 4012/4012/4012
f 4009/4009/4009 4006/4006/4006 4008/4008/4008
f 4048/4048/4048 4026/4026/4026 3992/3992/3992
f 3413/3413/3413 3411/3411/3411 3446/3446/3446
f 4022/4022/4022 4015/4015/4015 4023/4023/4023
f 4023/4023/4023 4044/4044/4044 4039/4039/4039
f 2393/2393/2393 2394/2394/2394 2391/2391/2391
f 2395/2395/2395 2391/2391/2391 2394/2394/2394
f 4044/4044/4044 4070/4070/4070 4064/4064/4064
f 2398/2398/2398 2406/2406/2406 2405/2405/2405
f 2397/2397/2397 2390/2390/2390 2396/2396/2396
f 3177/3177/3177 3168/3168/3168 3175/3175/3175
f 1387/1387/1387 1378/1378/1378 1379/1379/1379
f 3173/3173/3173 3168/3168/3168 3174/3174/3174
f 1431/1431/1431 1417/1417/1417 1418/1418/1418
f 3185/3185/3185 3184/3184/3184 3156/3156/3156
f 3156/3156/3156 3171/3171/3171 3185/3185/3185
f 1416/1416/1416 1418/1418/1418 1417/1417/1417
f 1075/1075/1075 1076/1076/1076 1077/1077/1077
f 1550/1550/1550 1541/1541/1541 1547/1547/1547
f 1397/1397/1397 1422/1422/1422 1416/1416/1416
f 1542/1542/1542 1541/1541/1541 1540/1540/1540
f 1396/1396/1396 1422/1422/1422 1397/1397/1397
f 2857/2857/2857 2837/2837/2837 2850/2850/2850
f 1402/1402/1402 1439/1439/1439 1438/1438/1438
f 1310/1310/1310 1313/1313/1313 1297/1297/1297
f 1297/1297/1297 1298/1298/1298 1310/1310/1310
f 1501/1501/1501 1489/1489/1489 1484/1484/1484
f 1191/1191/1191 1169/1169/1169 1182/1182/1182
f 1191/1191/1191 1185/1185/1185 1169/1169/1169
f 1311/1311/1311 1298/1298/1298 1302/1302/1302
f 3013/3013/3013 3009/3009/3009 3012/3012/3012
f 1237/1237/1237 1249/1249/1249 1250/1250/1250
f 1166/1166/1166 1180/1180/1180 1169/1169/1169
f 1225/1225/1225 1177/1177/1177 1181/1181/1181
f 1165/1165/1165 1164/1164/1164 1173/1173/1173
f 2999/2999/2999 2983/2983/2983 2977/2977/2977
f 2978/2978/2978 2977/2977/2977 2983/2983/2983
f 1639/1639/1639 1640/1640/1640 1611/1611/1611
f 2845/2845/2845 2852/2852/2852 2833/2833/2833
f 2938/2938/2938 2989/2989/2989 2941/2941/2941
f 2878/2878/2878 2882/2882/2882 2881/2881/2881
f 2869/2869/2869 2841/2841/2841 2870/2870/2870
f 2876/2876/2876 2882/2882/2882 2869/2869/2869
f 4206/4206/4206 4207/4207/4207 4208/4208/4208
f 2109/2109/2109 2114/2114/2114 2110/2110/2110
f 4207/4207/4207 4286/4286/4286 4208/4208/4208
f 2885/2885/2885 2888/2888/2888 2896/2896/2896
f 4207/4207/4207 4281/4281/4281 4286/4286/4286
f 4283/4283/4283 4281/4281/4281 4284/4284/4284
f 4282/4282/4282 4281/4281/4281 4283/4283/4283
f 4282/4282/4282 4260/4260/4260 4281/4281/4281
f 2119/2119/2119 2114/2114/2114 2118/2118/2118
f 2120/2120/2120 2119/2119/2119 2118/2118/2118
f 4261/4261/4261 4260/4260/4260 4223/4223/4223
f 2123/2123/2123 2136/2136/2136 2197/2197/2197
f 4222/4222/4222 4243/4243/4243 4228/4228/4228
f 3202/3202/3202 3199/3199/3199 3201/3201/3201
f 4223/4223/4223 4222/4222/4222 4228/4228/4228
f 3201/3201/3201 3213/3213/3213 3202/3202/3202
f 2195/2195/2195 2197/2197/2197 2136/2136/2136
f 2188/2188/2188 2195/2195/2195 2189/2189/2189
f 2178/2178/2178 2188/2188/2188 2189/2189/2189
f 2189/2189/2189 2185/2185/2185 2178/2178/2178
f 4343/4343/4343 4334/4334/4334 4342/4342/4342
f 4342/4342/4342 4334/4334/4334 4321/4321/4321
f 4320/4320/4320 4314/4314/4314 4329/4329/4329
f 4308/4308/4308 4321/4321/4321 4307/4307/4307
f 4320/4320/4320 4302/4302/4302 4314/4314/4314
f 4291/4291/4291 4305/4305/4305 4298/4298/4298
f 4295/4295/4295 4292/4292/4292 4302/4302/4302
f 3530/3530/3530 3519/3519/3519 3529/3529/3529
f 3529/3529/3529 3519/3519/3519 3528/3528/3528
f 3528/3528/3528 3519/3519/3519 3513/3513/3513
f 3513/3513/3513 3517/3517/3517 3516/3516/3516
f 3510/3510/3510 3516/3516/3516 3515/3515/3515
f 3521/3521/3521 3524/3524/3524 3514/3514/3514
f 3540/3540/3540 3548/3548/3548 3541/3541/3541
f 3646/3646/3646 3617/3617/3617 3647/3647/3647
f 3625/3625/3625 3622/3622/3622 3579/3579/3579
f 3703/3703/3703 3646/3646/3646 3702/3702/3702
f 3732/3732/3732 3704/3704/3704 3703/3703/3703
f 3669/3669/3669 3727/3727/3727 3730/3730/3730
f 3447/3447/3447 3690/3690/3690 3730/3730/3730
f 3979/3979/3979 3985/3985/3985 3992/3992/3992
f 3442/3442/3442 3444/3444/3444 3443/3443/3443
f 3443/3443/3443 3444/3444/3444 3434/3434/3434
f 3444/3444/3444 3437/3437/3437 3434/3434/3434
f 3444/3444/3444 3439/3439/3439 3437/3437/3437
f 3437/3437/3437 3439/3439/3439 3433/3433/3433
f 3411/3411/3411 3439/3439/3439 3445/3445/3445
f 3445/3445/3445 3446/3446/3446 3411/3411/3411
f 4014/4014/4014 4010/4010/4010 4015/4015/4015
f 4014/4014/4014 4013/4013/4013 4010/4010/4010
f 4010/4010/4010 4009/4009/4009 4008/4008/4008
f 3992/3992/3992 4026/4026/4026 3999/3999/3999
f 3446/3446/3446 3485/3485/3485 3413/3413/3413
f 820/820/820 809/809/809 803/803/803
f 4023/4023/4023 4039/4039/4039 4022/4022/4022
f 4044/4044/4044 4064/4064/4064 4039/4039/4039
f 803/803/803 788/788/788 799/799/799
f 2403/2403/2403 2393/2393/2393 2398/2398/2398
f 2398/2398/2398 2405/2405/2405 2403/2403/2403
f 2395/2395/2395 2396/2396/2396 2390/2390/2390
f 780/780/780 799/799/799 788/788/788
f 1387/1387/1387 1379/1379/1379 1388/1388/1388
f 780/780/780 785/785/785 792/792/792
f 1370/1370/1370 1379/1379/1379 1378/1378/1378
f 1370/1370/1370 1369/1369/1369 1379/1379/1379
f 796/796/796 785/785/785 787/787/787
f 787/787/787 786/786/786 796/796/796
f 1371/1371/1371 1367/1367/1367 1370/1370/1370
f 1416/1416/1416 1429/1429/1429 1418/1418/1418
f 1416/1416/1416 1425/1425/1425 1429/1429/1429
f 1422/1422/1422 1425/1425/1425 1416/1416/1416
f 1677/1677/1677 1678/1678/1678 1549/1549/1549
f 1404/1404/1404 1396/1396/1396 1402/1402/1402
f 1438/1438/1438 1404/1404/1404 1402/1402/1402
f 2837/2837/2837 2857/2857/2857 2851/2851/2851
f 1450/1450/1450 1438/1438/1438 1439/1439/1439
f 2836/2836/2836 2851/2851/2851 2856/2856/2856
f 1479/1479/1479 1450/1450/1450 1439/1439/1439
f 1479/1479/1479 1439/1439/1439 1484/1484/1484
f 2854/2854/2854 2836/2836/2836 2856/2856/2856
f 1479/1479/1479 1484/1484/1484 1489/1489/1489
f 1192/1192/1192 1185/1185/1185 1191/1191/1191
f 1313/1313/1313 1192/1192/1192 1297/1297/1297
f 1648/1648/1648 1608/1608/1608 1650/1650/1650
f 1249/1249/1249 1265/1265/1265 1250/1250/1250
f 1607/1607/1607 1627/1627/1627 1608/1608/1608
f 1181/1181/1181 1237/1237/1237 1225/1225/1225
f 1164/1164/1164 1163/1163/1163 1177/1177/1177
f 1607/1607/1607 1609/1609/1609 1627/1627/1627
f 3001/3001/3001 3006/3006/3006 3007/3007/3007
f 2999/2999/2999 3000/3000/3000 3001/3001/3001
f 2973/2973/2973 2978/2978/2978 2980/2980/2980
f 2974/2974/2974 2973/2973/2973 2980/2980/2980
f 2858/2858/2858 2852/2852/2852 2860/2860/2860
f 2858/2858/2858 2860/2860/2860 2861/2861/2861
f 2940/2940/2940 2938/2938/2938 2941/2941/2941
f 2098/2098/2098 2100/2100/2100 2101/2101/2101
f 1682/1682/1682 1687/1687/1687 1688/1688/1688
f 2871/2871/2871 2870/2870/2870 2841/2841/2841
f 1689/1689/1689 1688/1688/1688 1687/1687/1687
f 2109/2109/2109 2101/2101/2101 2100/2100/2100
f 2870/2870/2870 2876/2876/2876 2869/2869/2869
f 2883/2883/2883 2881/2881/2881 2882/2882/2882
f 2881/2881/2881 2883/2883/2883 2884/2884/2884
f 2881/2881/2881 2884/2884/2884 2885/2885/2885
f 2886/2886/2886 2884/2884/2884 2883/2883/2883
f 2884/2884/2884 2888/2888/2888 2885/2885/2885
f 2887/2887/2887 2884/2884/2884 2886/2886/2886
f 2887/2887/2887 2888/2888/2888 2884/2884/2884
f 2889/2889/2889 2888/2888/2888 2890/2890/2890
f 2890/2890/2890 2888/2888/2888 2887/2887/2887
f 4282/4282/4282 4283/4283/4283 4244/4244/4244
f 4244/4244/4244 4283/4283/4283 4257/4257/4257
f 4282/4282/4282 4227/4227/4227 4260/4260/4260
f 4227/4227/4227 4282/4282/4282 4244/4244/4244
f 2119/2119/2119 2120/2120/2120 2123/2123/2123
f 4227/4227/4227 4223/4223/4223 4260/4260/4260
f 4290/4290/4290 4291/4291/4291 4292/4292/4292
f 4295/4295/4295 4294/4294/4294 4292/4292/4292
f 3535/3535/3535 3530/3530/3530 3529/3529/3529
f 3558/3558/3558 3557/3557/3557 3568/3568/3568
f 3521/3521/3521 3540/3540/3540 3524/3524/3524
f 3611/3611/3611 3604/3604/3604 3617/3617/3617
f 3540/3540/3540 3578/3578/3578 3548/3548/3548
f 3548/3548/3548 3578/3578/3578 3579/3579/3579
f 3625/3625/3625 3669/3669/3669 3622/3622/3622
f 3668/3668/3668 3701/3701/3701 3669/3669/3669
f 3958/3958/3958 3771/3771/3771 3962/3962/3962
f 3730/3730/3730 3448/3448/3448 3447/3447/3447
f 3771/3771/3771 3979/3979/3979 3966/3966/3966
f 3979/3979/3979 3992/3992/3992 3982/3982/3982
f 3439/3439/3439 3463/3463/3463 3445/3445/3445
f 3446/3446/3446 3445/3445/3445 3475/3475/3475
f 4013/4013/4013 4009/4009/4009 4010/4010/4010
f 3992/3992/3992 3999/3999/3999 3998/3998/3998
f 3485/3485/3485 3446/3446/3446 3475/3475/3475
f 4015/4015/4015 4022/4022/4022 4014/4014/4014
f 4009/4009/4009 4005/4005/4005 4006/4006/4006
f 4005/4005/4005 4003/4003/4003 4006/4006/4006
f 3999/3999/3999 4000/4000/4000 3998/3998/3998
f 781/781/781 788/788/788 803/803/803
f 2403/2403/2403 2401/2401/2401 2393/2393/2393
f 2401/2401/2401 2394/2394/2394 2393/2393/2393
f 4139/4139/4139 4144/4144/4144 4140/4140/4140
f 2399/2399/2399 2396/2396/2396 2395/2395/2395
f 788/788/788 776/776/776 780/780/780
f 1379/1379/1379 1382/1382/1382 1388/1388/1388
f 785/785/785 780/780/780 777/777/777
f 777/777/777 778/778/778 785/785/785
f 787/787/787 785/785/785 778/778/778
f 786/786/786 787/787/787 782/782/782
f 784/784/784 786/786/786 782/782/782
f 1515/1515/1515 1371/1371/1371 1418/1418/1418
f 786/786/786 783/783/783 791/791/791
f 1541/1541/1541 1550/1550/1550 1537/1537/1537
f 1540/1540/1540 1535/1535/1535 1549/1549/1549
f 1535/1535/1535 1677/1677/1677 1549/1549/1549
f 2857/2857/2857 2850/2850/2850 2865/2865/2865
f 1198/1198/1198 1192/1192/1192 1313/1313/1313
f 1311/1311/1311 1302/1302/1302 1316/1316/1316
f 1505/1505/1505 1489/1489/1489 1501/1501/1501
f 3012/3012/3012 3024/3024/3024 3060/3060/3060
f 1264/1264/1264 1265/1265/1265 1249/1249/1249
f 1167/1167/1167 1157/1157/1157 1166/1166/1166
f 1167/1167/1167 1166/1166/1166 1169/1169/1169
f 3009/3009/3009 3011/3011/3011 3012/3012/3012
f 1157/1157/1157 1158/1158/1158 1165/1165/1165
f 1165/1165/1165 1166/1166/1166 1157/1157/1157
f 1164/1164/1164 1165/1165/1165 1158/1158/1158
f 2999/2999/2999 2977/2977/2977 3000/3000/3000
f 1639/1639/1639 1611/1611/1611 1612/1612/1612
f 2860/2860/2860 2852/2852/2852 2845/2845/2845
f 2939/2939/2939 2938/2938/2938 2940/2940/2940
f 2098/2098/2098 2101/2101/2101 2102/2102/2102
f 2081/2081/2081 2096/2096/2096 2083/2083/2083
f 2082/2082/2082 2081/2081/2081 2083/2083/2083
f 2110/2110/2110 2101/2101/2101 2109/2109/2109
f 2114/2114/2114 2111/2111/2111 2110/2110/2110
f 2119/2119/2119 2115/2115/2115 2114/2114/2114
f 4223/4223/4223 4221/4221/4221 4222/4222/4222
f 4221/4221/4221 4223/4223/4223 4227/4227/4227
f 2188/2188/2188 2196/2196/2196 2195/2195/2195
f 4265/4265/4265 4243/4243/4243 4224/4224/4224
f 2280/2280/2280 2281/2281/2281 2180/2180/2180
f 4343/4343/4343 4342/4342/4342 4345/4345/4345
f 4265/4265/4265 4335/4335/4335 4329/4329/4329
f 4294/4294/4294 4290/4290/4290 4292/4292/4292
f 3534/3534/3534 3535/3535/3535 3557/3557/3557
f 3519/3519/3519 3518/3518/3518 3513/3513/3513
f 3513/3513/3513 3518/3518/3518 3517/3517/3517
f 3515/3515/3515 3522/3522/3522 3521/3521/3521
f 3578/3578/3578 3580/3580/3580 3579/3579/3579
f 3579/3579/3579 3580/3580/3580 3625/3625/3625
f 3646/3646/3646 3618/3618/3618 3617/3617/3617
f 3669/3669/3669 3625/3625/3625 3668/3668/3668
f 3727/3727/3727 3669/3669/3669 3701/3701/3701
f 3771/3771/3771 3737/3737/3737 3732/3732/3732
f 3737/3737/3737 3771/3771/3771 3958/3958/3958
f 3730/3730/3730 3727/3727/3727 3448/3448/3448
f 3962/3962/3962 3771/3771/3771 3966/3966/3966
f 3727/3727/3727 3456/3456/3456 3448/3448/3448
f 3982/3982/3982 3992/3992/3992 3991/3991/3991
f 3444/3444/3444 3442/3442/3442 3454/3454/3454
f 3444/3444/3444 3459/3459/3459 3439/3439/3439
f 3991/3991/3991 3992/3992/3992 3997/3997/3997
f 3459/3459/3459 3463/3463/3463 3439/3439/3439
f 3998/3998/3998 3997/3997/3997 3992/3992/3992
f 4022/4022/4022 4024/4024/4024 4014/4014/4014
f 809/809/809 813/813/813 790/790/790
f 803/803/803 809/809/809 781/781/781
f 4064/4064/4064 4065/4065/4065 4039/4039/4039
f 776/776/776 788/788/788 781/781/781
f 2395/2395/2395 2394/2394/2394 2399/2399/2399
f 4136/4136/4136 4137/4137/4137 4138/4138/4138
f 4144/4144/4144 4153/4153/4153 4140/4140/4140
f 777/777/777 780/780/780 776/776/776
f 1369/1369/1369 1382/1382/1382 1379/1379/1379
f 1370/1370/1370 1367/1367/1367 1369/1369/1369
f 1367/1367/1367 1368/1368/1368 1369/1369/1369
f 787/787/787 778/778/778 782/782/782
f 1374/1374/1374 1367/1367/1367 1371/1371/1371
f 1515/1515/1515 1374/1374/1374 1371/1371/1371
f 1515/1515/1515 1418/1418/1418 1454/1454/1454
f 783/783/783 786/786/786 784/784/784
f 1418/1418/1418 1429/1429/1429 1454/1454/1454
f 1429/1429/1429 1425/1425/1425 1453/1453/1453
f 1078/1078/1078 1077/1077/1077 1076/1076/1076
f 1540/1540/1540 1541/1541/1541 1537/1537/1537
f 1396/1396/1396 1430/1430/1430 1422/1422/1422
f 1404/1404/1404 1430/1430/1430 1396/1396/1396
f 1404/1404/1404 1444/1444/1444 1430/1430/1430
f 1672/1672/1672 1676/1676/1676 1678/1678/1678
f 1444/1444/1444 1404/1404/1404 1438/1438/1438
f 1195/1195/1195 1185/1185/1185 1192/1192/1192
f 1192/1192/1192 1198/1198/1198 1195/1195/1195
f 1298/1298/1298 1312/1312/1312 1310/1310/1310
f 1311/1311/1311 1312/1312/1312 1298/1298/1298
f 1169/1169/1169 1185/1185/1185 1167/1167/1167
f 3012/3012/3012 3014/3014/3014 3024/3024/3024
f 1601/1601/1601 1607/1607/1607 1608/1608/1608
f 1174/1174/1174 1237/1237/1237 1181/1181/1181
f 1174/1174/1174 1181/1181/1181 1177/1177/1177
f 1163/1163/1163 1174/1174/1174 1177/1177/1177
f 3007/3007/3007 3011/3011/3011 3009/3009/3009
f 3006/3006/3006 3011/3011/3011 3007/3007/3007
f 1574/1574/1574 1607/1607/1607 1599/1599/1599
f 1574/1574/1574 1609/1609/1609 1607/1607/1607
f 3005/3005/3005 3006/3006/3006 3001/3001/3001
f 1574/1574/1574 1610/1610/1610 1609/1609/1609
f 3000/3000/3000 3005/3005/3005 3001/3001/3001
f 2977/2977/2977 2978/2978/2978 2973/2973/2973
f 1682/1682/1682 1647/1647/1647 1652/1652/1652
f 1682/1682/1682 1652/1652/1652 1687/1687/1687
f 1687/1687/1687 1686/1686/1686 1695/1695/1695
f 2096/2096/2096 2081/2081/2081 2085/2085/2085
f 1695/1695/1695 1686/1686/1686 1694/1694/1694
f 2886/2886/2886 2883/2883/2883 2891/2891/2891
f 4278/4278/4278 4270/4270/4270 4269/4269/4269
f 2115/2115/2115 2111/2111/2111 2114/2114/2114
f 4269/4269/4269 4256/4256/4256 4257/4257/4257
f 4269/4269/4269 4270/4270/4270 4256/4256/4256
f 4257/4257/4257 4256/4256/4256 4244/4244/4244
f 4224/4224/4224 4243/4243/4243 4222/4222/4222
f 2196/2196/2196 2197/2197/2197 2195/2195/2195
f 2181/2181/2181 2178/2178/2178 2180/2180/2180
f 4219/4219/4219 4224/4224/4224 4222/4222/4222
f 4221/4221/4221 4219/4219/4219 4222/4222/4222
f 2188/2188/2188 2178/2178/2178 2182/2182/2182
f 4274/4274/4274 4335/4335/4335 4265/4265/4265
f 4335/4335/4335 4313/4313/4313 4320/4320/4320
f 4335/4335/4335 4320/4320/4320 4329/4329/4329
f 4305/4305/4305 4321/4321/4321 4308/4308/4308
f 4313/4313/4313 4302/4302/4302 4320/4320/4320
f 3549/3549/3549 3534/3534/3534 3557/3557/3557
f 3530/3530/3530 3533/3533/3533 3519/3519/3519
f 3515/3515/3515 3526/3526/3526 3522/3522/3522
f 3516/3516/3516 3526/3526/3526 3515/3515/3515
f 3522/3522/3522 3523/3523/3523 3521/3521/3521
f 3602/3602/3602 3603/3603/3603 3558/3558/3558
f 3557/3557/3557 3558/3558/3558 3549/3549/3549
f 3523/3523/3523 3538/3538/3538 3521/3521/3521
f 3538/3538/3538 3542/3542/3542 3521/3521/3521
f 3521/3521/3521 3542/3542/3542 3540/3540/3540
f 3618/3618/3618 3611/3611/3611 3617/3617/3617
f 3604/3604/3604 3603/3603/3603 3617/3617/3617
f 3540/3540/3540 3542/3542/3542 3578/3578/3578
f 3628/3628/3628 3668/3668/3668 3625/3625/3625
f 3704/3704/3704 3732/3732/3732 3737/3737/3737
f 3448/3448/3448 3454/3454/3454 3442/3442/3442
f 3454/3454/3454 3465/3465/3465 3444/3444/3444
f 3445/3445/3445 3463/3463/3463 3479/3479/3479
f 4019/4019/4019 4005/4005/4005 4009/4009/4009
f 3445/3445/3445 3479/3479/3479 3475/3475/3475
f 4024/4024/4024 4013/4013/4013 4014/4014/4014
f 4003/4003/4003 4004/4004/4004 4000/4000/4000
f 3998/3998/3998 4000/4000/4000 4004/4004/4004
f 814/814/814 790/790/790 813/813/813
f 4022/4022/4022 4040/4040/4040 4024/4024/4024
f 809/809/809 790/790/790 781/781/781
f 4056/4056/4056 4022/4022/4022 4039/4039/4039
f 4039/4039/4039 4065/4065/4065 4056/4056/4056
f 2394/2394/2394 2401/2401/2401 2399/2399/2399
f 4139/4139/4139 4140/4140/4140 4130/4130/4130
f 4139/4139/4139 4130/4130/4130 4135/4135/4135
f 4067/4067/4067 4068/4068/4068 4065/4065/4065
f 4064/4064/4064 4067/4067/4067 4065/4065/4065
f 4153/4153/4153 4131/4131/4131 4140/4140/4140
f 4136/4136/4136 4134/4134/4134 4137/4137/4137
f 1369/1369/1369 1368/1368/1368 1382/1382/1382
f 770/770/770 784/784/784 782/782/782
f 1515/1515/1515 1514/1514/1514 1374/1374/1374
f 1429/1429/1429 1453/1453/1453 1454/1454/1454
f 1080/1080/1080 1079/1079/1079 1078/1078/1078
f 1077/1077/1077 1078/1078/1078 1079/1079/1079
f 1077/1077/1077 1079/1079/1079 1081/1081/1081
f 1552/1552/1552 1537/1537/1537 1550/1550/1550
f 1422/1422/1422 1441/1441/1441 1425/1425/1425
f 1438/1438/1438 1450/1450/1450 1444/1444/1444
f 1444/1444/1444 1450/1450/1450 1479/1479/1479
f 2851/2851/2851 2857/2857/2857 2864/2864/2864
f 1199/1199/1199 1195/1195/1195 1198/1198/1198
f 1318/1318/1318 1198/1198/1198 1313/1313/1313
f 1196/1196/1196 1185/1185/1185 1195/1195/1195
f 1312/1312/1312 1313/1313/1313 1310/1310/1310
f 2854/2854/2854 2856/2856/2856 2863/2863/2863
f 1497/1497/1497 1489/1489/1489 1505/1505/1505
f 1311/1311/1311 1316/1316/1316 1314/1314/1314
f 2862/2862/2862 2853/2853/2853 2854/2854/2854
f 1615/1615/1615 1601/1601/1601 1608/1608/1608
f 1608/1608/1608 1648/1648/1648 1615/1615/1615
f 3011/3011/3011 3014/3014/3014 3012/3012/3012
f 1184/1184/1184 1237/1237/1237 1174/1174/1174
f 1164/1164/1164 1158/1158/1158 1163/1163/1163
f 1574/1574/1574 1611/1611/1611 1610/1610/1610
f 2969/2969/2969 2977/2977/2977 2973/2973/2973
f 1647/1647/1647 1639/1639/1639 1612/1612/1612
f 2970/2970/2970 2974/2974/2974 2988/2988/2988
f 2989/2989/2989 2970/2970/2970 2988/2988/2988
f 1652/1652/1652 1686/1686/1686 1687/1687/1687
f 2110/2110/2110 2111/2111/2111 2101/2101/2101
f 2084/2084/2084 2085/2085/2085 2081/2081/2081
f 2080/2080/2080 2081/2081/2081 2082/2082/2082
f 1694/1694/1694 1686/1686/1686 1693/1693/1693
f 2892/2892/2892 2886/2886/2886 2891/2891/2891
f 4270/4270/4270 4278/4278/4278 4279/4279/4279
f 4256/4256/4256 4270/4270/4270 4263/4263/4263
f 4244/4244/4244 4230/4230/4230 4227/4227/4227
f 2199/2199/2199 2123/2123/2123 2197/2197/2197
f 4221/4221/4221 4227/4227/4227 4230/4230/4230
f 2181/2181/2181 2182/2182/2182 2178/2178/2178
f 4224/4224/4224 4220/4220/4220 4240/4240/4240
f 4224/4224/4224 4219/4219/4219 4220/4220/4220
f 2281/2281/2281 2181/2181/2181 2180/2180/2180
f 4240/4240/4240 4265/4265/4265 4224/4224/4224
f 4240/4240/4240 4274/4274/4274 4265/4265/4265
f 4296/4296/4296 4305/4305/4305 4291/4291/4291
f 4296/4296/4296 4306/4306/4306 4305/4305/4305
f 4297/4297/4297 4294/4294/4294 4295/4295/4295
f 4313/4313/4313 4295/4295/4295 4302/4302/4302
f 3535/3535/3535 3534/3534/3534 3530/3530/3530
f 3534/3534/3534 3533/3533/3533 3530/3530/3530
f 3522/3522/3522 3538/3538/3538 3523/3523/3523
f 3703/3703/3703 3693/3693/3693 3646/3646/3646
f 3650/3650/3650 3646/3646/3646 3693/3693/3693
f 3707/3707/3707 3701/3701/3701 3668/3668/3668
f 3948/3948/3948 3737/3737/3737 3958/3958/3958
f 3727/3727/3727 3736/3736/3736 3765/3765/3765
f 3701/3701/3701 3736/3736/3736 3727/3727/3727
f 3765/3765/3765 3456/3456/3456 3727/3727/3727
f 3966/3966/3966 3979/3979/3979 3982/3982/3982
f 3991/3991/3991 3981/3981/3981 3982/3982/3982
f 3456/3456/3456 3455/3455/3455 3448/3448/3448
f 3455/3455/3455 3454/3454/3454 3448/3448/3448
f 3459/3459/3459 3444/3444/3444 3465/3465/3465
f 3465/3465/3465 3463/3463/3463 3459/3459/3459
f 3482/3482/3482 3479/3479/3479 3463/3463/3463
f 4009/4009/4009 4013/4013/4013 4019/4019/4019
f 4005/4005/4005 4004/4004/4004 4003/4003/4003
f 814/814/814 798/798/798 790/790/790
f 4024/4024/4024 4040/4040/4040 4050/4050/4050
f 4056/4056/4056 4040/4040/4040 4022/4022/4022
f 2402/2402/2402 2399/2399/2399 2401/2401/2401
f 4135/4135/4135 4130/4130/4130 4133/4133/4133
f 4134/4134/4134 4142/4142/4142 4137/4137/4137
f 4140/4140/4140 4131/4131/4131 4130/4130/4130
f 4133/4133/4133 4134/4134/4134 4136/4136/4136
f 775/775/775 777/777/777 776/776/776
f 1368/1368/1368 1386/1386/1386 1382/1382/1382
f 1386/1386/1386 1390/1390/1390 1382/1382/1382
f 777/777/777 775/775/775 778/778/778
f 779/779/779 778/778/778 775/775/775
f 779/779/779 782/782/782 778/778/778
f 1374/1374/1374 1373/1373/1373 1367/1367/1367
f 1373/1373/1373 1372/1372/1372 1367/1367/1367
f 1372/1372/1372 1368/1368/1368 1367/1367/1367
f 782/782/782 779/779/779 770/770/770
f 1514/1514/1514 1373/1373/1373 1374/1374/1374
f 1515/1515/1515 1454/1454/1454 1514/1514/1514
f 756/756/756 783/783/783 770/770/770
f 770/770/770 783/783/783 784/784/784
f 802/802/802 756/756/756 755/755/755
f 1453/1453/1453 1425/1425/1425 1441/1441/1441
f 1535/1535/1535 1540/1540/1540 1537/1537/1537
f 1674/1674/1674 1672/1672/1672 1678/1678/1678
f 1444/1444/1444 1445/1445/1445 1430/1430/1430
f 2851/2851/2851 2864/2864/2864 2856/2856/2856
f 1318/1318/1318 1199/1199/1199 1198/1198/1198
f 1479/1479/1479 1489/1489/1489 1483/1483/1483
f 1185/1185/1185 1196/1196/1196 1200/1200/1200
f 1497/1497/1497 1483/1483/1483 1489/1489/1489
f 2854/2854/2854 2863/2863/2863 2862/2862/2862
f 1167/1167/1167 1185/1185/1185 1200/1200/1200
f 1167/1167/1167 1168/1168/1168 1156/1156/1156
f 1184/1184/1184 1249/1249/1249 1237/1237/1237
f 1156/1156/1156 1157/1157/1157 1167/1167/1167
f 1599/1599/1599 1607/1607/1607 1601/1601/1601
f 1174/1174/1174 1163/1163/1163 1159/1159/1159
f 1163/1163/1163 1158/1158/1158 1159/1159/1159
f 3006/3006/3006 3005/3005/3005 3011/3011/3011
f 1575/1575/1575 1611/1611/1611 1574/1574/1574
f 3000/3000/3000 2977/2977/2977 2969/2969/2969
f 1612/1612/1612 1611/1611/1611 1575/1575/1575
f 2969/2969/2969 2973/2973/2973 2965/2965/2965
f 1647/1647/1647 1612/1612/1612 1624/1624/1624
f 2973/2973/2973 2974/2974/2974 2964/2964/2964
f 1652/1652/1652 1647/1647/1647 1624/1624/1624
f 2938/2938/2938 2937/2937/2937 2989/2989/2989
f 2076/2076/2076 2081/2081/2081 2080/2080/2080
f 2892/2892/2892 2891/2891/2891 2893/2893/2893
f 4256/4256/4256 4248/4248/4248 4244/4244/4244
f 2119/2119/2119 2123/2123/2123 2128/2128/2128
f 4244/4244/4244 4248/4248/4248 4230/4230/4230
f 2199/2199/2199 2128/2128/2128 2123/2123/2123
f 2196/2196/2196 2199/2199/2199 2197/2197/2197
f 4221/4221/4221 4218/4218/4218 4219/4219/4219
f 4335/4335/4335 4274/4274/4274 4336/4336/4336
f 4319/4319/4319 4321/4321/4321 4305/4305/4305
f 4319/4319/4319 4305/4305/4305 4306/4306/4306
f 4336/4336/4336 4313/4313/4313 4335/4335/4335
f 4296/4296/4296 4291/4291/4291 4290/4290/4290
f 4296/4296/4296 4290/4290/4290 4294/4294/4294
f 4295/4295/4295 4313/4313/4313 4297/4297/4297
f 3518/3518/3518 3536/3536/3536 3517/3517/3517
f 3603/3603/3603 3559/3559/3559 3558/3558/3558
f 3558/3558/3558 3559/3559/3559 3549/3549/3549
f 3580/3580/3580 3626/3626/3626 3625/3625/3625
f 3626/3626/3626 3628/3628/3628 3625/3625/3625
f 3704/3704/3704 3693/3693/3693 3703/3703/3703
f 3668/3668/3668 3628/3628/3628 3670/3670/3670
f 3670/3670/3670 3673/3673/3673 3668/3668/3668
f 3465/3465/3465 3469/3469/3469 3463/3463/3463
f 3463/3463/3463 3486/3486/3486 3482/3482/3482
f 4061/4061/4061 3997/3997/3997 3998/3998/3998
f 4013/4013/4013 4025/4025/4025 4019/4019/4019
f 3998/3998/3998 4004/4004/4004 4046/4046/4046
f 814/814/814 819/819/819 798/798/798
f 774/774/774 776/776/776 781/781/781
f 774/774/774 781/781/781 790/790/790
f 4056/4056/4056 4065/4065/4065 4095/4095/4095
f 776/776/776 774/774/774 775/775/775
f 4130/4130/4130 4126/4126/4126 4133/4133/4133
f 4126/4126/4126 4127/4127/4127 4133/4133/4133
f 4133/4133/4133 4127/4127/4127 4134/4134/4134
f 4143/4143/4143 4142/4142/4142 4134/4134/4134
f 4129/4129/4129 4131/4131/4131 4156/4156/4156
f 769/769/769 756/756/756 770/770/770
f 1453/1453/1453 1462/1462/1462 1454/1454/1454
f 2601/2601/2601 2616/2616/2616 2600/2600/2600
f 1422/1422/1422 1430/1430/1430 1441/1441/1441
f 1677/1677/1677 1674/1674/1674 1678/1678/1678
f 1444/1444/1444 1455/1455/1455 1445/1445/1445
f 1479/1479/1479 1473/1473/1473 1444/1444/1444
f 1318/1318/1318 1313/1313/1313 1317/1317/1317
f 1312/1312/1312 1317/1317/1317 1313/1313/1313
f 1314/1314/1314 1312/1312/1312 1311/1311/1311
f 1648/1648/1648 1679/1679/1679 1649/1649/1649
f 1167/1167/1167 1200/1200/1200 1168/1168/1168
f 1259/1259/1259 1275/1275/1275 1264/1264/1264
f 3024/3024/3024 3014/3014/3014 3021/3021/3021
f 1615/1615/1615 1648/1648/1648 1649/1649/1649
f 1249/1249/1249 1259/1259/1259 1264/1264/1264
f 1251/1251/1251 1259/1259/1259 1249/1249/1249
f 1184/1184/1184 1251/1251/1251 1249/1249/1249
f 1159/1159/1159 1162/1162/1162 1174/1174/1174
f 3005/3005/3005 3020/3020/3020 3011/3011/3011
f 3000/3000/3000 2972/2972/2972 3005/3005/3005
f 3000/3000/3000 2969/2969/2969 2972/2972/2972
f 1576/1576/1576 1612/1612/1612 1575/1575/1575
f 2969/2969/2969 2965/2965/2965 2968/2968/2968
f 2973/2973/2973 2964/2964/2964 2965/2965/2965
f 2974/2974/2974 2967/2967/2967 2964/2964/2964
f 2970/2970/2970 2967/2967/2967 2974/2974/2974
f 2937/2937/2937 2970/2970/2970 2989/2989/2989
f 1680/1680/1680 1652/1652/1652 1642/1642/1642
f 2936/2936/2936 2938/2938/2938 2939/2939/2939
f 2101/2101/2101 2103/2103/2103 2102/2102/2102
f 1680/1680/1680 1686/1686/1686 1652/1652/1652
f 2076/2076/2076 2084/2084/2084 2081/2081/2081
f 2894/2894/2894 2892/2892/2892 2893/2893/2893
f 2111/2111/2111 2115/2115/2115 2126/2126/2126
f 4263/4263/4263 4270/4270/4270 4271/4271/4271
f 4263/4263/4263 4271/4271/4271 4262/4262/4262
f 4263/4263/4263 4262/4262/4262 4256/4256/4256
f 2125/2125/2125 2115/2115/2115 2119/2119/2119
f 4248/4248/4248 4256/4256/4256 4262/4262/4262
f 2119/2119/2119 2128/2128/2128 2125/2125/2125
f 4230/4230/4230 4248/4248/4248 4236/4236/4236
f 2198/2198/2198 2199/2199/2199 2196/2196/2196
f 2188/2188/2188 2198/2198/2198 2196/2196/2196
f 4342/4342/4342 4344/4344/4344 4345/4345/4345
f 4336/4336/4336 4274/4274/4274 4273/4273/4273
f 4341/4341/4341 4342/4342/4342 4321/4321/4321
f 4321/4321/4321 4319/4319/4319 4341/4341/4341
f 4336/4336/4336 4315/4315/4315 4313/4313/4313
f 4297/4297/4297 4296/4296/4296 4294/4294/4294
f 4315/4315/4315 4297/4297/4297 4313/4313/4313
f 3533/3533/3533 3532/3532/3532 3519/3519/3519
f 3532/3532/3532 3531/3531/3531 3519/3519/3519
f 3519/3519/3519 3531/3531/3531 3518/3518/3518
f 3538/3538/3538 3522/3522/3522 3526/3526/3526
f 3604/3604/3604 3559/3559/3559 3603/3603/3603
f 3542/3542/3542 3538/3538/3538 3578/3578/3578
f 3580/3580/3580 3578/3578/3578 3626/3626/3626
f 3646/3646/3646 3650/3650/3650 3618/3618/3618
f 3673/3673/3673 3707/3707/3707 3668/3668/3668
f 3704/3704/3704 3737/3737/3737 3948/3948/3948
f 3701/3701/3701 3707/3707/3707 3736/3736/3736
f 3962/3962/3962 3966/3966/3966 3961/3961/3961
f 3457/3457/3457 3455/3455/3455 3456/3456/3456
f 3981/3981/3981 3991/3991/3991 3997/3997/3997
f 3454/3454/3454 3469/3469/3469 3465/3465/3465
f 3486/3486/3486 3463/3463/3463 3469/3469/3469
f 4024/4024/4024 4025/4025/4025 4013/4013/4013
f 4046/4046/4046 4004/4004/4004 4036/4036/4036
f 821/821/821 810/810/810 819/819/819
f 810/810/810 798/798/798 819/819/819
f 4050/4050/4050 4052/4052/4052 4024/4024/4024
f 4019/4019/4019 4043/4043/4043 4005/4005/4005
f 4060/4060/4060 4040/4040/4040 4056/4056/4056
f 774/774/774 790/790/790 798/798/798
f 4095/4095/4095 4065/4065/4065 4102/4102/4102
f 772/772/772 775/775/775 774/774/774
f 4129/4129/4129 4130/4130/4130 4131/4131/4131
f 4126/4126/4126 4130/4130/4130 4129/4129/4129
f 4125/4125/4125 4127/4127/4127 4126/4126/4126
f 772/772/772 779/779/779 775/775/775
f 1372/1372/1372 1386/1386/1386 1368/1368/1368
f 1386/1386/1386 1372/1372/1372 1389/1389/1389
f 1511/1511/1511 1389/1389/1389 1373/1373/1373
f 1389/1389/1389 1372/1372/1372 1373/1373/1373
f 769/769/769 770/770/770 779/779/779
f 1511/1511/1511 1373/1373/1373 1514/1514/1514
f 752/752/752 756/756/756 769/769/769
f 1454/1454/1454 1511/1511/1511 1514/1514/1514
f 1454/1454/1454 1462/1462/1462 1511/1511/1511
f 755/755/755 752/752/752 754/754/754
f 755/755/755 756/756/756 752/752/752
f 2599/2599/2599 2601/2601/2601 2600/2600/2600
f 1430/1430/1430 1442/1442/1442 1441/1441/1441
f 1677/1677/1677 1535/1535/1535 1534/1534/1534
f 1430/1430/1430 1452/1452/1452 1442/1442/1442
f 1430/1430/1430 1445/1445/1445 1452/1452/1452
f 1444/1444/1444 1473/1473/1473 1455/1455/1455
f 1676/1676/1676 1672/1672/1672 1675/1675/1675
f 1479/1479/1479 1483/1483/1483 1473/1473/1473
f 2863/2863/2863 2856/2856/2856 2864/2864/2864
f 1679/1679/1679 1675/1675/1675 1660/1660/1660
f 1196/1196/1196 1195/1195/1195 1201/1201/1201
f 1201/1201/1201 1195/1195/1195 1199/1199/1199
f 1156/1156/1156 1153/1153/1153 1157/1157/1157
f 1174/1174/1174 1162/1162/1162 1184/1184/1184
f 1153/1153/1153 1159/1159/1159 1158/1158/1158
f 1153/1153/1153 1158/1158/1158 1157/1157/1157
f 3005/3005/3005 2976/2976/2976 3020/3020/3020
f 2972/2972/2972 2969/2969/2969 2968/2968/2968
f 2968/2968/2968 2965/2965/2965 2960/2960/2960
f 1652/1652/1652 1624/1624/1624 1642/1642/1642
f 2936/2936/2936 2937/2937/2937 2938/2938/2938
f 2111/2111/2111 2104/2104/2104 2101/2101/2101
f 2111/2111/2111 2126/2126/2126 2127/2127/2127
f 4271/4271/4271 4270/4270/4270 4279/4279/4279
f 2115/2115/2115 2125/2125/2125 2126/2126/2126
f 4236/4236/4236 4248/4248/4248 4242/4242/4242
f 2139/2139/2139 2128/2128/2128 2199/2199/2199
f 2182/2182/2182 2183/2183/2183 2188/2188/2188
f 2183/2183/2183 2182/2182/2182 2181/2181/2181
f 2183/2183/2183 2181/2181/2181 2184/2184/2184
f 4229/4229/4229 4218/4218/4218 4221/4221/4221
f 4221/4221/4221 4230/4230/4230 4229/4229/4229
f 2281/2281/2281 2184/2184/2184 2181/2181/2181
f 4344/4344/4344 4358/4358/4358 4345/4345/4345
f 4342/4342/4342 4341/4341/4341 4344/4344/4344
f 4315/4315/4315 4336/4336/4336 4337/4337/4337
f 3534/3534/3534 3532/3532/3532 3533/3533/3533
f 3545/3545/3545 3532/3532/3532 3534/3534/3534
f 3536/3536/3536 3537/3537/3537 3517/3517/3517
f 3517/3517/3517 3527/3527/3527 3516/3516/3516
f 3516/3516/3516 3527/3527/3527 3526/3526/3526
f 3526/3526/3526 3543/3543/3543 3538/3538/3538
f 3626/3626/3626 3670/3670/3670 3628/3628/3628
f 3673/3673/3673 3670/3670/3670 3707/3707/3707
f 3670/3670/3670 3709/3709/3709 3707/3707/3707
f 3949/3949/3949 3958/3958/3958 3962/3962/3962
f 3765/3765/3765 3963/3963/3963 3456/3456/3456
f 3982/3982/3982 3981/3981/3981 3966/3966/3966
f 3458/3458/3458 3457/3457/3457 3456/3456/3456
f 3454/3454/3454 3455/3455/3455 3468/3468/3468
f 3990/3990/3990 3997/3997/3997 4061/4061/4061
f 3468/3468/3468 3469/3469/3469 3454/3454/3454
f 3469/3469/3469 3488/3488/3488 3486/3486/3486
f 4074/4074/4074 3998/3998/3998 4046/4046/4046
f 3998/3998/3998 4074/4074/4074 4061/4061/4061
f 4052/4052/4052 4051/4051/4051 4024/4024/4024
f 4024/4024/4024 4051/4051/4051 4025/4025/4025
f 4005/4005/4005 4036/4036/4036 4004/4004/4004
f 4043/4043/4043 4036/4036/4036 4005/4005/4005
f 793/793/793 798/798/798 810/810/810
f 4060/4060/4060 4050/4050/4050 4040/4040/4040
f 793/793/793 774/774/774 798/798/798
f 4060/4060/4060 4056/4056/4056 4095/4095/4095
f 773/773/773 772/772/772 774/774/774
f 773/773/773 774/774/774 793/793/793
f 772/772/772 773/773/773 771/771/771
f 4124/4124/4124 4126/4126/4126 4129/4129/4129
f 4124/4124/4124 4125/4125/4125 4126/4126/4126
f 4127/4127/4127 4141/4141/4141 4134/4134/4134
f 4141/4141/4141 4143/4143/4143 4134/4134/4134
f 765/765/765 779/779/779 772/772/772
f 771/771/771 765/765/765 772/772/772
f 1386/1386/1386 1389/1389/1389 1394/1394/1394
f 4157/4157/4157 4129/4129/4129 4159/4159/4159
f 4129/4129/4129 4157/4157/4157 4124/4124/4124
f 4124/4124/4124 4128/4128/4128 4125/4125/4125
f 4124/4124/4124 4157/4157/4157 4128/4128/4128
f 4132/4132/4132 4125/4125/4125 4128/4128/4128
f 4125/4125/4125 4132/4132/4132 4127/4127/4127
f 765/765/765 769/769/769 779/779/779
f 4193/4193/4193 4194/4194/4194 4195/4195/4195
f 1480/1480/1480 1511/1511/1511 1462/1462/1462
f 4128/4128/4128 4157/4157/4157 4158/4158/4158
f 1461/1461/1461 1480/1480/1480 1462/1462/1462
f 1453/1453/1453 1456/1456/1456 1462/1462/1462
f 1082/1082/1082 1079/1079/1079 1104/1104/1104
f 1081/1081/1081 1079/1079/1079 1082/1082/1082
f 1441/1441/1441 1442/1442/1442 1453/1453/1453
f 1535/1535/1535 1537/1537/1537 1536/1536/1536
f 1670/1670/1670 1672/1672/1672 1674/1674/1674
f 1669/1669/1669 1672/1672/1672 1670/1670/1670
f 1675/1675/1675 1672/1672/1672 1669/1669/1669
f 1483/1483/1483 1490/1490/1490 1473/1473/1473
f 1202/1202/1202 1201/1201/1201 1199/1199/1199
f 1321/1321/1321 1199/1199/1199 1318/1318/1318
f 1321/1321/1321 1202/1202/1202 1199/1199/1199
f 1200/1200/1200 1196/1196/1196 1203/1203/1203
f 1497/1497/1497 1490/1490/1490 1483/1483/1483
f 1649/1649/1649 1679/1679/1679 1660/1660/1660
f 1315/1315/1315 1312/1312/1312 1314/1314/1314
f 1168/1168/1168 1203/1203/1203 1170/1170/1170
f 1168/1168/1168 1200/1200/1200 1203/1203/1203
f 1316/1316/1316 1328/1328/1328 1314/1314/1314
f 1154/1154/1154 1156/1156/1156 1168/1168/1168
f 1601/1601/1601 1615/1615/1615 1600/1600/1600
f 1184/1184/1184 1241/1241/1241 1251/1251/1251
f 1162/1162/1162 1241/1241/1241 1184/1184/1184
f 3011/3011/3011 3020/3020/3020 3014/3014/3014
f 1600/1600/1600 1599/1599/1599 1601/1601/1601
f 1577/1577/1577 1599/1599/1599 1600/1600/1600
f 1574/1574/1574 1599/1599/1599 1577/1577/1577
f 2972/2972/2972 2976/2976/2976 3005/3005/3005
f 1573/1573/1573 1575/1575/1575 1574/1574/1574
f 1573/1573/1573 1576/1576/1576 1575/1575/1575
f 2972/2972/2972 2968/2968/2968 2961/2961/2961
f 1576/1576/1576 1583/1583/1583 1612/1612/1612
f 1623/1623/1623 1612/1612/1612 1583/1583/1583
f 1623/1623/1623 1624/1624/1624 1612/1612/1612
f 1642/1642/1642 1624/1624/1624 1623/1623/1623
f 2957/2957/2957 2964/2964/2964 2967/2967/2967
f 2937/2937/2937 2958/2958/2958 2970/2970/2970
f 2937/2937/2937 2936/2936/2936 2935/2935/2935
f 2893/2893/2893 2912/2912/2912 2911/2911/2911
f 1686/1686/1686 1680/1680/1680 1684/1684/1684
f 2103/2103/2103 2101/2101/2101 2104/2104/2104
f 2894/2894/2894 2893/2893/2893 2911/2911/2911
f 2076/2076/2076 2080/2080/2080 2079/2079/2079
f 1684/1684/1684 1693/1693/1693 1686/1686/1686
f 2111/2111/2111 2127/2127/2127 2104/2104/2104
f 2043/2043/2043 2039/2039/2039 2062/2062/2062
f 2126/2126/2126 2125/2125/2125 2130/2130/2130
f 2125/2125/2125 2128/2128/2128 2129/2129/2129
f 2128/2128/2128 2139/2139/2139 2129/2129/2129
f 2193/2193/2193 2198/2198/2198 2188/2188/2188
f 4215/4215/4215 4239/4239/4239 4240/4240/4240
f 4220/4220/4220 4215/4215/4215 4240/4240/4240
f 4215/4215/4215 4220/4220/4220 4219/4219/4219
f 4240/4240/4240 4239/4239/4239 4274/4274/4274
f 4218/4218/4218 4215/4215/4215 4219/4219/4219
f 4273/4273/4273 4274/4274/4274 4239/4239/4239
f 4337/4337/4337 4336/4336/4336 4273/4273/4273
f 4323/4323/4323 4319/4319/4319 4306/4306/4306
f 4309/4309/4309 4310/4310/4310 4306/4306/4306
f 4309/4309/4309 4306/4306/4306 4296/4296/4296
f 3549/3549/3549 3545/3545/3545 3534/3534/3534
f 3517/3517/3517 3537/3537/3537 3527/3527/3527
f 3543/3543/3543 3581/3581/3581 3538/3538/3538
f 3581/3581/3581 3578/3578/3578 3538/3538/3538
f 3627/3627/3627 3626/3626/3626 3578/3578/3578
f 3736/3736/3736 3707/3707/3707 3765/3765/3765
f 3981/3981/3981 3997/3997/3997 3990/3990/3990
f 3457/3457/3457 3467/3467/3467 3455/3455/3455
f 3455/3455/3455 3467/3467/3467 3468/3468/3468
f 3469/3469/3469 3468/3468/3468 3487/3487/3487
f 3487/3487/3487 3488/3488/3488 3469/3469/3469
f 3487/3487/3487 3483/3483/3483 3488/3488/3488
f 4042/4042/4042 4019/4019/4019 4025/4025/4025
f 3488/3488/3488 3483/3483/3483 3486/3486/3486
f 810/810/810 821/821/821 817/817/817
f 4019/4019/4019 4042/4042/4042 4043/4043/4043
f 795/795/795 810/810/810 817/817/817
f 795/795/795 793/793/793 810/810/810
f 4050/4050/4050 4060/4060/4060 4052/4052/4052
f 4043/4043/4043 4062/4062/4062 4036/4036/4036
f 4095/4095/4095 4096/4096/4096 4060/4060/4060
f 4143/4143/4143 4141/4141/4141 4145/4145/4145
f 4127/4127/4127 4132/4132/4132 4141/4141/4141
f 752/752/752 769/769/769 765/765/765
f 1461/1461/1461 1478/1478/1478 1481/1481/1481
f 752/752/752 753/753/753 754/754/754
f 1462/1462/1462 1456/1456/1456 1461/1461/1461
f 2599/2599/2599 2600/2600/2600 2595/2595/2595
f 1537/1537/1537 1553/1553/1553 1536/1536/1536
f 1552/1552/1552 1553/1553/1553 1537/1537/1537
f 1535/1535/1535 1536/1536/1536 1530/1530/1530
f 1534/1534/1534 1674/1674/1674 1677/1677/1677
f 1490/1490/1490 1488/1488/1488 1473/1473/1473
f 1196/1196/1196 1201/1201/1201 1203/1203/1203
f 1318/1318/1318 1317/1317/1317 1321/1321/1321
f 1319/1319/1319 1317/1317/1317 1312/1312/1312
f 1266/1266/1266 1275/1275/1275 1259/1259/1259
f 1314/1314/1314 1328/1328/1328 1315/1315/1315
f 1251/1251/1251 1266/1266/1266 1259/1259/1259
f 1168/1168/1168 1170/1170/1170 1154/1154/1154
f 3014/3014/3014 3020/3020/3020 3021/3021/3021
f 1154/1154/1154 1153/1153/1153 1156/1156/1156
f 1160/1160/1160 1162/1162/1162 1159/1159/1159
f 1160/1160/1160 1159/1159/1159 1153/1153/1153
f 2972/2972/2972 2961/2961/2961 2976/2976/2976
f 1572/1572/1572 1573/1573/1573 1574/1574/1574
f 2968/2968/2968 2960/2960/2960 2961/2961/2961
f 1573/1573/1573 1583/1583/1583 1576/1576/1576
f 2965/2965/2965 2952/2952/2952 2960/2960/2960
f 2964/2964/2964 2952/2952/2952 2965/2965/2965
f 2957/2957/2957 2952/2952/2952 2964/2964/2964
f 2958/2958/2958 2957/2957/2957 2967/2967/2967
f 2958/2958/2958 2967/2967/2967 2970/2970/2970
f 2959/2959/2959 2958/2958/2958 2937/2937/2937
f 2934/2934/2934 2935/2935/2935 2936/2936/2936
f 2078/2078/2078 2076/2076/2076 2079/2079/2079
f 2103/2103/2103 2104/2104/2104 2160/2160/2160
f 2895/2895/2895 2892/2892/2892 2894/2894/2894
f 4271/4271/4271 4279/4279/4279 4280/4280/4280
f 2127/2127/2127 2126/2126/2126 2130/2130/2130
f 2130/2130/2130 2125/2125/2125 2131/2131/2131
f 2138/2138/2138 2125/2125/2125 2129/2129/2129
f 2060/2060/2060 2062/2062/2062 2039/2039/2039
f 2060/2060/2060 2039/2039/2039 2035/2035/2035
f 2198/2198/2198 2139/2139/2139 2199/2199/2199
f 2183/2183/2183 2184/2184/2184 2194/2194/2194
f 4230/4230/4230 4236/4236/4236 4232/4232/4232
f 2193/2193/2193 2188/2188/2188 2183/2183/2183
f 2194/2194/2194 2193/2193/2193 2183/2183/2183
f 4215/4215/4215 4225/4225/4225 4239/4239/4239
f 4232/4232/4232 4229/4229/4229 4230/4230/4230
f 4358/4358/4358 4344/4344/4344 4351/4351/4351
f 4351/4351/4351 4344/4344/4344 4341/4341/4341
f 4323/4323/4323 4341/4341/4341 4319/4319/4319
f 4324/4324/4324 4323/4323/4323 4306/4306/4306
f 4310/4310/4310 4324/4324/4324 4306/4306/4306
f 4315/4315/4315 4337/4337/4337 4332/4332/4332
f 4309/4309/4309 4296/4296/4296 4316/4316/4316
f 4316/4316/4316 4296/4296/4296 4315/4315/4315
f 4315/4315/4315 4296/4296/4296 4297/4297/4297
f 3549/3549/3549 3559/3559/3559 3550/3550/3550
f 3531/3531/3531 3536/3536/3536 3518/3518/3518
f 3604/3604/3604 3611/3611/3611 3610/3610/3610
f 3604/3604/3604 3610/3610/3610 3559/3559/3559
f 3609/3609/3609 3550/3550/3550 3559/3559/3559
f 3549/3549/3549 3550/3550/3550 3545/3545/3545
f 3581/3581/3581 3582/3582/3582 3578/3578/3578
f 3618/3618/3618 3610/3610/3610 3611/3611/3611
f 3635/3635/3635 3610/3610/3610 3618/3618/3618
f 3693/3693/3693 3648/3648/3648 3650/3650/3650
f 3626/3626/3626 3671/3671/3671 3670/3670/3670
f 3627/3627/3627 3671/3671/3671 3626/3626/3626
f 3948/3948/3948 3924/3924/3924 3704/3704/3704
f 3693/3693/3693 3704/3704/3704 3924/3924/3924
f 3958/3958/3958 3949/3949/3949 3948/3948/3948
f 3961/3961/3961 3949/3949/3949 3962/3962/3962
f 3954/3954/3954 3963/3963/3963 3765/3765/3765
f 3966/3966/3966 3981/3981/3981 3967/3967/3967
f 3963/3963/3963 3458/3458/3458 3456/3456/3456
f 3981/3981/3981 3990/3990/3990 3967/3967/3967
f 3468/3468/3468 3483/3483/3483 3487/3487/3487
f 4074/4074/4074 4046/4046/4046 4076/4076/4076
f 4063/4063/4063 4076/4076/4076 4036/4036/4036
f 4036/4036/4036 4076/4076/4076 4046/4046/4046
f 795/795/795 817/817/817 806/806/806
f 4062/4062/4062 4043/4043/4043 4042/4042/4042
f 4062/4062/4062 4063/4063/4063 4036/4036/4036
f 4060/4060/4060 4080/4080/4080 4052/4052/4052
f 795/795/795 712/712/712 761/761/761
f 761/761/761 773/773/773 793/793/793
f 761/761/761 793/793/793 795/795/795
f 761/761/761 760/760/760 773/773/773
f 760/760/760 771/771/771 773/773/773
f 760/760/760 765/765/765 771/771/771
f 760/760/760 751/751/751 765/765/765
f 751/751/751 752/752/752 765/765/765
f 750/750/750 752/752/752 751/751/751
f 1460/1460/1460 1478/1478/1478 1461/1461/1461
f 1460/1460/1460 1461/1461/1461 1456/1456/1456
f 2600/2600/2600 2619/2619/2619 2595/2595/2595
f 1453/1453/1453 1442/1442/1442 1456/1456/1456
f 1551/1551/1551 1536/1536/1536 1553/1553/1553
f 1551/1551/1551 1530/1530/1530 1536/1536/1536
f 1442/1442/1442 1452/1452/1452 1467/1467/1467
f 1455/1455/1455 1452/1452/1452 1445/1445/1445
f 1455/1455/1455 1475/1475/1475 1452/1452/1452
f 1473/1473/1473 1475/1475/1475 1455/1455/1455
f 1244/1244/1244 1203/1203/1203 1201/1201/1201
f 1663/1663/1663 1660/1660/1660 1675/1675/1675
f 1203/1203/1203 1245/1245/1245 1171/1171/1171
f 1497/1497/1497 1502/1502/1502 1490/1490/1490
f 1513/1513/1513 1502/1502/1502 1497/1497/1497
f 1315/1315/1315 1320/1320/1320 1319/1319/1319
f 1312/1312/1312 1315/1315/1315 1319/1319/1319
f 1171/1171/1171 1170/1170/1170 1203/1203/1203
f 1649/1649/1649 1621/1621/1621 1615/1615/1615
f 1255/1255/1255 1266/1266/1266 1251/1251/1251
f 1600/1600/1600 1615/1615/1615 1621/1621/1621
f 1251/1251/1251 1241/1241/1241 1255/1255/1255
f 3020/3020/3020 3023/3023/3023 3021/3021/3021
f 1571/1571/1571 1574/1574/1574 1577/1577/1577
f 1571/1571/1571 1572/1572/1572 1574/1574/1574
f 2976/2976/2976 2961/2961/2961 2963/2963/2963
f 1620/1620/1620 1623/1623/1623 1583/1583/1583
f 1620/1620/1620 1655/1655/1655 1642/1642/1642
f 1620/1620/1620 1642/1642/1642 1623/1623/1623
f 2956/2956/2956 2957/2957/2957 2958/2958/2958
f 1655/1655/1655 1680/1680/1680 1642/1642/1642
f 2956/2956/2956 2958/2958/2958 2959/2959/2959
f 2959/2959/2959 2937/2937/2937 2935/2935/2935
f 2959/2959/2959 2935/2935/2935 2934/2934/2934
f 2367/2367/2367 2366/2366/2366 2328/2328/2328
f 1697/1697/1697 1685/1685/1685 1696/1696/1696
f 2076/2076/2076 2078/2078/2078 2075/2075/2075
f 1685/1685/1685 1684/1684/1684 1655/1655/1655
f 1655/1655/1655 1684/1684/1684 1680/1680/1680
f 2366/2366/2366 2341/2341/2341 2328/2328/2328
f 2912/2912/2912 2894/2894/2894 2911/2911/2911
f 2076/2076/2076 2041/2041/2041 2077/2077/2077
f 2041/2041/2041 2040/2040/2040 2077/2077/2077
f 2043/2043/2043 2040/2040/2040 2038/2038/2038
f 2039/2039/2039 2043/2043/2043 2038/2038/2038
f 2021/2021/2021 2039/2039/2039 2038/2038/2038
f 2138/2138/2138 2131/2131/2131 2125/2125/2125
f 2139/2139/2139 2138/2138/2138 2129/2129/2129
f 2024/2024/2024 2035/2035/2035 2039/2039/2039
f 2139/2139/2139 2198/2198/2198 2162/2162/2162
f 2193/2193/2193 2162/2162/2162 2198/2198/2198
f 4232/4232/4232 4236/4236/4236 4242/4242/4242
f 4254/4254/4254 4239/4239/4239 4225/4225/4225
f 4226/4226/4226 4218/4218/4218 4229/4229/4229
f 4254/4254/4254 4273/4273/4273 4239/4239/4239
f 4323/4323/4323 4350/4350/4350 4341/4341/4341
f 4341/4341/4341 4350/4350/4350 4351/4351/4351
f 4275/4275/4275 4273/4273/4273 4254/4254/4254
f 4332/4332/4332 4316/4316/4316 4315/4315/4315
f 3531/3531/3531 3539/3539/3539 3536/3536/3536
f 3650/3650/3650 3648/3648/3648 3618/3618/3618
f 3635/3635/3635 3618/3618/3618 3648/3648/3648
f 3924/3924/3924 3648/3648/3648 3693/3693/3693
f 3707/3707/3707 3709/3709/3709 3765/3765/3765
f 3765/3765/3765 3709/3709/3709 3953/3953/3953
f 3966/3966/3966 3967/3967/3967 3964/3964/3964
f 3966/3966/3966 3964/3964/3964 3961/3961/3961
f 3468/3468/3468 3467/3467/3467 3481/3481/3481
f 3468/3468/3468 3481/3481/3481 3483/3483/3483
f 818/818/818 806/806/806 817/817/817
f 4042/4042/4042 4025/4025/4025 4051/4051/4051
f 4835/4835/4835 4838/4838/4838 4837/4837/4837
f 712/712/712 795/795/795 806/806/806
f 4075/4075/4075 4051/4051/4051 4052/4052/4052
f 4666/4666/4666 4667/4667/4667 4649/4649/4649
f 4666/4666/4666 4649/4649/4649 4665/4665/4665
f 4096/4096/4096 4080/4080/4080 4060/4060/4060
f 712/712/712 711/711/711 713/713/713
f 713/713/713 761/761/761 712/712/712
f 713/713/713 760/760/760 761/761/761
f 713/713/713 751/751/751 760/760/760
f 4145/4145/4145 4141/4141/4141 4146/4146/4146
f 713/713/713 750/750/750 751/751/751
f 750/750/750 748/748/748 752/752/752
f 748/748/748 749/749/749 753/753/753
f 748/748/748 753/753/753 752/752/752
f 2595/2595/2595 2598/2598/2598 2599/2599/2599
f 2594/2594/2594 2598/2598/2598 2595/2595/2595
f 1082/1082/1082 1104/1104/1104 1105/1105/1105
f 1442/1442/1442 1457/1457/1457 1456/1456/1456
f 1105/1105/1105 1112/1112/1112 1082/1082/1082
f 1467/1467/1467 1457/1457/1457 1442/1442/1442
f 1534/1534/1534 1535/1535/1535 1530/1530/1530
f 1673/1673/1673 1670/1670/1670 1674/1674/1674
f 1668/1668/1668 1670/1670/1670 1673/1673/1673
f 1668/1668/1668 1663/1663/1663 1669/1669/1669
f 1668/1668/1668 1669/1669/1669 1670/1670/1670
f 1488/1488/1488 1475/1475/1475 1473/1473/1473
f 1663/1663/1663 1675/1675/1675 1669/1669/1669
f 1248/1248/1248 1244/1244/1244 1201/1201/1201
f 1201/1201/1201 1202/1202/1202 1332/1332/1332
f 1245/1245/1245 1203/1203/1203 1244/1244/1244
f 1502/1502/1502 1488/1488/1488 1490/1490/1490
f 1246/1246/1246 1171/1171/1171 1245/1245/1245
f 1660/1660/1660 1659/1659/1659 1649/1649/1649
f 1517/1517/1517 1502/1502/1502 1513/1513/1513
f 1649/1649/1649 1659/1659/1659 1621/1621/1621
f 1154/1154/1154 1170/1170/1170 1155/1155/1155
f 3021/3021/3021 3023/3023/3023 3063/3063/3063
f 1153/1153/1153 1155/1155/1155 1160/1160/1160
f 1153/1153/1153 1154/1154/1154 1155/1155/1155
f 1242/1242/1242 1241/1241/1241 1162/1162/1162
f 1242/1242/1242 1162/1162/1162 1160/1160/1160
f 3022/3022/3022 3023/3023/3023 3020/3020/3020
f 3022/3022/3022 3020/3020/3020 2976/2976/2976
f 2961/2961/2961 2962/2962/2962 2963/2963/2963
f 1560/1560/1560 1573/1573/1573 1572/1572/1572
f 2960/2960/2960 2955/2955/2955 2961/2961/2961
f 2955/2955/2955 2960/2960/2960 2952/2952/2952
f 2955/2955/2955 2952/2952/2952 2954/2954/2954
f 1618/1618/1618 1620/1620/1620 1583/1583/1583
f 2952/2952/2952 2953/2953/2953 2954/2954/2954
f 1633/1633/1633 1634/1634/1634 1618/1618/1618
f 1618/1618/1618 1634/1634/1634 1620/1620/1620
f 2956/2956/2956 2952/2952/2952 2957/2957/2957
f 2953/2953/2953 2952/2952/2952 2956/2956/2956
f 2956/2956/2956 2966/2966/2966 2953/2953/2953
f 2956/2956/2956 2959/2959/2959 2966/2966/2966
f 1655/1655/1655 1633/1633/1633 1656/1656/1656
f 1657/1657/1657 1655/1655/1655 1656/1656/1656
f 1633/1633/1633 1655/1655/1655 1634/1634/1634
f 1634/1634/1634 1655/1655/1655 1620/1620/1620
f 2966/2966/2966 2959/2959/2959 2934/2934/2934
f 1685/1685/1685 1655/1655/1655 1657/1657/1657
f 2327/2327/2327 2328/2328/2328 2341/2341/2341
f 2341/2341/2341 2342/2342/2342 2327/2327/2327
f 2041/2041/2041 2076/2076/2076 2075/2075/2075
f 2342/2342/2342 2341/2341/2341 2378/2378/2378
f 2127/2127/2127 2160/2160/2160 2104/2104/2104
f 2160/2160/2160 2127/2127/2127 2157/2157/2157
f 2127/2127/2127 2156/2156/2156 2157/2157/2157
f 2130/2130/2130 2156/2156/2156 2127/2127/2127
f 2130/2130/2130 2158/2158/2158 2156/2156/2156
f 2131/2131/2131 2140/2140/2140 2130/2130/2130
f 2131/2131/2131 2138/2138/2138 2140/2140/2140
f 2030/2030/2030 2039/2039/2039 2021/2021/2021
f 2030/2030/2030 2024/2024/2024 2039/2039/2039
f 2159/2159/2159 2138/2138/2138 2139/2139/2139
f 2162/2162/2162 2159/2159/2159 2139/2139/2139
f 2193/2193/2193 2194/2194/2194 2237/2237/2237
f 2236/2236/2236 2235/2235/2235 2184/2184/2184
f 2184/2184/2184 2235/2235/2235 2194/2194/2194
f 4241/4241/4241 4232/4232/4232 4242/4242/4242
f 4357/4357/4357 4358/4358/4358 4351/4351/4351
f 4218/4218/4218 4214/4214/4214 4215/4215/4215
f 4226/4226/4226 4214/4214/4214 4218/4218/4218
f 4352/4352/4352 4357/4357/4357 4351/4351/4351
f 4350/4350/4350 4352/4352/4352 4351/4351/4351
f 4323/4323/4323 4353/4353/4353 4350/4350/4350
f 4346/4346/4346 4323/4323/4323 4324/4324/4324
f 4346/4346/4346 4353/4353/4353 4323/4323/4323
f 4332/4332/4332 4337/4337/4337 4275/4275/4275
f 4275/4275/4275 4337/4337/4337 4273/4273/4273
f 4324/4324/4324 4310/4310/4310 4346/4346/4346
f 4333/4333/4333 4310/4310/4310 4309/4309/4309
f 4316/4316/4316 4333/4333/4333 4309/4309/4309
f 3532/3532/3532 3539/3539/3539 3531/3531/3531
f 3527/3527/3527 3537/3537/3537 3526/3526/3526
f 3537/3537/3537 3544/3544/3544 3526/3526/3526
f 3526/3526/3526 3544/3544/3544 3543/3543/3543
f 3544/3544/3544 3581/3581/3581 3543/3543/3543
f 3578/3578/3578 3582/3582/3582 3627/3627/3627
f 3672/3672/3672 3671/3671/3671 3627/3627/3627
f 3670/3670/3670 3671/3671/3671 3709/3709/3709
f 3948/3948/3948 3937/3937/3937 3924/3924/3924
f 3947/3947/3947 3949/3949/3949 3961/3961/3961
f 3953/3953/3953 3954/3954/3954 3765/3765/3765
f 3984/3984/3984 3964/3964/3964 3967/3967/3967
f 3967/3967/3967 3990/3990/3990 3984/3984/3984
f 818/818/818 805/805/805 806/806/806
f 4074/4074/4074 4076/4076/4076 4107/4107/4107
f 805/805/805 715/715/715 806/806/806
f 715/715/715 712/712/712 806/806/806
f 4802/4802/4802 4775/4775/4775 4803/4803/4803
f 4836/4836/4836 4835/4835/4835 4837/4837/4837
f 4670/4670/4670 4665/4665/4665 4646/4646/4646
f 4107/4107/4107 4076/4076/4076 4117/4117/4117
f 4080/4080/4080 4075/4075/4075 4052/4052/4052
f 4668/4668/4668 4667/4667/4667 4666/4666/4666
f 4665/4665/4665 4649/4649/4649 4646/4646/4646
f 4151/4151/4151 4145/4145/4145 4147/4147/4147
f 2619/2619/2619 2608/2608/2608 2595/2595/2595
f 1456/1456/1456 1457/1457/1457 1460/1460/1460
f 2593/2593/2593 2594/2594/2594 2595/2595/2595
f 1452/1452/1452 1468/1468/1468 1467/1467/1467
f 1534/1534/1534 1525/1525/1525 1674/1674/1674
f 1525/1525/1525 1673/1673/1673 1674/1674/1674
f 1452/1452/1452 1475/1475/1475 1474/1474/1474
f 1664/1664/1664 1663/1663/1663 1668/1668/1668
f 1488/1488/1488 1493/1493/1493 1475/1475/1475
f 1248/1248/1248 1201/1201/1201 1332/1332/1332
f 1327/1327/1327 1332/1332/1332 1202/1202/1202
f 1245/1245/1245 1244/1244/1244 1248/1248/1248
f 1321/1321/1321 1327/1327/1327 1202/1202/1202
f 1323/1323/1323 1327/1327/1327 1321/1321/1321
f 1317/1317/1317 1323/1323/1323 1321/1321/1321
f 1319/1319/1319 1323/1323/1323 1317/1317/1317
f 1261/1261/1261 1280/1280/1280 1266/1266/1266
f 1155/1155/1155 1170/1170/1170 1171/1171/1171
f 1320/1320/1320 1315/1315/1315 1333/1333/1333
f 1266/1266/1266 1255/1255/1255 1261/1261/1261
f 3063/3063/3063 3023/3023/3023 3061/3061/3061
f 1621/1621/1621 1622/1622/1622 1577/1577/1577
f 1600/1600/1600 1621/1621/1621 1577/1577/1577
f 1161/1161/1161 1242/1242/1242 1160/1160/1160
f 1160/1160/1160 1155/1155/1155 1161/1161/1161
f 1559/1559/1559 1573/1573/1573 1560/1560/1560
f 2962/2962/2962 2961/2961/2961 2955/2955/2955
f 2971/2971/2971 2962/2962/2962 2955/2955/2955
f 1619/1619/1619 1618/1618/1618 1559/1559/1559
f 1559/1559/1559 1618/1618/1618 1583/1583/1583
f 1559/1559/1559 1583/1583/1583 1573/1573/1573
f 2979/2979/2979 2955/2955/2955 2954/2954/2954
f 1619/1619/1619 1632/1632/1632 1618/1618/1618
f 2953/2953/2953 2975/2975/2975 2954/2954/2954
f 1633/1633/1633 1618/1618/1618 1632/1632/1632
f 2975/2975/2975 2953/2953/2953 2966/2966/2966
f 2934/2934/2934 2997/2997/2997 2966/2966/2966
f 1683/1683/1683 1696/1696/1696 1685/1685/1685
f 1683/1683/1683 1685/1685/1685 1657/1657/1657
f 2998/2998/2998 2997/2997/2997 2934/2934/2934
f 2326/2326/2326 2328/2328/2328 2327/2327/2327
f 2072/2072/2072 2041/2041/2041 2075/2075/2075
f 1683/1683/1683 1697/1697/1697 1696/1696/1696
f 2041/2041/2041 2026/2026/2026 2040/2040/2040
f 2378/2378/2378 2377/2377/2377 2342/2342/2342
f 2038/2038/2038 2040/2040/2040 2026/2026/2026
f 2026/2026/2026 2021/2021/2021 2038/2038/2038
f 2130/2130/2130 2140/2140/2140 2158/2158/2158
f 2138/2138/2138 2163/2163/2163 2140/2140/2140
f 2163/2163/2163 2138/2138/2138 2164/2164/2164
f 2030/2030/2030 2021/2021/2021 2024/2024/2024
f 2159/2159/2159 2164/2164/2164 2138/2138/2138
f 2035/2035/2035 2024/2024/2024 2020/2020/2020
f 2237/2237/2237 2235/2235/2235 2238/2238/2238
f 2237/2237/2237 2194/2194/2194 2235/2235/2235
f 2162/2162/2162 2193/2193/2193 2237/2237/2237
f 2239/2239/2239 2238/2238/2238 2235/2235/2235
f 2240/2240/2240 2235/2235/2235 2236/2236/2236
f 2240/2240/2240 2239/2239/2239 2235/2235/2235
f 2278/2278/2278 2240/2240/2240 2236/2236/2236
f 2240/2240/2240 2278/2278/2278 2241/2241/2241
f 4225/4225/4225 4211/4211/4211 4254/4254/4254
f 4211/4211/4211 4225/4225/4225 4215/4215/4215
f 4233/4233/4233 4229/4229/4229 4232/4232/4232
f 4233/4233/4233 4226/4226/4226 4229/4229/4229
f 4352/4352/4352 4360/4360/4360 4357/4357/4357
f 4353/4353/4353 4352/4352/4352 4350/4350/4350
f 4346/4346/4346 4310/4310/4310 4333/4333/4333
f 4316/4316/4316 4332/4332/4332 4347/4347/4347
f 3545/3545/3545 3539/3539/3539 3532/3532/3532
f 3545/3545/3545 3560/3560/3560 3546/3546/3546
f 3937/3937/3937 3948/3948/3948 3949/3949/3949
f 3944/3944/3944 3953/3953/3953 3709/3709/3709
f 3961/3961/3961 3964/3964/3964 3960/3960/3960
f 3954/3954/3954 3959/3959/3959 3963/3963/3963
f 3963/3963/3963 3959/3959/3959 3972/3972/3972
f 4107/4107/4107 4108/4108/4108 4074/4074/4074
f 812/812/812 805/805/805 818/818/818
f 4775/4775/4775 4802/4802/4802 4754/4754/4754
f 4754/4754/4754 4401/4401/4401 4775/4775/4775
f 709/709/709 711/711/711 712/712/712
f 709/709/709 712/712/712 715/715/715
f 710/710/710 711/711/711 709/709/709
f 710/710/710 713/713/713 711/711/711
f 710/710/710 750/750/750 713/713/713
f 750/750/750 710/710/710 748/748/748
f 1460/1460/1460 1463/1463/1463 1478/1478/1478
f 749/749/749 748/748/748 747/747/747
f 1457/1457/1457 1463/1463/1463 1460/1460/1460
f 2595/2595/2595 2608/2608/2608 2593/2593/2593
f 1467/1467/1467 1466/1466/1466 1457/1457/1457
f 1551/1551/1551 1554/1554/1554 1548/1548/1548
f 1551/1551/1551 1548/1548/1548 1530/1530/1530
f 1526/1526/1526 1530/1530/1530 1548/1548/1548
f 1534/1534/1534 1530/1530/1530 1525/1525/1525
f 1452/1452/1452 1474/1474/1474 1468/1468/1468
f 1486/1486/1486 1474/1474/1474 1475/1475/1475
f 1667/1667/1667 1664/1664/1664 1668/1668/1668
f 1475/1475/1475 1493/1493/1493 1486/1486/1486
f 4738/4738/4738 4737/4737/4737 4739/4739/4739
f 1256/1256/1256 1245/1245/1245 1248/1248/1248
f 1661/1661/1661 1663/1663/1663 1664/1664/1664
f 1502/1502/1502 1493/1493/1493 1488/1488/1488
f 1659/1659/1659 1660/1660/1660 1661/1661/1661
f 1661/1661/1661 1660/1660/1660 1663/1663/1663
f 1320/1320/1320 1324/1324/1324 1319/1319/1319
f 1261/1261/1261 1255/1255/1255 1241/1241/1241
f 1261/1261/1261 1241/1241/1241 1262/1262/1262
f 1242/1242/1242 1262/1262/1262 1241/1241/1241
f 1161/1161/1161 1155/1155/1155 1172/1172/1172
f 1622/1622/1622 1578/1578/1578 1577/1577/1577
f 1247/1247/1247 1242/1242/1242 1161/1161/1161
f 3022/3022/3022 3061/3061/3061 3023/3023/3023
f 1578/1578/1578 1571/1571/1571 1577/1577/1577
f 1560/1560/1560 1572/1572/1572 1571/1571/1571
f 1559/1559/1559 1560/1560/1560 1561/1561/1561
f 2955/2955/2955 2981/2981/2981 2971/2971/2971
f 2979/2979/2979 2981/2981/2981 2955/2955/2955
f 2975/2975/2975 2979/2979/2979 2954/2954/2954
f 2979/2979/2979 2975/2975/2975 2991/2991/2991
f 1646/1646/1646 1633/1633/1633 1632/1632/1632
f 2966/2966/2966 2991/2991/2991 2975/2975/2975
f 1633/1633/1633 1646/1646/1646 1638/1638/1638
f 2991/2991/2991 2966/2966/2966 2996/2996/2996
f 2997/2997/2997 2996/2996/2996 2966/2966/2966
f 2326/2326/2326 2330/2330/2330 2328/2328/2328
f 2072/2072/2072 2042/2042/2042 2041/2041/2041
f 1683/1683/1683 1698/1698/1698 1697/1697/1697
f 2329/2329/2329 2327/2327/2327 2342/2342/2342
f 2041/2041/2041 2042/2042/2042 2026/2026/2026
f 2377/2377/2377 2329/2329/2329 2342/2342/2342
f 4203/4203/4203 4204/4204/4204 4205/4205/4205
f 2373/2373/2373 2377/2377/2377 2376/2376/2376
f 2163/2163/2163 2158/2158/2158 2140/2140/2140
f 2022/2022/2022 2024/2024/2024 2021/2021/2021
f 2276/2276/2276 2159/2159/2159 2237/2237/2237
f 2159/2159/2159 2162/2162/2162 2237/2237/2237
f 2276/2276/2276 2237/2237/2237 2275/2275/2275
f 2237/2237/2237 2238/2238/2238 2275/2275/2275
f 2015/2015/2015 2020/2020/2020 2024/2024/2024
f 2238/2238/2238 2239/2239/2239 2244/2244/2244
f 4232/4232/4232 4241/4241/4241 4233/4233/4233
f 2241/2241/2241 2239/2239/2239 2240/2240/2240
f 2250/2250/2250 2241/2241/2241 2278/2278/2278
f 4254/4254/4254 4211/4211/4211 4253/4253/4253
f 4214/4214/4214 4211/4211/4211 4215/4215/4215
f 4360/4360/4360 4352/4352/4352 4355/4355/4355
f 4275/4275/4275 4254/4254/4254 4253/4253/4253
f 4355/4355/4355 4352/4352/4352 4353/4353/4353
f 4332/4332/4332 4275/4275/4275 4347/4347/4347
f 4275/4275/4275 4268/4268/4268 4347/4347/4347
f 4349/4349/4349 4346/4346/4346 4333/4333/4333
f 3539/3539/3539 3545/3545/3545 3546/3546/3546
f 3610/3610/3610 3612/3612/3612 3559/3559/3559
f 3612/3612/3612 3609/3609/3609 3559/3559/3559
f 3609/3609/3609 3613/3613/3613 3550/3550/3550
f 3550/3550/3550 3613/3613/3613 3545/3545/3545
f 3539/3539/3539 3547/3547/3547 3536/3536/3536
f 3562/3562/3562 3537/3537/3537 3536/3536/3536
f 3671/3671/3671 3674/3674/3674 3681/3681/3681
f 3672/3672/3672 3674/3674/3674 3671/3671/3671
f 3681/3681/3681 3939/3939/3939 3671/3671/3671
f 3671/3671/3671 3940/3940/3940 3709/3709/3709
f 3709/3709/3709 3940/3940/3940 3944/3944/3944
f 3953/3953/3953 3944/3944/3944 3954/3954/3954
f 3961/3961/3961 3960/3960/3960 3947/3947/3947
f 3972/3972/3972 3458/3458/3458 3963/3963/3963
f 3458/3458/3458 3466/3466/3466 3457/3457/3457
f 3457/3457/3457 3474/3474/3474 3467/3467/3467
f 4100/4100/4100 4061/4061/4061 4074/4074/4074
f 3990/3990/3990 4061/4061/4061 4100/4100/4100
f 3474/3474/3474 3481/3481/3481 3467/3467/3467
f 4117/4117/4117 4118/4118/4118 4107/4107/4107
f 4403/4403/4403 4394/4394/4394 4404/4404/4404
f 4754/4754/4754 4404/4404/4404 4394/4394/4394
f 4754/4754/4754 4393/4393/4393 4401/4401/4401
f 4835/4835/4835 4836/4836/4836 4833/4833/4833
f 4835/4835/4835 4833/4833/4833 4834/4834/4834
f 4649/4649/4649 4647/4647/4647 4646/4646/4646
f 4396/4396/4396 4394/4394/4394 4403/4403/4403
f 4145/4145/4145 4146/4146/4146 4147/4147/4147
f 4146/4146/4146 4148/4148/4148 4147/4147/4147
f 1554/1554/1554 1526/1526/1526 1548/1548/1548
f 1468/1468/1468 1466/1466/1466 1467/1467/1467
f 1526/1526/1526 1525/1525/1525 1530/1530/1530
f 1468/1468/1468 1474/1474/1474 1482/1482/1482
f 1673/1673/1673 1667/1667/1667 1668/1668/1668
f 4816/4816/4816 4817/4817/4817 4815/4815/4815
f 4815/4815/4815 4817/4817/4817 4739/4739/4739
f 4757/4757/4757 4815/4815/4815 4739/4739/4739
f 1284/1284/1284 1256/1256/1256 1248/1248/1248
f 4757/4757/4757 4739/4739/4739 4737/4737/4737
f 1257/1257/1257 1245/1245/1245 1256/1256/1256
f 1502/1502/1502 1503/1503/1503 1493/1493/1493
f 1257/1257/1257 1246/1246/1246 1245/1245/1245
f 1517/1517/1517 1518/1518/1518 1502/1502/1502
f 1518/1518/1518 1503/1503/1503 1502/1502/1502
f 1243/1243/1243 1171/1171/1171 1246/1246/1246
f 1243/1243/1243 1172/1172/1172 1155/1155/1155
f 1243/1243/1243 1155/1155/1155 1171/1171/1171
f 1247/1247/1247 1161/1161/1161 1172/1172/1172
f 4714/4714/4714 4766/4766/4766 4594/4594/4594
f 4600/4600/4600 4593/4593/4593 4766/4766/4766
f 4599/4599/4599 4593/4593/4593 4600/4600/4600
f 2971/2971/2971 2982/2982/2982 2962/2962/2962
f 1559/1559/1559 1561/1561/1561 1562/1562/1562
f 1559/1559/1559 1562/1562/1562 1619/1619/1619
f 1619/1619/1619 1646/1646/1646 1632/1632/1632
f 2986/2986/2986 2981/2981/2981 2979/2979/2979
f 2986/2986/2986 2979/2979/2979 2991/2991/2991
f 1638/1638/1638 1656/1656/1656 1633/1633/1633
f 1638/1638/1638 1657/1657/1657 1656/1656/1656
f 1683/1683/1683 1657/1657/1657 1651/1651/1651
f 2330/2330/2330 2326/2326/2326 2331/2331/2331
f 1692/1692/1692 1698/1698/1698 1683/1683/1683
f 2326/2326/2326 2327/2327/2327 2323/2323/2323
f 2323/2323/2323 2327/2327/2327 2329/2329/2329
f 2323/2323/2323 2372/2372/2372 2371/2371/2371
f 2372/2372/2372 2323/2323/2323 2373/2373/2373
f 2329/2329/2329 2373/2373/2373 2323/2323/2323
f 2376/2376/2376 2372/2372/2372 2373/2373/2373
f 2371/2371/2371 2372/2372/2372 2376/2376/2376
f 2022/2022/2022 2021/2021/2021 2013/2013/2013
f 2022/2022/2022 2013/2013/2013 2024/2024/2024
f 2312/2312/2312 2319/2319/2319 2314/2314/2314
f 2013/2013/2013 2015/2015/2015 2024/2024/2024
f 2164/2164/2164 2176/2176/2176 2163/2163/2163
f 2316/2316/2316 2314/2314/2314 2319/2319/2319
f 2159/2159/2159 2176/2176/2176 2164/2164/2164
f 2176/2176/2176 2159/2159/2159 2276/2276/2276
f 2275/2275/2275 2277/2277/2277 2276/2276/2276
f 2016/2016/2016 2020/2020/2020 2015/2015/2015
f 2275/2275/2275 2238/2238/2238 2268/2268/2268
f 2244/2244/2244 2268/2268/2268 2238/2238/2238
f 4233/4233/4233 4241/4241/4241 4245/4245/4245
f 2242/2242/2242 2239/2239/2239 2241/2241/2241
f 2242/2242/2242 2241/2241/2241 2250/2250/2250
f 2266/2266/2266 2242/2242/2242 2250/2250/2250
f 4211/4211/4211 4213/4213/4213 4253/4253/4253
f 4231/4231/4231 4214/4214/4214 4226/4226/4226
f 4355/4355/4355 4354/4354/4354 4361/4361/4361
f 4264/4264/4264 4268/4268/4268 4253/4253/4253
f 4268/4268/4268 4275/4275/4275 4253/4253/4253
f 4355/4355/4355 4353/4353/4353 4354/4354/4354
f 4354/4354/4354 4353/4353/4353 4346/4346/4346
f 4346/4346/4346 4349/4349/4349 4354/4354/4354
f 4349/4349/4349 4333/4333/4333 4348/4348/4348
f 4348/4348/4348 4333/4333/4333 4316/4316/4316
f 4348/4348/4348 4316/4316/4316 4347/4347/4347
f 3613/3613/3613 3561/3561/3561 3545/3545/3545
f 3561/3561/3561 3560/3560/3560 3545/3545/3545
f 3546/3546/3546 3560/3560/3560 3539/3539/3539
f 3539/3539/3539 3614/3614/3614 3547/3547/3547
f 3560/3560/3560 3614/3614/3614 3539/3539/3539
f 3635/3635/3635 3612/3612/3612 3610/3610/3610
f 3537/3537/3537 3631/3631/3631 3544/3544/3544
f 3544/3544/3544 3631/3631/3631 3581/3581/3581
f 3582/3582/3582 3581/3581/3581 3631/3631/3631
f 3648/3648/3648 3651/3651/3651 3635/3635/3635
f 3924/3924/3924 3911/3911/3911 3648/3648/3648
f 3671/3671/3671 3939/3939/3939 3940/3940/3940
f 3915/3915/3915 3924/3924/3924 3937/3937/3937
f 3954/3954/3954 3944/3944/3944 3940/3940/3940
f 3940/3940/3940 3938/3938/3938 3954/3954/3954
f 3978/3978/3978 3964/3964/3964 3984/3984/3984
f 3972/3972/3972 3466/3466/3466 3458/3458/3458
f 3457/3457/3457 3466/3466/3466 3474/3474/3474
f 3990/3990/3990 4100/4100/4100 3984/3984/3984
f 3490/3490/3490 3481/3481/3481 3474/3474/3474
f 715/715/715 805/805/805 714/714/714
f 4394/4394/4394 4393/4393/4393 4754/4754/4754
f 4669/4669/4669 4649/4649/4649 4667/4667/4667
f 4669/4669/4669 4667/4667/4667 4767/4767/4767
f 4669/4669/4669 4647/4647/4647 4649/4649/4649
f 4833/4833/4833 4832/4832/4832 4834/4834/4834
f 4669/4669/4669 4807/4807/4807 4647/4647/4647
f 709/709/709 708/708/708 710/710/710
f 4396/4396/4396 4397/4397/4397 4395/4395/4395
f 4396/4396/4396 4395/4395/4395 4394/4394/4394
f 4150/4150/4150 4141/4141/4141 4132/4132/4132
f 4141/4141/4141 4150/4150/4150 4146/4146/4146
f 740/740/740 747/747/747 748/748/748
f 740/740/740 739/739/739 747/747/747
f 2618/2618/2618 2617/2617/2617 2593/2593/2593
f 2593/2593/2593 2608/2608/2608 2618/2618/2618
f 2598/2598/2598 2594/2594/2594 2604/2604/2604
f 1533/1533/1533 1554/1554/1554 1555/1555/1555
f 1533/1533/1533 1526/1526/1526 1554/1554/1554
f 1525/1525/1525 1526/1526/1526 1527/1527/1527
f 1474/1474/1474 1486/1486/1486 1482/1482/1482
f 4428/4428/4428 4816/4816/4816 4815/4815/4815
f 4428/4428/4428 4815/4815/4815 4757/4757/4757
f 1667/1667/1667 1666/1666/1666 1664/1664/1664
f 1665/1665/1665 1664/1664/1664 1666/1666/1666
f 1285/1285/1285 1256/1256/1256 1284/1284/1284
f 1661/1661/1661 1664/1664/1664 1665/1665/1665
f 4738/4738/4738 4740/4740/4740 4735/4735/4735
f 1329/1329/1329 1323/1323/1323 1319/1319/1319
f 1324/1324/1324 1329/1329/1329 1319/1319/1319
f 1261/1261/1261 1262/1262/1262 1280/1280/1280
f 1262/1262/1262 1283/1283/1283 1280/1280/1280
f 1283/1283/1283 1287/1287/1287 1280/1280/1280
f 1257/1257/1257 1243/1243/1243 1246/1246/1246
f 1621/1621/1621 1659/1659/1659 1658/1658/1658
f 1262/1262/1262 1242/1242/1242 1260/1260/1260
f 1578/1578/1578 1622/1622/1622 1613/1613/1613
f 4766/4766/4766 4593/4593/4593 4594/4594/4594
f 1561/1561/1561 1560/1560/1560 1571/1571/1571
f 2962/2962/2962 2982/2982/2982 2963/2963/2963
f 2971/2971/2971 2981/2981/2981 2982/2982/2982
f 2981/2981/2981 2985/2985/2985 2982/2982/2982
f 1562/1562/1562 1565/1565/1565 1619/1619/1619
f 2981/2981/2981 2986/2986/2986 2985/2985/2985
f 1565/1565/1565 1646/1646/1646 1619/1619/1619
f 1646/1646/1646 1565/1565/1565 1638/1638/1638
f 2345/2345/2345 2360/2360/2360 2361/2361/2361
f 1657/1657/1657 1638/1638/1638 1651/1651/1651
f 2339/2339/2339 2345/2345/2345 2330/2330/2330
f 1683/1683/1683 1651/1651/1651 1681/1681/1681
f 2330/2330/2330 2331/2331/2331 2339/2339/2339
f 1683/1683/1683 1681/1681/1681 1692/1692/1692
f 2059/2059/2059 2042/2042/2042 2072/2072/2072
f 2321/2321/2321 2323/2323/2323 2371/2371/2371
f 2320/2320/2320 2321/2321/2321 2371/2371/2371
f 2018/2018/2018 2026/2026/2026 2042/2042/2042
f 2018/2018/2018 2023/2023/2023 2026/2026/2026
f 2321/2321/2321 2320/2320/2320 2310/2310/2310
f 2021/2021/2021 2026/2026/2026 2023/2023/2023
f 2320/2320/2320 2312/2312/2312 2310/2310/2310
f 2376/2376/2376 2379/2379/2379 2371/2371/2371
f 2371/2371/2371 2379/2379/2379 2320/2320/2320
f 2320/2320/2320 2379/2379/2379 2312/2312/2312
f 2311/2311/2311 2310/2310/2310 2312/2312/2312
f 2163/2163/2163 2165/2165/2165 2158/2158/2158
f 2014/2014/2014 2013/2013/2013 2021/2021/2021
f 2176/2176/2176 2165/2165/2165 2163/2163/2163
f 2379/2379/2379 2380/2380/2380 2319/2319/2319
f 2379/2379/2379 2319/2319/2319 2312/2312/2312
f 2312/2312/2312 2314/2314/2314 2311/2311/2311
f 2268/2268/2268 2277/2277/2277 2275/2275/2275
f 2016/2016/2016 2015/2015/2015 2005/2005/2005
f 2243/2243/2243 2244/2244/2244 2239/2239/2239
f 2256/2256/2256 2242/2242/2242 2266/2266/2266
f 4264/4264/4264 4253/4253/4253 4213/4213/4213
f 4231/4231/4231 4226/4226/4226 4233/4233/4233
f 2243/2243/2243 2239/2239/2239 2242/2242/2242
f 4354/4354/4354 4356/4356/4356 4361/4361/4361
f 4212/4212/4212 4211/4211/4211 4214/4214/4214
f 4231/4231/4231 4212/4212/4212 4214/4214/4214
f 4285/4285/4285 4349/4349/4349 4348/4348/4348
f 4348/4348/4348 4347/4347/4347 4268/4268/4268
f 3547/3547/3547 3614/3614/3614 3536/3536/3536
f 3614/3614/3614 3562/3562/3562 3536/3536/3536
f 3651/3651/3651 3640/3640/3640 3635/3635/3635
f 3633/3633/3633 3631/3631/3631 3537/3537/3537
f 3631/3631/3631 3674/3674/3674 3582/3582/3582
f 3582/3582/3582 3674/3674/3674 3627/3627/3627
f 3627/3627/3627 3674/3674/3674 3672/3672/3672
f 3940/3940/3940 3939/3939/3939 3938/3938/3938
f 3937/3937/3937 3949/3949/3949 3947/3947/3947
f 3954/3954/3954 3938/3938/3938 3955/3955/3955
f 3954/3954/3954 3955/3955/3955 3959/3959/3959
f 3955/3955/3955 3972/3972/3972 3959/3959/3959
f 3964/3964/3964 3978/3978/3978 3960/3960/3960
f 3466/3466/3466 3477/3477/3477 3476/3476/3476
f 4074/4074/4074 4108/4108/4108 4100/4100/4100
f 4113/4113/4113 4108/4108/4108 4107/4107/4107
f 812/812/812 811/811/811 805/805/805
f 4113/4113/4113 4107/4107/4107 4118/4118/4118
f 4644/4644/4644 4642/4642/4642 4648/4648/4648
f 4400/4400/4400 4775/4775/4775 4401/4401/4401
f 4646/4646/4646 4645/4645/4645 4644/4644/4644
f 709/709/709 715/715/715 714/714/714
f 4775/4775/4775 4400/4400/4400 4435/4435/4435
f 4645/4645/4645 4646/4646/4646 4647/4647/4647
f 4393/4393/4393 4392/4392/4392 4401/4401/4401
f 4767/4767/4767 4768/4768/4768 4669/4669/4669
f 4149/4149/4149 4148/4148/4148 4146/4146/4146
f 710/710/710 708/708/708 748/748/748
f 4149/4149/4149 4146/4146/4146 4150/4150/4150
f 708/708/708 740/740/740 748/748/748
f 1463/1463/1463 1487/1487/1487 1478/1478/1478
f 1466/1466/1466 1465/1465/1465 1457/1457/1457
f 2593/2593/2593 2592/2592/2592 2594/2594/2594
f 2592/2592/2592 2604/2604/2604 2594/2594/2594
f 1468/1468/1468 1469/1469/1469 1466/1466/1466
f 1482/1482/1482 1469/1469/1469 1468/1468/1468
f 1527/1527/1527 1673/1673/1673 1525/1525/1525
f 1492/1492/1492 1482/1482/1482 1486/1486/1486
f 1286/1286/1286 1285/1285/1285 1284/1284/1284
f 4428/4428/4428 4757/4757/4757 4449/4449/4449
f 4882/4882/4882 4883/4883/4883 4877/4877/4877
f 1498/1498/1498 1486/1486/1486 1504/1504/1504
f 1493/1493/1493 1504/1504/1504 1486/1486/1486
f 4736/4736/4736 4757/4757/4757 4737/4737/4737
f 4738/4738/4738 4735/4735/4735 4737/4737/4737
f 4735/4735/4735 4736/4736/4736 4737/4737/4737
f 1503/1503/1503 1504/1504/1504 1493/1493/1493
f 1282/1282/1282 1256/1256/1256 1285/1285/1285
f 4740/4740/4740 4741/4741/4741 4735/4735/4735
f 1518/1518/1518 1504/1504/1504 1503/1503/1503
f 1282/1282/1282 1257/1257/1257 1256/1256/1256
f 1658/1658/1658 1659/1659/1659 1661/1661/1661
f 1260/1260/1260 1283/1283/1283 1262/1262/1262
f 1254/1254/1254 1172/1172/1172 1243/1243/1243
f 1260/1260/1260 1242/1242/1242 1247/1247/1247
f 1260/1260/1260 1247/1247/1247 1253/1253/1253
f 1253/1253/1253 1247/1247/1247 1172/1172/1172
f 1622/1622/1622 1621/1621/1621 1658/1658/1658
f 4591/4591/4591 4594/4594/4594 4593/4593/4593
f 1578/1578/1578 1579/1579/1579 1571/1571/1571
f 4625/4625/4625 4597/4597/4597 4599/4599/4599
f 4593/4593/4593 4599/4599/4599 4597/4597/4597
f 1565/1565/1565 1562/1562/1562 1564/1564/1564
f 2362/2362/2362 2368/2368/2368 2370/2370/2370
f 1638/1638/1638 1565/1565/1565 1564/1564/1564
f 2361/2361/2361 2360/2360/2360 2362/2362/2362
f 2346/2346/2346 2360/2360/2360 2345/2345/2345
f 2345/2345/2345 2339/2339/2339 2346/2346/2346
f 2339/2339/2339 2331/2331/2331 2333/2333/2333
f 2095/2095/2095 2059/2059/2059 2072/2072/2072
f 2325/2325/2325 2331/2331/2331 2326/2326/2326
f 2325/2325/2325 2326/2326/2326 2323/2323/2323
f 2321/2321/2321 2322/2322/2322 2323/2323/2323
f 2322/2322/2322 2321/2321/2321 2308/2308/2308
f 2321/2321/2321 2310/2310/2310 2308/2308/2308
f 2310/2310/2310 2304/2304/2304 2308/2308/2308
f 2021/2021/2021 1984/1984/1984 2014/2014/2014
f 2023/2023/2023 1984/1984/1984 2021/2021/2021
f 2315/2315/2315 2314/2314/2314 2316/2316/2316
f 2315/2315/2315 2316/2316/2316 2317/2317/2317
f 2248/2248/2248 2268/2268/2268 2244/2244/2244
f 4272/4272/4272 4213/4213/4213 4217/4217/4217
f 2248/2248/2248 2244/2244/2244 2243/2243/2243
f 2256/2256/2256 2245/2245/2245 2242/2242/2242
f 2257/2257/2257 2256/2256/2256 2266/2266/2266
f 2267/2267/2267 2257/2257/2257 2266/2266/2266
f 2267/2267/2267 2258/2258/2258 2257/2257/2257
f 4272/4272/4272 4268/4268/4268 4264/4264/4264
f 4272/4272/4272 4264/4264/4264 4213/4213/4213
f 4210/4210/4210 4211/4211/4211 4212/4212/4212
f 4210/4210/4210 4213/4213/4213 4211/4211/4211
f 4237/4237/4237 4231/4231/4231 4233/4233/4233
f 2243/2243/2243 2242/2242/2242 2245/2245/2245
f 4349/4349/4349 4356/4356/4356 4354/4354/4354
f 4356/4356/4356 4349/4349/4349 4285/4285/4285
f 4285/4285/4285 4348/4348/4348 4268/4268/4268
f 3640/3640/3640 3639/3639/3639 3635/3635/3635
f 3635/3635/3635 3639/3639/3639 3612/3612/3612
f 3609/3609/3609 3612/3612/3612 3639/3639/3639
f 3609/3609/3609 3639/3639/3639 3637/3637/3637
f 3562/3562/3562 3632/3632/3632 3537/3537/3537
f 3632/3632/3632 3633/3633/3633 3537/3537/3537
f 3651/3651/3651 3648/3648/3648 3911/3911/3911
f 3631/3631/3631 3675/3675/3675 3674/3674/3674
f 3911/3911/3911 3924/3924/3924 3915/3915/3915
f 3972/3972/3972 3955/3955/3955 3973/3973/3973
f 3973/3973/3973 3466/3466/3466 3972/3972/3972
f 3476/3476/3476 3474/3474/3474 3466/3466/3466
f 3490/3490/3490 3474/3474/3474 3491/3491/3491
f 729/729/729 805/805/805 811/811/811
f 714/714/714 805/805/805 729/729/729
f 4643/4643/4643 4644/4644/4644 4645/4645/4645
f 4392/4392/4392 4400/4400/4400 4401/4401/4401
f 4830/4830/4830 4832/4832/4832 4833/4833/4833
f 707/707/707 708/708/708 709/709/709
f 4379/4379/4379 4393/4393/4393 4394/4394/4394
f 4832/4832/4832 4830/4830/4830 4827/4827/4827
f 4394/4394/4394 4395/4395/4395 4379/4379/4379
f 4768/4768/4768 4807/4807/4807 4669/4669/4669
f 4840/4840/4840 4841/4841/4841 4842/4842/4842
f 4843/4843/4843 4842/4842/4842 4841/4841/4841
f 4397/4397/4397 4440/4440/4440 4395/4395/4395
f 4807/4807/4807 4390/4390/4390 4391/4391/4391
f 737/737/737 739/739/739 740/740/740
f 1487/1487/1487 1463/1463/1463 1464/1464/1464
f 1457/1457/1457 1464/1464/1464 1463/1463/1463
f 2593/2593/2593 2617/2617/2617 2613/2613/2613
f 1465/1465/1465 1464/1464/1464 1457/1457/1457
f 1469/1469/1469 1465/1465/1465 1466/1466/1466
f 1526/1526/1526 1528/1528/1528 1527/1527/1527
f 1476/1476/1476 1469/1469/1469 1492/1492/1492
f 1492/1492/1492 1469/1469/1469 1482/1482/1482
f 1673/1673/1673 1527/1527/1527 1529/1529/1529
f 1671/1671/1671 1673/1673/1673 1529/1529/1529
f 1671/1671/1671 1667/1667/1667 1673/1673/1673
f 4427/4427/4427 4428/4428/4428 4425/4425/4425
f 4425/4425/4425 4428/4428/4428 4449/4449/4449
f 1486/1486/1486 1498/1498/1498 1492/1492/1492
f 4442/4442/4442 4428/4428/4428 4427/4427/4427
f 4859/4859/4859 4861/4861/4861 4862/4862/4862
f 4735/4735/4735 4734/4734/4734 4736/4736/4736
f 4860/4860/4860 4861/4861/4861 4859/4859/4859
f 2047/2047/2047 2034/2034/2034 2056/2056/2056
f 1661/1661/1661 1662/1662/1662 1658/1658/1658
f 1267/1267/1267 1243/1243/1243 1257/1257/1257
f 1271/1271/1271 1260/1260/1260 1253/1253/1253
f 1258/1258/1258 1253/1253/1253 1172/1172/1172
f 1258/1258/1258 1172/1172/1172 1254/1254/1254
f 4714/4714/4714 4594/4594/4594 4592/4592/4592
f 1580/1580/1580 1571/1571/1571 1579/1579/1579
f 1570/1570/1570 1571/1571/1571 1580/1580/1580
f 1570/1570/1570 1561/1561/1561 1571/1571/1571
f 1561/1561/1561 1563/1563/1563 1562/1562/1562
f 4777/4777/4777 4598/4598/4598 4625/4625/4625
f 1562/1562/1562 1563/1563/1563 1564/1564/1564
f 2362/2362/2362 2360/2360/2360 2368/2368/2368
f 1564/1564/1564 1567/1567/1567 1638/1638/1638
f 2360/2360/2360 2346/2346/2346 2358/2358/2358
f 1635/1635/1635 1638/1638/1638 1567/1567/1567
f 1651/1651/1651 1638/1638/1638 1635/1635/1635
f 2343/2343/2343 2346/2346/2346 2339/2339/2339
f 1681/1681/1681 1651/1651/1651 1653/1653/1653
f 2333/2333/2333 2343/2343/2343 2339/2339/2339
f 2042/2042/2042 2059/2059/2059 2018/2018/2018
f 2325/2325/2325 2333/2333/2333 2331/2331/2331
f 1984/1984/1984 2023/2023/2023 2018/2018/2018
f 2325/2325/2325 2323/2323/2323 2324/2324/2324
f 2324/2324/2324 2323/2323/2323 2322/2322/2322
f 2310/2310/2310 2306/2306/2306 2304/2304/2304
f 2311/2311/2311 2306/2306/2306 2310/2310/2310
f 2306/2306/2306 2311/2311/2311 2313/2313/2313
f 2311/2311/2311 2314/2314/2314 2313/2313/2313
f 2315/2315/2315 2313/2313/2313 2314/2314/2314
f 2005/2005/2005 2015/2015/2015 2013/2013/2013
f 2315/2315/2315 2317/2317/2317 2318/2318/2318
f 2016/2016/2016 2005/2005/2005 2006/2006/2006
f 2563/2563/2563 2538/2538/2538 2562/2562/2562
f 4216/4216/4216 4217/4217/4217 4213/4213/4213
f 4210/4210/4210 4216/4216/4216 4213/4213/4213
f 4247/4247/4247 4233/4233/4233 4251/4251/4251
f 4237/4237/4237 4233/4233/4233 4247/4247/4247
f 4251/4251/4251 4233/4233/4233 4245/4245/4245
f 2249/2249/2249 2248/2248/2248 2243/2243/2243
f 2243/2243/2243 2246/2246/2246 2249/2249/2249
f 2256/2256/2256 2257/2257/2257 2245/2245/2245
f 2258/2258/2258 2261/2261/2261 2260/2260/2260
f 4259/4259/4259 4272/4272/4272 4217/4217/4217
f 4234/4234/4234 4212/4212/4212 4231/4231/4231
f 4234/4234/4234 4231/4231/4231 4237/4237/4237
f 4359/4359/4359 4356/4356/4356 4285/4285/4285
f 4259/4259/4259 4359/4359/4359 4285/4285/4285
f 4259/4259/4259 4285/4285/4285 4272/4272/4272
f 4285/4285/4285 4268/4268/4268 4272/4272/4272
f 3637/3637/3637 3613/3613/3613 3609/3609/3609
f 3562/3562/3562 3614/3614/3614 3632/3632/3632
f 3675/3675/3675 3914/3914/3914 3674/3674/3674
f 3937/3937/3937 3947/3947/3947 3917/3917/3917
f 3938/3938/3938 3939/3939/3939 3681/3681/3681
f 3950/3950/3950 3934/3934/3934 3947/3947/3947
f 3960/3960/3960 3950/3950/3950 3947/3947/3947
f 3978/3978/3978 3965/3965/3965 3960/3960/3960
f 4643/4643/4643 4642/4642/4642 4644/4644/4644
f 707/707/707 709/709/709 714/714/714
f 4399/4399/4399 4400/4400/4400 4392/4392/4392
f 4399/4399/4399 4435/4435/4435 4400/4400/4400
f 4645/4645/4645 4764/4764/4764 4643/4643/4643
f 4415/4415/4415 4643/4643/4643 4764/4764/4764
f 4379/4379/4379 4392/4392/4392 4393/4393/4393
f 4833/4833/4833 4839/4839/4839 4830/4830/4830
f 4379/4379/4379 4375/4375/4375 4392/4392/4392
f 4841/4841/4841 4844/4844/4844 4843/4843/4843
f 4440/4440/4440 4397/4397/4397 4487/4487/4487
f 4395/4395/4395 4440/4440/4440 4379/4379/4379
f 4389/4389/4389 4764/4764/4764 4391/4391/4391
f 4826/4826/4826 4827/4827/4827 4828/4828/4828
f 708/708/708 737/737/737 740/740/740
f 4807/4807/4807 4386/4386/4386 4390/4390/4390
f 4387/4387/4387 4391/4391/4391 4390/4390/4390
f 738/738/738 739/739/739 737/737/737
f 2584/2584/2584 2593/2593/2593 2613/2613/2613
f 2593/2593/2593 2584/2584/2584 2583/2583/2583
f 2583/2583/2583 2592/2592/2592 2593/2593/2593
f 1476/1476/1476 1465/1465/1465 1469/1469/1469
f 2604/2604/2604 2592/2592/2592 2609/2609/2609
f 1528/1528/1528 1526/1526/1526 1533/1533/1533
f 4418/4418/4418 4449/4449/4449 4809/4809/4809
f 4443/4443/4443 4442/4442/4442 4427/4427/4427
f 4813/4813/4813 4443/4443/4443 4427/4427/4427
f 4418/4418/4418 4425/4425/4425 4449/4449/4449
f 4877/4877/4877 4879/4879/4879 4882/4882/4882
f 1504/1504/1504 1519/1519/1519 1498/1498/1498
f 4856/4856/4856 4859/4859/4859 4862/4862/4862
f 4791/4791/4791 4790/4790/4790 4792/4792/4792
f 1518/1518/1518 1524/1524/1524 1504/1504/1504
f 4868/4868/4868 4870/4870/4870 4871/4871/4871
f 4858/4858/4858 4860/4860/4860 4859/4859/4859
f 4872/4872/4872 4868/4868/4868 4871/4871/4871
f 4481/4481/4481 4480/4480/4480 4482/4482/4482
f 1324/1324/1324 1334/1334/1334 1329/1329/1329
f 1258/1258/1258 1254/1254/1254 1268/1268/1268
f 1268/1268/1268 1254/1254/1254 1243/1243/1243
f 1268/1268/1268 1243/1243/1243 1267/1267/1267
f 1325/1325/1325 1334/1334/1334 1324/1324/1324
f 1260/1260/1260 1271/1271/1271 1283/1283/1283
f 1271/1271/1271 1253/1253/1253 1258/1258/1258
f 1320/1320/1320 1325/1325/1325 1324/1324/1324
f 4591/4591/4591 4592/4592/4592 4594/4594/4594
f 1613/1613/1613 1579/1579/1579 1578/1578/1578
f 4590/4590/4590 4591/4591/4591 4593/4593/4593
f 4598/4598/4598 4597/4597/4597 4625/4625/4625
f 1570/1570/1570 1563/1563/1563 1561/1561/1561
f 4598/4598/4598 4777/4777/4777 4624/4624/4624
f 1566/1566/1566 1567/1567/1567 1564/1564/1564
f 2360/2360/2360 2358/2358/2358 2368/2368/2368
f 2348/2348/2348 2358/2358/2358 2346/2346/2346
f 2343/2343/2343 2348/2348/2348 2346/2346/2346
f 1651/1651/1651 1635/1635/1635 1653/1653/1653
f 1692/1692/1692 1681/1681/1681 1690/1690/1690
f 2061/2061/2061 2059/2059/2059 2095/2095/2095
f 1981/1981/1981 1984/1984/1984 2018/2018/2018
f 2308/2308/2308 2335/2335/2335 2322/2322/2322
f 2303/2303/2303 2308/2308/2308 2304/2304/2304
f 2463/2463/2463 2468/2468/2468 2466/2466/2466
f 1982/1982/1982 2013/2013/2013 2014/2014/2014
f 1985/1985/1985 2013/2013/2013 1982/1982/1982
f 1985/1985/1985 2005/2005/2005 2013/2013/2013
f 2473/2473/2473 2469/2469/2469 2467/2467/2467
f 2562/2562/2562 2469/2469/2469 2473/2473/2473
f 2469/2469/2469 2562/2562/2562 2476/2476/2476
f 2476/2476/2476 2562/2562/2562 2538/2538/2538
f 2483/2483/2483 2563/2563/2563 2556/2556/2556
f 2483/2483/2483 2538/2538/2538 2563/2563/2563
f 2262/2262/2262 2260/2260/2260 2261/2261/2261
f 4259/4259/4259 4217/4217/4217 4258/4258/4258
f 4216/4216/4216 4258/4258/4258 4217/4217/4217
f 4237/4237/4237 4238/4238/4238 4234/4234/4234
f 4238/4238/4238 4237/4237/4237 4247/4247/4247
f 2253/2253/2253 2257/2257/2257 2258/2258/2258
f 2253/2253/2253 2258/2258/2258 2260/2260/2260
f 2243/2243/2243 2245/2245/2245 2246/2246/2246
f 2253/2253/2253 2245/2245/2245 2257/2257/2257
f 3561/3561/3561 3613/3613/3613 3636/3636/3636
f 3560/3560/3560 3634/3634/3634 3614/3614/3614
f 3896/3896/3896 3640/3640/3640 3651/3651/3651
f 3631/3631/3631 3676/3676/3676 3675/3675/3675
f 3676/3676/3676 3914/3914/3914 3675/3675/3675
f 3681/3681/3681 3674/3674/3674 3922/3922/3922
f 3937/3937/3937 3917/3917/3917 3915/3915/3915
f 3681/3681/3681 3922/3922/3922 3938/3938/3938
f 3947/3947/3947 3934/3934/3934 3917/3917/3917
f 3945/3945/3945 3955/3955/3955 3938/3938/3938
f 3956/3956/3956 3973/3973/3973 3955/3955/3955
f 3973/3973/3973 3477/3477/3477 3466/3466/3466
f 3984/3984/3984 4098/4098/4098 3978/3978/3978
f 3984/3984/3984 4100/4100/4100 4098/4098/4098
f 1060/1060/1060 1061/1061/1061 1065/1065/1065
f 3493/3493/3493 3492/3492/3492 3474/3474/3474
f 3474/3474/3474 3492/3492/3492 3491/3491/3491
f 4112/4112/4112 4108/4108/4108 4113/4113/4113
f 4641/4641/4641 4648/4648/4648 4642/4642/4642
f 4415/4415/4415 4642/4642/4642 4643/4643/4643
f 4399/4399/4399 4392/4392/4392 4375/4375/4375
f 4830/4830/4830 4839/4839/4839 4831/4831/4831
f 4764/4764/4764 4413/4413/4413 4415/4415/4415
f 4829/4829/4829 4827/4827/4827 4830/4830/4830
f 4389/4389/4389 4413/4413/4413 4764/4764/4764
f 4487/4487/4487 4810/4810/4810 4440/4440/4440
f 4379/4379/4379 4374/4374/4374 4375/4375/4375
f 4827/4827/4827 4829/4829/4829 4828/4828/4828
f 708/708/708 706/706/706 737/737/737
f 4845/4845/4845 4846/4846/4846 4847/4847/4847
f 4387/4387/4387 4390/4390/4390 4386/4386/4386
f 4389/4389/4389 4391/4391/4391 4387/4387/4387
f 1470/1470/1470 1487/1487/1487 1464/1464/1464
f 4149/4149/4149 4150/4150/4150 4152/4152/4152
f 4152/4152/4152 4150/4150/4150 4154/4154/4154
f 4387/4387/4387 4388/4388/4388 4389/4389/4389
f 4386/4386/4386 4385/4385/4385 4387/4387/4387
f 4387/4387/4387 4385/4385/4385 4388/4388/4388
f 4409/4409/4409 4389/4389/4389 4388/4388/4388
f 4385/4385/4385 4432/4432/4432 4388/4388/4388
f 4388/4388/4388 4432/4432/4432 4409/4409/4409
f 2583/2583/2583 2585/2585/2585 2592/2592/2592
f 2609/2609/2609 2592/2592/2592 2585/2585/2585
f 4383/4383/4383 4432/4432/4432 4385/4385/4385
f 4432/4432/4432 4416/4416/4416 4409/4409/4409
f 1556/1556/1556 1532/1532/1532 1533/1533/1533
f 1556/1556/1556 1533/1533/1533 1555/1555/1555
f 1476/1476/1476 1492/1492/1492 1496/1496/1496
f 1528/1528/1528 1533/1533/1533 1532/1532/1532
f 4865/4865/4865 4864/4864/4864 4866/4866/4866
f 4852/4852/4852 4853/4853/4853 4854/4854/4854
f 4432/4432/4432 4813/4813/4813 4416/4416/4416
f 4416/4416/4416 4425/4425/4425 4418/4418/4418
f 1529/1529/1529 1527/1527/1527 1528/1528/1528
f 4854/4854/4854 4855/4855/4855 4852/4852/4852
f 4813/4813/4813 4427/4427/4427 4416/4416/4416
f 4416/4416/4416 4427/4427/4427 4425/4425/4425
f 4794/4794/4794 4793/4793/4793 4796/4796/4796
f 4854/4854/4854 4856/4856/4856 4855/4855/4855
f 4877/4877/4877 4878/4878/4878 4879/4879/4879
f 4794/4794/4794 4790/4790/4790 4793/4793/4793
f 4877/4877/4877 4880/4880/4880 4878/4878/4878
f 4795/4795/4795 4790/4790/4790 4794/4794/4794
f 1671/1671/1671 1666/1666/1666 1667/1667/1667
f 4858/4858/4858 4859/4859/4859 4856/4856/4856
f 4735/4735/4735 4733/4733/4733 4734/4734/4734
f 2033/2033/2033 2047/2047/2047 2049/2049/2049
f 4481/4481/4481 4477/4477/4477 4480/4480/4480
f 2033/2033/2033 2034/2034/2034 2047/2047/2047
f 4477/4477/4477 4478/4478/4478 4479/4479/4479
f 4477/4477/4477 4479/4479/4479 4480/4480/4480
f 4913/4913/4913 4912/4912/4912 4915/4915/4915
f 1288/1288/1288 1283/1283/1283 1271/1271/1271
f 4484/4484/4484 4755/4755/4755 4483/4483/4483
f 4478/4478/4478 4483/4483/4483 4479/4479/4479
f 2045/2045/2045 2034/2034/2034 2029/2029/2029
f 1320/1320/1320 1326/1326/1326 1325/1325/1325
f 1320/1320/1320 1333/1333/1333 1326/1326/1326
f 1654/1654/1654 1622/1622/1622 1658/1658/1658
f 1613/1613/1613 1622/1622/1622 1654/1654/1654
f 1581/1581/1581 1580/1580/1580 1579/1579/1579
f 4593/4593/4593 4595/4595/4595 4590/4590/4590
f 4596/4596/4596 4595/4595/4595 4593/4593/4593
f 4597/4597/4597 4596/4596/4596 4593/4593/4593
f 4598/4598/4598 4596/4596/4596 4597/4597/4597
f 1570/1570/1570 1568/1568/1568 1563/1563/1563
f 4601/4601/4601 4598/4598/4598 4624/4624/4624
f 1564/1564/1564 1563/1563/1563 1566/1566/1566
f 1567/1567/1567 1631/1631/1631 1635/1635/1635
f 1631/1631/1631 1653/1653/1653 1635/1635/1635
f 1653/1653/1653 1690/1690/1690 1681/1681/1681
f 2018/2018/2018 1980/1980/1980 1981/1981/1981
f 2018/2018/2018 2059/2059/2059 1980/1980/1980
f 2057/2057/2057 2059/2059/2059 2061/2061/2061
f 2332/2332/2332 2333/2333/2333 2325/2325/2325
f 2332/2332/2332 2325/2325/2325 2324/2324/2324
f 2324/2324/2324 2322/2322/2322 2335/2335/2335
f 2303/2303/2303 2304/2304/2304 2305/2305/2305
f 1982/1982/1982 2014/2014/2014 1984/1984/1984
f 2468/2468/2468 2467/2467/2467 2466/2466/2466
f 2476/2476/2476 2472/2472/2472 2469/2469/2469
f 2000/2000/2000 2008/2008/2008 2006/2006/2006
f 2519/2519/2519 2483/2483/2483 2556/2556/2556
f 2265/2265/2265 2262/2262/2262 2261/2261/2261
f 2430/2430/2430 2429/2429/2429 2420/2420/2420
f 2430/2430/2430 2420/2420/2420 2419/2419/2419
f 4258/4258/4258 4216/4216/4216 4210/4210/4210
f 2259/2259/2259 2249/2249/2249 2246/2246/2246
f 2253/2253/2253 2260/2260/2260 2255/2255/2255
f 2255/2255/2255 2260/2260/2260 2262/2262/2262
f 4210/4210/4210 4212/4212/4212 4235/4235/4235
f 4235/4235/4235 4212/4212/4212 4234/4234/4234
f 4235/4235/4235 4234/4234/4234 4238/4238/4238
f 2246/2246/2246 2245/2245/2245 2247/2247/2247
f 2251/2251/2251 2247/2247/2247 2245/2245/2245
f 2251/2251/2251 2245/2245/2245 2253/2253/2253
f 3638/3638/3638 3561/3561/3561 3636/3636/3636
f 3634/3634/3634 3560/3560/3560 3561/3561/3561
f 3613/3613/3613 3637/3637/3637 3636/3636/3636
f 3640/3640/3640 3886/3886/3886 3639/3639/3639
f 3639/3639/3639 3886/3886/3886 3893/3893/3893
f 3909/3909/3909 3676/3676/3676 3633/3633/3633
f 3633/3633/3633 3676/3676/3676 3631/3631/3631
f 3897/3897/3897 3895/3895/3895 3915/3915/3915
f 3915/3915/3915 3895/3895/3895 3911/3911/3911
f 3922/3922/3922 3936/3936/3936 3938/3938/3938
f 3938/3938/3938 3936/3936/3936 3935/3935/3935
f 3935/3935/3935 3945/3945/3945 3938/3938/3938
f 3960/3960/3960 3952/3952/3952 3950/3950/3950
f 3945/3945/3945 3956/3956/3956 3955/3955/3955
f 4098/4098/4098 3986/3986/3986 3978/3978/3978
f 3965/3965/3965 3978/3978/3978 3986/3986/3986
f 4108/4108/4108 4112/4112/4112 4100/4100/4100
f 4641/4641/4641 4756/4756/4756 4648/4648/4648
f 707/707/707 706/706/706 708/708/708
f 4413/4413/4413 4414/4414/4414 4415/4415/4415
f 4402/4402/4402 4399/4399/4399 4375/4375/4375
f 4829/4829/4829 4830/4830/4830 4831/4831/4831
f 4398/4398/4398 4440/4440/4440 4810/4810/4810
f 4374/4374/4374 4379/4379/4379 4440/4440/4440
f 4374/4374/4374 4440/4440/4440 4398/4398/4398
f 4375/4375/4375 4367/4367/4367 4402/4402/4402
f 4375/4375/4375 4374/4374/4374 4367/4367/4367
f 4154/4154/4154 4155/4155/4155 4152/4152/4152
f 4381/4381/4381 4386/4386/4386 4769/4769/4769
f 4389/4389/4389 4410/4410/4410 4411/4411/4411
f 4389/4389/4389 4411/4411/4411 4413/4413/4413
f 738/738/738 737/737/737 734/734/734
f 4381/4381/4381 4385/4385/4385 4386/4386/4386
f 734/734/734 800/800/800 738/738/738
f 1465/1465/1465 1470/1470/1470 1464/1464/1464
f 4389/4389/4389 4409/4409/4409 4410/4410/4410
f 1470/1470/1470 1476/1476/1476 1477/1477/1477
f 1465/1465/1465 1476/1476/1476 1470/1470/1470
f 1476/1476/1476 1496/1496/1496 1477/1477/1477
f 4383/4383/4383 4385/4385/4385 4381/4381/4381
f 4409/4409/4409 4412/4412/4412 4410/4410/4410
f 2609/2609/2609 2585/2585/2585 2610/2610/2610
f 4416/4416/4416 4412/4412/4412 4409/4409/4409
f 4412/4412/4412 4416/4416/4416 4417/4417/4417
f 4383/4383/4383 4384/4384/4384 4432/4432/4432
f 4417/4417/4417 4416/4416/4416 4418/4418/4418
f 4863/4863/4863 4864/4864/4864 4865/4865/4865
f 4809/4809/4809 4433/4433/4433 4418/4418/4418
f 4433/4433/4433 4417/4417/4417 4418/4418/4418
f 4796/4796/4796 4793/4793/4793 4818/4818/4818
f 4857/4857/4857 4854/4854/4854 4853/4853/4853
f 4793/4793/4793 4789/4789/4789 4818/4818/4818
f 4880/4880/4880 4881/4881/4881 4878/4878/4878
f 4793/4793/4793 4790/4790/4790 4789/4789/4789
f 4857/4857/4857 4856/4856/4856 4854/4854/4854
f 2050/2050/2050 2049/2049/2049 1725/1725/1725
f 4857/4857/4857 4858/4858/4858 4856/4856/4856
f 4788/4788/4788 4790/4790/4790 4791/4791/4791
f 4789/4789/4789 4790/4790/4790 4788/4788/4788
f 4734/4734/4734 4733/4733/4733 4732/4732/4732
f 4806/4806/4806 4477/4477/4477 4481/4481/4481
f 4867/4867/4867 4868/4868/4868 4869/4869/4869
f 4867/4867/4867 4870/4870/4870 4868/4868/4868
f 4735/4735/4735 4742/4742/4742 4733/4733/4733
f 4800/4800/4800 4778/4778/4778 4772/4772/4772
f 4912/4912/4912 4913/4913/4913 4914/4914/4914
f 4772/4772/4772 4778/4778/4778 4755/4755/4755
f 4484/4484/4484 4772/4772/4772 4755/4755/4755
f 2029/2029/2029 2034/2034/2034 2033/2033/2033
f 4484/4484/4484 4483/4483/4483 4478/4478/4478
f 2036/2036/2036 2045/2045/2045 2029/2029/2029
f 4591/4591/4591 4589/4589/4589 4592/4592/4592
f 1579/1579/1579 1613/1613/1613 1614/1614/1614
f 4591/4591/4591 4590/4590/4590 4589/4589/4589
f 4598/4598/4598 4601/4601/4601 4596/4596/4596
f 4623/4623/4623 4601/4601/4601 4624/4624/4624
f 1568/1568/1568 1569/1569/1569 1566/1566/1566
f 1568/1568/1568 1566/1566/1566 1563/1563/1563
f 4604/4604/4604 4601/4601/4601 4623/4623/4623
f 1625/1625/1625 1567/1567/1567 1566/1566/1566
f 2348/2348/2348 2359/2359/2359 2358/2358/2358
f 1625/1625/1625 1631/1631/1631 1567/1567/1567
f 2347/2347/2347 2348/2348/2348 2343/2343/2343
f 1691/1691/1691 1690/1690/1690 1653/1653/1653
f 2057/2057/2057 1980/1980/1980 2059/2059/2059
f 2334/2334/2334 2332/2332/2332 2324/2324/2324
f 2335/2335/2335 2303/2303/2303 2309/2309/2309
f 2308/2308/2308 2303/2303/2303 2335/2335/2335
f 2305/2305/2305 2309/2309/2309 2303/2303/2303
f 1982/1982/1982 1984/1984/1984 1981/1981/1981
f 2306/2306/2306 2305/2305/2305 2304/2304/2304
f 2466/2466/2466 2462/2462/2462 2463/2463/2463
f 1983/1983/1983 1985/1985/1985 1982/1982/1982
f 2465/2465/2465 2462/2462/2462 2466/2466/2466
f 2467/2467/2467 2465/2465/2465 2466/2466/2466
f 1986/1986/1986 2005/2005/2005 1985/1985/1985
f 2469/2469/2469 2465/2465/2465 2467/2467/2467
f 2001/2001/2001 2005/2005/2005 1986/1986/1986
f 2000/2000/2000 2006/2006/2006 2001/2001/2001
f 2001/2001/2001 2006/2006/2006 2005/2005/2005
f 2538/2538/2538 2483/2483/2483 2476/2476/2476
f 2007/2007/2007 2008/2008/2008 2000/2000/2000
f 4210/4210/4210 4250/4250/4250 4258/4258/4258
f 4238/4238/4238 4249/4249/4249 4235/4235/4235
f 2259/2259/2259 2246/2246/2246 2247/2247/2247
f 2255/2255/2255 2254/2254/2254 2253/2253/2253
f 2255/2255/2255 2262/2262/2262 2265/2265/2265
f 4250/4250/4250 4210/4210/4210 4249/4249/4249
f 4249/4249/4249 4210/4210/4210 4235/4235/4235
f 2251/2251/2251 2253/2253/2253 2254/2254/2254
f 3638/3638/3638 3634/3634/3634 3561/3561/3561
f 3894/3894/3894 3891/3891/3891 3634/3634/3634
f 3911/3911/3911 3896/3896/3896 3651/3651/3651
f 3676/3676/3676 3910/3910/3910 3914/3914/3914
f 3914/3914/3914 3910/3910/3910 3674/3674/3674
f 3916/3916/3916 3915/3915/3915 3917/3917/3917
f 3934/3934/3934 3950/3950/3950 3952/3952/3952
f 3945/3945/3945 3957/3957/3957 3956/3956/3956
f 3952/3952/3952 3960/3960/3960 3965/3965/3965
f 3973/3973/3973 3478/3478/3478 3477/3477/3477
f 3478/3478/3478 3476/3476/3476 3477/3477/3477
f 4098/4098/4098 4100/4100/4100 4103/4103/4103
f 4103/4103/4103 4100/4100/4100 4112/4112/4112
f 816/816/816 804/804/804 811/811/811
f 804/804/804 729/729/729 811/811/811
f 4642/4642/4642 4415/4415/4415 4641/4641/4641
f 707/707/707 714/714/714 704/704/704
f 4414/4414/4414 4422/4422/4422 4415/4415/4415
f 4413/4413/4413 4411/4411/4411 4414/4414/4414
f 706/706/706 726/726/726 737/737/737
f 4366/4366/4366 4769/4769/4769 4402/4402/4402
f 4398/4398/4398 4810/4810/4810 4450/4450/4450
f 4377/4377/4377 4374/4374/4374 4398/4398/4398
f 4367/4367/4367 4366/4366/4366 4402/4402/4402
f 4366/4366/4366 4369/4369/4369 4769/4769/4769
f 726/726/726 734/734/734 737/737/737
f 4450/4450/4450 4377/4377/4377 4398/4398/4398
f 4376/4376/4376 4374/4374/4374 4377/4377/4377
f 4374/4374/4374 4368/4368/4368 4367/4367/4367
f 4369/4369/4369 4381/4381/4381 4769/4769/4769
f 4368/4368/4368 4374/4374/4374 4376/4376/4376
f 4380/4380/4380 4381/4381/4381 4369/4369/4369
f 4430/4430/4430 4429/4429/4429 4434/4434/4434
f 4380/4380/4380 4382/4382/4382 4381/4381/4381
f 4382/4382/4382 4383/4383/4383 4381/4381/4381
f 4417/4417/4417 4419/4419/4419 4412/4412/4412
f 1557/1557/1557 1532/1532/1532 1556/1556/1556
f 1528/1528/1528 1531/1531/1531 1529/1529/1529
f 4848/4848/4848 4850/4850/4850 4851/4851/4851
f 4433/4433/4433 4419/4419/4419 4417/4417/4417
f 1538/1538/1538 1671/1671/1671 1529/1529/1529
f 1538/1538/1538 1529/1529/1529 1531/1531/1531
f 4383/4383/4383 4382/4382/4382 4384/4384/4384
f 4382/4382/4382 4485/4485/4485 4384/4384/4384
f 4787/4787/4787 4818/4818/4818 4786/4786/4786
f 4818/4818/4818 4789/4789/4789 4786/4786/4786
f 4384/4384/4384 4485/4485/4485 4806/4806/4806
f 4485/4485/4485 4476/4476/4476 4806/4806/4806
f 4734/4734/4734 4732/4732/4732 4811/4811/4811
f 4743/4743/4743 4811/4811/4811 4732/4732/4732
f 2050/2050/2050 2032/2032/2032 2049/2049/2049
f 4476/4476/4476 4477/4477/4477 4806/4806/4806
f 4476/4476/4476 4475/4475/4475 4477/4477/4477
f 4475/4475/4475 4478/4478/4478 4477/4477/4477
f 4750/4750/4750 4484/4484/4484 4475/4475/4475
f 4475/4475/4475 4484/4484/4484 4478/4478/4478
f 2031/2031/2031 1971/1971/1971 2033/2033/2033
f 1971/1971/1971 2029/2029/2029 2033/2033/2033
f 2037/2037/2037 2044/2044/2044 2036/2036/2036
f 1614/1614/1614 1581/1581/1581 1579/1579/1579
f 1582/1582/1582 1570/1570/1570 1580/1580/1580
f 1582/1582/1582 1568/1568/1568 1570/1570/1570
f 4604/4604/4604 4603/4603/4603 4601/4601/4601
f 2353/2353/2353 2359/2359/2359 2348/2348/2348
f 2347/2347/2347 2353/2353/2353 2348/2348/2348
f 1974/1974/1974 1964/1964/1964 1975/1975/1975
f 1974/1974/1974 1954/1954/1954 1964/1964/1964
f 1631/1631/1631 1625/1625/1625 1630/1630/1630
f 2333/2333/2333 2347/2347/2347 2343/2343/2343
f 2344/2344/2344 2347/2347/2347 2333/2333/2333
f 2057/2057/2057 2061/2061/2061 1964/1964/1964
f 2340/2340/2340 2333/2333/2333 2332/2332/2332
f 2340/2340/2340 2344/2344/2344 2333/2333/2333
f 2375/2375/2375 2309/2309/2309 2307/2307/2307
f 2309/2309/2309 2305/2305/2305 2307/2307/2307
f 1979/1979/1979 1982/1982/1982 1981/1981/1981
f 1983/1983/1983 1982/1982/1982 1979/1979/1979
f 2469/2469/2469 2470/2470/2470 2465/2465/2465
f 2472/2472/2472 2470/2470/2470 2469/2469/2469
f 2476/2476/2476 2475/2475/2475 2472/2472/2472
f 2412/2412/2412 2419/2419/2419 2420/2420/2420
f 2425/2425/2425 2420/2420/2420 2429/2429/2429
f 2483/2483/2483 2475/2475/2475 2476/2476/2476
f 2017/2017/2017 2093/2093/2093 2097/2097/2097
f 2004/2004/2004 2093/2093/2093 2017/2017/2017
f 2004/2004/2004 2017/2017/2017 2009/2009/2009
f 1999/1999/1999 2007/2007/2007 1991/1991/1991
f 1991/1991/1991 2007/2007/2007 2000/2000/2000
f 4249/4249/4249 4238/4238/4238 4252/4252/4252
f 2523/2523/2523 2519/2519/2519 2564/2564/2564
f 2252/2252/2252 2247/2247/2247 2251/2251/2251
f 2263/2263/2263 2254/2254/2254 2255/2255/2255
f 2418/2418/2418 2422/2422/2422 2419/2419/2419
f 3633/3633/3633 3900/3900/3900 3902/3902/3902
f 3909/3909/3909 3910/3910/3910 3676/3676/3676
f 3895/3895/3895 3896/3896/3896 3911/3911/3911
f 3910/3910/3910 3929/3929/3929 3674/3674/3674
f 3674/3674/3674 3929/3929/3929 3922/3922/3922
f 3916/3916/3916 3917/3917/3917 3934/3934/3934
f 3923/3923/3923 3935/3935/3935 3922/3922/3922
f 3935/3935/3935 3936/3936/3936 3922/3922/3922
f 3957/3957/3957 3973/3973/3973 3956/3956/3956
f 1055/1055/1055 1059/1059/1059 1060/1060/1060
f 1059/1059/1059 1061/1061/1061 1060/1060/1060
f 804/804/804 816/816/816 801/801/801
f 717/717/717 729/729/729 804/804/804
f 717/717/717 714/714/714 729/729/729
f 704/704/704 714/714/714 717/717/717
f 4415/4415/4415 4640/4640/4640 4641/4641/4641
f 4422/4422/4422 4640/4640/4640 4415/4415/4415
f 704/704/704 706/706/706 707/707/707
f 4377/4377/4377 4450/4450/4450 4429/4429/4429
f 4365/4365/4365 4366/4366/4366 4367/4367/4367
f 4369/4369/4369 4366/4366/4366 4365/4365/4365
f 4423/4423/4423 4411/4411/4411 4410/4410/4410
f 4377/4377/4377 4429/4429/4429 4406/4406/4406
f 4377/4377/4377 4405/4405/4405 4378/4378/4378
f 4377/4377/4377 4378/4378/4378 4376/4376/4376
f 4365/4365/4365 4367/4367/4367 4368/4368/4368
f 800/800/800 734/734/734 735/735/735
f 4430/4430/4430 4431/4431/4431 4406/4406/4406
f 4430/4430/4430 4406/4406/4406 4429/4429/4429
f 4378/4378/4378 4441/4441/4441 4376/4376/4376
f 4368/4368/4368 4376/4376/4376 4441/4441/4441
f 4365/4365/4365 4370/4370/4370 4369/4369/4369
f 4371/4371/4371 4380/4380/4380 4369/4369/4369
f 4405/4405/4405 4407/4407/4407 4378/4378/4378
f 4378/4378/4378 4407/4407/4407 4441/4441/4441
f 4369/4369/4369 4370/4370/4370 4371/4371/4371
f 4406/4406/4406 4452/4452/4452 4405/4405/4405
f 4405/4405/4405 4452/4452/4452 4407/4407/4407
f 4368/4368/4368 4441/4441/4441 4821/4821/4821
f 4371/4371/4371 4436/4436/4436 4380/4380/4380
f 2295/2295/2295 2297/2297/2297 2298/2298/2298
f 2610/2610/2610 2585/2585/2585 2612/2612/2612
f 4431/4431/4431 4818/4818/4818 4452/4452/4452
f 4431/4431/4431 4452/4452/4452 4406/4406/4406
f 4821/4821/4821 4407/4407/4407 4452/4452/4452
f 4407/4407/4407 4821/4821/4821 4441/4441/4441
f 4848/4848/4848 4849/4849/4849 4850/4850/4850
f 4436/4436/4436 4382/4382/4382 4380/4380/4380
f 1531/1531/1531 1528/1528/1528 1532/1532/1532
f 4822/4822/4822 4823/4823/4823 4824/4824/4824
f 4787/4787/4787 4785/4785/4785 4821/4821/4821
f 4787/4787/4787 4786/4786/4786 4785/4785/4785
f 4823/4823/4823 4825/4825/4825 4824/4824/4824
f 4373/4373/4373 4437/4437/4437 4485/4485/4485
f 4786/4786/4786 4789/4789/4789 4788/4788/4788
f 4786/4786/4786 4784/4784/4784 4785/4785/4785
f 4437/4437/4437 4476/4476/4476 4485/4485/4485
f 4788/4788/4788 4784/4784/4784 4786/4786/4786
f 4784/4784/4784 4788/4788/4788 4800/4800/4800
f 4437/4437/4437 4475/4475/4475 4476/4476/4476
f 2032/2032/2032 2031/2031/2031 2033/2033/2033
f 2032/2032/2032 2033/2033/2033 2049/2049/2049
f 4784/4784/4784 4800/4800/4800 4750/4750/4750
f 4750/4750/4750 4800/4800/4800 4772/4772/4772
f 4750/4750/4750 4772/4772/4772 4484/4484/4484
f 4439/4439/4439 4750/4750/4750 4475/4475/4475
f 4439/4439/4439 4475/4475/4475 4437/4437/4437
f 4731/4731/4731 4730/4730/4730 4729/4729/4729
f 1972/1972/1972 2029/2029/2029 1971/1971/1971
f 2036/2036/2036 2029/2029/2029 1976/1976/1976
f 2036/2036/2036 1976/1976/1976 2025/2025/2025
f 2025/2025/2025 2037/2037/2037 2036/2036/2036
f 4588/4588/4588 4589/4589/4589 4590/4590/4590
f 1614/1614/1614 1588/1588/1588 1581/1581/1581
f 1584/1584/1584 1580/1580/1580 1581/1581/1581
f 1584/1584/1584 1581/1581/1581 1588/1588/1588
f 4590/4590/4590 4595/4595/4595 4626/4626/4626
f 1585/1585/1585 1580/1580/1580 1584/1584/1584
f 1585/1585/1585 1582/1582/1582 1580/1580/1580
f 4596/4596/4596 4799/4799/4799 4595/4595/4595
f 4602/4602/4602 4596/4596/4596 4601/4601/4601
f 2359/2359/2359 2353/2353/2353 2363/2363/2363
f 1606/1606/1606 1625/1625/1625 1566/1566/1566
f 1980/1980/1980 2057/2057/2057 2048/2048/2048
f 2334/2334/2334 2324/2324/2324 2336/2336/2336
f 2335/2335/2335 2336/2336/2336 2324/2324/2324
f 2335/2335/2335 2309/2309/2309 2336/2336/2336
f 2307/2307/2307 2305/2305/2305 2306/2306/2306
f 2461/2461/2461 2458/2458/2458 2462/2462/2462
f 2458/2458/2458 2463/2463/2463 2462/2462/2462
f 2465/2465/2465 2461/2461/2461 2462/2462/2462
f 1986/1986/1986 1985/1985/1985 1983/1983/1983
f 2472/2472/2472 2474/2474/2474 2470/2470/2470
f 2412/2412/2412 2425/2425/2425 2424/2424/2424
f 1988/1988/1988 1991/1991/1991 2000/2000/2000
f 1988/1988/1988 2000/2000/2000 1986/1986/1986
f 1986/1986/1986 2000/2000/2000 2001/2001/2001
f 2475/2475/2475 2474/2474/2474 2472/2472/2472
f 2412/2412/2412 2420/2420/2420 2425/2425/2425
f 1990/1990/1990 1999/1999/1999 1991/1991/1991
f 2483/2483/2483 2482/2482/2482 2475/2475/2475
f 2519/2519/2519 2482/2482/2482 2483/2483/2483
f 2418/2418/2418 2419/2419/2419 2412/2412/2412
f 2004/2004/2004 2009/2009/2009 1990/1990/1990
f 1990/1990/1990 2009/2009/2009 1999/1999/1999
f 2519/2519/2519 2495/2495/2495 2482/2482/2482
f 2557/2557/2557 2546/2546/2546 2552/2552/2552
f 2495/2495/2495 2519/2519/2519 2523/2523/2523
f 2263/2263/2263 2251/2251/2251 2254/2254/2254
f 2263/2263/2263 2252/2252/2252 2251/2251/2251
f 2552/2552/2552 2561/2561/2561 2557/2557/2557
f 3637/3637/3637 3885/3885/3885 3636/3636/3636
f 3632/3632/3632 3634/3634/3634 3891/3891/3891
f 3632/3632/3632 3614/3614/3614 3634/3634/3634
f 3896/3896/3896 3886/3886/3886 3640/3640/3640
f 3639/3639/3639 3893/3893/3893 3637/3637/3637
f 3632/3632/3632 3900/3900/3900 3633/3633/3633
f 3902/3902/3902 3909/3909/3909 3633/3633/3633
f 3929/3929/3929 3910/3910/3910 3922/3922/3922
f 3889/3889/3889 3897/3897/3897 3915/3915/3915
f 3915/3915/3915 3916/3916/3916 3889/3889/3889
f 3935/3935/3935 3941/3941/3941 3945/3945/3945
f 3957/3957/3957 3941/3941/3941 3973/3973/3973
f 3965/3965/3965 3986/3986/3986 3977/3977/3977
f 4112/4112/4112 4119/4119/4119 4103/4103/4103
f 1068/1068/1068 1067/1067/1067 1063/1063/1063
f 1059/1059/1059 1062/1062/1062 1066/1066/1066
f 1061/1061/1061 1059/1059/1059 1066/1066/1066
f 4964/4964/4964 4960/4960/4960 4963/4963/4963
f 4756/4756/4756 4641/4641/4641 4650/4650/4650
f 801/801/801 717/717/717 804/804/804
f 703/703/703 706/706/706 704/704/704
f 4411/4411/4411 4422/4422/4422 4414/4414/4414
f 4411/4411/4411 4423/4423/4423 4749/4749/4749
f 726/726/726 733/733/733 734/734/734
f 733/733/733 735/735/735 734/734/734
f 4405/4405/4405 4377/4377/4377 4406/4406/4406
f 4410/4410/4410 4444/4444/4444 4423/4423/4423
f 2582/2582/2582 2584/2584/2584 2607/2607/2607
f 2584/2584/2584 2582/2582/2582 2583/2583/2583
f 4408/4408/4408 4365/4365/4365 4368/4368/4368
f 4370/4370/4370 4365/4365/4365 4408/4408/4408
f 2297/2297/2297 2295/2295/2295 2296/2296/2296
f 2585/2585/2585 2583/2583/2583 2581/2581/2581
f 4821/4821/4821 4408/4408/4408 4368/4368/4368
f 2585/2585/2585 2581/2581/2581 2612/2612/2612
f 4412/4412/4412 4419/4419/4419 4420/4420/4420
f 4419/4419/4419 4421/4421/4421 4420/4420/4420
f 1730/1730/1730 1722/1722/1722 1723/1723/1723
f 1558/1558/1558 1532/1532/1532 1557/1557/1557
f 4801/4801/4801 4408/4408/4408 4821/4821/4821
f 4408/4408/4408 4372/4372/4372 4370/4370/4370
f 4370/4370/4370 4372/4372/4372 4371/4371/4371
f 1719/1719/1719 1723/1723/1723 1722/1722/1722
f 4801/4801/4801 4781/4781/4781 4408/4408/4408
f 4408/4408/4408 4781/4781/4781 4372/4372/4372
f 4372/4372/4372 4373/4373/4373 4371/4371/4371
f 4371/4371/4371 4373/4373/4373 4436/4436/4436
f 4433/4433/4433 4424/4424/4424 4419/4419/4419
f 1724/1724/1724 1709/1709/1709 1725/1725/1725
f 4811/4811/4811 4424/4424/4424 4433/4433/4433
f 1725/1725/1725 1709/1709/1709 2050/2050/2050
f 4801/4801/4801 4821/4821/4821 4785/4785/4785
f 4781/4781/4781 4438/4438/4438 4372/4372/4372
f 4801/4801/4801 4785/4785/4785 4781/4781/4781
f 4372/4372/4372 4438/4438/4438 4437/4437/4437
f 4372/4372/4372 4437/4437/4437 4373/4373/4373
f 1709/1709/1709 2032/2032/2032 2050/2050/2050
f 4785/4785/4785 4784/4784/4784 4781/4781/4781
f 4781/4781/4781 4784/4784/4784 4750/4750/4750
f 4781/4781/4781 4750/4750/4750 4439/4439/4439
f 4781/4781/4781 4439/4439/4439 4438/4438/4438
f 4438/4438/4438 4439/4439/4439 4437/4437/4437
f 4732/4732/4732 4733/4733/4733 4726/4726/4726
f 4742/4742/4742 4726/4726/4726 4733/4733/4733
f 1976/1976/1976 2029/2029/2029 1972/1972/1972
f 1330/1330/1330 1331/1331/1331 1325/1325/1325
f 1330/1330/1330 1325/1325/1325 1326/1326/1326
f 4589/4589/4589 4627/4627/4627 4592/4592/4592
f 4588/4588/4588 4561/4561/4561 4589/4589/4589
f 1626/1626/1626 1588/1588/1588 1614/1614/1614
f 4590/4590/4590 4626/4626/4626 4588/4588/4588
f 4941/4941/4941 4942/4942/4942 4943/4943/4943
f 1590/1590/1590 1582/1582/1582 1585/1585/1585
f 4596/4596/4596 4602/4602/4602 4799/4799/4799
f 1582/1582/1582 1569/1569/1569 1568/1568/1568
f 4603/4603/4603 4602/4602/4602 4601/4601/4601
f 1587/1587/1587 1566/1566/1566 1569/1569/1569
f 1587/1587/1587 1606/1606/1606 1566/1566/1566
f 2347/2347/2347 2357/2357/2357 2353/2353/2353
f 2357/2357/2357 2363/2363/2363 2353/2353/2353
f 2352/2352/2352 2357/2357/2357 2347/2347/2347
f 1630/1630/1630 1625/1625/1625 1606/1606/1606
f 2344/2344/2344 2352/2352/2352 2347/2347/2347
f 1964/1964/1964 1954/1954/1954 1858/1858/1858
f 1940/1940/1940 2057/2057/2057 1964/1964/1964
f 1981/1981/1981 1980/1980/1980 1979/1979/1979
f 1980/1980/1980 1970/1970/1970 1979/1979/1979
f 2332/2332/2332 2338/2338/2338 2340/2340/2340
f 2338/2338/2338 2332/2332/2332 2334/2334/2334
f 2337/2337/2337 2334/2334/2334 2336/2336/2336
f 2336/2336/2336 2375/2375/2375 2374/2374/2374
f 2309/2309/2309 2375/2375/2375 2336/2336/2336
f 2457/2457/2457 2506/2506/2506 2458/2458/2458
f 2457/2457/2457 2458/2458/2458 2459/2459/2459
f 2002/2002/2002 1983/1983/1983 1979/1979/1979
f 2461/2461/2461 2460/2460/2460 2458/2458/2458
f 2461/2461/2461 2465/2465/2465 2470/2470/2470
f 2471/2471/2471 2461/2461/2461 2470/2470/2470
f 2474/2474/2474 2471/2471/2471 2470/2470/2470
f 1987/1987/1987 1988/1988/1988 1986/1986/1986
f 2415/2415/2415 2413/2413/2413 2424/2424/2424
f 1994/1994/1994 2087/2087/2087 2086/2086/2086
f 2413/2413/2413 2412/2412/2412 2424/2424/2424
f 2086/2086/2086 2004/2004/2004 1994/1994/1994
f 1990/1990/1990 1991/1991/1991 1988/1988/1988
f 2093/2093/2093 2004/2004/2004 2086/2086/2086
f 2475/2475/2475 2482/2482/2482 2479/2479/2479
f 1994/1994/1994 2004/2004/2004 1990/1990/1990
f 2411/2411/2411 2418/2418/2418 2412/2412/2412
f 2264/2264/2264 2252/2252/2252 2263/2263/2263
f 3886/3886/3886 3875/3875/3875 3893/3893/3893
f 3893/3893/3893 3875/3875/3875 3637/3637/3637
f 3637/3637/3637 3875/3875/3875 3885/3885/3885
f 3634/3634/3634 3638/3638/3638 3894/3894/3894
f 3895/3895/3895 3881/3881/3881 3896/3896/3896
f 3909/3909/3909 3903/3903/3903 3910/3910/3910
f 3897/3897/3897 3880/3880/3880 3895/3895/3895
f 3920/3920/3920 3922/3922/3922 3910/3910/3910
f 3920/3920/3920 3921/3921/3921 3922/3922/3922
f 3921/3921/3921 3923/3923/3923 3922/3922/3922
f 3923/3923/3923 3941/3941/3941 3935/3935/3935
f 3945/3945/3945 3941/3941/3941 3957/3957/3957
f 3941/3941/3941 3983/3983/3983 3973/3973/3973
f 3973/3973/3973 3983/3983/3983 3478/3478/3478
f 3986/3986/3986 4098/4098/4098 3994/3994/3994
f 1059/1059/1059 1055/1055/1055 1054/1054/1054
f 1063/1063/1063 1067/1067/1067 1064/1064/1064
f 816/816/816 815/815/815 801/801/801
f 4640/4640/4640 4650/4650/4650 4641/4641/4641
f 4411/4411/4411 4749/4749/4749 4422/4422/4422
f 703/703/703 733/733/733 726/726/726
f 703/703/703 726/726/726 706/706/706
f 4444/4444/4444 4445/4445/4445 4423/4423/4423
f 2582/2582/2582 2581/2581/2581 2583/2583/2583
f 4884/4884/4884 4885/4885/4885 4886/4886/4886
f 4811/4811/4811 4743/4743/4743 4723/4723/4723
f 2032/2032/2032 1709/1709/1709 1967/1967/1967
f 2031/2031/2031 2032/2032/2032 1961/1961/1961
f 1961/1961/1961 1971/1971/1971 2031/2031/2031
f 4727/4727/4727 4742/4742/4742 4729/4729/4729
f 4728/4728/4728 4729/4729/4729 4730/4730/4730
f 2025/2025/2025 1976/1976/1976 1965/1965/1965
f 4589/4589/4589 4561/4561/4561 4627/4627/4627
f 1588/1588/1588 1626/1626/1626 1589/1589/1589
f 4605/4605/4605 4799/4799/4799 4602/4602/4602
f 1587/1587/1587 1569/1569/1569 1582/1582/1582
f 4605/4605/4605 4602/4602/4602 4603/4603/4603
f 1606/1606/1606 1587/1587/1587 1593/1593/1593
f 1861/1861/1861 1954/1954/1954 1957/1957/1957
f 2350/2350/2350 2352/2352/2352 2344/2344/2344
f 2344/2344/2344 2349/2349/2349 2350/2350/2350
f 2340/2340/2340 2349/2349/2349 2344/2344/2344
f 2048/2048/2048 2057/2057/2057 1940/1940/1940
f 2515/2515/2515 2457/2457/2457 2459/2459/2459
f 2048/2048/2048 1970/1970/1970 1980/1980/1980
f 2338/2338/2338 2334/2334/2334 2337/2337/2337
f 2336/2336/2336 2374/2374/2374 2369/2369/2369
f 2459/2459/2459 2458/2458/2458 2460/2460/2460
f 1987/1987/1987 1983/1983/1983 2002/2002/2002
f 2471/2471/2471 2460/2460/2460 2461/2461/2461
f 1987/1987/1987 1986/1986/1986 1983/1983/1983
f 2087/2087/2087 2088/2088/2088 2086/2086/2086
f 1989/1989/1989 1988/1988/1988 1987/1987/1987
f 1994/1994/1994 1998/1998/1998 2087/2087/2087
f 1992/1992/1992 1990/1990/1990 1989/1989/1989
f 2471/2471/2471 2474/2474/2474 2475/2475/2475
f 2471/2471/2471 2475/2475/2475 2478/2478/2478
f 2479/2479/2479 2478/2478/2478 2475/2475/2475
f 2411/2411/2411 2412/2412/2412 2413/2413/2413
f 1994/1994/1994 1990/1990/1990 1992/1992/1992
f 1989/1989/1989 1990/1990/1990 1988/1988/1988
f 2479/2479/2479 2482/2482/2482 2485/2485/2485
f 2485/2485/2485 2482/2482/2482 2495/2495/2495
f 2551/2551/2551 2546/2546/2546 2557/2557/2557
f 2551/2551/2551 2557/2557/2557 2558/2558/2558
f 2495/2495/2495 2523/2523/2523 2492/2492/2492
f 2492/2492/2492 2523/2523/2523 2517/2517/2517
f 2517/2517/2517 2552/2552/2552 2503/2503/2503
f 2503/2503/2503 2552/2552/2552 2546/2546/2546
f 3885/3885/3885 3638/3638/3638 3636/3636/3636
f 3919/3919/3919 3920/3920/3920 3910/3910/3910
f 3952/3952/3952 3951/3951/3951 3934/3934/3934
f 3934/3934/3934 3951/3951/3951 3916/3916/3916
f 3952/3952/3952 3965/3965/3965 3951/3951/3951
f 3971/3971/3971 3983/3983/3983 3941/3941/3941
f 3977/3977/3977 3976/3976/3976 3965/3965/3965
f 1055/1055/1055 1053/1053/1053 1054/1054/1054
f 3986/3986/3986 3994/3994/3994 3977/3977/3977
f 4422/4422/4422 4651/4651/4651 4640/4640/4640
f 4652/4652/4652 4651/4651/4651 4422/4422/4422
f 4749/4749/4749 4652/4652/4652 4422/4422/4422
f 4749/4749/4749 4423/4423/4423 4446/4446/4446
f 4446/4446/4446 4423/4423/4423 4445/4445/4445
f 733/733/733 736/736/736 735/735/735
f 2606/2606/2606 2582/2582/2582 2607/2607/2607
f 2580/2580/2580 2581/2581/2581 2582/2582/2582
f 2611/2611/2611 2622/2622/2622 2581/2581/2581
f 2622/2622/2622 2612/2612/2612 2581/2581/2581
f 4419/4419/4419 4424/4424/4424 4421/4421/4421
f 4743/4743/4743 4722/4722/4722 4723/4723/4723
f 4726/4726/4726 4742/4742/4742 4727/4727/4727
f 4727/4727/4727 4729/4729/4729 4728/4728/4728
f 1972/1972/1972 1971/1971/1971 1959/1959/1959
f 1959/1959/1959 1976/1976/1976 1972/1972/1972
f 1965/1965/1965 1976/1976/1976 1959/1959/1959
f 4561/4561/4561 4812/4812/4812 4627/4627/4627
f 1589/1589/1589 1626/1626/1626 1636/1636/1636
f 1589/1589/1589 1584/1584/1584 1588/1588/1588
f 4626/4626/4626 4617/4617/4617 4618/4618/4618
f 1585/1585/1585 1584/1584/1584 1591/1591/1591
f 1590/1590/1590 1585/1585/1585 1591/1591/1591
f 4944/4944/4944 4942/4942/4942 4941/4941/4941
f 1586/1586/1586 1582/1582/1582 1590/1590/1590
f 4622/4622/4622 4799/4799/4799 4605/4605/4605
f 4605/4605/4605 4608/4608/4608 4622/4622/4622
f 1582/1582/1582 1586/1586/1586 1587/1587/1587
f 1586/1586/1586 1593/1593/1593 1587/1587/1587
f 4606/4606/4606 4605/4605/4605 4603/4603/4603
f 1858/1858/1858 1954/1954/1954 1861/1861/1861
f 1964/1964/1964 1858/1858/1858 1940/1940/1940
f 2340/2340/2340 2338/2338/2338 2349/2349/2349
f 2048/2048/2048 1941/1941/1941 1963/1963/1963
f 1941/1941/1941 2048/2048/2048 1940/1940/1940
f 2514/2514/2514 2515/2515/2515 2459/2459/2459
f 1970/1970/1970 1978/1978/1978 1979/1979/1979
f 1963/1963/1963 1970/1970/1970 2048/2048/2048
f 2337/2337/2337 2336/2336/2336 2369/2369/2369
f 1996/1996/1996 2002/2002/2002 1979/1979/1979
f 1978/1978/1978 1996/1996/1996 1979/1979/1979
f 1996/1996/1996 1987/1987/1987 2002/2002/2002
f 2464/2464/2464 2460/2460/2460 2471/2471/2471
f 2464/2464/2464 2471/2471/2471 2477/2477/2477
f 2417/2417/2417 2416/2416/2416 2415/2415/2415
f 2089/2089/2089 2088/2088/2088 2087/2087/2087
f 2055/2055/2055 2089/2089/2089 2087/2087/2087
f 1995/1995/1995 1989/1989/1989 1996/1996/1996
f 1996/1996/1996 1989/1989/1989 1987/1987/1987
f 2478/2478/2478 2477/2477/2477 2471/2471/2471
f 2414/2414/2414 2415/2415/2415 2416/2416/2416
f 2414/2414/2414 2413/2413/2413 2415/2415/2415
f 2087/2087/2087 1998/1998/1998 2055/2055/2055
f 1993/1993/1993 1989/1989/1989 1995/1995/1995
f 1992/1992/1992 1989/1989/1989 1993/1993/1993
f 2413/2413/2413 2414/2414/2414 2411/2411/2411
f 1992/1992/1992 1998/1998/1998 1994/1994/1994
f 2485/2485/2485 2495/2495/2495 2492/2492/2492
f 2492/2492/2492 2517/2517/2517 2503/2503/2503
f 2503/2503/2503 2546/2546/2546 2516/2516/2516
f 2516/2516/2516 2546/2546/2546 2551/2551/2551
f 3638/3638/3638 3891/3891/3891 3894/3894/3894
f 3632/3632/3632 3891/3891/3891 3900/3900/3900
f 3881/3881/3881 3886/3886/3886 3896/3896/3896
f 3886/3886/3886 3874/3874/3874 3875/3875/3875
f 3902/3902/3902 3903/3903/3903 3909/3909/3909
f 3906/3906/3906 3910/3910/3910 3903/3903/3903
f 3897/3897/3897 3889/3889/3889 3880/3880/3880
f 3921/3921/3921 3927/3927/3927 3923/3923/3923
f 3927/3927/3927 3942/3942/3942 3923/3923/3923
f 3942/3942/3942 3941/3941/3941 3923/3923/3923
f 3942/3942/3942 3943/3943/3943 3941/3941/3941
f 3943/3943/3943 3970/3970/3970 3941/3941/3941
f 3970/3970/3970 3971/3971/3971 3941/3941/3941
f 3951/3951/3951 3965/3965/3965 3976/3976/3976
f 3970/3970/3970 3983/3983/3983 3971/3971/3971
f 1054/1054/1054 1062/1062/1062 1059/1059/1059
f 4960/4960/4960 4962/4962/4962 4963/4963/4963
f 4664/4664/4664 4658/4658/4658 4663/4663/4663
f 4640/4640/4640 4651/4651/4651 4650/4650/4650
f 4651/4651/4651 4748/4748/4748 4650/4650/4650
f 717/717/717 801/801/801 718/718/718
f 718/718/718 704/704/704 717/717/717
f 718/718/718 716/716/716 704/704/704
f 725/725/725 733/733/733 703/703/703
f 2296/2296/2296 2295/2295/2295 2294/2294/2294
f 2581/2581/2581 2580/2580/2580 2611/2611/2611
f 4421/4421/4421 4426/4426/4426 4420/4420/4420
f 4819/4819/4819 4426/4426/4426 4424/4424/4424
f 4886/4886/4886 4885/4885/4885 4887/4887/4887
f 1709/1709/1709 1724/1724/1724 1707/1707/1707
f 1539/1539/1539 1538/1538/1538 1531/1531/1531
f 4732/4732/4732 4721/4721/4721 4743/4743/4743
f 4722/4722/4722 4743/4743/4743 4721/4721/4721
f 2032/2032/2032 1960/1960/1960 1961/1961/1961
f 4725/4725/4725 4726/4726/4726 4727/4727/4727
f 1961/1961/1961 1959/1959/1959 1971/1971/1971
f 4954/4954/4954 4955/4955/4955 4956/4956/4956
f 2025/2025/2025 1965/1965/1965 1973/1973/1973
f 1589/1589/1589 1592/1592/1592 1584/1584/1584
f 4626/4626/4626 4820/4820/4820 4588/4588/4588
f 4618/4618/4618 4820/4820/4820 4626/4626/4626
f 1584/1584/1584 1592/1592/1592 1591/1591/1591
f 4799/4799/4799 4622/4622/4622 4617/4617/4617
f 1616/1616/1616 1606/1606/1606 1593/1593/1593
f 2349/2349/2349 2352/2352/2352 2350/2350/2350
f 2351/2351/2351 2355/2355/2355 2338/2338/2338
f 2530/2530/2530 2522/2522/2522 2514/2514/2514
f 1970/1970/1970 1969/1969/1969 1978/1978/1978
f 2337/2337/2337 2351/2351/2351 2338/2338/2338
f 2537/2537/2537 2522/2522/2522 2548/2548/2548
f 2522/2522/2522 2537/2537/2537 2515/2515/2515
f 2522/2522/2522 2515/2515/2515 2514/2514/2514
f 2501/2501/2501 2514/2514/2514 2459/2459/2459
f 2514/2514/2514 2501/2501/2501 2508/2508/2508
f 2073/2073/2073 2028/2028/2028 2011/2011/2011
f 2011/2011/2011 1978/1978/1978 2073/2073/2073
f 1970/1970/1970 1963/1963/1963 1863/1863/1863
f 2501/2501/2501 2459/2459/2459 2464/2464/2464
f 2003/2003/2003 2012/2012/2012 2010/2010/2010
f 2010/2010/2010 2012/2012/2012 2051/2051/2051
f 2003/2003/2003 2028/2028/2028 2012/2012/2012
f 2011/2011/2011 1996/1996/1996 1978/1978/1978
f 2460/2460/2460 2464/2464/2464 2459/2459/2459
f 2053/2053/2053 2054/2054/2054 2092/2092/2092
f 2019/2019/2019 2052/2052/2052 2053/2053/2053
f 2053/2053/2053 2052/2052/2052 2054/2054/2054
f 2019/2019/2019 1995/1995/1995 2051/2051/2051
f 2019/2019/2019 2051/2051/2051 2052/2052/2052
f 1995/1995/1995 2010/2010/2010 2051/2051/2051
f 2028/2028/2028 2003/2003/2003 2011/2011/2011
f 2416/2416/2416 2423/2423/2423 2426/2426/2426
f 2090/2090/2090 2091/2091/2091 2089/2089/2089
f 2423/2423/2423 2416/2416/2416 2417/2417/2417
f 2090/2090/2090 2089/2089/2089 2055/2055/2055
f 2092/2092/2092 2090/2090/2090 2055/2055/2055
f 2053/2053/2053 2092/2092/2092 2055/2055/2055
f 2003/2003/2003 1996/1996/1996 2011/2011/2011
f 2053/2053/2053 2055/2055/2055 1997/1997/1997
f 2019/2019/2019 2053/2053/2053 1997/1997/1997
f 2019/2019/2019 1997/1997/1997 1995/1995/1995
f 2010/2010/2010 1995/1995/1995 2003/2003/2003
f 2003/2003/2003 1995/1995/1995 1996/1996/1996
f 2481/2481/2481 2477/2477/2477 2478/2478/2478
f 1998/1998/1998 1997/1997/1997 2055/2055/2055
f 1997/1997/1997 1993/1993/1993 1995/1995/1995
f 1997/1997/1997 1998/1998/1998 1992/1992/1992
f 1997/1997/1997 1992/1992/1992 1993/1993/1993
f 2479/2479/2479 2481/2481/2481 2478/2478/2478
f 2481/2481/2481 2479/2479/2479 2485/2485/2485
f 2560/2560/2560 2559/2559/2559 2558/2558/2558
f 2559/2559/2559 2551/2551/2551 2558/2558/2558
f 2492/2492/2492 2487/2487/2487 2485/2485/2485
f 2487/2487/2487 2492/2492/2492 2493/2493/2493
f 2493/2493/2493 2492/2492/2492 2503/2503/2503
f 2493/2493/2493 2503/2503/2503 2497/2497/2497
f 2497/2497/2497 2503/2503/2503 2516/2516/2516
f 3891/3891/3891 3892/3892/3892 3900/3900/3900
f 3895/3895/3895 3880/3880/3880 3881/3881/3881
f 3889/3889/3889 3873/3873/3873 3880/3880/3880
f 3906/3906/3906 3912/3912/3912 3910/3910/3910
f 3919/3919/3919 3921/3921/3921 3920/3920/3920
f 3919/3919/3919 3918/3918/3918 3921/3921/3921
f 3916/3916/3916 3890/3890/3890 3889/3889/3889
f 3890/3890/3890 3916/3916/3916 3951/3951/3951
f 1064/1064/1064 1058/1058/1058 1063/1063/1063
f 1063/1063/1063 1058/1058/1058 1057/1057/1057
f 1054/1054/1054 1042/1042/1042 1062/1062/1062
f 815/815/815 807/807/807 801/801/801
f 703/703/703 704/704/704 705/705/705
f 719/719/719 703/703/703 705/705/705
f 719/719/719 725/725/725 703/703/703
f 4446/4446/4446 4804/4804/4804 4749/4749/4749
f 4444/4444/4444 4447/4447/4447 4445/4445/4445
f 2295/2295/2295 2293/2293/2293 2294/2294/2294
f 4420/4420/4420 4426/4426/4426 4492/4492/4492
f 1731/1731/1731 1718/1718/1718 1722/1722/1722
f 4424/4424/4424 4426/4426/4426 4421/4421/4421
f 1707/1707/1707 1719/1719/1719 1718/1718/1718
f 1718/1718/1718 1719/1719/1719 1722/1722/1722
f 1967/1967/1967 1709/1709/1709 1708/1708/1708
f 1708/1708/1708 1709/1709/1709 1707/1707/1707
f 4723/4723/4723 4722/4722/4722 4720/4720/4720
f 1946/1946/1946 1967/1967/1967 1708/1708/1708
f 1960/1960/1960 2032/2032/2032 1967/1967/1967
f 4726/4726/4726 4721/4721/4721 4732/4732/4732
f 1960/1960/1960 1955/1955/1955 1961/1961/1961
f 1961/1961/1961 1955/1955/1955 1959/1959/1959
f 4820/4820/4820 4544/4544/4544 4588/4588/4588
f 4544/4544/4544 4561/4561/4561 4588/4588/4588
f 1636/1636/1636 1592/1592/1592 1589/1589/1589
f 1596/1596/1596 1590/1590/1590 1591/1591/1591
f 1594/1594/1594 1586/1586/1586 1590/1590/1590
f 1594/1594/1594 1590/1590/1590 1596/1596/1596
f 1594/1594/1594 1593/1593/1593 1586/1586/1586
f 4607/4607/4607 4608/4608/4608 4605/4605/4605
f 4606/4606/4606 4607/4607/4607 4605/4605/4605
f 2349/2349/2349 2354/2354/2354 2352/2352/2352
f 1856/1856/1856 1858/1858/1858 1861/1861/1861
f 2338/2338/2338 2354/2354/2354 2349/2349/2349
f 1855/1855/1855 1940/1940/1940 1858/1858/1858
f 2354/2354/2354 2338/2338/2338 2355/2355/2355
f 2541/2541/2541 2522/2522/2522 2532/2532/2532
f 1968/1968/1968 1863/1863/1863 1931/1931/1931
f 1857/1857/1857 1941/1941/1941 1855/1855/1855
f 1855/1855/1855 1941/1941/1941 1940/1940/1940
f 2355/2355/2355 2351/2351/2351 2356/2356/2356
f 2541/2541/2541 2548/2548/2548 2522/2522/2522
f 2914/2914/2914 2915/2915/2915 2916/2916/2916
f 2916/2916/2916 2930/2930/2930 2914/2914/2914
f 1969/1969/1969 2073/2073/2073 1978/1978/1978
f 1970/1970/1970 1968/1968/1968 1969/1969/1969
f 1863/1863/1863 1963/1963/1963 1857/1857/1857
f 1857/1857/1857 1963/1963/1963 1941/1941/1941
f 2930/2930/2930 2924/2924/2924 2914/2914/2914
f 2501/2501/2501 2507/2507/2507 2508/2508/2508
f 1968/1968/1968 1970/1970/1970 1863/1863/1863
f 2507/2507/2507 2501/2501/2501 2480/2480/2480
f 2012/2012/2012 2028/2028/2028 2073/2073/2073
f 2012/2012/2012 2073/2073/2073 2027/2027/2027
f 2423/2423/2423 2427/2427/2427 2426/2426/2426
f 2464/2464/2464 2477/2477/2477 2480/2480/2480
f 2464/2464/2464 2480/2480/2480 2501/2501/2501
f 2481/2481/2481 2484/2484/2484 2480/2480/2480
f 2427/2427/2427 2428/2428/2428 2426/2426/2426
f 2416/2416/2416 2426/2426/2426 2421/2421/2421
f 2480/2480/2480 2477/2477/2477 2481/2481/2481
f 2416/2416/2416 2421/2421/2421 2414/2414/2414
f 2559/2559/2559 2560/2560/2560 2553/2553/2553
f 2481/2481/2481 2485/2485/2485 2486/2486/2486
f 2493/2493/2493 2494/2494/2494 2487/2487/2487
f 2547/2547/2547 2551/2551/2551 2559/2559/2559
f 2486/2486/2486 2485/2485/2485 2487/2487/2487
f 2516/2516/2516 2551/2551/2551 2547/2547/2547
f 2494/2494/2494 2493/2493/2493 2497/2497/2497
f 3870/3870/3870 3875/3875/3875 3871/3871/3871
f 3885/3885/3885 3875/3875/3875 3870/3870/3870
f 3865/3865/3865 3886/3886/3886 3881/3881/3881
f 3874/3874/3874 3886/3886/3886 3865/3865/3865
f 3638/3638/3638 3885/3885/3885 3876/3876/3876
f 3892/3892/3892 3887/3887/3887 3900/3900/3900
f 3898/3898/3898 3902/3902/3902 3900/3900/3900
f 3880/3880/3880 3865/3865/3865 3881/3881/3881
f 3910/3910/3910 3912/3912/3912 3918/3918/3918
f 3910/3910/3910 3918/3918/3918 3919/3919/3919
f 3918/3918/3918 3926/3926/3926 3921/3921/3921
f 3926/3926/3926 3927/3927/3927 3921/3921/3921
f 3951/3951/3951 3933/3933/3933 3890/3890/3890
f 3942/3942/3942 3970/3970/3970 3943/3943/3943
f 3970/3970/3970 3942/3942/3942 3974/3974/3974
f 3976/3976/3976 3977/3977/3977 3994/3994/3994
f 1041/1041/1041 1054/1054/1054 1053/1053/1053
f 1036/1036/1036 1042/1042/1042 1054/1054/1054
f 4662/4662/4662 4663/4663/4663 4658/4658/4658
f 4960/4960/4960 4961/4961/4961 4962/4962/4962
f 718/718/718 801/801/801 722/722/722
f 4651/4651/4651 4653/4653/4653 4748/4748/4748
f 716/716/716 718/718/718 722/722/722
f 4652/4652/4652 4653/4653/4653 4651/4651/4651
f 705/705/705 704/704/704 716/716/716
f 725/725/725 719/719/719 741/741/741
f 741/741/741 733/733/733 725/725/725
f 742/742/742 736/736/736 733/733/733
f 742/742/742 733/733/733 741/741/741
f 2614/2614/2614 2586/2586/2586 2606/2606/2606
f 2586/2586/2586 2582/2582/2582 2606/2606/2606
f 4721/4721/4721 4720/4720/4720 4722/4722/4722
f 1948/1948/1948 1960/1960/1960 1967/1967/1967
f 1948/1948/1948 1967/1967/1967 1946/1946/1946
f 4725/4725/4725 4721/4721/4721 4726/4726/4726
f 4728/4728/4728 4725/4725/4725 4727/4727/4727
f 4730/4730/4730 4812/4812/4812 4728/4728/4728
f 1939/1939/1939 1959/1959/1959 1955/1955/1955
f 4812/4812/4812 4561/4561/4561 4546/4546/4546
f 1956/1956/1956 1973/1973/1973 1965/1965/1965
f 4820/4820/4820 4618/4618/4618 4619/4619/4619
f 1597/1597/1597 1591/1591/1591 1592/1592/1592
f 4619/4619/4619 4618/4618/4618 4616/4616/4616
f 1597/1597/1597 1596/1596/1596 1591/1591/1591
f 4617/4617/4617 4616/4616/4616 4618/4618/4618
f 4611/4611/4611 4616/4616/4616 4617/4617/4617
f 4622/4622/4622 4611/4611/4611 4617/4617/4617
f 4608/4608/4608 4611/4611/4611 4622/4622/4622
f 1595/1595/1595 1593/1593/1593 1594/1594/1594
f 1616/1616/1616 1593/1593/1593 1595/1595/1595
f 1616/1616/1616 1595/1595/1595 1617/1617/1617
f 2352/2352/2352 2364/2364/2364 2357/2357/2357
f 2354/2354/2354 2364/2364/2364 2352/2352/2352
f 1846/1846/1846 1856/1856/1856 1861/1861/1861
f 4612/4612/4612 4621/4621/4621 4613/4613/4613
f 1845/1845/1845 1855/1855/1855 1858/1858/1858
f 1845/1845/1845 1858/1858/1858 1856/1856/1856
f 2354/2354/2354 2355/2355/2355 2365/2365/2365
f 2532/2532/2532 2522/2522/2522 2531/2531/2531
f 2522/2522/2522 2530/2530/2530 2531/2531/2531
f 1931/1931/1931 1930/1930/1930 1968/1968/1968
f 1857/1857/1857 1854/1854/1854 1853/1853/1853
f 1854/1854/1854 1857/1857/1857 1855/1855/1855
f 2365/2365/2365 2355/2355/2355 2356/2356/2356
f 1969/1969/1969 1968/1968/1968 1930/1930/1930
f 1931/1931/1931 1863/1863/1863 1853/1853/1853
f 1853/1853/1853 1863/1863/1863 1857/1857/1857
f 2931/2931/2931 2924/2924/2924 2930/2930/2930
f 2518/2518/2518 2508/2508/2508 2507/2507/2507
f 2505/2505/2505 2509/2509/2509 2507/2507/2507
f 2505/2505/2505 2507/2507/2507 2480/2480/2480
f 2480/2480/2480 2484/2484/2484 2505/2505/2505
f 2578/2578/2578 2576/2576/2576 2579/2579/2579
f 2054/2054/2054 2052/2052/2052 2063/2063/2063
f 2046/2046/2046 2052/2052/2052 2051/2051/2051
f 2046/2046/2046 2051/2051/2051 2012/2012/2012
f 2573/2573/2573 2553/2553/2553 2574/2574/2574
f 2577/2577/2577 2576/2576/2576 2578/2578/2578
f 2090/2090/2090 2092/2092/2092 2054/2054/2054
f 2489/2489/2489 2484/2484/2484 2481/2481/2481
f 2421/2421/2421 2426/2426/2426 2428/2428/2428
f 2488/2488/2488 2489/2489/2489 2481/2481/2481
f 2488/2488/2488 2481/2481/2481 2486/2486/2486
f 2504/2504/2504 2547/2547/2547 2550/2550/2550
f 2547/2547/2547 2553/2553/2553 2550/2550/2550
f 2553/2553/2553 2547/2547/2547 2559/2559/2559
f 2491/2491/2491 2487/2487/2487 2494/2494/2494
f 2497/2497/2497 2516/2516/2516 2499/2499/2499
f 2499/2499/2499 2516/2516/2516 2504/2504/2504
f 2504/2504/2504 2516/2516/2516 2547/2547/2547
f 3638/3638/3638 3876/3876/3876 3891/3891/3891
f 3891/3891/3891 3882/3882/3882 3892/3892/3892
f 3898/3898/3898 3900/3900/3900 3887/3887/3887
f 3903/3903/3903 3902/3902/3902 3901/3901/3901
f 3927/3927/3927 3926/3926/3926 3942/3942/3942
f 3951/3951/3951 3976/3976/3976 3975/3975/3975
f 3974/3974/3974 3995/3995/3995 3970/3970/3970
f 3970/3970/3970 3995/3995/3995 3983/3983/3983
f 1040/1040/1040 1053/1053/1053 1039/1039/1039
f 1053/1053/1053 1040/1040/1040 1041/1041/1041
f 1058/1058/1058 1052/1052/1052 1057/1057/1057
f 1054/1054/1054 1041/1041/1041 1036/1036/1036
f 1036/1036/1036 1020/1020/1020 1042/1042/1042
f 808/808/808 722/722/722 807/807/807
f 722/722/722 801/801/801 807/807/807
f 716/716/716 719/719/719 705/705/705
f 4749/4749/4749 4804/4804/4804 4652/4652/4652
f 743/743/743 742/742/742 741/741/741
f 4448/4448/4448 4445/4445/4445 4447/4447/4447
f 2586/2586/2586 2614/2614/2614 2615/2615/2615
f 4447/4447/4447 4451/4451/4451 4448/4448/4448
f 2294/2294/2294 2293/2293/2293 2291/2291/2291
f 2586/2586/2586 2580/2580/2580 2582/2582/2582
f 4819/4819/4819 4493/4493/4493 4426/4426/4426
f 1707/1707/1707 1718/1718/1718 1706/1706/1706
f 1705/1705/1705 1707/1707/1707 1706/1706/1706
f 1708/1708/1708 1707/1707/1707 1705/1705/1705
f 4819/4819/4819 4723/4723/4723 4720/4720/4720
f 1945/1945/1945 1948/1948/1948 1946/1946/1946
f 1947/1947/1947 1960/1960/1960 1948/1948/1948
f 1947/1947/1947 1955/1955/1955 1960/1960/1960
f 4728/4728/4728 4761/4761/4761 4725/4725/4725
f 1939/1939/1939 1955/1955/1955 1947/1947/1947
f 4728/4728/4728 4812/4812/4812 4761/4761/4761
f 1956/1956/1956 1965/1965/1965 1939/1939/1939
f 1939/1939/1939 1965/1965/1965 1959/1959/1959
f 4545/4545/4545 4546/4546/4546 4561/4561/4561
f 4544/4544/4544 4545/4545/4545 4561/4561/4561
f 1628/1628/1628 1592/1592/1592 1636/1636/1636
f 1595/1595/1595 1594/1594/1594 1598/1598/1598
f 4612/4612/4612 4610/4610/4610 4607/4607/4607
f 4610/4610/4610 4612/4612/4612 4613/4613/4613
f 1845/1845/1845 1856/1856/1856 1846/1846/1846
f 2532/2532/2532 2531/2531/2531 2533/2533/2533
f 1930/1930/1930 1931/1931/1931 1850/1850/1850
f 1854/1854/1854 1855/1855/1855 1845/1845/1845
f 2540/2540/2540 2541/2541/2541 2532/2532/2532
f 1853/1853/1853 1850/1850/1850 1931/1931/1931
f 2915/2915/2915 2914/2914/2914 2917/2917/2917
f 2924/2924/2924 2917/2917/2917 2914/2914/2914
f 1776/1776/1776 2073/2073/2073 1969/1969/1969
f 1776/1776/1776 1969/1969/1969 1930/1930/1930
f 2509/2509/2509 2518/2518/2518 2507/2507/2507
f 2510/2510/2510 2509/2509/2509 2505/2505/2505
f 2027/2027/2027 2073/2073/2073 1776/1776/1776
f 2484/2484/2484 2510/2510/2510 2505/2505/2505
f 2502/2502/2502 2510/2510/2510 2484/2484/2484
f 2027/2027/2027 2046/2046/2046 2012/2012/2012
f 2571/2571/2571 2573/2573/2573 2574/2574/2574
f 5070/5070/5070 5071/5071/5071 5072/5072/5072
f 3111/3111/3111 3112/3112/3112 3113/3113/3113
f 2576/2576/2576 2570/2570/2570 2574/2574/2574
f 2063/2063/2063 2090/2090/2090 2054/2054/2054
f 2484/2484/2484 2489/2489/2489 2488/2488/2488
f 2490/2490/2490 2484/2484/2484 2488/2488/2488
f 2490/2490/2490 2488/2488/2488 2486/2486/2486
f 2573/2573/2573 2550/2550/2550 2553/2553/2553
f 2486/2486/2486 2487/2487/2487 2491/2491/2491
f 2549/2549/2549 2504/2504/2504 2550/2550/2550
f 2494/2494/2494 2497/2497/2497 2499/2499/2499
f 3866/3866/3866 3875/3875/3875 3874/3874/3874
f 3865/3865/3865 3866/3866/3866 3874/3874/3874
f 3898/3898/3898 3901/3901/3901 3902/3902/3902
f 3873/3873/3873 3865/3865/3865 3880/3880/3880
f 3903/3903/3903 3901/3901/3901 3906/3906/3906
f 3890/3890/3890 3862/3862/3862 3889/3889/3889
f 3889/3889/3889 3862/3862/3862 3873/3873/3873
f 3912/3912/3912 3926/3926/3926 3918/3918/3918
f 3933/3933/3933 3863/3863/3863 3890/3890/3890
f 3951/3951/3951 3975/3975/3975 3933/3933/3933
f 3946/3946/3946 3974/3974/3974 3942/3942/3942
f 1057/1057/1057 1048/1048/1048 1056/1056/1056
f 1052/1052/1052 1048/1048/1048 1057/1057/1057
f 1041/1041/1041 1040/1040/1040 1036/1036/1036
f 4662/4662/4662 4658/4658/4658 4661/4661/4661
f 4656/4656/4656 4658/4658/4658 4748/4748/4748
f 4653/4653/4653 4656/4656/4656 4748/4748/4748
f 4652/4652/4652 4654/4654/4654 4653/4653/4653
f 4655/4655/4655 4653/4653/4653 4654/4654/4654
f 719/719/719 716/716/716 720/720/720
f 4654/4654/4654 4652/4652/4652 4804/4804/4804
f 4446/4446/4446 4486/4486/4486 4804/4804/4804
f 741/741/741 744/744/744 743/743/743
f 4445/4445/4445 4486/4486/4486 4446/4446/4446
f 4448/4448/4448 4486/4486/4486 4445/4445/4445
f 2293/2293/2293 2292/2292/2292 2291/2291/2291
f 2586/2586/2586 2587/2587/2587 2580/2580/2580
f 2580/2580/2580 2587/2587/2587 2603/2603/2603
f 2611/2611/2611 2580/2580/2580 2603/2603/2603
f 1728/1728/1728 1718/1718/1718 1731/1731/1731
f 4426/4426/4426 4493/4493/4493 4492/4492/4492
f 4493/4493/4493 4494/4494/4494 4492/4492/4492
f 1718/1718/1718 1728/1728/1728 1706/1706/1706
f 1708/1708/1708 1705/1705/1705 1946/1946/1946
f 4819/4819/4819 4720/4720/4720 4747/4747/4747
f 4720/4720/4720 4721/4721/4721 4719/4719/4719
f 4724/4724/4724 4725/4725/4725 4761/4761/4761
f 4812/4812/4812 4557/4557/4557 4761/4761/4761
f 4557/4557/4557 4812/4812/4812 4546/4546/4546
f 4558/4558/4558 4544/4544/4544 4820/4820/4820
f 1629/1629/1629 1597/1597/1597 1628/1628/1628
f 1597/1597/1597 1592/1592/1592 1628/1628/1628
f 4920/4920/4920 4921/4921/4921 4922/4922/4922
f 1602/1602/1602 1596/1596/1596 1597/1597/1597
f 1605/1605/1605 1598/1598/1598 1594/1594/1594
f 4611/4611/4611 4608/4608/4608 4609/4609/4609
f 1617/1617/1617 1595/1595/1595 1598/1598/1598
f 4607/4607/4607 4609/4609/4609 4608/4608/4608
f 4609/4609/4609 4607/4607/4607 4610/4610/4610
f 4610/4610/4610 4613/4613/4613 4614/4614/4614
f 2532/2532/2532 2533/2533/2533 2534/2534/2534
f 2533/2533/2533 2535/2535/2535 2534/2534/2534
f 1852/1852/1852 1850/1850/1850 1851/1851/1851
f 4621/4621/4621 4614/4614/4614 4613/4613/4613
f 4614/4614/4614 4621/4621/4621 4763/4763/4763
f 2534/2534/2534 2539/2539/2539 2532/2532/2532
f 1852/1852/1852 1930/1930/1930 1850/1850/1850
f 1850/1850/1850 1853/1853/1853 1843/1843/1843
f 1843/1843/1843 1854/1854/1854 1845/1845/1845
f 2539/2539/2539 2540/2540/2540 2532/2532/2532
f 1843/1843/1843 1853/1853/1853 1854/1854/1854
f 2918/2918/2918 2919/2919/2919 2915/2915/2915
f 2915/2915/2915 2917/2917/2917 2918/2918/2918
f 2567/2567/2567 2509/2509/2509 2510/2510/2510
f 2511/2511/2511 2510/2510/2510 2502/2502/2502
f 2511/2511/2511 2567/2567/2567 2510/2510/2510
f 2512/2512/2512 2511/2511/2511 2502/2502/2502
f 2027/2027/2027 1776/1776/1776 1765/1765/1765
f 2571/2571/2571 2529/2529/2529 2545/2545/2545
f 2570/2570/2570 2529/2529/2529 2571/2571/2571
f 2570/2570/2570 2571/2571/2571 2574/2574/2574
f 2502/2502/2502 2490/2490/2490 2512/2512/2512
f 2572/2572/2572 2570/2570/2570 2576/2576/2576
f 2577/2577/2577 2572/2572/2572 2576/2576/2576
f 2046/2046/2046 2063/2063/2063 2052/2052/2052
f 2502/2502/2502 2484/2484/2484 2490/2490/2490
f 2545/2545/2545 2573/2573/2573 2571/2571/2571
f 2064/2064/2064 2090/2090/2090 2063/2063/2063
f 2496/2496/2496 2490/2490/2490 2491/2491/2491
f 2549/2549/2549 2550/2550/2550 2545/2545/2545
f 2545/2545/2545 2550/2550/2550 2573/2573/2573
f 2490/2490/2490 2486/2486/2486 2491/2491/2491
f 2491/2491/2491 2494/2494/2494 2496/2496/2496
f 2496/2496/2496 2494/2494/2494 2498/2498/2498
f 2498/2498/2498 2494/2494/2494 2499/2499/2499
f 2498/2498/2498 2499/2499/2499 2504/2504/2504
f 2498/2498/2498 2504/2504/2504 2549/2549/2549
f 3868/3868/3868 3885/3885/3885 3870/3870/3870
f 3876/3876/3876 3885/3885/3885 3868/3868/3868
f 3875/3875/3875 3866/3866/3866 3871/3871/3871
f 3876/3876/3876 3882/3882/3882 3891/3891/3891
f 3865/3865/3865 3873/3873/3873 3864/3864/3864
f 3865/3865/3865 3857/3857/3857 3866/3866/3866
f 3899/3899/3899 3901/3901/3901 3898/3898/3898
f 3901/3901/3901 3905/3905/3905 3906/3906/3906
f 3906/3906/3906 3904/3904/3904 3907/3907/3907
f 3912/3912/3912 3906/3906/3906 3907/3907/3907
f 3862/3862/3862 3890/3890/3890 3863/3863/3863
f 3907/3907/3907 3904/3904/3904 3912/3912/3912
f 3925/3925/3925 3926/3926/3926 3912/3912/3912
f 3926/3926/3926 3946/3946/3946 3942/3942/3942
f 1025/1025/1025 1019/1019/1019 1036/1036/1036
f 1040/1040/1040 1025/1025/1025 1036/1036/1036
f 4658/4658/4658 4660/4660/4660 4661/4661/4661
f 1036/1036/1036 1019/1019/1019 1020/1020/1020
f 4653/4653/4653 4655/4655/4655 4656/4656/4656
f 720/720/720 716/716/716 722/722/722
f 721/721/721 741/741/741 719/719/719
f 721/721/721 744/744/744 741/741/741
f 2597/2597/2597 2586/2586/2586 2615/2615/2615
f 4453/4453/4453 4448/4448/4448 4451/4451/4451
f 4495/4495/4495 4493/4493/4493 4819/4819/4819
f 4725/4725/4725 4724/4724/4724 4721/4721/4721
f 1939/1939/1939 1947/1947/1947 1936/1936/1936
f 1938/1938/1938 1973/1973/1973 1956/1956/1956
f 4544/4544/4544 4543/4543/4543 4545/4545/4545
f 4923/4923/4923 4921/4921/4921 4920/4920/4920
f 1603/1603/1603 1597/1597/1597 1629/1629/1629
f 1602/1602/1602 1597/1597/1597 1603/1603/1603
f 4616/4616/4616 4615/4615/4615 4619/4619/4619
f 4673/4673/4673 4619/4619/4619 4615/4615/4615
f 1604/1604/1604 1596/1596/1596 1602/1602/1602
f 1605/1605/1605 1594/1594/1594 1596/1596/1596
f 1605/1605/1605 1596/1596/1596 1604/1604/1604
f 4611/4611/4611 4615/4615/4615 4616/4616/4616
f 4611/4611/4611 4609/4609/4609 4615/4615/4615
f 1848/1848/1848 1842/1842/1842 1847/1847/1847
f 1842/1842/1842 1846/1846/1846 1847/1847/1847
f 4609/4609/4609 4610/4610/4610 4620/4620/4620
f 4620/4620/4620 4610/4610/4610 4614/4614/4614
f 4620/4620/4620 4614/4614/4614 4763/4763/4763
f 2542/2542/2542 2539/2539/2539 2536/2536/2536
f 2534/2534/2534 2535/2535/2535 2536/2536/2536
f 1842/1842/1842 1841/1841/1841 1845/1845/1845
f 1842/1842/1842 1845/1845/1845 1846/1846/1846
f 1851/1851/1851 1850/1850/1850 1849/1849/1849
f 1841/1841/1841 1843/1843/1843 1845/1845/1845
f 2536/2536/2536 2539/2539/2539 2534/2534/2534
f 1843/1843/1843 1849/1849/1849 1850/1850/1850
f 1849/1849/1849 1843/1843/1843 1840/1840/1840
f 1840/1840/1840 1843/1843/1843 1841/1841/1841
f 2921/2921/2921 2919/2919/2919 2920/2920/2920
f 2919/2919/2919 2918/2918/2918 2920/2920/2920
f 4690/4690/4690 4687/4687/4687 4692/4692/4692
f 1772/1772/1772 1776/1776/1776 1930/1930/1930
f 1930/1930/1930 1852/1852/1852 1772/1772/1772
f 4690/4690/4690 4689/4689/4689 4687/4687/4687
f 4691/4691/4691 4688/4688/4688 4689/4689/4689
f 2521/2521/2521 2524/2524/2524 2520/2520/2520
f 2525/2525/2525 2524/2524/2524 2521/2521/2521
f 2924/2924/2924 2931/2931/2931 2932/2932/2932
f 2933/2933/2933 2932/2932/2932 2931/2931/2931
f 2569/2569/2569 2509/2509/2509 2567/2567/2567
f 2513/2513/2513 2511/2511/2511 2512/2512/2512
f 2500/2500/2500 2513/2513/2513 2512/2512/2512
f 2521/2521/2521 2520/2520/2520 2500/2500/2500
f 2500/2500/2500 2520/2520/2520 2513/2513/2513
f 2521/2521/2521 2526/2526/2526 2525/2525/2525
f 2545/2545/2545 2529/2529/2529 2526/2526/2526
f 2529/2529/2529 2525/2525/2525 2526/2526/2526
f 1733/1733/1733 2046/2046/2046 1765/1765/1765
f 1765/1765/1765 2046/2046/2046 2027/2027/2027
f 2500/2500/2500 2496/2496/2496 2521/2521/2521
f 1757/1757/1757 2071/2071/2071 2064/2064/2064
f 1757/1757/1757 2064/2064/2064 2063/2063/2063
f 1758/1758/1758 1757/1757/1757 2063/2063/2063
f 1733/1733/1733 2063/2063/2063 2046/2046/2046
f 2512/2512/2512 2490/2490/2490 2500/2500/2500
f 2500/2500/2500 2490/2490/2490 2496/2496/2496
f 2496/2496/2496 2498/2498/2498 2526/2526/2526
f 2526/2526/2526 2498/2498/2498 2549/2549/2549
f 2526/2526/2526 2549/2549/2549 2545/2545/2545
f 3882/3882/3882 3887/3887/3887 3892/3892/3892
f 3887/3887/3887 3883/3883/3883 3898/3898/3898
f 3883/3883/3883 3899/3899/3899 3898/3898/3898
f 3864/3864/3864 3873/3873/3873 3862/3862/3862
f 3905/3905/3905 3904/3904/3904 3906/3906/3906
f 3913/3913/3913 3925/3925/3925 3912/3912/3912
f 3925/3925/3925 3946/3946/3946 3926/3926/3926
f 3976/3976/3976 3989/3989/3989 3975/3975/3975
f 1056/1056/1056 1048/1048/1048 1050/1050/1050
f 4657/4657/4657 4658/4658/4658 4656/4656/4656
f 991/991/991 1029/1029/1029 1020/1020/1020
f 4655/4655/4655 4657/4657/4657 4656/4656/4656
f 720/720/720 722/722/722 727/727/727
f 721/721/721 719/719/719 720/720/720
f 4876/4876/4876 4873/4873/4873 4875/4875/4875
f 4453/4453/4453 4486/4486/4486 4448/4448/4448
f 745/745/745 743/743/743 744/744/744
f 2615/2615/2615 2620/2620/2620 2597/2597/2597
f 2588/2588/2588 2586/2586/2586 2597/2597/2597
f 2586/2586/2586 2588/2588/2588 2587/2587/2587
f 2292/2292/2292 2290/2290/2290 2291/2291/2291
f 1728/1728/1728 1721/1721/1721 1706/1706/1706
f 1946/1946/1946 1705/1705/1705 1944/1944/1944
f 4720/4720/4720 4718/4718/4718 4747/4747/4747
f 1944/1944/1944 1945/1945/1945 1946/1946/1946
f 4719/4719/4719 4718/4718/4718 4720/4720/4720
f 4752/4752/4752 4719/4719/4719 4724/4724/4724
f 4724/4724/4724 4719/4719/4719 4721/4721/4721
f 1948/1948/1948 1945/1945/1945 1937/1937/1937
f 1936/1936/1936 1947/1947/1947 1948/1948/1948
f 1935/1935/1935 1939/1939/1939 1924/1924/1924
f 1956/1956/1956 1939/1939/1939 1935/1935/1935
f 4545/4545/4545 4543/4543/4543 4546/4546/4546
f 1934/1934/1934 1956/1956/1956 1935/1935/1935
f 1934/1934/1934 1938/1938/1938 1956/1956/1956
f 1938/1938/1938 1860/1860/1860 1836/1836/1836
f 4542/4542/4542 4544/4544/4544 4558/4558/4558
f 4609/4609/4609 4758/4758/4758 4615/4615/4615
f 4620/4620/4620 4758/4758/4758 4609/4609/4609
f 4758/4758/4758 4620/4620/4620 4776/4776/4776
f 1838/1838/1838 1842/1842/1842 1848/1848/1848
f 2544/2544/2544 2543/2543/2543 2536/2536/2536
f 2922/2922/2922 2923/2923/2923 2929/2929/2929
f 2923/2923/2923 2927/2927/2927 2929/2929/2929
f 1849/1849/1849 1844/1844/1844 1958/1958/1958
f 1844/1844/1844 1849/1849/1849 1840/1840/1840
f 1840/1840/1840 1841/1841/1841 1838/1838/1838
f 1838/1838/1838 1841/1841/1841 1842/1842/1842
f 2543/2543/2543 2542/2542/2542 2536/2536/2536
f 1958/1958/1958 1851/1851/1851 1849/1849/1849
f 1852/1852/1852 1851/1851/1851 1772/1772/1772
f 1753/1753/1753 1776/1776/1776 1772/1772/1772
f 4689/4689/4689 4688/4688/4688 4687/4687/4687
f 2094/2094/2094 1953/1953/1953 1966/1966/1966
f 1753/1753/1753 1765/1765/1765 1776/1776/1776
f 2529/2529/2529 2565/2565/2565 2525/2525/2525
f 2496/2496/2496 2526/2526/2526 2521/2521/2521
f 2568/2568/2568 2529/2529/2529 2570/2570/2570
f 2572/2572/2572 2568/2568/2568 2570/2570/2570
f 1733/1733/1733 1732/1732/1732 1758/1758/1758
f 1758/1758/1758 2063/2063/2063 1733/1733/1733
f 3859/3859/3859 3866/3866/3866 3857/3857/3857
f 3876/3876/3876 3867/3867/3867 3878/3878/3878
f 3882/3882/3882 3878/3878/3878 3887/3887/3887
f 3864/3864/3864 3862/3862/3862 3858/3858/3858
f 3912/3912/3912 3904/3904/3904 3913/3913/3913
f 3872/3872/3872 3933/3933/3933 3975/3975/3975
f 3925/3925/3925 3968/3968/3968 3946/3946/3946
f 3968/3968/3968 3974/3974/3974 3946/3946/3946
f 3980/3980/3980 3995/3995/3995 3974/3974/3974
f 4658/4658/4658 4659/4659/4659 4660/4660/4660
f 4657/4657/4657 4659/4659/4659 4658/4658/4658
f 723/723/723 720/720/720 727/727/727
f 723/723/723 721/721/721 720/720/720
f 724/724/724 721/721/721 723/723/723
f 4873/4873/4873 4874/4874/4874 4875/4875/4875
f 724/724/724 744/744/744 721/721/721
f 745/745/745 744/744/744 746/746/746
f 4495/4495/4495 4496/4496/4496 4494/4494/4494
f 4493/4493/4493 4495/4495/4495 4494/4494/4494
f 4747/4747/4747 4495/4495/4495 4819/4819/4819
f 1706/1706/1706 1704/1704/1704 1705/1705/1705
f 1704/1704/1704 1706/1706/1706 1721/1721/1721
f 1699/1699/1699 1705/1705/1705 1704/1704/1704
f 1944/1944/1944 1705/1705/1705 1699/1699/1699
f 1936/1936/1936 1948/1948/1948 1937/1937/1937
f 4898/4898/4898 4899/4899/4899 4900/4900/4900
f 4557/4557/4557 4556/4556/4556 4761/4761/4761
f 1924/1924/1924 1939/1939/1939 1936/1936/1936
f 4546/4546/4546 4547/4547/4547 4557/4557/4557
f 4547/4547/4547 4549/4549/4549 4557/4557/4557
f 1860/1860/1860 1938/1938/1938 1934/1934/1934
f 4542/4542/4542 4543/4543/4543 4544/4544/4544
f 4541/4541/4541 4542/4542/4542 4558/4558/4558
f 1833/1833/1833 1835/1835/1835 1836/1836/1836
f 1860/1860/1860 1833/1833/1833 1836/1836/1836
f 1833/1833/1833 1832/1832/1832 1835/1835/1835
f 1604/1604/1604 1602/1602/1602 1603/1603/1603
f 4615/4615/4615 4674/4674/4674 4673/4673/4673
f 4615/4615/4615 4758/4758/4758 4674/4674/4674
f 1838/1838/1838 1848/1848/1848 1837/1837/1837
f 4758/4758/4758 4776/4776/4776 4762/4762/4762
f 4758/4758/4758 4762/4762/4762 4674/4674/4674
f 1844/1844/1844 1840/1840/1840 1839/1839/1839
f 1839/1839/1839 1840/1840/1840 1838/1838/1838
f 2922/2922/2922 2920/2920/2920 2923/2923/2923
f 2920/2920/2920 2922/2922/2922 2921/2921/2921
f 1771/1771/1771 1851/1851/1851 1958/1958/1958
f 1749/1749/1749 1772/1772/1772 1771/1771/1771
f 1771/1771/1771 1772/1772/1772 1851/1851/1851
f 1749/1749/1749 1753/1753/1753 1772/1772/1772
f 2569/2569/2569 2567/2567/2567 2511/2511/2511
f 2575/2575/2575 2569/2569/2569 2511/2511/2511
f 2513/2513/2513 2575/2575/2575 2511/2511/2511
f 2566/2566/2566 2565/2565/2565 2529/2529/2529
f 2568/2568/2568 2566/2566/2566 2529/2529/2529
f 1736/1736/1736 1733/1733/1733 1765/1765/1765
f 1736/1736/1736 1765/1765/1765 1753/1753/1753
f 1757/1757/1757 1760/1760/1760 2071/2071/2071
f 1732/1732/1732 1757/1757/1757 1758/1758/1758
f 3856/3856/3856 3871/3871/3871 3866/3866/3866
f 3870/3870/3870 3871/3871/3871 3856/3856/3856
f 3876/3876/3876 3878/3878/3878 3882/3882/3882
f 3864/3864/3864 3858/3858/3858 3865/3865/3865
f 3878/3878/3878 3883/3883/3883 3887/3887/3887
f 3862/3862/3862 3849/3849/3849 3858/3858/3858
f 3901/3901/3901 3904/3904/3904 3905/3905/3905
f 3872/3872/3872 3863/3863/3863 3933/3933/3933
f 3913/3913/3913 3968/3968/3968 3925/3925/3925
f 3968/3968/3968 3980/3980/3980 3974/3974/3974
f 1050/1050/1050 1048/1048/1048 1045/1045/1045
f 1040/1040/1040 1039/1039/1039 1025/1025/1025
f 1052/1052/1052 1046/1046/1046 1048/1048/1048
f 1025/1025/1025 1007/1007/1007 1019/1019/1019
f 1007/1007/1007 991/991/991 1019/1019/1019
f 991/991/991 1020/1020/1020 1019/1019/1019
f 4909/4909/4909 4908/4908/4908 4911/4911/4911
f 4486/4486/4486 4453/4453/4453 4782/4782/4782
f 746/746/746 744/744/744 724/724/724
f 4451/4451/4451 4454/4454/4454 4453/4453/4453
f 2291/2291/2291 2290/2290/2290 2289/2289/2289
f 2602/2602/2602 2621/2621/2621 2587/2587/2587
f 2587/2587/2587 2621/2621/2621 2603/2603/2603
f 1944/1944/1944 1699/1699/1699 1943/1943/1943
f 4719/4719/4719 4752/4752/4752 4717/4717/4717
f 4719/4719/4719 4717/4717/4717 4718/4718/4718
f 1943/1943/1943 1945/1945/1945 1944/1944/1944
f 1943/1943/1943 1937/1937/1937 1945/1945/1945
f 4901/4901/4901 4900/4900/4900 4899/4899/4899
f 1937/1937/1937 1923/1923/1923 1936/1936/1936
f 4549/4549/4549 4556/4556/4556 4557/4557/4557
f 1923/1923/1923 1924/1924/1924 1936/1936/1936
f 4543/4543/4543 4547/4547/4547 4546/4546/4546
f 1922/1922/1922 1860/1860/1860 1934/1934/1934
f 4808/4808/4808 4712/4712/4712 4558/4558/4558
f 1859/1859/1859 1833/1833/1833 1860/1860/1860
f 4921/4921/4921 4924/4924/4924 4925/4925/4925
f 4923/4923/4923 4924/4924/4924 4921/4921/4921
f 4673/4673/4673 4674/4674/4674 4675/4675/4675
f 1837/1837/1837 1835/1835/1835 1832/1832/1832
f 1832/1832/1832 1838/1838/1838 1837/1837/1837
f 1832/1832/1832 1839/1839/1839 1838/1838/1838
f 2923/2923/2923 2926/2926/2926 2927/2927/2927
f 2920/2920/2920 2925/2925/2925 2923/2923/2923
f 1773/1773/1773 1771/1771/1771 1958/1958/1958
f 4935/4935/4935 4936/4936/4936 4937/4937/4937
f 4687/4687/4687 4683/4683/4683 4692/4692/4692
f 4683/4683/4683 4711/4711/4711 4692/4692/4692
f 2527/2527/2527 2528/2528/2528 2524/2524/2524
f 1951/1951/1951 1952/1952/1952 1953/1953/1953
f 4687/4687/4687 4684/4684/4684 4683/4683/4683
f 4688/4688/4688 4684/4684/4684 4687/4687/4687
f 1952/1952/1952 1799/1799/1799 1966/1966/1966
f 1952/1952/1952 1966/1966/1966 1953/1953/1953
f 2525/2525/2525 2527/2527/2527 2524/2524/2524
f 2525/2525/2525 2565/2565/2565 2527/2527/2527
f 2565/2565/2565 2555/2555/2555 2527/2527/2527
f 1736/1736/1736 1753/1753/1753 1749/1749/1749
f 2058/2058/2058 1962/1962/1962 2065/2065/2065
f 2058/2058/2058 2065/2065/2065 1977/1977/1977
f 2520/2520/2520 2575/2575/2575 2513/2513/2513
f 1977/1977/1977 2094/2094/2094 1799/1799/1799
f 1799/1799/1799 2094/2094/2094 1966/1966/1966
f 1732/1732/1732 1733/1733/1733 1734/1734/1734
f 1734/1734/1734 1733/1733/1733 1736/1736/1736
f 1738/1738/1738 1760/1760/1760 1757/1757/1757
f 3870/3870/3870 3856/3856/3856 3868/3868/3868
f 3868/3868/3868 3867/3867/3867 3876/3876/3876
f 3858/3858/3858 3857/3857/3857 3865/3865/3865
f 3859/3859/3859 3857/3857/3857 3856/3856/3856
f 3862/3862/3862 3847/3847/3847 3849/3849/3849
f 3901/3901/3901 3884/3884/3884 3904/3904/3904
f 3899/3899/3899 3884/3884/3884 3901/3901/3901
f 3843/3843/3843 3862/3862/3862 3863/3863/3863
f 3872/3872/3872 3843/3843/3843 3863/3863/3863
f 3913/3913/3913 3928/3928/3928 3968/3968/3968
f 3872/3872/3872 3975/3975/3975 3988/3988/3988
f 1050/1050/1050 1045/1045/1045 1043/1043/1043
f 3989/3989/3989 3988/3988/3988 3975/3975/3975
f 1038/1038/1038 1027/1027/1027 1039/1039/1039
f 1048/1048/1048 1035/1035/1035 1045/1045/1045
f 1027/1027/1027 1025/1025/1025 1039/1039/1039
f 1046/1046/1046 1035/1035/1035 1048/1048/1048
f 1025/1025/1025 1003/1003/1003 1007/1007/1007
f 1049/1049/1049 1044/1044/1044 1046/1046/1046
f 1051/1051/1051 1044/1044/1044 1049/1049/1049
f 1003/1003/1003 991/991/991 1007/1007/1007
f 728/728/728 723/723/723 727/727/727
f 4908/4908/4908 4909/4909/4909 4910/4910/4910
f 4744/4744/4744 4655/4655/4655 4654/4654/4654
f 4744/4744/4744 4654/4654/4654 4782/4782/4782
f 746/746/746 724/724/724 730/730/730
f 4453/4453/4453 4471/4471/4471 4782/4782/4782
f 4455/4455/4455 4471/4471/4471 4453/4453/4453
f 757/757/757 759/759/759 746/746/746
f 759/759/759 745/745/745 746/746/746
f 4454/4454/4454 4455/4455/4455 4453/4453/4453
f 2591/2591/2591 2597/2597/2597 2620/2620/2620
f 794/794/794 745/745/745 759/759/759
f 2591/2591/2591 2588/2588/2588 2597/2597/2597
f 2589/2589/2589 2587/2587/2587 2588/2588/2588
f 4495/4495/4495 4497/4497/4497 4496/4496/4496
f 4888/4888/4888 4889/4889/4889 4890/4890/4890
f 4716/4716/4716 4718/4718/4718 4717/4717/4717
f 1934/1934/1934 1935/1935/1935 1924/1924/1924
f 4542/4542/4542 4540/4540/4540 4543/4543/4543
f 1922/1922/1922 1859/1859/1859 1860/1860/1860
f 4541/4541/4541 4558/4558/4558 4712/4712/4712
f 1834/1834/1834 1833/1833/1833 1859/1859/1859
f 1834/1834/1834 1825/1825/1825 1833/1833/1833
f 1825/1825/1825 1832/1832/1832 1833/1833/1833
f 4924/4924/4924 4926/4926/4926 4925/4925/4925
f 1781/1781/1781 1839/1839/1839 1832/1832/1832
f 1781/1781/1781 1832/1832/1832 1826/1826/1826
f 1778/1778/1778 1839/1839/1839 1781/1781/1781
f 4674/4674/4674 4676/4676/4676 4675/4675/4675
f 4674/4674/4674 4677/4677/4677 4676/4676/4676
f 2927/2927/2927 2926/2926/2926 2928/2928/2928
f 1778/1778/1778 1844/1844/1844 1839/1839/1839
f 1778/1778/1778 1775/1775/1775 1774/1774/1774
f 1774/1774/1774 1958/1958/1958 1844/1844/1844
f 1774/1774/1774 1844/1844/1844 1778/1778/1778
f 1773/1773/1773 1958/1958/1958 1774/1774/1774
f 2925/2925/2925 2926/2926/2926 2923/2923/2923
f 4697/4697/4697 4679/4679/4679 4678/4678/4678
f 1748/1748/1748 1771/1771/1771 1773/1773/1773
f 4711/4711/4711 4679/4679/4679 4697/4697/4697
f 1742/1742/1742 1749/1749/1749 1748/1748/1748
f 1748/1748/1748 1749/1749/1749 1771/1771/1771
f 1742/1742/1742 1736/1736/1736 1749/1749/1749
f 4696/4696/4696 4684/4684/4684 4688/4688/4688
f 1952/1952/1952 1798/1798/1798 1799/1799/1799
f 2066/2066/2066 2065/2065/2065 1962/1962/1962
f 2066/2066/2066 1962/1962/1962 2074/2074/2074
f 1962/1962/1962 2058/2058/2058 1977/1977/1977
f 1799/1799/1799 1962/1962/1962 1977/1977/1977
f 2566/2566/2566 2555/2555/2555 2565/2565/2565
f 1735/1735/1735 1732/1732/1732 1734/1734/1734
f 1759/1759/1759 1760/1760/1760 1755/1755/1755
f 1755/1755/1755 1760/1760/1760 1738/1738/1738
f 1738/1738/1738 1757/1757/1757 1732/1732/1732
f 1738/1738/1738 1732/1732/1732 1737/1737/1737
f 1737/1737/1737 1732/1732/1732 1735/1735/1735
f 3869/3869/3869 3867/3867/3867 3868/3868/3868
f 3869/3869/3869 3868/3868/3868 3855/3855/3855
f 3859/3859/3859 3856/3856/3856 3866/3866/3866
f 3858/3858/3858 3849/3849/3849 3857/3857/3857
f 3862/3862/3862 3843/3843/3843 3847/3847/3847
f 3904/3904/3904 3928/3928/3928 3913/3913/3913
f 3844/3844/3844 3872/3872/3872 3988/3988/3988
f 3968/3968/3968 3996/3996/3996 3980/3980/3980
f 1038/1038/1038 1024/1024/1024 1027/1027/1027
f 1008/1008/1008 1025/1025/1025 1027/1027/1027
f 1003/1003/1003 1025/1025/1025 989/989/989
f 981/981/981 991/991/991 1003/1003/1003
f 1047/1047/1047 1044/1044/1044 1051/1051/1051
f 728/728/728 730/730/730 723/723/723
f 730/730/730 724/724/724 723/723/723
f 4782/4782/4782 4471/4471/4471 4744/4744/4744
f 757/757/757 746/746/746 730/730/730
f 4456/4456/4456 4455/4455/4455 4454/4454/4454
f 2290/2290/2290 2288/2288/2288 2289/2289/2289
f 2590/2590/2590 2589/2589/2589 2588/2588/2588
f 2587/2587/2587 2589/2589/2589 2602/2602/2602
f 1703/1703/1703 1721/1721/1721 1729/1729/1729
f 4501/4501/4501 4495/4495/4495 4747/4747/4747
f 1703/1703/1703 1704/1704/1704 1721/1721/1721
f 4891/4891/4891 4889/4889/4889 4888/4888/4888
f 1943/1943/1943 1699/1699/1699 1942/1942/1942
f 4555/4555/4555 4717/4717/4717 4752/4752/4752
f 4551/4551/4551 4752/4752/4752 4556/4556/4556
f 1923/1923/1923 1937/1937/1937 1929/1929/1929
f 1903/1903/1903 1924/1924/1924 1923/1923/1923
f 4547/4547/4547 4548/4548/4548 4549/4549/4549
f 1903/1903/1903 1934/1934/1934 1924/1924/1924
f 4547/4547/4547 4543/4543/4543 4540/4540/4540
f 1903/1903/1903 1922/1922/1922 1934/1934/1934
f 4542/4542/4542 4541/4541/4541 4540/4540/4540
f 4712/4712/4712 4563/4563/4563 4541/4541/4541
f 4712/4712/4712 4808/4808/4808 4580/4580/4580
f 4578/4578/4578 4712/4712/4712 4580/4580/4580
f 4578/4578/4578 4580/4580/4580 4579/4579/4579
f 1825/1825/1825 1826/1826/1826 1832/1832/1832
f 4924/4924/4924 4927/4927/4927 4926/4926/4926
f 4580/4580/4580 4771/4771/4771 4582/4582/4582
f 4675/4675/4675 4676/4676/4676 4771/4771/4771
f 1781/1781/1781 1775/1775/1775 1778/1778/1778
f 4678/4678/4678 4676/4676/4676 4677/4677/4677
f 1750/1750/1750 1773/1773/1773 1774/1774/1774
f 4679/4679/4679 4676/4676/4676 4678/4678/4678
f 1750/1750/1750 1748/1748/1748 1773/1773/1773
f 1949/1949/1949 1952/1952/1952 1951/1951/1951
f 4679/4679/4679 4711/4711/4711 4683/4683/4683
f 4679/4679/4679 4683/4683/4683 4682/4682/4682
f 4682/4682/4682 4683/4683/4683 4684/4684/4684
f 1949/1949/1949 1798/1798/1798 1952/1952/1952
f 1734/1734/1734 1736/1736/1736 1742/1742/1742
f 1799/1799/1799 1798/1798/1798 1797/1797/1797
f 1797/1797/1797 1962/1962/1962 1799/1799/1799
f 1756/1756/1756 1759/1759/1759 1755/1755/1755
f 3868/3868/3868 3856/3856/3856 3855/3855/3855
f 3878/3878/3878 3867/3867/3867 3877/3877/3877
f 3849/3849/3849 3848/3848/3848 3857/3857/3857
f 3857/3857/3857 3848/3848/3848 3845/3845/3845
f 3899/3899/3899 3883/3883/3883 3884/3884/3884
f 3843/3843/3843 3872/3872/3872 3844/3844/3844
f 1032/1032/1032 1043/1043/1043 1045/1045/1045
f 1024/1024/1024 1008/1008/1008 1027/1027/1027
f 1044/1044/1044 1035/1035/1035 1046/1046/1046
f 1025/1025/1025 1008/1008/1008 989/989/989
f 981/981/981 986/986/986 991/991/991
f 4744/4744/4744 4468/4468/4468 4473/4473/4473
f 4468/4468/4468 4744/4744/4744 4460/4460/4460
f 731/731/731 730/730/730 728/728/728
f 758/758/758 759/759/759 757/757/757
f 4456/4456/4456 4457/4457/4457 4455/4455/4455
f 762/762/762 794/794/794 759/759/759
f 2591/2591/2591 2590/2590/2590 2588/2588/2588
f 2289/2289/2289 2288/2288/2288 2286/2286/2286
f 2602/2602/2602 2589/2589/2589 2605/2605/2605
f 4495/4495/4495 4498/4498/4498 4497/4497/4497
f 4501/4501/4501 4498/4498/4498 4495/4495/4495
f 1700/1700/1700 1699/1699/1699 1703/1703/1703
f 1699/1699/1699 1704/1704/1704 1703/1703/1703
f 4892/4892/4892 4889/4889/4889 4891/4891/4891
f 4716/4716/4716 4717/4717/4717 4555/4555/4555
f 4752/4752/4752 4551/4551/4551 4555/4555/4555
f 1929/1929/1929 1937/1937/1937 1943/1943/1943
f 4549/4549/4549 4551/4551/4551 4556/4556/4556
f 1905/1905/1905 1923/1923/1923 1929/1929/1929
f 4550/4550/4550 4549/4549/4549 4548/4548/4548
f 1902/1902/1902 1903/1903/1903 1923/1923/1923
f 4541/4541/4541 4539/4539/4539 4540/4540/4540
f 1904/1904/1904 1834/1834/1834 1859/1859/1859
f 1904/1904/1904 1859/1859/1859 1922/1922/1922
f 4931/4931/4931 4932/4932/4932 4933/4933/4933
f 1824/1824/1824 1823/1823/1823 1825/1825/1825
f 1824/1824/1824 1825/1825/1825 1834/1834/1834
f 4578/4578/4578 4579/4579/4579 4576/4576/4576
f 1822/1822/1822 1825/1825/1825 1823/1823/1823
f 1822/1822/1822 1826/1826/1826 1825/1825/1825
f 4579/4579/4579 4580/4580/4580 4582/4582/4582
f 1822/1822/1822 1827/1827/1827 1826/1826/1826
f 1827/1827/1827 1781/1781/1781 1826/1826/1826
f 4771/4771/4771 4676/4676/4676 4680/4680/4680
f 1766/1766/1766 1775/1775/1775 1781/1781/1781
f 1766/1766/1766 1774/1774/1774 1775/1775/1775
f 4679/4679/4679 4680/4680/4680 4676/4676/4676
f 4681/4681/4681 4680/4680/4680 4679/4679/4679
f 1766/1766/1766 1750/1750/1750 1774/1774/1774
f 1950/1950/1950 1949/1949/1949 1951/1951/1951
f 1750/1750/1750 1746/1746/1746 1748/1748/1748
f 4682/4682/4682 4681/4681/4681 4679/4679/4679
f 2527/2527/2527 2554/2554/2554 2528/2528/2528
f 1746/1746/1746 1742/1742/1742 1748/1748/1748
f 4682/4682/4682 4684/4684/4684 4685/4685/4685
f 2527/2527/2527 2555/2555/2555 2554/2554/2554
f 1740/1740/1740 1734/1734/1734 1742/1742/1742
f 1740/1740/1740 1735/1735/1735 1734/1734/1734
f 4696/4696/4696 4685/4685/4685 4684/4684/4684
f 4685/4685/4685 4696/4696/4696 4797/4797/4797
f 4685/4685/4685 4797/4797/4797 4798/4798/4798
f 1796/1796/1796 1962/1962/1962 1797/1797/1797
f 1797/1797/1797 1798/1798/1798 1794/1794/1794
f 1756/1756/1756 1755/1755/1755 1754/1754/1754
f 1754/1754/1754 1755/1755/1755 1739/1739/1739
f 1739/1739/1739 1755/1755/1755 1738/1738/1738
f 1739/1739/1739 1738/1738/1738 1737/1737/1737
f 3845/3845/3845 3856/3856/3856 3857/3857/3857
f 3869/3869/3869 3855/3855/3855 3867/3867/3867
f 3867/3867/3867 3855/3855/3855 3861/3861/3861
f 3861/3861/3861 3877/3877/3877 3867/3867/3867
f 3878/3878/3878 3877/3877/3877 3883/3883/3883
f 3847/3847/3847 3848/3848/3848 3849/3849/3849
f 3848/3848/3848 3838/3838/3838 3841/3841/3841
f 3908/3908/3908 3904/3904/3904 3884/3884/3884
f 3908/3908/3908 3928/3928/3928 3904/3904/3904
f 3843/3843/3843 3836/3836/3836 3847/3847/3847
f 3932/3932/3932 3969/3969/3969 3928/3928/3928
f 3969/3969/3969 3968/3968/3968 3928/3928/3928
f 3969/3969/3969 3996/3996/3996 3968/3968/3968
f 1035/1035/1035 1032/1032/1032 1045/1045/1045
f 1033/1033/1033 1035/1035/1035 1044/1044/1044
f 989/989/989 981/981/981 1003/1003/1003
f 1044/1044/1044 1034/1034/1034 1033/1033/1033
f 1034/1034/1034 1044/1044/1044 1047/1047/1047
f 4468/4468/4468 4472/4472/4472 4473/4473/4473
f 968/968/968 986/986/986 981/981/981
f 732/732/732 731/731/731 728/728/728
f 4471/4471/4471 4460/4460/4460 4744/4744/4744
f 758/758/758 757/757/757 730/730/730
f 758/758/758 730/730/730 731/731/731
f 4460/4460/4460 4471/4471/4471 4458/4458/4458
f 4458/4458/4458 4471/4471/4471 4455/4455/4455
f 762/762/762 759/759/759 758/758/758
f 4457/4457/4457 4458/4458/4458 4455/4455/4455
f 4456/4456/4456 4466/4466/4466 4457/4457/4457
f 766/766/766 794/794/794 762/762/762
f 766/766/766 797/797/797 794/794/794
f 2590/2590/2590 2591/2591/2591 2596/2596/2596
f 2589/2589/2589 2590/2590/2590 2605/2605/2605
f 1720/1720/1720 1729/1729/1729 1727/1727/1727
f 1720/1720/1720 1703/1703/1703 1729/1729/1729
f 1720/1720/1720 1700/1700/1700 1703/1703/1703
f 1928/1928/1928 1699/1699/1699 1702/1702/1702
f 1699/1699/1699 1928/1928/1928 1942/1942/1942
f 1928/1928/1928 1943/1943/1943 1942/1942/1942
f 1928/1928/1928 1905/1905/1905 1943/1943/1943
f 1905/1905/1905 1929/1929/1929 1943/1943/1943
f 4549/4549/4549 4550/4550/4550 4551/4551/4551
f 4540/4540/4540 4548/4548/4548 4547/4547/4547
f 1893/1893/1893 1922/1922/1922 1903/1903/1903
f 4578/4578/4578 4576/4576/4576 4577/4577/4577
f 1816/1816/1816 1823/1823/1823 1824/1824/1824
f 4579/4579/4579 4582/4582/4582 4581/4581/4581
f 4713/4713/4713 4581/4581/4581 4582/4582/4582
f 1769/1769/1769 1781/1781/1781 1827/1827/1827
f 4771/4771/4771 4713/4713/4713 4582/4582/4582
f 1769/1769/1769 1766/1766/1766 1781/1781/1781
f 4928/4928/4928 4929/4929/4929 4930/4930/4930
f 4680/4680/4680 4681/4681/4681 4713/4713/4713
f 1769/1769/1769 1746/1746/1746 1766/1766/1766
f 1949/1949/1949 1950/1950/1950 1786/1786/1786
f 1802/1802/1802 1786/1786/1786 1950/1950/1950
f 1746/1746/1746 1750/1750/1750 1766/1766/1766
f 1949/1949/1949 1786/1786/1786 1790/1790/1790
f 4681/4681/4681 4682/4682/4682 4686/4686/4686
f 4686/4686/4686 4682/4682/4682 4695/4695/4695
f 1950/1950/1950 1951/1951/1951 1762/1762/1762
f 1743/1743/1743 1742/1742/1742 1746/1746/1746
f 4685/4685/4685 4695/4695/4695 4682/4682/4682
f 1790/1790/1790 1798/1798/1798 1949/1949/1949
f 1740/1740/1740 1742/1742/1742 1743/1743/1743
f 4695/4695/4695 4685/4685/4685 4774/4774/4774
f 1791/1791/1791 1797/1797/1797 1794/1794/1794
f 1790/1790/1790 1794/1794/1794 1798/1798/1798
f 1756/1756/1756 1754/1754/1754 1762/1762/1762
f 1741/1741/1741 1735/1735/1735 1740/1740/1740
f 4774/4774/4774 4685/4685/4685 4798/4798/4798
f 1791/1791/1791 1796/1796/1796 1797/1797/1797
f 1744/1744/1744 1754/1754/1754 1739/1739/1739
f 1741/1741/1741 1739/1739/1739 1737/1737/1737
f 1741/1741/1741 1737/1737/1737 1735/1735/1735
f 3845/3845/3845 3846/3846/3846 3856/3856/3856
f 3846/3846/3846 3855/3855/3855 3856/3856/3856
f 3877/3877/3877 3879/3879/3879 3883/3883/3883
f 3883/3883/3883 3879/3879/3879 3884/3884/3884
f 3836/3836/3836 3835/3835/3835 3847/3847/3847
f 3847/3847/3847 3835/3835/3835 3848/3848/3848
f 3835/3835/3835 3838/3838/3838 3848/3848/3848
f 3879/3879/3879 3908/3908/3908 3884/3884/3884
f 3930/3930/3930 3932/3932/3932 3928/3928/3928
f 1030/1030/1030 1017/1017/1017 1031/1031/1031
f 1043/1043/1043 1032/1032/1032 1037/1037/1037
f 1037/1037/1037 1032/1032/1032 1023/1023/1023
f 1031/1031/1031 1017/1017/1017 1024/1024/1024
f 1017/1017/1017 1004/1004/1004 1024/1024/1024
f 1004/1004/1004 1008/1008/1008 1024/1024/1024
f 967/967/967 981/981/981 989/989/989
f 763/763/763 758/758/758 731/731/731
f 763/763/763 762/762/762 758/758/758
f 766/766/766 762/762/762 763/763/763
f 763/763/763 797/797/797 766/766/766
f 2288/2288/2288 2282/2282/2282 2286/2286/2286
f 2282/2282/2282 2284/2284/2284 2286/2286/2286
f 2282/2282/2282 2283/2283/2283 2284/2284/2284
f 866/866/866 868/868/868 870/870/870
f 4498/4498/4498 4499/4499/4499 4497/4497/4497
f 4499/4499/4499 4500/4500/4500 4497/4497/4497
f 4501/4501/4501 4499/4499/4499 4498/4498/4498
f 1699/1699/1699 1700/1700/1700 1701/1701/1701
f 1702/1702/1702 1699/1699/1699 1701/1701/1701
f 4716/4716/4716 4715/4715/4715 4783/4783/4783
f 4555/4555/4555 4715/4715/4715 4716/4716/4716
f 4555/4555/4555 4552/4552/4552 4554/4554/4554
f 4551/4551/4551 4552/4552/4552 4555/4555/4555
f 1902/1902/1902 1923/1923/1923 1905/1905/1905
f 4559/4559/4559 4550/4550/4550 4548/4548/4548
f 1902/1902/1902 1894/1894/1894 1903/1903/1903
f 4559/4559/4559 4548/4548/4548 4540/4540/4540
f 1894/1894/1894 1893/1893/1893 1903/1903/1903
f 4559/4559/4559 4540/4540/4540 4537/4537/4537
f 4539/4539/4539 4537/4537/4537 4540/4540/4540
f 1898/1898/1898 1904/1904/1904 1922/1922/1922
f 1898/1898/1898 1922/1922/1922 1893/1893/1893
f 4539/4539/4539 4541/4541/4541 4563/4563/4563
f 1904/1904/1904 1824/1824/1824 1834/1834/1834
f 4934/4934/4934 4933/4933/4933 4932/4932/4932
f 4672/4672/4672 4578/4578/4578 4577/4577/4577
f 4575/4575/4575 4672/4672/4672 4577/4577/4577
f 1829/1829/1829 1816/1816/1816 1824/1824/1824
f 4575/4575/4575 4577/4577/4577 4576/4576/4576
f 4576/4576/4576 4572/4572/4572 4575/4575/4575
f 1816/1816/1816 1815/1815/1815 1823/1823/1823
f 1815/1815/1815 1822/1822/1822 1823/1823/1823
f 4576/4576/4576 4586/4586/4586 4572/4572/4572
f 4576/4576/4576 4581/4581/4581 4586/4586/4586
f 1818/1818/1818 1822/1822/1822 1815/1815/1815
f 4579/4579/4579 4581/4581/4581 4576/4576/4576
f 1818/1818/1818 1827/1827/1827 1822/1822/1822
f 4586/4586/4586 4581/4581/4581 4814/4814/4814
f 1818/1818/1818 1780/1780/1780 1827/1827/1827
f 1780/1780/1780 1769/1769/1769 1827/1827/1827
f 4938/4938/4938 4939/4939/4939 4940/4940/4940
f 1780/1780/1780 1763/1763/1763 1769/1769/1769
f 4713/4713/4713 4693/4693/4693 4814/4814/4814
f 4693/4693/4693 4713/4713/4713 4681/4681/4681
f 1763/1763/1763 1746/1746/1746 1769/1769/1769
f 4693/4693/4693 4681/4681/4681 4686/4686/4686
f 1950/1950/1950 1762/1762/1762 1802/1802/1802
f 1745/1745/1745 1746/1746/1746 1763/1763/1763
f 1745/1745/1745 1743/1743/1743 1746/1746/1746
f 1745/1745/1745 1740/1740/1740 1743/1743/1743
f 1791/1791/1791 1794/1794/1794 1790/1790/1790
f 1745/1745/1745 1741/1741/1741 1740/1740/1740
f 1795/1795/1795 1796/1796/1796 1791/1791/1791
f 1744/1744/1744 1739/1739/1739 1741/1741/1741
f 3848/3848/3848 3841/3841/3841 3845/3845/3845
f 3861/3861/3861 3879/3879/3879 3877/3877/3877
f 3879/3879/3879 3930/3930/3930 3908/3908/3908
f 3908/3908/3908 3930/3930/3930 3928/3928/3928
f 3843/3843/3843 3844/3844/3844 3834/3834/3834
f 1022/1022/1022 1017/1017/1017 1030/1030/1030
f 1037/1037/1037 1023/1023/1023 1015/1015/1015
f 1014/1014/1014 1023/1023/1023 1032/1032/1032
f 984/984/984 1008/1008/1008 1004/1004/1004
f 1032/1032/1032 1035/1035/1035 1033/1033/1033
f 1013/1013/1013 1032/1032/1032 1033/1033/1033
f 984/984/984 989/989/989 1008/1008/1008
f 984/984/984 967/967/967 989/989/989
f 1013/1013/1013 1033/1033/1033 1034/1034/1034
f 4470/4470/4470 4472/4472/4472 4468/4468/4468
f 967/967/967 968/968/968 981/981/981
f 4468/4468/4468 4460/4460/4460 4467/4467/4467
f 4467/4467/4467 4460/4460/4460 4461/4461/4461
f 4460/4460/4460 4459/4459/4459 4461/4461/4461
f 4458/4458/4458 4459/4459/4459 4460/4460/4460
f 764/764/764 763/763/763 731/731/731
f 4457/4457/4457 4459/4459/4459 4458/4458/4458
f 4462/4462/4462 4459/4459/4459 4457/4457/4457
f 4463/4463/4463 4462/4462/4462 4457/4457/4457
f 4466/4466/4466 4463/4463/4463 4457/4457/4457
f 4463/4463/4463 4466/4466/4466 4671/4671/4671
f 870/870/870 988/988/988 946/946/946
f 2283/2283/2283 2285/2285/2285 2284/2284/2284
f 867/867/867 868/868/868 866/866/866
f 867/867/867 885/885/885 868/868/868
f 1727/1727/1727 1700/1700/1700 1720/1720/1720
f 4783/4783/4783 4499/4499/4499 4501/4501/4501
f 4503/4503/4503 4499/4499/4499 4783/4783/4783
f 4893/4893/4893 4894/4894/4894 4895/4895/4895
f 4895/4895/4895 4896/4896/4896 4893/4893/4893
f 4554/4554/4554 4715/4715/4715 4555/4555/4555
f 1927/1927/1927 1928/1928/1928 1702/1702/1702
f 1927/1927/1927 1905/1905/1905 1928/1928/1928
f 1927/1927/1927 1895/1895/1895 1905/1905/1905
f 4552/4552/4552 4551/4551/4551 4550/4550/4550
f 4553/4553/4553 4552/4552/4552 4550/4550/4550
f 1902/1902/1902 1905/1905/1905 1895/1895/1895
f 1895/1895/1895 1894/1894/1894 1902/1902/1902
f 1899/1899/1899 1829/1829/1829 1824/1824/1824
f 1814/1814/1814 1816/1816/1816 1829/1829/1829
f 1814/1814/1814 1815/1815/1815 1816/1816/1816
f 4572/4572/4572 4586/4586/4586 4573/4573/4573
f 1813/1813/1813 1818/1818/1818 1815/1815/1815
f 1780/1780/1780 1818/1818/1818 1813/1813/1813
f 1780/1780/1780 1767/1767/1767 1763/1763/1763
f 4814/4814/4814 4693/4693/4693 4694/4694/4694
f 1782/1782/1782 1785/1785/1785 1786/1786/1786
f 1787/1787/1787 1786/1786/1786 1785/1785/1785
f 1802/1802/1802 1782/1782/1782 1786/1786/1786
f 4693/4693/4693 4686/4686/4686 4694/4694/4694
f 1790/1790/1790 1786/1786/1786 1787/1787/1787
f 1767/1767/1767 1751/1751/1751 1745/1745/1745
f 1767/1767/1767 1745/1745/1745 1763/1763/1763
f 4694/4694/4694 4686/4686/4686 4695/4695/4695
f 4694/4694/4694 4695/4695/4695 4759/4759/4759
f 1761/1761/1761 1802/1802/1802 1762/1762/1762
f 1787/1787/1787 1789/1789/1789 1790/1790/1790
f 1754/1754/1754 1761/1761/1761 1762/1762/1762
f 1761/1761/1761 1754/1754/1754 1752/1752/1752
f 1747/1747/1747 1745/1745/1745 1751/1751/1751
f 4695/4695/4695 4774/4774/4774 4759/4759/4759
f 1793/1793/1793 1795/1795/1795 1791/1791/1791
f 1789/1789/1789 1791/1791/1791 1790/1790/1790
f 1752/1752/1752 1754/1754/1754 1744/1744/1744
f 1747/1747/1747 1744/1744/1744 1741/1741/1741
f 1752/1752/1752 1744/1744/1744 1747/1747/1747
f 1747/1747/1747 1741/1741/1741 1745/1745/1745
f 3860/3860/3860 3879/3879/3879 3861/3861/3861
f 3860/3860/3860 3888/3888/3888 3879/3879/3879
f 3836/3836/3836 3843/3843/3843 3834/3834/3834
f 3930/3930/3930 3987/3987/3987 3932/3932/3932
f 1037/1037/1037 1015/1015/1015 1028/1028/1028
f 1017/1017/1017 992/992/992 1004/1004/1004
f 1013/1013/1013 1014/1014/1014 1032/1032/1032
f 4468/4468/4468 4469/4469/4469 4470/4470/4470
f 4469/4469/4469 4468/4468/4468 4467/4467/4467
f 949/949/949 968/968/968 967/967/967
f 789/789/789 764/764/764 732/732/732
f 764/764/764 731/731/731 732/732/732
f 767/767/767 763/763/763 764/764/764
f 768/768/768 763/763/763 767/767/767
f 865/865/865 870/870/870 946/946/946
f 4489/4489/4489 4463/4463/4463 4671/4671/4671
f 865/865/865 866/866/866 870/870/870
f 864/864/864 867/867/867 866/866/866
f 867/867/867 889/889/889 885/885/885
f 1726/1726/1726 1700/1700/1700 1727/1727/1727
f 4499/4499/4499 4502/4502/4502 4500/4500/4500
f 4502/4502/4502 4499/4499/4499 4503/4503/4503
f 1701/1701/1701 1700/1700/1700 1726/1726/1726
f 4503/4503/4503 4783/4783/4783 4507/4507/4507
f 1701/1701/1701 1710/1710/1710 1702/1702/1702
f 4893/4893/4893 4896/4896/4896 4897/4897/4897
f 1920/1920/1920 1702/1702/1702 1710/1710/1710
f 1702/1702/1702 1920/1920/1920 1927/1927/1927
f 4553/4553/4553 4554/4554/4554 4552/4552/4552
f 4550/4550/4550 4753/4753/4753 4553/4553/4553
f 4559/4559/4559 4753/4753/4753 4550/4550/4550
f 4753/4753/4753 4559/4559/4559 4535/4535/4535
f 4537/4537/4537 4535/4535/4535 4559/4559/4559
f 1882/1882/1882 1898/1898/1898 1893/1893/1893
f 4538/4538/4538 4537/4537/4537 4539/4539/4539
f 1899/1899/1899 1904/1904/1904 1898/1898/1898
f 4538/4538/4538 4539/4539/4539 4563/4563/4563
f 1899/1899/1899 1824/1824/1824 1904/1904/1904
f 4563/4563/4563 4672/4672/4672 4531/4531/4531
f 4672/4672/4672 4575/4575/4575 4780/4780/4780
f 1829/1829/1829 1828/1828/1828 1814/1814/1814
f 4780/4780/4780 4575/4575/4575 4571/4571/4571
f 4572/4572/4572 4571/4571/4571 4575/4575/4575
f 4571/4571/4571 4572/4572/4572 4570/4570/4570
f 1812/1812/1812 1811/1811/1811 1813/1813/1813
f 1812/1812/1812 1813/1813/1813 1815/1815/1815
f 1812/1812/1812 1815/1815/1815 1814/1814/1814
f 4570/4570/4570 4572/4572/4572 4573/4573/4573
f 1817/1817/1817 1811/1811/1811 1807/1807/1807
f 1817/1817/1817 1813/1813/1813 1811/1811/1811
f 4947/4947/4947 4946/4946/4946 4952/4952/4952
f 4945/4945/4945 4946/4946/4946 4947/4947/4947
f 1817/1817/1817 1780/1780/1780 1813/1813/1813
f 4948/4948/4948 4946/4946/4946 4945/4945/4945
f 1777/1777/1777 1780/1780/1780 1817/1817/1817
f 1783/1783/1783 1785/1785/1785 1782/1782/1782
f 4948/4948/4948 4949/4949/4949 4946/4946/4946
f 4946/4946/4946 4949/4949/4949 4950/4950/4950
f 1767/1767/1767 1780/1780/1780 1777/1777/1777
f 1787/1787/1787 1785/1785/1785 1783/1783/1783
f 4950/4950/4950 4949/4949/4949 4951/4951/4951
f 4950/4950/4950 4951/4951/4951 4953/4953/4953
f 1782/1782/1782 1802/1802/1802 1761/1761/1761
f 1782/1782/1782 1761/1761/1761 1768/1768/1768
f 1770/1770/1770 1768/1768/1768 1747/1747/1747
f 1770/1770/1770 1747/1747/1747 1764/1764/1764
f 1767/1767/1767 1764/1764/1764 1751/1751/1751
f 1777/1777/1777 1764/1764/1764 1767/1767/1767
f 1788/1788/1788 1789/1789/1789 1787/1787/1787
f 1764/1764/1764 1747/1747/1747 1751/1751/1751
f 1788/1788/1788 1792/1792/1792 1789/1789/1789
f 1761/1761/1761 1752/1752/1752 1768/1768/1768
f 1747/1747/1747 1768/1768/1768 1752/1752/1752
f 1792/1792/1792 1793/1793/1793 1791/1791/1791
f 1792/1792/1792 1791/1791/1791 1789/1789/1789
f 3850/3850/3850 3855/3855/3855 3846/3846/3846
f 3850/3850/3850 3861/3861/3861 3855/3855/3855
f 3837/3837/3837 3845/3845/3845 3841/3841/3841
f 3861/3861/3861 3850/3850/3850 3860/3860/3860
f 3931/3931/3931 3879/3879/3879 3888/3888/3888
f 3879/3879/3879 3931/3931/3931 3930/3930/3930
f 3835/3835/3835 3836/3836/3836 3831/3831/3831
f 3835/3835/3835 3829/3829/3829 3838/3838/3838
f 3831/3831/3831 3836/3836/3836 3834/3834/3834
f 3835/3835/3835 3831/3831/3831 3829/3829/3829
f 1022/1022/1022 1002/1002/1002 1017/1017/1017
f 1017/1017/1017 1002/1002/1002 992/992/992
f 982/982/982 1004/1004/1004 992/992/992
f 982/982/982 984/984/984 1004/1004/1004
f 1014/1014/1014 1013/1013/1013 996/996/996
f 982/982/982 966/966/966 984/984/984
f 966/966/966 967/967/967 984/984/984
f 996/996/996 1013/1013/1013 997/997/997
f 949/949/949 967/967/967 966/966/966
f 4474/4474/4474 4467/4467/4467 4461/4461/4461
f 4474/4474/4474 4461/4461/4461 4459/4459/4459
f 4462/4462/4462 4463/4463/4463 4465/4465/4465
f 945/945/945 946/946/946 944/944/944
f 4488/4488/4488 4465/4465/4465 4463/4463/4463
f 946/946/946 945/945/945 865/865/865
f 4488/4488/4488 4463/4463/4463 4489/4489/4489
f 2283/2283/2283 2287/2287/2287 2285/2285/2285
f 2285/2285/2285 2287/2287/2287 2299/2299/2299
f 865/865/865 864/864/864 866/866/866
f 867/867/867 864/864/864 869/869/869
f 869/869/869 889/889/889 867/867/867
f 1711/1711/1711 1701/1701/1701 2070/2070/2070
f 2070/2070/2070 1701/1701/1701 1726/1726/1726
f 4505/4505/4505 4503/4503/4503 4507/4507/4507
f 1710/1710/1710 1701/1701/1701 1711/1711/1711
f 4637/4637/4637 4508/4508/4508 4507/4507/4507
f 1919/1919/1919 1920/1920/1920 1712/1712/1712
f 1712/1712/1712 1920/1920/1920 1710/1710/1710
f 4637/4637/4637 4554/4554/4554 4553/4553/4553
f 4902/4902/4902 4903/4903/4903 4904/4904/4904
f 1884/1884/1884 1893/1893/1893 1894/1894/1894
f 1884/1884/1884 1882/1882/1882 1893/1893/1893
f 4537/4537/4537 4538/4538/4538 4531/4531/4531
f 1882/1882/1882 1881/1881/1881 1898/1898/1898
f 1881/1881/1881 1899/1899/1899 1898/1898/1898
f 4563/4563/4563 4531/4531/4531 4538/4538/4538
f 1889/1889/1889 1829/1829/1829 1899/1899/1899
f 4531/4531/4531 4672/4672/4672 4560/4560/4560
f 4569/4569/4569 4780/4780/4780 4571/4571/4571
f 1810/1810/1810 1814/1814/1814 1819/1819/1819
f 1819/1819/1819 1814/1814/1814 1828/1828/1828
f 4569/4569/4569 4571/4571/4571 4570/4570/4570
f 4569/4569/4569 4570/4570/4570 4568/4568/4568
f 4568/4568/4568 4570/4570/4570 4574/4574/4574
f 1810/1810/1810 1812/1812/1812 1814/1814/1814
f 1810/1810/1810 1807/1807/1807 1811/1811/1811
f 1810/1810/1810 1811/1811/1811 1812/1812/1812
f 4573/4573/4573 4574/4574/4574 4570/4570/4570
f 4574/4574/4574 4573/4573/4573 4745/4745/4745
f 4574/4574/4574 4745/4745/4745 4746/4746/4746
f 1804/1804/1804 1808/1808/1808 1807/1807/1807
f 1830/1830/1830 1801/1801/1801 1803/1803/1803
f 1803/1803/1803 1801/1801/1801 1784/1784/1784
f 1804/1804/1804 1779/1779/1779 1808/1808/1808
f 1808/1808/1808 1817/1817/1817 1807/1807/1807
f 1803/1803/1803 1779/1779/1779 1804/1804/1804
f 1803/1803/1803 1784/1784/1784 1779/1779/1779
f 1777/1777/1777 1817/1817/1817 1808/1808/1808
f 1830/1830/1830 1800/1800/1800 1801/1801/1801
f 1784/1784/1784 1783/1783/1783 1779/1779/1779
f 1779/1779/1779 1783/1783/1783 1782/1782/1782
f 1768/1768/1768 1779/1779/1779 1782/1782/1782
f 4950/4950/4950 4952/4952/4952 4946/4946/4946
f 1770/1770/1770 1777/1777/1777 1808/1808/1808
f 1784/1784/1784 1801/1801/1801 1788/1788/1788
f 1784/1784/1784 1788/1788/1788 1787/1787/1787
f 1784/1784/1784 1787/1787/1787 1783/1783/1783
f 1779/1779/1779 1770/1770/1770 1808/1808/1808
f 1770/1770/1770 1764/1764/1764 1777/1777/1777
f 1800/1800/1800 1788/1788/1788 1801/1801/1801
f 1768/1768/1768 1770/1770/1770 1779/1779/1779
f 1800/1800/1800 1792/1792/1792 1788/1788/1788
f 3842/3842/3842 3846/3846/3846 3845/3845/3845
f 3846/3846/3846 3842/3842/3842 3850/3850/3850
f 3828/3828/3828 3841/3841/3841 3838/3838/3838
f 3845/3845/3845 3837/3837/3837 3842/3842/3842
f 3850/3850/3850 3854/3854/3854 3860/3860/3860
f 3860/3860/3860 3854/3854/3854 3888/3888/3888
f 3829/3829/3829 3828/3828/3828 3838/3838/3838
f 1021/1021/1021 1001/1001/1001 1026/1026/1026
f 1001/1001/1001 1022/1022/1022 1026/1026/1026
f 1001/1001/1001 1002/1002/1002 1022/1022/1022
f 1015/1015/1015 1023/1023/1023 1006/1006/1006
f 996/996/996 1006/1006/1006 1014/1014/1014
f 1014/1014/1014 1006/1006/1006 1023/1023/1023
f 4467/4467/4467 4474/4474/4474 4469/4469/4469
f 942/942/942 947/947/947 949/949/949
f 4464/4464/4464 4474/4474/4474 4459/4459/4459
f 4462/4462/4462 4464/4464/4464 4459/4459/4459
f 4465/4465/4465 4464/4464/4464 4462/4462/4462
f 942/942/942 944/944/944 947/947/947
f 874/874/874 865/865/865 945/945/945
f 874/874/874 862/862/862 865/865/865
f 862/862/862 864/864/864 865/865/865
f 864/864/864 871/871/871 869/869/869
f 4503/4503/4503 4504/4504/4504 4502/4502/4502
f 4504/4504/4504 4503/4503/4503 4505/4505/4505
f 4507/4507/4507 4508/4508/4508 4505/4505/4505
f 1711/1711/1711 1712/1712/1712 1710/1710/1710
f 4508/4508/4508 4637/4637/4637 4510/4510/4510
f 1926/1926/1926 1920/1920/1920 1919/1919/1919
f 1926/1926/1926 1927/1927/1927 1920/1920/1920
f 4902/4902/4902 4906/4906/4906 4903/4903/4903
f 1885/1885/1885 1927/1927/1927 1926/1926/1926
f 1885/1885/1885 1895/1895/1895 1927/1927/1927
f 4902/4902/4902 4904/4904/4904 4905/4905/4905
f 1885/1885/1885 1884/1884/1884 1894/1894/1894
f 1885/1885/1885 1894/1894/1894 1895/1895/1895
f 4535/4535/4535 4536/4536/4536 4753/4753/4753
f 4537/4537/4537 4531/4531/4531 4535/4535/4535
f 4560/4560/4560 4532/4532/4532 4531/4531/4531
f 1889/1889/1889 1899/1899/1899 1881/1881/1881
f 4560/4560/4560 4672/4672/4672 4780/4780/4780
f 4780/4780/4780 4534/4534/4534 4560/4560/4560
f 1828/1828/1828 1829/1829/1829 1889/1889/1889
f 4569/4569/4569 4564/4564/4564 4780/4780/4780
f 1809/1809/1809 1810/1810/1810 1819/1819/1819
f 4568/4568/4568 4574/4574/4574 4773/4773/4773
f 4773/4773/4773 4574/4574/4574 4746/4746/4746
f 1805/1805/1805 1803/1803/1803 1804/1804/1804
f 1805/1805/1805 1804/1804/1804 1806/1806/1806
f 1806/1806/1806 1804/1804/1804 1807/1807/1807
f 1806/1806/1806 1807/1807/1807 1809/1809/1809
f 1809/1809/1809 1807/1807/1807 1810/1810/1810
f 3837/3837/3837 3841/3841/3841 3828/3828/3828
f 3851/3851/3851 3854/3854/3854 3850/3850/3850
f 3834/3834/3834 3832/3832/3832 3831/3831/3831
f 3831/3831/3831 3830/3830/3830 3829/3829/3829
f 1009/1009/1009 1028/1028/1028 1015/1015/1015
f 1015/1015/1015 1006/1006/1006 995/995/995
f 992/992/992 972/972/972 982/982/982
f 972/972/972 966/966/966 982/982/982
f 972/972/972 962/962/962 966/966/966
f 962/962/962 952/952/952 966/966/966
f 977/977/977 996/996/996 997/997/997
f 952/952/952 949/949/949 966/966/966
f 941/941/941 942/942/942 949/949/949
f 941/941/941 949/949/949 952/952/952
f 914/914/914 942/942/942 941/941/941
f 914/914/914 917/917/917 942/942/942
f 942/942/942 917/917/917 944/944/944
f 917/917/917 945/945/945 944/944/944
f 917/917/917 874/874/874 945/945/945
f 4490/4490/4490 4465/4465/4465 4488/4488/4488
f 917/917/917 875/875/875 874/874/874
f 874/874/874 875/875/875 862/862/862
f 2287/2287/2287 2300/2300/2300 2299/2299/2299
f 2300/2300/2300 2301/2301/2301 2299/2299/2299
f 2069/2069/2069 1711/1711/1711 2070/2070/2070
f 4505/4505/4505 4506/4506/4506 4504/4504/4504
f 1713/1713/1713 1711/1711/1711 2069/2069/2069
f 1712/1712/1712 1711/1711/1711 1713/1713/1713
f 1715/1715/1715 1919/1919/1919 1712/1712/1712
f 4518/4518/4518 4510/4510/4510 4637/4637/4637
f 1918/1918/1918 1926/1926/1926 1919/1919/1919
f 4907/4907/4907 4902/4902/4902 4905/4905/4905
f 1885/1885/1885 1879/1879/1879 1884/1884/1884
f 1877/1877/1877 1879/1879/1879 1885/1885/1885
f 4529/4529/4529 4536/4536/4536 4535/4535/4535
f 1879/1879/1879 1882/1882/1882 1884/1884/1884
f 4531/4531/4531 4529/4529/4529 4535/4535/4535
f 4530/4530/4530 4529/4529/4529 4531/4531/4531
f 4530/4530/4530 4531/4531/4531 4532/4532/4532
f 1879/1879/1879 1881/1881/1881 1882/1882/1882
f 1819/1819/1819 1828/1828/1828 1864/1864/1864
f 1864/1864/1864 1828/1828/1828 1889/1889/1889
f 1820/1820/1820 1805/1805/1805 1806/1806/1806
f 1820/1820/1820 1806/1806/1806 1809/1809/1809
f 3842/3842/3842 3851/3851/3851 3850/3850/3850
f 3837/3837/3837 3828/3828/3828 3827/3827/3827
f 3888/3888/3888 3854/3854/3854 3993/3993/3993
f 3827/3827/3827 3829/3829/3829 3830/3830/3830
f 3827/3827/3827 3828/3828/3828 3829/3829/3829
f 3888/3888/3888 3993/3993/3993 3931/3931/3931
f 1021/1021/1021 1012/1012/1012 1005/1005/1005
f 1005/1005/1005 1001/1001/1001 1021/1021/1021
f 3832/3832/3832 3830/3830/3830 3831/3831/3831
f 1001/1001/1001 973/973/973 1002/1002/1002
f 973/973/973 992/992/992 1002/1002/1002
f 1015/1015/1015 995/995/995 1009/1009/1009
f 972/972/972 992/992/992 973/973/973
f 996/996/996 978/978/978 1006/1006/1006
f 995/995/995 1006/1006/1006 978/978/978
f 977/977/977 978/978/978 996/996/996
f 4779/4779/4779 4805/4805/4805 4469/4469/4469
f 4474/4474/4474 4779/4779/4779 4469/4469/4469
f 4779/4779/4779 4474/4474/4474 4770/4770/4770
f 941/941/941 952/952/952 939/939/939
f 4474/4474/4474 4464/4464/4464 4770/4770/4770
f 4465/4465/4465 4491/4491/4491 4464/4464/4464
f 4491/4491/4491 4465/4465/4465 4490/4490/4490
f 915/915/915 875/875/875 917/917/917
f 2300/2300/2300 2302/2302/2302 2301/2301/2301
f 843/843/843 842/842/842 840/840/840
f 862/862/862 861/861/861 863/863/863
f 863/863/863 864/864/864 862/862/862
f 871/871/871 864/864/864 872/872/872
f 1713/1713/1713 2069/2069/2069 2068/2068/2068
f 1712/1712/1712 1713/1713/1713 1714/1714/1714
f 4505/4505/4505 4508/4508/4508 4509/4509/4509
f 1714/1714/1714 1715/1715/1715 1712/1712/1712
f 4510/4510/4510 4517/4517/4517 4514/4514/4514
f 1918/1918/1918 1919/1919/1919 1715/1715/1715
f 4510/4510/4510 4518/4518/4518 4517/4517/4517
f 4518/4518/4518 4633/4633/4633 4517/4517/4517
f 1885/1885/1885 1926/1926/1926 1918/1918/1918
f 4633/4633/4633 4536/4536/4536 4529/4529/4529
f 1877/1877/1877 1878/1878/1878 1879/1879/1879
f 1871/1871/1871 1881/1881/1881 1878/1878/1878
f 1878/1878/1878 1881/1881/1881 1879/1879/1879
f 4530/4530/4530 4532/4532/4532 4560/4560/4560
f 1881/1881/1881 1866/1866/1866 1889/1889/1889
f 4530/4530/4530 4560/4560/4560 4534/4534/4534
f 1864/1864/1864 1889/1889/1889 1866/1866/1866
f 4562/4562/4562 4534/4534/4534 4780/4780/4780
f 4564/4564/4564 4562/4562/4562 4780/4780/4780
f 4569/4569/4569 4568/4568/4568 4564/4564/4564
f 1896/1896/1896 1809/1809/1809 1819/1819/1819
f 4568/4568/4568 4773/4773/4773 4566/4566/4566
f 1862/1862/1862 1805/1805/1805 1821/1821/1821
f 3840/3840/3840 3842/3842/3842 3837/3837/3837
f 3852/3852/3852 3851/3851/3851 3842/3842/3842
f 3842/3842/3842 3853/3853/3853 3852/3852/3852
f 3833/3833/3833 3827/3827/3827 3830/3830/3830
f 1005/1005/1005 979/979/979 1001/1001/1001
f 979/979/979 973/973/973 1001/1001/1001
f 995/995/995 978/978/978 987/987/987
f 953/953/953 972/972/972 973/973/973
f 953/953/953 962/962/962 972/972/972
f 953/953/953 952/952/952 962/962/962
f 953/953/953 939/939/939 952/952/952
f 4779/4779/4779 4770/4770/4770 4699/4699/4699
f 939/939/939 914/914/914 941/941/941
f 4464/4464/4464 4699/4699/4699 4770/4770/4770
f 4699/4699/4699 4464/4464/4464 4698/4698/4698
f 914/914/914 915/915/915 917/917/917
f 912/912/912 915/915/915 914/914/914
f 912/912/912 876/876/876 915/915/915
f 876/876/876 875/875/875 915/915/915
f 4760/4760/4760 4491/4491/4491 4490/4490/4490
f 4760/4760/4760 4490/4490/4490 4765/4765/4765
f 876/876/876 860/860/860 875/875/875
f 860/860/860 862/862/862 875/875/875
f 842/842/842 841/841/841 840/840/840
f 860/860/860 861/861/861 862/862/862
f 863/863/863 872/872/872 864/864/864
f 2067/2067/2067 1714/1714/1714 2068/2068/2068
f 4505/4505/4505 4639/4639/4639 4506/4506/4506
f 1714/1714/1714 1713/1713/1713 2068/2068/2068
f 4639/4639/4639 4505/4505/4505 4509/4509/4509
f 4509/4509/4509 4508/4508/4508 4510/4510/4510
f 4509/4509/4509 4510/4510/4510 4511/4511/4511
f 4511/4511/4511 4510/4510/4510 4514/4514/4514
f 1717/1717/1717 1918/1918/1918 1715/1715/1715
f 1717/1717/1717 1916/1916/1916 1918/1918/1918
f 4633/4633/4633 4520/4520/4520 4517/4517/4517
f 1916/1916/1916 1887/1887/1887 1885/1885/1885
f 1916/1916/1916 1885/1885/1885 1918/1918/1918
f 1887/1887/1887 1877/1877/1877 1885/1885/1885
f 4529/4529/4529 4526/4526/4526 4633/4633/4633
f 1871/1871/1871 1878/1878/1878 1877/1877/1877
f 1871/1871/1871 1866/1866/1866 1881/1881/1881
f 4530/4530/4530 4534/4534/4534 4533/4533/4533
f 4533/4533/4533 4534/4534/4534 4562/4562/4562
f 4533/4533/4533 4562/4562/4562 4564/4564/4564
f 1865/1865/1865 1896/1896/1896 1819/1819/1819
f 1865/1865/1865 1819/1819/1819 1864/1864/1864
f 4564/4564/4564 4568/4568/4568 4566/4566/4566
f 1821/1821/1821 1805/1805/1805 1820/1820/1820
f 1897/1897/1897 1820/1820/1820 1809/1809/1809
f 1897/1897/1897 1809/1809/1809 1896/1896/1896
f 3853/3853/3853 3842/3842/3842 3840/3840/3840
f 999/999/999 1016/1016/1016 1018/1018/1018
f 993/993/993 1012/1012/1012 1016/1016/1016
f 3839/3839/3839 3837/3837/3837 3827/3827/3827
f 3839/3839/3839 3840/3840/3840 3837/3837/3837
f 1011/1011/1011 999/999/999 1018/1018/1018
f 1016/1016/1016 999/999/999 993/993/993
f 1012/1012/1012 993/993/993 1005/1005/1005
f 3832/3832/3832 3833/3833/3833 3830/3830/3830
f 998/998/998 985/985/985 1010/1010/1010
f 1005/1005/1005 983/983/983 979/979/979
f 995/995/995 987/987/987 1009/1009/1009
f 987/987/987 998/998/998 1009/1009/1009
f 964/964/964 973/973/973 979/979/979
f 974/974/974 987/987/987 978/978/978
f 973/973/973 964/964/964 953/953/953
f 977/977/977 974/974/974 978/978/978
f 948/948/948 953/953/953 964/964/964
f 4708/4708/4708 4805/4805/4805 4779/4779/4779
f 948/948/948 939/939/939 953/953/953
f 948/948/948 920/920/920 939/939/939
f 4708/4708/4708 4779/4779/4779 4699/4699/4699
f 920/920/920 913/913/913 939/939/939
f 913/913/913 914/914/914 939/939/939
f 4698/4698/4698 4464/4464/4464 4491/4491/4491
f 913/913/913 912/912/912 914/914/914
f 4760/4760/4760 4698/4698/4698 4491/4491/4491
f 4698/4698/4698 4760/4760/4760 4701/4701/4701
f 887/887/887 880/880/880 912/912/912
f 4701/4701/4701 4760/4760/4760 4706/4706/4706
f 880/880/880 876/876/876 912/912/912
f 4765/4765/4765 4710/4710/4710 4760/4760/4760
f 4957/4957/4957 4958/4958/4958 4959/4959/4959
f 4706/4706/4706 4760/4760/4760 4710/4710/4710
f 880/880/880 860/860/860 876/876/876
f 840/840/840 841/841/841 839/839/839
f 840/840/840 839/839/839 829/829/829
f 859/859/859 861/861/861 860/860/860
f 4509/4509/4509 4512/4512/4512 4639/4639/4639
f 861/861/861 890/890/890 863/863/863
f 1933/1933/1933 1714/1714/1714 2067/2067/2067
f 1933/1933/1933 1716/1716/1716 1714/1714/1714
f 4630/4630/4630 4511/4511/4511 4514/4514/4514
f 1716/1716/1716 1715/1715/1715 1714/1714/1714
f 1910/1910/1910 1717/1717/1717 1716/1716/1716
f 1716/1716/1716 1717/1717/1717 1715/1715/1715
f 4514/4514/4514 4517/4517/4517 4519/4519/4519
f 4517/4517/4517 4520/4520/4520 4519/4519/4519
f 4526/4526/4526 4520/4520/4520 4633/4633/4633
f 1880/1880/1880 1876/1876/1876 1877/1877/1877
f 1880/1880/1880 1877/1877/1877 1887/1887/1887
f 4526/4526/4526 4529/4529/4529 4528/4528/4528
f 4528/4528/4528 4529/4529/4529 4530/4530/4530
f 1876/1876/1876 1871/1871/1871 1877/1877/1877
f 4533/4533/4533 4528/4528/4528 4530/4530/4530
f 1865/1865/1865 1864/1864/1864 1866/1866/1866
f 4533/4533/4533 4564/4564/4564 4565/4565/4565
f 4565/4565/4565 4564/4564/4564 4566/4566/4566
f 1831/1831/1831 1862/1862/1862 1821/1821/1821
f 1831/1831/1831 1821/1821/1821 1820/1820/1820
f 1831/1831/1831 1820/1820/1820 1900/1900/1900
f 1890/1890/1890 1900/1900/1900 1820/1820/1820
f 1890/1890/1890 1820/1820/1820 1897/1897/1897
f 990/990/990 999/999/999 1011/1011/1011
f 1000/1000/1000 1010/1010/1010 985/985/985
f 1011/1011/1011 994/994/994 990/990/990
f 983/983/983 1005/1005/1005 993/993/993
f 987/987/987 971/971/971 998/998/998
f 971/971/971 987/987/987 974/974/974
f 977/977/977 960/960/960 974/974/974
f 960/960/960 959/959/959 974/974/974
f 4708/4708/4708 4699/4699/4699 4707/4707/4707
f 4699/4699/4699 4698/4698/4698 4700/4700/4700
f 909/909/909 912/912/912 913/913/913
f 4698/4698/4698 4701/4701/4701 4700/4700/4700
f 911/911/911 912/912/912 909/909/909
f 4701/4701/4701 4706/4706/4706 4703/4703/4703
f 911/911/911 888/888/888 887/887/887
f 911/911/911 887/887/887 912/912/912
f 4706/4706/4706 4709/4709/4709 4703/4703/4703
f 4709/4709/4709 4706/4706/4706 4710/4710/4710
f 888/888/888 858/858/858 887/887/887
f 887/887/887 858/858/858 880/880/880
f 858/858/858 860/860/860 880/880/880
f 858/858/858 859/859/859 860/860/860
f 4513/4513/4513 4515/4515/4515 4512/4512/4512
f 890/890/890 861/861/861 892/892/892
f 4512/4512/4512 4509/4509/4509 4511/4511/4511
f 4512/4512/4512 4511/4511/4511 4513/4513/4513
f 1932/1932/1932 1716/1716/1716 1933/1933/1933
f 3077/3077/3077 3081/3081/3081 3075/3075/3075
f 1932/1932/1932 1910/1910/1910 1716/1716/1716
f 4514/4514/4514 4519/4519/4519 4630/4630/4630
f 1909/1909/1909 1717/1717/1717 1910/1910/1910
f 4520/4520/4520 4521/4521/4521 4519/4519/4519
f 4519/4519/4519 4521/4521/4521 4522/4522/4522
f 1909/1909/1909 1916/1916/1916 1717/1717/1717
f 1909/1909/1909 1887/1887/1887 1916/1916/1916
f 4526/4526/4526 4521/4521/4521 4520/4520/4520
f 4526/4526/4526 4527/4527/4527 4521/4521/4521
f 1870/1870/1870 1880/1880/1880 1909/1909/1909
f 1880/1880/1880 1887/1887/1887 1909/1909/1909
f 4527/4527/4527 4526/4526/4526 4528/4528/4528
f 1870/1870/1870 1876/1876/1876 1880/1880/1880
f 4527/4527/4527 4528/4528/4528 4587/4587/4587
f 1868/1868/1868 1871/1871/1871 1870/1870/1870
f 1870/1870/1870 1871/1871/1871 1876/1876/1876
f 4587/4587/4587 4528/4528/4528 4533/4533/4533
f 1867/1867/1867 1866/1866/1866 1868/1868/1868
f 1868/1868/1868 1866/1866/1866 1871/1871/1871
f 4587/4587/4587 4533/4533/4533 4565/4565/4565
f 1867/1867/1867 1865/1865/1865 1866/1866/1866
f 4565/4565/4565 4566/4566/4566 4567/4567/4567
f 1874/1874/1874 1896/1896/1896 1865/1865/1865
f 1890/1890/1890 1897/1897/1897 1896/1896/1896
f 1890/1890/1890 1896/1896/1896 1874/1874/1874
f 3853/3853/3853 3840/3840/3840 3839/3839/3839
f 980/980/980 999/999/999 990/990/990
f 980/980/980 993/993/993 999/999/999
f 976/976/976 1000/1000/1000 985/985/985
f 969/969/969 993/993/993 980/980/980
f 969/969/969 983/983/983 993/993/993
f 985/985/985 998/998/998 971/971/971
f 1000/1000/1000 976/976/976 994/994/994
f 979/979/979 983/983/983 961/961/961
f 961/961/961 958/958/958 979/979/979
f 979/979/979 958/958/958 964/964/964
f 974/974/974 959/959/959 971/971/971
f 971/971/971 959/959/959 956/956/956
f 958/958/958 943/943/943 964/964/964
f 948/948/948 964/964/964 943/943/943
f 943/943/943 918/918/918 948/948/948
f 960/960/960 937/937/937 959/959/959
f 918/918/918 920/920/920 948/948/948
f 913/913/913 920/920/920 918/918/918
f 918/918/918 909/909/909 913/913/913
f 4707/4707/4707 4699/4699/4699 4700/4700/4700
f 4707/4707/4707 4700/4700/4700 4705/4705/4705
f 4705/4705/4705 4700/4700/4700 4702/4702/4702
f 4702/4702/4702 4700/4700/4700 4701/4701/4701
f 907/907/907 911/911/911 909/909/909
f 4702/4702/4702 4701/4701/4701 4703/4703/4703
f 4702/4702/4702 4703/4703/4703 4704/4704/4704
f 907/907/907 910/910/910 888/888/888
f 888/888/888 911/911/911 907/907/907
f 955/955/955 823/823/823 934/934/934
f 910/910/910 855/855/855 888/888/888
f 888/888/888 855/855/855 858/858/858
f 838/838/838 829/829/829 839/839/839
f 823/823/823 829/829/829 826/826/826
f 823/823/823 826/826/826 824/824/824
f 858/858/858 856/856/856 859/859/859
f 829/829/829 838/838/838 826/826/826
f 879/879/879 859/859/859 878/878/878
f 859/859/859 879/879/879 861/861/861
f 892/892/892 861/861/861 879/879/879
f 4513/4513/4513 4516/4516/4516 4515/4515/4515
f 3105/3105/3105 3100/3100/3100 3101/3101/3101
f 3075/3075/3075 3076/3076/3076 3077/3077/3077
f 3082/3082/3082 3075/3075/3075 3083/3083/3083
f 3099/3099/3099 3098/3098/3098 3100/3100/3100
f 3100/3100/3100 3098/3098/3098 3101/3101/3101
f 4634/4634/4634 4519/4519/4519 4522/4522/4522
f 4523/4523/4523 4634/4634/4634 4522/4522/4522
f 1908/1908/1908 1909/1909/1909 1910/1910/1910
f 4522/4522/4522 4521/4521/4521 4523/4523/4523
f 1908/1908/1908 1906/1906/1906 1909/1909/1909
f 4523/4523/4523 4521/4521/4521 4524/4524/4524
f 1906/1906/1906 1870/1870/1870 1909/1909/1909
f 4521/4521/4521 4525/4525/4525 4524/4524/4524
f 4521/4521/4521 4527/4527/4527 4525/4525/4525
f 1906/1906/1906 1869/1869/1869 1870/1870/1870
f 4527/4527/4527 4751/4751/4751 4525/4525/4525
f 4527/4527/4527 4587/4587/4587 4751/4751/4751
f 1869/1869/1869 1867/1867/1867 1868/1868/1868
f 1869/1869/1869 1868/1868/1868 1870/1870/1870
f 4565/4565/4565 4751/4751/4751 4587/4587/4587
f 4751/4751/4751 4565/4565/4565 4583/4583/4583
f 4583/4583/4583 4567/4567/4567 4584/4584/4584
f 1873/1873/1873 1874/1874/1874 1867/1867/1867
f 4583/4583/4583 4565/4565/4565 4567/4567/4567
f 1891/1891/1891 1831/1831/1831 1900/1900/1900
f 1891/1891/1891 1900/1900/1900 1890/1890/1890
f 1874/1874/1874 1865/1865/1865 1867/1867/1867
f 1873/1873/1873 1890/1890/1890 1874/1874/1874
f 975/975/975 990/990/990 994/994/994
f 976/976/976 975/975/975 994/994/994
f 990/990/990 975/975/975 980/980/980
f 976/976/976 985/985/985 971/971/971
f 976/976/976 970/970/970 975/975/975
f 969/969/969 961/961/961 983/983/983
f 971/971/971 957/957/957 976/976/976
f 976/976/976 957/957/957 970/970/970
f 971/971/971 956/956/956 957/957/957
f 924/924/924 958/958/958 950/950/950
f 958/958/958 924/924/924 943/943/943
f 959/959/959 936/936/936 956/956/956
f 959/959/959 937/937/937 936/936/936
f 924/924/924 918/918/918 943/943/943
f 937/937/937 933/933/933 928/928/928
f 937/937/937 928/928/928 936/936/936
f 918/918/918 908/908/908 909/909/909
f 928/928/928 933/933/933 927/927/927
f 908/908/908 907/907/907 909/909/909
f 927/927/927 933/933/933 935/935/935
f 923/923/923 927/927/927 926/926/926
f 907/907/907 906/906/906 910/910/910
f 934/934/934 927/927/927 935/935/935
f 927/927/927 934/934/934 825/825/825
f 927/927/927 825/825/825 926/926/926
f 906/906/906 883/883/883 884/884/884
f 884/884/884 910/910/910 906/906/906
f 926/926/926 825/825/825 847/847/847
f 884/884/884 855/855/855 910/910/910
f 825/825/825 934/934/934 823/823/823
f 825/825/825 830/830/830 847/847/847
f 856/856/856 858/858/858 855/855/855
f 823/823/823 824/824/824 825/825/825
f 824/824/824 827/827/827 825/825/825
f 856/856/856 877/877/877 859/859/859
f 878/878/878 859/859/859 877/877/877
f 3076/3076/3076 3075/3075/3075 3074/3074/3074
f 3074/3074/3074 3075/3075/3075 3072/3072/3072
f 3074/3074/3074 3072/3072/3072 3073/3073/3073
f 3099/3099/3099 3108/3108/3108 3107/3107/3107
f 4190/4190/4190 4191/4191/4191 4192/4192/4192
f 3108/3108/3108 3100/3100/3100 3105/3105/3105
f 3072/3072/3072 3075/3075/3075 3082/3082/3082
f 3069/3069/3069 3072/3072/3072 3082/3082/3082
f 3097/3097/3097 3098/3098/3098 3099/3099/3099
f 3095/3095/3095 3098/3098/3098 3097/3097/3097
f 3069/3069/3069 3082/3082/3082 3079/3079/3079
f 1908/1908/1908 1907/1907/1907 1906/1906/1906
f 4636/4636/4636 4524/4524/4524 4631/4631/4631
f 1869/1869/1869 1906/1906/1906 1907/1907/1907
f 4525/4525/4525 4628/4628/4628 4524/4524/4524
f 4524/4524/4524 4628/4628/4628 4631/4631/4631
f 1907/1907/1907 1886/1886/1886 1869/1869/1869
f 4628/4628/4628 4525/4525/4525 4751/4751/4751
f 1886/1886/1886 1872/1872/1872 1869/1869/1869
f 4916/4916/4916 4917/4917/4917 4918/4918/4918
f 1872/1872/1872 1867/1867/1867 1869/1869/1869
f 4751/4751/4751 4583/4583/4583 4585/4585/4585
f 4585/4585/4585 4583/4583/4583 4584/4584/4584
f 1883/1883/1883 1873/1873/1873 1875/1875/1875
f 1872/1872/1872 1875/1875/1875 1873/1873/1873
f 1872/1872/1872 1873/1873/1873 1867/1867/1867
f 1892/1892/1892 1891/1891/1891 1883/1883/1883
f 1883/1883/1883 1891/1891/1891 1890/1890/1890
f 1883/1883/1883 1890/1890/1890 1873/1873/1873
f 963/963/963 980/980/980 975/975/975
f 975/975/975 965/965/965 963/963/963
f 954/954/954 970/970/970 957/957/957
f 970/970/970 965/965/965 975/975/975
f 980/980/980 963/963/963 969/969/969
f 951/951/951 961/961/961 969/969/969
f 970/970/970 954/954/954 965/965/965
f 950/950/950 958/958/958 961/961/961
f 932/932/932 961/961/961 951/951/951
f 961/961/961 932/932/932 950/950/950
f 957/957/957 956/956/956 929/929/929
f 950/950/950 932/932/932 924/924/924
f 956/956/956 936/936/936 929/929/929
f 936/936/936 930/930/930 929/929/929
f 908/908/908 918/918/918 924/924/924
f 928/928/928 930/930/930 936/936/936
f 930/930/930 928/928/928 923/923/923
f 908/908/908 905/905/905 907/907/907
f 923/923/923 928/928/928 927/927/927
f 903/903/903 906/906/906 905/905/905
f 905/905/905 906/906/906 907/907/907
f 921/921/921 923/923/923 926/926/926
f 921/921/921 926/926/926 847/847/847
f 921/921/921 847/847/847 848/848/848
f 921/921/921 848/848/848 901/901/901
f 849/849/849 897/897/897 901/901/901
f 897/897/897 849/849/849 900/900/900
f 900/900/900 849/849/849 903/903/903
f 903/903/903 883/883/883 906/906/906
f 901/901/901 848/848/848 849/849/849
f 849/849/849 882/882/882 903/903/903
f 849/849/849 835/835/835 882/882/882
f 882/882/882 883/883/883 903/903/903
f 847/847/847 830/830/830 848/848/848
f 848/848/848 830/830/830 833/833/833
f 848/848/848 833/833/833 849/849/849
f 882/882/882 835/835/835 852/852/852
f 882/882/882 852/852/852 883/883/883
f 852/852/852 884/884/884 883/883/883
f 855/855/855 884/884/884 852/852/852
f 828/828/828 825/825/825 827/827/827
f 830/830/830 825/825/825 828/828/828
f 855/855/855 852/852/852 854/854/854
f 854/854/854 856/856/856 855/855/855
f 824/824/824 845/845/845 827/827/827
f 893/893/893 856/856/856 873/873/873
f 893/893/893 877/877/877 856/856/856
f 3071/3071/3071 3073/3073/3073 3072/3072/3072
f 3071/3071/3071 3072/3072/3072 3069/3069/3069
f 3096/3096/3096 3097/3097/3097 3109/3109/3109
f 3097/3097/3097 3099/3099/3099 3107/3107/3107
f 3067/3067/3067 3069/3069/3069 3079/3079/3079
f 3096/3096/3096 3095/3095/3095 3097/3097/3097
f 4629/4629/4629 4523/4523/4523 4524/4524/4524
f 3067/3067/3067 3080/3080/3080 3078/3078/3078
f 1911/1911/1911 1907/1907/1907 1908/1908/1908
f 3094/3094/3094 3092/3092/3092 3095/3095/3095
f 3094/3094/3094 3095/3095/3095 3096/3096/3096
f 4638/4638/4638 4636/4636/4636 4631/4631/4631
f 4638/4638/4638 4631/4631/4631 4632/4632/4632
f 1925/1925/1925 1921/1921/1921 1915/1915/1915
f 1917/1917/1917 1915/1915/1915 1921/1921/1921
f 1913/1913/1913 1915/1915/1915 1917/1917/1917
f 1913/1913/1913 1912/1912/1912 1911/1911/1911
f 1911/1911/1911 1912/1912/1912 1907/1907/1907
f 1912/1912/1912 1886/1886/1886 1907/1907/1907
f 4631/4631/4631 4628/4628/4628 4632/4632/4632
f 4632/4632/4632 4628/4628/4628 4635/4635/4635
f 1921/1921/1921 1901/1901/1901 1917/1917/1917
f 1917/1917/1917 1888/1888/1888 1913/1913/1913
f 1912/1912/1912 1913/1913/1913 1886/1886/1886
f 1901/1901/1901 1883/1883/1883 1917/1917/1917
f 1917/1917/1917 1883/1883/1883 1888/1888/1888
f 1886/1886/1886 1888/1888/1888 1872/1872/1872
f 1913/1913/1913 1888/1888/1888 1886/1886/1886
f 4916/4916/4916 4918/4918/4918 4919/4919/4919
f 1888/1888/1888 1883/1883/1883 1872/1872/1872
f 1901/1901/1901 1892/1892/1892 1883/1883/1883
f 1883/1883/1883 1875/1875/1875 1872/1872/1872
f 940/940/940 963/963/963 965/965/965
f 954/954/954 938/938/938 965/965/965
f 965/965/965 938/938/938 940/940/940
f 951/951/951 963/963/963 940/940/940
f 951/951/951 969/969/969 963/963/963
f 954/954/954 957/957/957 929/929/929
f 940/940/940 931/931/931 951/951/951
f 951/951/951 931/931/931 932/932/932
f 954/954/954 929/929/929 925/925/925
f 954/954/954 925/925/925 938/938/938
f 931/931/931 916/916/916 932/932/932
f 916/916/916 904/904/904 932/932/932
f 904/904/904 908/908/908 924/924/924
f 904/904/904 924/924/924 932/932/932
f 930/930/930 923/923/923 929/929/929
f 929/929/929 923/923/923 922/922/922
f 929/929/929 922/922/922 925/925/925
f 916/916/916 898/898/898 904/904/904
f 904/904/904 905/905/905 908/908/908
f 922/922/922 923/923/923 921/921/921
f 897/897/897 898/898/898 899/899/899
f 898/898/898 897/897/897 900/900/900
f 904/904/904 898/898/898 903/903/903
f 904/904/904 903/903/903 905/905/905
f 900/900/900 903/903/903 898/898/898
f 921/921/921 901/901/901 922/922/922
f 922/922/922 901/901/901 902/902/902
f 901/901/901 897/897/897 899/899/899
f 833/833/833 835/835/835 849/849/849
f 831/831/831 830/830/830 828/828/828
f 830/830/830 832/832/832 833/833/833
f 833/833/833 832/832/832 834/834/834
f 833/833/833 834/834/834 835/835/835
f 853/853/853 854/854/854 852/852/852
f 857/857/857 856/856/856 854/854/854
f 873/873/873 856/856/856 857/857/857
f 846/846/846 827/827/827 845/845/845
f 827/827/827 846/846/846 828/828/828
f 828/828/828 846/846/846 850/850/850
f 3070/3070/3070 3071/3071/3071 3069/3069/3069
f 3070/3070/3070 3069/3069/3069 3068/3068/3068
f 894/894/894 857/857/857 886/886/886
f 3110/3110/3110 3096/3096/3096 3109/3109/3109
f 3069/3069/3069 3067/3067/3067 3068/3068/3068
f 3078/3078/3078 3065/3065/3065 3067/3067/3067
f 3102/3102/3102 3094/3094/3094 3096/3096/3096
f 3065/3065/3065 3078/3078/3078 3084/3084/3084
f 3065/3065/3065 3084/3084/3084 3085/3085/3085
f 3085/3085/3085 3084/3084/3084 3086/3086/3086
f 1914/1914/1914 1913/1913/1913 1911/1911/1911
f 3093/3093/3093 3092/3092/3092 3094/3094/3094
f 1914/1914/1914 1915/1915/1915 1913/1913/1913
f 940/940/940 938/938/938 919/919/919
f 925/925/925 919/919/919 938/938/938
f 940/940/940 919/919/919 931/931/931
f 925/925/925 922/922/922 919/919/919
f 919/919/919 922/922/922 902/902/902
f 919/919/919 916/916/916 931/931/931
f 919/919/919 902/902/902 899/899/899
f 919/919/919 899/899/899 916/916/916
f 899/899/899 898/898/898 916/916/916
f 902/902/902 901/901/901 899/899/899
f 832/832/832 830/830/830 831/831/831
f 834/834/834 836/836/836 835/835/835
f 836/836/836 852/852/852 835/835/835
f 853/853/853 852/852/852 836/836/836
f 831/831/831 828/828/828 850/850/850
f 831/831/831 844/844/844 832/832/832
f 881/881/881 853/853/853 891/891/891
f 881/881/881 854/854/854 853/853/853
f 886/886/886 857/857/857 854/854/854
f 886/886/886 854/854/854 881/881/881
f 3064/3064/3064 3068/3068/3068 3067/3067/3067
f 3064/3064/3064 3065/3065/3065 3066/3066/3066
f 3064/3064/3064 3067/3067/3067 3065/3065/3065
f 3093/3093/3093 3103/3103/3103 3091/3091/3091
f 3093/3093/3093 3104/3104/3104 3103/3103/3103
f 3104/3104/3104 3093/3093/3093 3094/3094/3094
f 3104/3104/3104 3094/3094/3094 3102/3102/3102
f 3087/3087/3087 3065/3065/3065 3085/3085/3085
f 3091/3091/3091 3088/3088/3088 3090/3090/3090
f 3091/3091/3091 3090/3090/3090 3092/3092/3092
f 3091/3091/3091 3092/3092/3092 3093/3093/3093
f 3086/3086/3086 3087/3087/3087 3085/3085/3085
f 3087/3087/3087 3086/3086/3086 3088/3088/3088
f 3088/3088/3088 3086/3086/3086 3090/3090/3090
f 851/851/851 832/832/832 844/844/844
f 832/832/832 851/851/851 837/837/837
f 832/832/832 837/837/837 834/834/834
f 834/834/834 837/837/837 836/836/836
f 891/891/891 853/853/853 836/836/836
f 3066/3066/3066 3065/3065/3065 3087/3087/3087
f 3089/3089/3089 3087/3087/3087 3088/3088/3088
f 3089/3089/3089 3088/3088/3088 3106/3106/3106
f 836/836/836 896/896/896 895/895/895
f 836/836/836 895/895/895 891/891/891
