# Shopkeeper / ArmL  (local frame of part 'ArmL', bbox-centred; -Z = front)
v 0.15469 -0.06657 -0.37990
v 0.11108 -0.11097 -0.39273
v 0.11592 -0.01384 -0.41436
v 0.20488 -0.01864 -0.36589
v 0.16255 -0.09181 -0.36321
v 0.24952 -0.03378 -0.34397
v 0.35022 0.00894 -0.31558
v 0.39760 -0.02474 -0.29202
v 0.41195 0.01985 -0.28782
v 0.46455 -0.03575 -0.24693
v 0.49217 -0.01429 -0.23359
v 0.39280 -0.05584 -0.27743
v 0.25721 -0.08145 -0.31323
v 0.22151 -0.06616 -0.34184
v 0.20054 0.02339 -0.36798
v 0.26983 0.04143 -0.33557
v 0.46547 0.03381 -0.25006
v 0.17428 0.05647 -0.37342
v 0.08875 0.05942 -0.42782
v 0.01693 0.01971 -0.48251
v -0.02281 0.01582 -0.50733
v -0.03247 -0.04268 -0.50990
v 0.02050 -0.07625 -0.47173
v -0.05000 -0.10738 -0.50506
v -0.12728 -0.06780 -0.54164
v 0.01036 -0.12236 -0.46501
v -0.01996 -0.12815 -0.48230
v -0.14401 -0.02223 -0.55076
v -0.07766 0.04935 -0.52992
v 0.10154 -0.08102 -0.41205
v 0.01331 -0.14510 -0.45360
v -0.04432 -0.19249 -0.46533
v -0.16819 -0.10866 -0.54029
v -0.11033 -0.17882 -0.50002
v -0.08603 -0.19307 -0.48403
v -0.04707 0.11227 -0.50398
v 0.00267 0.10299 -0.47804
v -0.18205 -0.14641 -0.52949
v 0.52069 0.03294 -0.20249
v -0.20360 0.05185 -0.55644
v -0.17046 0.07661 -0.54955
v -0.22518 -0.06466 -0.55452
v 0.54853 -0.00758 -0.17847
v -0.14879 0.13529 -0.53135
v -0.10762 0.16916 -0.50783
v 0.32023 0.05337 -0.31149
v -0.26497 0.01120 -0.55842
v 0.13404 0.09142 -0.38609
v 0.19690 0.08698 -0.34630
v 0.03964 0.15979 -0.42783
v -0.03986 0.15416 -0.48511
v -0.02863 0.18958 -0.46081
v 0.38662 0.06028 -0.28135
v -0.22119 0.09962 -0.54894
v -0.30293 -0.01935 -0.55282
v -0.18061 -0.18803 -0.51044
v 0.53565 -0.04899 -0.17098
v 0.03018 -0.20760 -0.40217
v -0.00315 -0.23377 -0.40933
v 0.10718 -0.15644 -0.36778
v -0.08276 -0.23437 -0.45610
v 0.16067 -0.14745 -0.32178
v -0.12266 -0.23804 -0.46768
v -0.03600 -0.25598 -0.41357
v -0.28090 0.09849 -0.54599
v 0.58501 0.01971 -0.12745
v -0.28619 -0.16010 -0.52247
v 0.23229 -0.10692 -0.30353
v 0.19268 -0.10609 -0.33198
v -0.21677 -0.24707 -0.47658
v -0.29927 -0.21203 -0.49338
v -0.10786 -0.27750 -0.43029
v -0.16632 -0.28482 -0.43983
v -0.29934 -0.08881 -0.54371
v 0.57989 -0.03521 -0.12309
v 0.47267 -0.07341 -0.20835
v 0.52504 -0.06194 -0.16983
v 0.06674 -0.21435 -0.35923
v 0.04156 -0.22148 -0.37933
v 0.41278 -0.09668 -0.22143
v 0.00653 -0.26635 -0.36856
v 0.60936 -0.02978 -0.07408
v 0.29118 -0.11800 -0.25150
v -0.07261 -0.31390 -0.37328
v -0.00940 -0.30109 -0.33963
v -0.30085 -0.17898 -0.51125
v 0.06561 -0.23722 -0.33471
v 0.33712 -0.09398 -0.26257
v 0.60731 0.01968 -0.08852
v 0.55937 -0.07124 -0.11120
v -0.13954 -0.32605 -0.38854
v 0.23669 -0.14809 -0.24304
v 0.15526 -0.19838 -0.25838
v 0.05485 -0.27005 -0.30258
v -0.24466 -0.31839 -0.41128
v -0.29226 -0.27508 -0.44839
v 0.12820 -0.21529 -0.27314
v 0.49844 -0.11350 -0.10985
v 0.44315 -0.11908 -0.15737
v -0.00173 -0.32216 -0.29397
v -0.06543 -0.35845 -0.29278
v -0.32716 0.02949 -0.54738
v -0.15416 0.20414 -0.50337
v 0.15226 0.12611 -0.35185
v 0.17309 0.13211 -0.32908
v -0.21731 0.19368 -0.51599
v -0.09402 0.23656 -0.46486
v 0.00690 0.20697 -0.42418
v 0.46598 0.05698 -0.23572
v -0.37653 -0.08696 -0.52230
v 0.07458 0.17533 -0.38718
v 0.20694 0.12548 -0.30758
v -0.03861 0.23270 -0.43828
v -0.29689 0.17021 -0.52073
v 0.53649 0.05913 -0.16591
v 0.57370 0.04687 -0.12770
v 0.18325 0.09734 -0.34844
v -0.35258 0.07936 -0.53397
v 0.03616 0.22443 -0.38361
v 0.64098 -0.00569 -0.00396
v -0.39810 -0.16911 -0.48369
v -0.34006 -0.25589 -0.45187
v 0.63751 0.01642 -0.01413
v 0.63184 -0.03224 -0.01202
v 0.58718 -0.08059 -0.03697
v 0.61900 -0.06435 0.01504
v -0.01663 0.25760 -0.40075
v -0.08120 0.27287 -0.42916
v -0.19285 0.26323 -0.47154
v 0.10976 0.18238 -0.34510
v 0.29936 0.08872 -0.29159
v 0.42415 0.08602 -0.23635
v -0.27386 0.24246 -0.48556
v -0.14283 0.29882 -0.42962
v 0.01061 0.26617 -0.36656
v 0.07777 0.21961 -0.34304
v -0.37972 0.14537 -0.50613
v -0.04075 0.29903 -0.37413
v 0.60463 0.05643 -0.05950
v 0.55975 0.07900 -0.10749
v 0.11651 0.21012 -0.30496
v -0.20462 0.30452 -0.43592
v -0.35997 0.23441 -0.46867
v -0.29087 0.32068 -0.41251
v -0.31192 0.28210 -0.44713
v -0.22981 0.31618 -0.42454
v 0.62156 0.06009 -0.00500
v 0.63784 0.03991 0.01420
v -0.31454 -0.33543 -0.37724
v -0.37414 -0.28535 -0.41086
v 0.65197 -0.01635 0.06793
v 0.64307 0.03898 0.03945
v 0.65282 0.02566 0.10250
v -0.27773 -0.00361 0.30493
v -0.27799 -0.07354 0.29424
v -0.21867 -0.05527 0.32823
v -0.42973 -0.01550 0.23739
v -0.41619 -0.05832 0.23969
v -0.27122 0.03830 0.30581
v -0.33403 0.04367 0.27688
v -0.46762 0.01386 0.21594
v -0.40759 0.10235 0.23528
v -0.48637 -0.06281 0.19702
v -0.21279 0.00688 0.34356
v -0.20018 -0.02583 0.34902
v -0.16967 0.05664 0.36070
v -0.42964 -0.12809 0.21582
v -0.36995 -0.11875 0.24609
v -0.26553 -0.11907 0.28309
v -0.14092 0.02363 0.39761
v -0.49897 -0.10914 0.17483
v -0.13813 -0.06560 0.37315
v -0.53812 -0.00402 0.15804
v -0.48319 0.10264 0.19062
v -0.54593 0.04681 0.14644
v -0.26502 0.09638 0.29334
v -0.12485 -0.00389 0.41424
v -0.06857 -0.01600 0.46052
v -0.04521 0.02909 0.47548
v 0.00633 0.00527 0.51118
v -0.02927 -0.03651 0.47977
v 0.01723 -0.02434 0.51164
v 0.10426 -0.01138 0.54667
v 0.06713 0.03521 0.53046
v -0.55966 -0.07435 0.12304
v -0.41661 0.13895 0.21921
v -0.19411 0.08698 0.32860
v -0.46550 0.15124 0.18483
v -0.52675 0.12883 0.14193
v -0.48831 0.15848 0.16359
v 0.02140 0.05965 0.49706
v -0.12359 -0.04533 0.39912
v -0.58289 -0.02905 0.10103
v -0.07148 0.06190 0.43366
v -0.43070 -0.17098 0.19738
v -0.47298 -0.16254 0.17308
v -0.53333 -0.14105 0.12737
v -0.58670 0.04437 0.09376
v 0.16741 0.00979 0.55842
v -0.35343 0.17519 0.22996
v -0.26770 0.13642 0.27521
v -0.58126 0.11915 0.07537
v -0.02658 0.05798 0.47092
v -0.20732 -0.12016 0.30126
v -0.35367 -0.19082 0.22290
v -0.40008 -0.20249 0.19715
v 0.08059 -0.05131 0.52260
v -0.16758 -0.09956 0.32978
v -0.48230 -0.20814 0.13681
v -0.58310 -0.10703 0.07669
v -0.46018 -0.23214 0.13721
v -0.05925 -0.06538 0.43399
v -0.50996 -0.21563 0.10190
v -0.39657 -0.25143 0.16515
v -0.27785 -0.21711 0.22874
v 0.19594 -0.03234 0.55305
v -0.56395 -0.17382 0.06312
v 0.02710 -0.06759 0.48728
v -0.02194 -0.07825 0.44667
v -0.61640 -0.05867 0.03359
v -0.61971 0.03786 0.03346
v 0.13978 -0.06112 0.52969
v -0.32965 -0.27440 0.17510
v -0.48426 -0.25038 0.09687
v -0.39985 -0.29249 0.12406
v -0.52259 -0.24069 0.05870
v -0.45830 -0.29399 0.07174
v -0.16859 -0.17411 0.27271
v -0.20116 0.11705 0.30709
v -0.45803 0.20898 0.15671
v -0.40766 0.22722 0.17629
v -0.38724 0.21140 0.19701
v -0.35708 0.21131 0.20906
v -0.51515 0.19885 0.11098
v -0.54792 0.19689 0.06948
v -0.11890 0.09114 0.36788
v 0.11229 0.06119 0.52881
v 0.18340 0.04155 0.55104
v -0.61864 -0.13078 -0.02193
v 0.27699 0.01219 0.55493
v -0.56691 -0.21430 0.01184
v -0.62981 -0.06776 -0.00587
v -0.64084 -0.02128 -0.02541
v -0.33368 -0.31555 0.13264
v 0.26451 -0.03908 0.54660
v -0.09744 -0.13726 0.31945
v -0.13055 -0.15940 0.28968
v -0.50678 -0.29096 0.00591
v -0.48687 -0.29697 0.02942
v -0.54321 -0.25612 -0.00342
v -0.25924 -0.31195 0.15465
v 0.12130 -0.09035 0.49546
v -0.19837 -0.26857 0.19636
v 0.03610 -0.09214 0.46213
v -0.39258 -0.33826 0.06696
v -0.05639 -0.11006 0.37425
v 0.22614 -0.07584 0.52219
v -0.58122 -0.21601 -0.03068
v -0.63112 0.09573 -0.02612
v -0.60062 0.13560 0.02711
v -0.25638 0.20905 0.23573
v -0.21705 0.16944 0.26875
v -0.44667 0.25037 0.13167
v -0.58529 0.19469 -0.00150
v -0.48300 0.26213 0.08505
v -0.28882 0.25619 0.19649
v -0.32975 0.25680 0.18647
v -0.37113 0.29073 0.13967
v -0.41413 0.28384 0.12180
v -0.62869 0.12389 -0.04761
v -0.13393 0.16068 0.29058
v -0.51841 0.27763 0.01065
v -0.04033 0.09091 0.42450
v -0.00822 0.09733 0.43860
v 0.05393 0.08974 0.48239
v -0.60295 -0.19665 -0.08051
v 0.35423 -0.01438 0.53420
v 0.29589 0.05394 0.53627
v -0.20412 0.26182 0.19886
v -0.43788 0.32039 0.05178
v -0.56391 0.24798 -0.04116
v 0.33381 -0.04800 0.52649
v 0.33111 0.04976 0.52990
v 0.37892 0.02023 0.52472
v -0.54887 -0.27442 -0.07248
v -0.45713 -0.33800 -0.01078
v -0.50402 -0.31912 -0.07049
v 0.43239 -0.01577 0.49748
v 0.46050 0.02359 0.47879
v 0.48849 -0.01822 0.45722
v -0.60426 0.00285 -0.33194
v -0.55706 -0.03071 -0.39922
v -0.61623 -0.03854 -0.30405
v -0.56875 -0.06206 -0.37839
v -0.60488 -0.08407 -0.31217
v -0.58546 0.05360 -0.35763
v -0.55065 -0.12935 -0.37693
v -0.58013 -0.14177 -0.32518
v -0.60731 -0.11741 -0.28774
v -0.50528 -0.11222 -0.43403
v -0.49596 -0.03754 -0.45989
v -0.55428 -0.18123 -0.33702
v -0.50778 -0.18133 -0.39633
v -0.50175 0.01924 -0.45709
v -0.51324 0.07276 -0.44003
v -0.55958 0.09293 -0.38368
v -0.44690 -0.11500 -0.47829
v -0.47315 -0.19316 -0.42131
v -0.42260 -0.00899 -0.51131
v -0.40960 -0.06734 -0.51168
v -0.42752 -0.17823 -0.46299
v -0.54065 -0.20623 -0.33474
v -0.41896 0.06350 -0.50871
v -0.45726 0.11629 -0.47362
v -0.51535 0.14426 -0.41439
v -0.62149 0.07459 -0.28192
v -0.57929 0.12548 -0.34106
v -0.63911 0.00832 -0.24901
v -0.53326 0.15911 -0.38686
v -0.63721 -0.07247 -0.23114
v -0.48214 0.17022 -0.43256
v -0.57595 -0.20562 -0.26874
v -0.60954 -0.15402 -0.24606
v -0.49451 -0.23288 -0.36855
v -0.63794 0.08277 -0.22415
v -0.63493 -0.11288 -0.19656
v -0.65323 -0.02523 -0.16756
v -0.62337 0.12517 -0.23961
v -0.59305 0.18063 -0.26597
v -0.55224 0.19853 -0.33099
v -0.64483 0.08261 -0.18518
v -0.51353 0.21364 -0.37144
v -0.42799 0.17912 -0.46723
v -0.46442 0.21645 -0.41853
v -0.58235 0.20699 -0.25651
v -0.61057 0.18057 -0.20032
v -0.64027 -0.11091 -0.13611
v -0.65084 0.05310 -0.09618
v -0.63363 -0.12704 -0.17371
v -0.59327 -0.20681 -0.21038
v -0.58072 -0.20712 -0.25389
v -0.61766 -0.17324 -0.15135
v -0.60327 -0.20034 -0.16811
v -0.65128 -0.03549 -0.08802
v -0.64420 -0.08092 -0.08293
v -0.63795 0.12204 -0.11493
v -0.51550 -0.25005 -0.32249
v -0.53943 -0.26260 -0.25873
v -0.44785 -0.24053 -0.40571
v -0.54996 0.25543 -0.25428
v -0.57383 0.24026 -0.21110
v -0.51261 0.26968 -0.30677
v -0.60943 0.19117 -0.09854
v -0.48113 0.26324 -0.35874
v -0.44563 0.25624 -0.40060
v -0.37972 0.14537 -0.50613
v -0.39810 -0.16911 -0.48369
v -0.41565 0.22961 -0.44410
v -0.37653 -0.08696 -0.52230
v -0.46858 -0.26759 -0.35942
v -0.35258 0.07936 -0.53397
v -0.32716 0.02949 -0.54738
v -0.30293 -0.01935 -0.55282
v -0.58330 -0.23605 -0.14536
v -0.40391 -0.25817 -0.42054
v -0.46888 -0.30367 -0.30890
v -0.52548 -0.30116 -0.18732
v -0.60295 -0.19665 -0.08051
v -0.62869 0.12389 -0.04761
v -0.61864 -0.13078 -0.02193
v -0.63112 0.09573 -0.02612
v -0.64084 -0.02128 -0.02541
v -0.62981 -0.06776 -0.00587
v -0.50712 -0.31277 -0.21269
v -0.46715 -0.33471 -0.24532
v -0.54947 -0.28055 -0.13054
v -0.55808 0.27129 -0.11360
v -0.54887 -0.27442 -0.07248
v -0.51765 0.29845 -0.23389
v -0.46597 0.27781 -0.35773
v -0.45515 0.31510 -0.31404
v -0.51241 0.31617 -0.17543
v -0.58529 0.19469 -0.00150
v -0.35997 0.23441 -0.46867
v -0.39133 0.28040 -0.41514
v -0.56391 0.24798 -0.04116
v -0.58122 -0.21601 -0.03068
v -0.40697 -0.32173 -0.34520
v -0.34006 -0.25589 -0.45187
v -0.37414 -0.28535 -0.41086
v -0.44417 0.32370 -0.31198
v -0.38828 0.32347 -0.36519
v -0.45672 0.35329 -0.20449
v -0.43327 0.34987 -0.26781
v -0.50248 0.32278 -0.08062
v -0.48608 -0.33958 -0.12350
v -0.50402 -0.31912 -0.07049
v -0.40749 -0.35099 -0.29329
v -0.31192 0.28210 -0.44713
v -0.35399 -0.33448 -0.36170
v -0.35435 0.33392 -0.37136
v -0.29087 0.32068 -0.41251
v -0.51841 0.27763 0.01065
v 0.54080 -0.12878 0.15256
v 0.49037 -0.14195 0.22547
v 0.46472 -0.15560 0.19004
v 0.46036 -0.16129 0.07632
v 0.55637 -0.12215 0.08539
v 0.49754 -0.14256 0.00505
v 0.39251 -0.17728 0.13877
v 0.42048 -0.16917 0.02493
v 0.37419 -0.18073 0.05710
v 0.40066 -0.16521 0.24452
v 0.33049 -0.18254 0.20358
v 0.33327 -0.18673 0.14091
v 0.23355 -0.20337 0.00641
v 0.31611 -0.18764 0.16277
v 0.30251 -0.18780 0.00212
v 0.24352 -0.19546 -0.07940
v 0.30653 -0.17850 -0.06938
v 0.41281 -0.16265 -0.04129
v 0.48299 -0.13870 -0.04828
v 0.15966 -0.23270 0.00137
v 0.23909 -0.18439 -0.14687
v 0.34758 -0.16856 0.28218
v 0.20836 -0.20573 0.07971
v 0.16166 -0.22282 0.05881
v 0.20565 -0.19614 0.16582
v 0.26501 -0.19181 0.16612
v 0.25122 -0.17467 0.30025
v 0.15025 -0.20163 0.17410
v 0.42966 -0.13462 0.34250
v 0.11818 -0.22800 0.10523
v 0.29606 -0.15136 0.37559
v 0.28815 -0.15459 0.36812
v 0.50231 -0.12003 0.29912
v 0.10997 -0.21046 0.16876
v 0.30201 -0.14598 0.38919
v 0.42009 -0.12678 0.37290
v 0.18874 -0.22069 -0.07874
v 0.14453 -0.18253 0.25932
v 0.19129 -0.15939 0.36320
v 0.08741 -0.18874 0.24211
v 0.48026 -0.11604 0.34089
v 0.02482 -0.23094 0.17376
v 0.11157 -0.22353 0.12690
v 0.55540 -0.10874 0.23368
v 0.55643 -0.11951 0.16294
v 0.35463 -0.10828 0.45107
v 0.20485 -0.12950 0.44228
v 0.18806 -0.14322 0.40975
v 0.13284 -0.15215 0.37469
v 0.45832 -0.10698 0.38522
v 0.27416 -0.11014 0.47254
v 0.07194 -0.28258 0.00966
v 0.05330 -0.25909 0.09719
v 0.44095 -0.08624 0.43555
v 0.09019 -0.27879 -0.02242
v 0.13153 -0.25714 -0.08967
v 0.41297 -0.14527 -0.11407
v 0.28480 -0.16750 -0.14353
v 0.06960 -0.15952 0.32597
v 0.04001 -0.18942 0.24778
v 0.54776 -0.11533 -0.01233
v 0.58899 -0.09947 0.05747
v 0.16547 -0.22665 -0.15325
v 0.09291 -0.13010 0.41854
v 0.53542 -0.07759 0.35363
v -0.01316 -0.17251 0.28270
v 0.00508 -0.13609 0.35856
v 0.05659 -0.12637 0.41061
v -0.03733 -0.19361 0.25164
v 0.15616 -0.10565 0.48069
v 0.02110 -0.33293 -0.04617
v 0.01170 -0.31053 0.03680
v 0.05343 -0.28429 0.03829
v -0.04524 -0.36478 -0.01664
v 0.01736 -0.34568 -0.11467
v -0.00542 -0.36136 -0.12901
v -0.06632 -0.38562 -0.06108
v -0.12883 -0.37978 0.02978
v -0.14643 -0.40392 -0.03214
v -0.13379 -0.41220 -0.10253
v -0.24844 -0.42157 -0.09354
v -0.20578 -0.40419 -0.00479
v -0.07572 -0.35527 0.04249
v -0.04143 -0.38040 -0.15970
v -0.22474 -0.41156 -0.02985
v -0.11107 -0.40349 -0.19272
v -0.20938 -0.37503 0.06761
v -0.04455 -0.33779 0.04682
v -0.25366 -0.41717 -0.06130
v -0.15878 -0.35764 0.08705
v -0.00356 -0.28536 0.10188
v -0.19623 -0.41866 -0.19249
v -0.12682 -0.33589 0.10714
v -0.26989 -0.39429 0.02061
v -0.27804 -0.42096 -0.14671
v -0.16526 -0.33990 0.11529
v 0.59565 -0.07963 0.22933
v -0.04868 -0.28403 0.13641
v 0.03872 -0.25416 0.12124
v -0.08856 -0.38950 -0.22824
v 0.10753 -0.27469 -0.13128
v 0.61906 -0.07508 0.12979
v -0.26410 -0.36361 0.08602
v -0.02151 -0.35227 -0.25063
v 0.31162 -0.07650 0.50884
v -0.05097 -0.25499 0.17598
v -0.12699 -0.29091 0.16248
v -0.31835 -0.40795 -0.05799
v 0.59371 -0.04900 0.30182
v 0.40296 -0.05783 0.49089
v 0.02837 -0.32244 -0.23701
v 0.22614 -0.07584 0.52219
v 0.58887 -0.08826 -0.00711
v 0.52962 -0.04495 0.40208
v 0.45619 -0.05689 0.45857
v -0.17011 -0.29804 0.16510
v 0.61127 -0.05623 0.24683
v -0.34149 -0.40927 -0.13544
v -0.05639 -0.11006 0.37425
v -0.25924 -0.31195 0.15465
v -0.36103 -0.38799 -0.02062
v 0.57144 -0.04847 0.34259
v -0.08715 -0.19679 0.25312
v -0.29997 -0.35362 0.09356
v -0.32734 -0.37033 0.05230
v 0.21741 -0.17280 -0.21521
v -0.30114 -0.40933 -0.21899
v 0.49844 -0.11350 -0.10985
v -0.22431 -0.40109 -0.27157
v -0.12678 -0.37290 -0.30821
v -0.06543 -0.35845 -0.29278
v 0.44315 -0.11908 -0.15737
v 0.16497 -0.20559 -0.22571
v 0.23669 -0.14809 -0.24304
v 0.36166 -0.13710 -0.17326
v 0.58718 -0.08059 -0.03697
v 0.61900 -0.06435 0.01504
v 0.63976 -0.04954 0.09744
v 0.63791 -0.03910 0.18643
v 0.55937 -0.07124 -0.11120
v -0.37328 -0.37401 0.00906
v -0.19412 -0.37113 -0.33498
v 0.12130 -0.09035 0.49546
v -0.37035 -0.39645 -0.19203
v 0.03824 -0.11768 0.41938
v 0.03610 -0.09214 0.46213
v -0.09744 -0.13726 0.31945
v -0.39525 -0.38911 -0.09245
v -0.19837 -0.26857 0.19636
v 0.33381 -0.04800 0.52649
v 0.15526 -0.19838 -0.25838
v 0.12820 -0.21529 -0.27314
v -0.02194 -0.07825 0.44667
v 0.13978 -0.06112 0.52969
v 0.41278 -0.09668 -0.22143
v -0.00173 -0.32216 -0.29397
v -0.13055 -0.15940 0.28968
v -0.16859 -0.17411 0.27271
v 0.29118 -0.11800 -0.25150
v -0.33435 -0.39060 -0.26243
v -0.26662 -0.38482 -0.30762
v 0.05485 -0.27005 -0.30258
v -0.39258 -0.33826 0.06696
v -0.43278 -0.36383 -0.04807
v -0.33368 -0.31555 0.13264
v -0.32965 -0.27440 0.17510
v 0.26451 -0.03908 0.54660
v -0.07261 -0.31390 -0.37328
v -0.45713 -0.33800 -0.01078
v -0.41873 -0.37520 -0.19952
v -0.13954 -0.32605 -0.38854
v 0.62047 -0.02627 0.26773
v 0.65323 -0.01347 0.13556
v 0.48849 -0.01822 0.45722
v -0.26817 -0.34845 -0.37061
v 0.58230 -0.02623 0.34540
v -0.48608 -0.33958 -0.12350
v 0.43239 -0.01577 0.49748
v -0.40749 -0.35099 -0.29329
v -0.35399 -0.33448 -0.36170
v -0.31454 -0.33543 -0.37724
v -0.24466 -0.31839 -0.41128
v -0.48687 -0.29697 0.02942
v -0.50402 -0.31912 -0.07049
v -0.46715 -0.33471 -0.24532
v 0.35423 -0.01438 0.53420
v 0.55393 -0.00894 0.39309
v 0.65197 -0.01635 0.06793
v 0.63184 -0.03224 -0.01202
v -0.40697 -0.32173 -0.34520
v -0.52548 -0.30116 -0.18732
v -0.50712 -0.31277 -0.21269
v 0.64363 -0.00369 0.20811
v -0.37414 -0.28535 -0.41086
v 0.60040 0.00835 0.32360
v 0.65013 0.00885 0.17505
v 0.62738 0.01932 0.25893
v 0.61893 0.02173 0.27966
v 0.13331 0.23964 0.06683
v 0.06053 0.24084 0.14423
v 0.13799 0.22167 0.13306
v 0.20295 0.21000 0.12377
v 0.19757 0.20450 0.17110
v 0.07316 0.21468 0.19738
v 0.12375 0.19512 0.24159
v 0.01406 0.22787 0.19529
v 0.05593 0.18007 0.28763
v 0.27948 0.18354 0.28799
v 0.28733 0.19483 0.21322
v 0.34128 0.17967 0.27182
v 0.22683 0.17804 0.32430
v 0.30948 0.16881 0.33640
v 0.26612 0.15483 0.39363
v 0.38148 0.16933 0.28690
v 0.38682 0.18208 0.20349
v 0.34696 0.14926 0.37953
v 0.17471 0.16284 0.37599
v 0.41350 0.15348 0.31910
v 0.43316 0.16603 0.23849
v 0.34811 0.19392 0.10825
v 0.27205 0.20244 0.06218
v 0.22963 0.21130 0.03204
v 0.24122 0.20689 -0.03334
v 0.40578 0.18166 0.05071
v 0.48602 0.15913 0.14051
v 0.47275 0.15659 0.21751
v 0.38796 0.18482 0.04123
v 0.18143 0.23048 -0.01235
v 0.28146 0.19447 -0.04279
v 0.49996 0.14843 0.20041
v 0.49197 0.15414 0.03261
v 0.45586 0.16629 0.02716
v 0.51258 0.12375 0.29105
v 0.41802 0.16759 -0.04098
v 0.39773 0.17253 -0.04127
v 0.35906 0.16682 -0.10319
v 0.16805 0.23746 -0.10862
v 0.25670 0.19087 -0.11359
v 0.31781 0.17657 -0.09654
v 0.53557 0.13364 0.18763
v 0.55333 0.12944 0.11912
v 0.55376 0.12860 0.07385
v 0.48231 0.14592 -0.04392
v 0.14517 0.24955 -0.01810
v 0.44374 0.11476 0.39513
v 0.56456 0.11253 0.21542
v 0.29862 0.16208 -0.16540
v 0.54336 0.12342 -0.01323
v 0.45261 0.13696 -0.11755
v 0.38964 0.15170 -0.13203
v 0.58099 0.10591 0.02066
v 0.22045 0.18069 -0.20630
v 0.09123 0.26998 0.03120
v 0.01159 0.28059 0.10516
v -0.01961 0.26048 0.15879
v 0.47442 0.10283 0.39028
v 0.09638 0.28357 -0.04081
v 0.59457 0.09691 0.18131
v 0.25832 0.13096 0.44977
v 0.19633 0.14767 0.41804
v 0.32739 0.12856 0.43640
v 0.01112 0.32270 0.01692
v 0.19177 0.21293 -0.16269
v 0.17260 0.19661 -0.24399
v 0.59017 0.10360 0.05272
v 0.12898 0.26437 -0.11966
v 0.60713 0.09276 0.10851
v -0.10766 0.35652 0.06123
v 0.33826 0.09854 0.48172
v 0.41101 0.09696 0.44910
v 0.58355 0.08008 0.27654
v 0.59514 0.09343 0.19796
v 0.01257 0.34651 -0.06991
v 0.03946 0.32304 -0.04228
v -0.02751 0.37095 -0.07493
v 0.03032 0.33914 -0.10870
v -0.05415 0.35993 0.01096
v -0.08653 0.38091 -0.01133
v -0.13083 0.40378 -0.05085
v -0.13568 0.41217 -0.10421
v -0.04332 0.38320 -0.13967
v -0.12028 0.40742 -0.17927
v 0.00680 0.35562 -0.11753
v -0.22952 0.41417 -0.04801
v -0.17179 0.39168 0.01572
v -0.09052 0.39029 -0.23059
v -0.03291 0.37035 -0.21205
v -0.21682 0.42157 -0.16713
v 0.02575 0.33885 -0.18838
v -0.17270 0.40981 -0.22765
v 0.55031 0.07985 0.33861
v -0.25719 0.40003 0.00078
v -0.29056 0.41756 -0.10242
v 0.04363 0.31783 -0.22111
v 0.60551 0.07816 0.22101
v -0.05447 0.36480 -0.26858
v 0.51374 0.07685 0.39095
v -0.28635 0.41856 -0.15991
v -0.20243 0.35789 0.08972
v -0.16293 0.39278 -0.28448
v 0.55391 0.10285 -0.06476
v 0.48433 0.11334 -0.14161
v -0.24289 0.36143 0.08514
v -0.13195 0.37338 -0.31639
v -0.16417 0.33201 0.12007
v 0.14618 0.14664 0.41455
v 0.42747 0.06939 0.47191
v -0.24502 0.39945 -0.27994
v -0.26645 0.40593 -0.25336
v -0.33095 0.39252 -0.01110
v -0.34373 0.40208 -0.06335
v -0.02494 0.33429 -0.30323
v 0.40129 0.13213 -0.17449
v 0.62872 0.06845 0.06638
v 0.59878 0.07891 -0.02699
v 0.28893 0.13170 -0.23944
v 0.63242 0.05307 0.19132
v 0.63158 0.05783 0.17979
v 0.63592 0.06123 0.10173
v -0.31511 0.40308 -0.23623
v 0.02467 0.30162 -0.29835
v -0.04059 0.20676 0.24124
v 0.00235 0.20077 0.24515
v 0.00974 0.12929 0.39219
v -0.07626 0.21526 0.23449
v -0.03995 0.18162 0.27730
v 0.23234 0.08843 0.51524
v 0.16390 0.10267 0.49599
v -0.05366 0.14592 0.32906
v -0.33976 0.35346 0.07156
v -0.31138 0.34918 0.09053
v 0.09182 0.12590 0.44252
v -0.36114 0.40324 -0.14365
v -0.19608 0.30616 0.15560
v 0.60913 0.05248 0.27063
v 0.60005 0.05569 0.28710
v 0.57552 0.04000 0.35043
v -0.28431 0.31537 0.14221
v 0.62156 0.06009 -0.00500
v 0.62220 0.05438 0.22925
v 0.22683 0.15192 -0.25543
v 0.26868 0.16477 -0.18685
v -0.08983 0.33530 -0.35964
v 0.25166 0.16732 -0.19896
v 0.55975 0.07900 -0.10749
v 0.07916 0.28452 -0.23113
v 0.14367 0.23931 -0.19710
v 0.15593 0.22032 -0.22211
v -0.17540 0.35836 -0.36196
v -0.22618 0.35598 -0.37238
v 0.39491 0.11046 -0.21973
v 0.53229 0.04968 0.40012
v 0.55251 0.07455 -0.12573
v 0.42415 0.08602 -0.23635
v 0.48663 0.09697 -0.17031
v 0.10243 0.24799 -0.26638
v 0.16106 0.18606 -0.27852
v 0.53649 0.05913 -0.16591
v 0.60463 0.05643 -0.05950
v -0.38715 0.38764 -0.20876
v 0.01935 0.28673 -0.32990
v -0.04075 0.29903 -0.37413
v -0.29715 0.37652 -0.32382
v 0.28303 0.11920 -0.26275
v -0.39754 0.38253 -0.05712
v 0.29936 0.08872 -0.29159
v 0.20694 0.12548 -0.30758
v 0.11651 0.21012 -0.30496
v 0.46598 0.05698 -0.23572
v 0.01061 0.26617 -0.36656
v -0.34335 0.36639 -0.32158
v 0.38897 0.04562 0.51045
v 0.33111 0.04976 0.52990
v 0.29589 0.05394 0.53627
v -0.40893 0.35428 0.01653
v -0.14283 0.29882 -0.42962
v 0.64307 0.03898 0.03945
v 0.63784 0.03991 0.01420
v 0.51805 0.03319 0.42650
v -0.08120 0.27287 -0.42916
v 0.05393 0.08974 0.48239
v -0.03263 0.11762 0.38717
v -0.11264 0.11736 0.34281
v -0.00822 0.09733 0.43860
v -0.13393 0.16068 0.29058
v -0.20412 0.26182 0.19886
v -0.44887 0.36470 -0.14003
v -0.39208 0.35911 -0.29730
v 0.07777 0.21961 -0.34304
v 0.11229 0.06119 0.52881
v -0.34075 0.31476 0.12628
v -0.11890 0.09114 0.36788
v -0.28882 0.25619 0.19649
v -0.43788 0.32039 0.05178
v -0.37113 0.29073 0.13967
v -0.46527 0.33749 -0.02613
v -0.41413 0.28384 0.12180
v 0.18340 0.04155 0.55104
v 0.46050 0.02359 0.47879
v -0.45672 0.35329 -0.20449
v -0.43327 0.34987 -0.26781
v -0.32975 0.25680 0.18647
v -0.20462 0.30452 -0.43592
v -0.22981 0.31618 -0.42454
v -0.29087 0.32068 -0.41251
v -0.35435 0.33392 -0.37136
v -0.50248 0.32278 -0.08062
v -0.04033 0.09091 0.42450
v 0.57370 0.04687 -0.12770
v 0.17309 0.13211 -0.32908
v 0.15226 0.12611 -0.35185
v 0.65282 0.02566 0.10250
v 0.64995 0.03343 0.12634
v -0.38828 0.32347 -0.36519
v 0.62738 0.01932 0.25893
v 0.64116 0.02847 0.20301
v 0.61893 0.02173 0.27966
v -0.44417 0.32370 -0.31198
v -0.51241 0.31617 -0.17543
v 0.65013 0.00885 0.17505
v -0.51841 0.27763 0.01065
v 0.60040 0.00835 0.32360
v 0.37892 0.02023 0.52472
v 0.55393 -0.00894 0.39309
v 0.64363 -0.00369 0.20811
v 0.65323 -0.01347 0.13556
v 0.48849 -0.01822 0.45722
v 0.65197 -0.01635 0.06793
v 0.65197 -0.01635 0.06793
v 0.65282 0.02566 0.10250
v 0.64995 0.03343 0.12634
vt 0.34544 0.85842
vt 0.32933 0.87765
vt 0.32336 0.83904
vt 0.36386 0.83653
vt 0.35243 0.86896
vt 0.38469 0.84046
vt 0.42324 0.81721
vt 0.44527 0.82722
vt 0.44865 0.80968
vt 0.47620 0.82797
vt 0.48686 0.81847
vt 0.44779 0.84019
vt 0.39537 0.86106
vt 0.37651 0.85584
vt 0.35964 0.81986
vt 0.38909 0.80827
vt 0.47308 0.80078
vt 0.34745 0.80782
vt 0.30825 0.81242
vt 0.27740 0.83170
vt 0.26082 0.83514
vt 0.25965 0.85600
vt 0.28387 0.86592
vt 0.25709 0.87934
vt 0.22620 0.86849
vt 0.28306 0.88320
vt 0.27064 0.88598
vt 0.21799 0.85357
vt 0.23892 0.82608
vt 0.32134 0.86562
vt 0.28653 0.89182
vt 0.26699 0.91093
vt 0.21441 0.88467
vt 0.24050 0.90761
vt 0.25080 0.91223
vt 0.24912 0.80205
vt 0.26939 0.80216
vt 0.21231 0.89900
vt 0.50197 0.79887
vt 0.19422 0.83037
vt 0.20509 0.82049
vt 0.19166 0.87221
vt 0.51727 0.81431
vt 0.21149 0.79856
vt 0.22596 0.78405
vt 0.41058 0.80032
vt 0.17367 0.84718
vt 0.32921 0.79604
vt 0.35826 0.79260
vt 0.28657 0.77644
vt 0.25190 0.78569
vt 0.25716 0.77052
vt 0.43883 0.79402
vt 0.18661 0.81385
vt 0.16085 0.86032
vt 0.21623 0.91457
vt 0.51661 0.83166
vt 0.30256 0.91782
vt 0.29061 0.92852
vt 0.33411 0.89735
vt 0.25676 0.92903
vt 0.36218 0.89513
vt 0.24209 0.93189
vt 0.27942 0.93822
vt 0.16526 0.81553
vt 0.54242 0.80268
vt 0.17698 0.91177
vt 0.38957 0.87499
vt 0.36983 0.87509
vt 0.20910 0.94123
vt 0.17656 0.93390
vt 0.25315 0.94929
vt 0.23197 0.95529
vt 0.16691 0.88599
vt 0.54264 0.82582
vt 0.48916 0.84441
vt 0.51433 0.83783
vt 0.32342 0.92281
vt 0.31099 0.92473
vt 0.46810 0.86012
vt 0.30205 0.94486
vt 0.56608 0.82379
vt 0.42104 0.88015
vt 0.27508 0.96817
vt 0.30302 0.96317
vt 0.17324 0.92049
vt 0.32864 0.93472
vt 0.43361 0.86322
vt 0.56100 0.80304
vt 0.54165 0.84379
vt 0.24913 0.97610
vt 0.40556 0.89965
vt 0.37621 0.92436
vt 0.33276 0.95279
vt 0.20755 0.97900
vt 0.18493 0.96170
vt 0.36395 0.93089
vt 0.52518 0.86990
vt 0.49549 0.87332
vt 0.31589 0.97837
vt 0.29517 0.99855
vt 0.14957 0.84219
vt 0.20881 0.77231
vt 0.33940 0.77876
vt 0.35003 0.77314
vt 0.18627 0.77832
vt 0.23174 0.75523
vt 0.27354 0.75932
vt 0.47542 0.78988
vt 0.13756 0.89324
vt 0.30439 0.76533
vt 0.36570 0.77198
vt 0.25451 0.75239
vt 0.15799 0.78818
vt 0.51675 0.78606
vt 0.53942 0.79070
vt 0.35240 0.78894
vt 0.13836 0.82307
vt 0.28926 0.74688
vt 0.59889 0.81522
vt 0.13577 0.92883
vt 0.16518 0.95909
vt 0.59471 0.80551
vt 0.59391 0.82700
vt 0.57505 0.85058
vt 0.60135 0.84431
vt 0.26634 0.73756
vt 0.23836 0.73644
vt 0.19440 0.74797
vt 0.32360 0.75664
vt 0.40382 0.78338
vt 0.45843 0.77752
vt 0.16483 0.75831
vt 0.21389 0.72789
vt 0.28104 0.72851
vt 0.31125 0.74224
vt 0.12645 0.79646
vt 0.25959 0.71739
vt 0.57210 0.78662
vt 0.54522 0.77426
vt 0.33242 0.73984
vt 0.18985 0.72753
vt 0.13197 0.75962
vt 0.15656 0.71865
vt 0.14921 0.73873
vt 0.18002 0.72179
vt 0.59675 0.78520
vt 0.60688 0.79512
vt 0.18370 0.99855
vt 0.15586 0.98089
vt 0.63085 0.82107
vt 0.61849 0.79593
vt 0.64680 0.80270
vt 0.75948 0.48296
vt 0.78642 0.48823
vt 0.78301 0.46052
vt 0.75717 0.54523
vt 0.77291 0.54234
vt 0.74317 0.47916
vt 0.73890 0.50538
vt 0.74563 0.55945
vt 0.71556 0.53525
vt 0.77121 0.57119
vt 0.75816 0.45248
vt 0.77198 0.44838
vt 0.73930 0.43254
vt 0.79690 0.55389
vt 0.79739 0.52958
vt 0.80518 0.48874
vt 0.75491 0.41588
vt 0.78666 0.58104
vt 0.79202 0.42420
vt 0.74878 0.59151
vt 0.71364 0.56638
vt 0.73087 0.59459
vt 0.71962 0.47780
vt 0.76666 0.40787
vt 0.77337 0.38022
vt 0.75737 0.36838
vt 0.76801 0.34599
vt 0.78253 0.36453
vt 0.77926 0.34315
vt 0.77733 0.30750
vt 0.75834 0.32143
vt 0.77199 0.60762
vt 0.70166 0.54024
vt 0.72456 0.44647
vt 0.69613 0.56139
vt 0.70219 0.58811
vt 0.69263 0.57207
vt 0.74667 0.34178
vt 0.78353 0.41256
vt 0.75521 0.61743
vt 0.74173 0.38455
vt 0.81233 0.55982
vt 0.80688 0.57648
vt 0.79654 0.60212
vt 0.72925 0.61779
vt 0.77132 0.28175
vt 0.68749 0.51732
vt 0.70285 0.48104
vt 0.70187 0.61877
vt 0.74591 0.36250
vt 0.81088 0.46565
vt 0.82554 0.53272
vt 0.82625 0.55253
vt 0.79262 0.32042
vt 0.80549 0.44529
vt 0.82356 0.58910
vt 0.78278 0.62647
vt 0.83407 0.58401
vt 0.79465 0.38491
vt 0.82563 0.60515
vt 0.84601 0.56058
vt 0.84335 0.50856
vt 0.78978 0.27254
vt 0.80827 0.62753
vt 0.79838 0.34532
vt 0.80250 0.37043
vt 0.76412 0.64535
vt 0.72882 0.64257
vt 0.80053 0.29774
vt 0.86232 0.53894
vt 0.84088 0.60100
vt 0.86386 0.57287
vt 0.83615 0.62070
vt 0.86198 0.60234
vt 0.83848 0.46105
vt 0.71073 0.45236
vt 0.67314 0.56381
vt 0.66612 0.54420
vt 0.67282 0.53389
vt 0.67252 0.52169
vt 0.67492 0.59033
vt 0.67295 0.60934
vt 0.72470 0.41323
vt 0.74769 0.30395
vt 0.75861 0.27424
vt 0.79215 0.66510
vt 0.77611 0.23725
vt 0.82551 0.64439
vt 0.76681 0.66126
vt 0.74809 0.66837
vt 0.88123 0.55227
vt 0.79723 0.24490
vt 0.83068 0.42639
vt 0.83712 0.44433
vt 0.86107 0.63370
vt 0.86400 0.62185
vt 0.84449 0.64433
vt 0.88808 0.52066
vt 0.81548 0.31090
vt 0.87656 0.48993
vt 0.81259 0.34760
vt 0.88805 0.58689
vt 0.81991 0.39970
vt 0.81327 0.26348
vt 0.82783 0.66129
vt 0.70392 0.66137
vt 0.69271 0.63618
vt 0.67097 0.48226
vt 0.68725 0.46352
vt 0.65497 0.56505
vt 0.66745 0.63864
vt 0.64773 0.58612
vt 0.65060 0.49934
vt 0.65140 0.51577
vt 0.63548 0.53851
vt 0.63878 0.55668
vt 0.69123 0.66637
vt 0.68795 0.43036
vt 0.63457 0.61477
vt 0.72735 0.37548
vt 0.72496 0.36136
vt 0.73150 0.33166
vt 0.82173 0.68261
vt 0.79167 0.20488
vt 0.75852 0.22601
vt 0.64277 0.46781
vt 0.61773 0.58038
vt 0.64129 0.64243
vt 0.80577 0.21480
vt 0.76224 0.21063
vt 0.77769 0.19163
vt 0.85755 0.66870
vt 0.88808 0.62950
vt 0.88019 0.65893
vt 0.79664 0.16627
vt 0.78026 0.14915
vt 0.80087 0.13478
vt 0.84675 0.87158
vt 0.83572 0.84277
vt 0.83216 0.88169
vt 0.82448 0.85086
vt 0.81624 0.87713
vt 0.86464 0.86116
vt 0.79996 0.84736
vt 0.79524 0.86857
vt 0.80405 0.88498
vt 0.80607 0.82097
vt 0.83367 0.81216
vt 0.77985 0.86003
vt 0.77928 0.83225
vt 0.85408 0.81496
vt 0.87303 0.82300
vt 0.87893 0.84915
vt 0.80418 0.79350
vt 0.77336 0.81657
vt 0.84491 0.77901
vt 0.82249 0.77394
vt 0.77762 0.79207
vt 0.76957 0.85807
vt 0.87268 0.77972
vt 0.89120 0.80080
vt 0.89891 0.83184
vt 0.87121 0.89020
vt 0.88987 0.86572
vt 0.84805 0.90259
vt 0.90348 0.84396
vt 0.81955 0.90781
vt 0.91024 0.81966
vt 0.76950 0.88593
vt 0.78979 0.89867
vt 0.75723 0.83780
vt 0.87407 0.91100
vt 0.80424 0.91901
vt 0.83570 0.93150
vt 0.88925 0.90424
vt 0.91004 0.89188
vt 0.91755 0.86493
vt 0.87425 0.92498
vt 0.92515 0.84541
vt 0.91714 0.79627
vt 0.92936 0.82053
vt 0.92059 0.89366
vt 0.91073 0.91609
vt 0.80358 0.94106
vt 0.86433 0.95756
vt 0.79839 0.92662
vt 0.76779 0.90840
vt 0.76869 0.89150
vt 0.77921 0.93255
vt 0.76870 0.92478
vt 0.83089 0.96056
vt 0.81351 0.96176
vt 0.89026 0.94953
vt 0.75001 0.85694
vt 0.74349 0.88293
vt 0.75163 0.81514
vt 0.94155 0.89016
vt 0.93536 0.90808
vt 0.94871 0.86661
vt 0.91876 0.95300
vt 0.94768 0.84355
vt 0.94735 0.82232
vt 0.90717 0.77004
vt 0.77994 0.77689
vt 0.93873 0.80092
vt 0.81427 0.75996
vt 0.74025 0.83482
vt 0.88159 0.75248
vt 0.86211 0.73968
vt 0.84259 0.72899
vt 0.75154 0.93086
vt 0.74005 0.79891
vt 0.72199 0.85155
vt 0.72098 0.90696
vt 0.76534 0.95890
vt 0.89374 0.97560
vt 0.79050 0.98463
vt 0.88230 0.98489
vt 0.83571 0.98545
vt 0.81593 0.99275
vt 0.71519 0.89376
vt 0.70291 0.87345
vt 0.72878 0.93231
vt 0.95419 0.94261
vt 0.72637 0.95590
vt 0.96323 0.89307
vt 0.95541 0.84097
vt 0.97473 0.85380
vt 0.97515 0.91457
vt 0.92840 0.99069
vt 0.94692 0.77765
vt 0.96368 0.80448
vt 0.94932 0.97216
vt 0.75055 0.97742
vt 0.70778 0.82449
vt 0.73461 0.76981
vt 0.72366 0.79344
vt 0.98077 0.85205
vt 0.98549 0.82040
vt 0.99855 0.89473
vt 0.99646 0.86695
vt 0.98554 0.95122
vt 0.69354 0.92832
vt 0.70051 0.95188
vt 0.69041 0.84297
vt 0.97587 0.77164
vt 0.69471 0.80408
vt 0.99548 0.80884
vt 0.99855 0.77713
vt 0.97311 0.99051
vt 0.49334 0.43956
vt 0.49596 0.47285
vt 0.47919 0.46968
vt 0.44980 0.43847
vt 0.48220 0.41596
vt 0.44442 0.40756
vt 0.44509 0.47363
vt 0.42540 0.43343
vt 0.41930 0.45461
vt 0.47463 0.50090
vt 0.44405 0.50764
vt 0.42848 0.48940
vt 0.36399 0.47608
vt 0.42917 0.49992
vt 0.38405 0.45641
vt 0.34520 0.44691
vt 0.36762 0.43318
vt 0.40720 0.41522
vt 0.42740 0.39471
vt 0.33850 0.49518
vt 0.32740 0.42624
vt 0.46974 0.52479
vt 0.37570 0.50467
vt 0.35520 0.51155
vt 0.39860 0.53034
vt 0.41558 0.51437
vt 0.44835 0.55528
vt 0.38496 0.54810
vt 0.50953 0.51987
vt 0.35473 0.53706
vt 0.48173 0.56362
vt 0.47747 0.56361
vt 0.51939 0.48967
vt 0.37141 0.55775
vt 0.48728 0.56565
vt 0.51557 0.53041
vt 0.32714 0.46282
vt 0.40807 0.57383
vt 0.45060 0.58894
vt 0.38734 0.58536
vt 0.52437 0.50646
vt 0.34673 0.58264
vt 0.35917 0.54516
vt 0.51900 0.45813
vt 0.50102 0.43837
vt 0.52083 0.56877
vt 0.47795 0.60694
vt 0.46377 0.60258
vt 0.43912 0.60877
vt 0.53082 0.52402
vt 0.50576 0.59638
vt 0.30978 0.52287
vt 0.33053 0.55253
vt 0.54207 0.54220
vt 0.30716 0.50874
vt 0.30408 0.47710
vt 0.39010 0.39178
vt 0.34298 0.41458
vt 0.40835 0.61439
vt 0.37597 0.60073
vt 0.45686 0.38818
vt 0.48710 0.39813
vt 0.30069 0.44664
vt 0.44268 0.63296
vt 0.54745 0.49538
vt 0.37309 0.62677
vt 0.40256 0.64365
vt 0.43138 0.64196
vt 0.35556 0.62397
vt 0.47813 0.63241
vt 0.27582 0.52234
vt 0.29664 0.54662
vt 0.31188 0.53591
vt 0.26183 0.54736
vt 0.25672 0.50553
vt 0.24585 0.50806
vt 0.24406 0.54124
vt 0.25002 0.57925
vt 0.22931 0.56747
vt 0.21581 0.54691
vt 0.18903 0.57572
vt 0.22082 0.58819
vt 0.26916 0.57000
vt 0.22774 0.50957
vt 0.20991 0.58623
vt 0.20094 0.51832
vt 0.23895 0.60849
vt 0.28049 0.56365
vt 0.19524 0.58500
vt 0.25813 0.60198
vt 0.31236 0.56872
vt 0.17915 0.53879
vt 0.27390 0.60030
vt 0.21123 0.61044
vt 0.16922 0.56932
vt 0.26551 0.61186
vt 0.53295 0.44565
vt 0.30907 0.59026
vt 0.33352 0.56335
vt 0.19870 0.50287
vt 0.28482 0.47251
vt 0.51613 0.41052
vt 0.23035 0.62774
vt 0.21286 0.47762
vt 0.52954 0.59741
vt 0.32296 0.60312
vt 0.29376 0.61759
vt 0.17980 0.60155
vt 0.55533 0.46513
vt 0.55134 0.56821
vt 0.23211 0.46632
vt 0.51113 0.62562
vt 0.47270 0.37704
vt 0.56438 0.50985
vt 0.55703 0.54499
vt 0.28210 0.62939
vt 0.54538 0.44536
vt 0.15550 0.58730
vt 0.39338 0.66871
vt 0.25410 0.64965
vt 0.17783 0.62269
vt 0.55972 0.48229
vt 0.34211 0.63847
vt 0.22351 0.63983
vt 0.20502 0.63455
vt 0.30470 0.40902
vt 0.14604 0.55640
vt 0.41819 0.36971
vt 0.15303 0.52456
vt 0.16921 0.48959
vt 0.18973 0.47662
vt 0.38947 0.36885
vt 0.28449 0.42234
vt 0.30489 0.39289
vt 0.36020 0.38464
vt 0.46541 0.36700
vt 0.49023 0.37370
vt 0.51842 0.39290
vt 0.54170 0.41928
vt 0.43926 0.34928
vt 0.18193 0.63455
vt 0.14451 0.49888
vt 0.47472 0.64783
vt 0.13391 0.57987
vt 0.42978 0.65033
vt 0.44325 0.66426
vt 0.36512 0.66460
vt 0.15133 0.61225
vt 0.28712 0.64836
vt 0.54525 0.59815
vt 0.27437 0.41357
vt 0.26148 0.41743
vt 0.42497 0.67971
vt 0.49268 0.65452
vt 0.36498 0.35337
vt 0.20973 0.45657
vt 0.34615 0.66451
vt 0.33025 0.66995
vt 0.31993 0.37373
vt 0.12604 0.55290
vt 0.13257 0.52442
vt 0.22832 0.43326
vt 0.19183 0.65919
vt 0.15123 0.63523
vt 0.22687 0.66395
vt 0.24359 0.67971
vt 0.53415 0.62469
vt 0.16536 0.45131
vt 0.15304 0.65455
vt 0.11775 0.59030
vt 0.14334 0.46603
vt 0.55980 0.44672
vt 0.53987 0.39592
vt 0.57501 0.53688
vt 0.11403 0.50563
vt 0.56885 0.47926
vt 0.11565 0.63004
vt 0.57126 0.56434
vt 0.09491 0.56244
vt 0.09079 0.52937
vt 0.09790 0.51469
vt 0.10770 0.48549
vt 0.15465 0.67947
vt 0.12291 0.65173
vt 0.08891 0.59160
vt 0.56121 0.59714
vt 0.57900 0.50007
vt 0.52186 0.37497
vt 0.49365 0.35639
vt 0.07856 0.54702
vt 0.08409 0.62505
vt 0.08395 0.61235
vt 0.55843 0.41971
vt 0.06541 0.51790
vt 0.57994 0.46531
vt 0.55603 0.40503
vt 0.57539 0.43636
vt 0.57946 0.44501
vt 0.23862 0.18136
vt 0.24907 0.22223
vt 0.22290 0.20381
vt 0.20148 0.18802
vt 0.19412 0.20561
vt 0.23191 0.23914
vt 0.20468 0.24459
vt 0.25358 0.24983
vt 0.21698 0.27516
vt 0.14334 0.22907
vt 0.15542 0.20270
vt 0.12612 0.21225
vt 0.15331 0.25135
vt 0.12391 0.23956
vt 0.12609 0.26687
vt 0.10972 0.21007
vt 0.12349 0.18148
vt 0.10263 0.24706
vt 0.15911 0.27931
vt 0.09252 0.21509
vt 0.10109 0.18498
vt 0.15371 0.15611
vt 0.18853 0.15366
vt 0.20920 0.15074
vt 0.21639 0.12506
vt 0.14309 0.12630
vt 0.09955 0.14304
vt 0.09085 0.17120
vt 0.15096 0.12586
vt 0.23568 0.14414
vt 0.20297 0.11412
vt 0.08401 0.16077
vt 0.11498 0.10486
vt 0.12899 0.10938
vt 0.06232 0.18890
vt 0.15326 0.09166
vt 0.16061 0.09489
vt 0.18415 0.07849
vt 0.25824 0.11267
vt 0.22374 0.09240
vt 0.19818 0.08781
vt 0.07281 0.15025
vt 0.07778 0.12363
vt 0.08495 0.10784
vt 0.13016 0.07918
vt 0.25118 0.14954
vt 0.06566 0.23544
vt 0.05608 0.15446
vt 0.21547 0.06445
vt 0.10235 0.07864
vt 0.15173 0.05695
vt 0.17695 0.06239
vt 0.08196 0.08323
vt 0.25155 0.06339
vt 0.26302 0.17691
vt 0.27755 0.21667
vt 0.27560 0.24197
vt 0.05534 0.22873
vt 0.27591 0.15147
vt 0.04947 0.13723
vt 0.11612 0.28761
vt 0.14307 0.28905
vt 0.09657 0.26997
vt 0.29862 0.18638
vt 0.25723 0.08738
vt 0.27624 0.05927
vt 0.07321 0.09297
vt 0.27666 0.11781
vt 0.05666 0.10926
vt 0.33239 0.22005
vt 0.08152 0.28445
vt 0.06424 0.25987
vt 0.03491 0.17210
vt 0.04596 0.14288
vt 0.31585 0.15867
vt 0.29982 0.16217
vt 0.33161 0.16409
vt 0.31593 0.14302
vt 0.32446 0.19516
vt 0.33992 0.19334
vt 0.36112 0.18838
vt 0.37149 0.17331
vt 0.34793 0.14724
vt 0.37866 0.14837
vt 0.32661 0.14479
vt 0.39028 0.20505
vt 0.36192 0.21529
vt 0.37721 0.12732
vt 0.35565 0.12260
vt 0.40579 0.16762
vt 0.33103 0.11812
vt 0.40210 0.14215
vt 0.03604 0.19899
vt 0.39020 0.22465
vt 0.41731 0.19882
vt 0.32883 0.10275
vt 0.03609 0.14886
vt 0.37116 0.10791
vt 0.03879 0.22285
vt 0.42542 0.18094
vt 0.35679 0.24522
vt 0.40805 0.12233
vt 0.10523 0.05671
vt 0.14290 0.04125
vt 0.37024 0.25056
vt 0.40348 0.10600
vt 0.33766 0.25039
vt 0.15954 0.29855
vt 0.05067 0.26609
vt 0.43270 0.13723
vt 0.43490 0.14915
vt 0.41438 0.23405
vt 0.42705 0.21999
vt 0.36583 0.08900
vt 0.17838 0.04358
vt 0.05224 0.08859
vt 0.08030 0.06044
vt 0.22878 0.03525
vt 0.02674 0.13248
vt 0.02998 0.12863
vt 0.04239 0.09971
vt 0.44726 0.16228
vt 0.34660 0.07850
vt 0.26077 0.27850
vt 0.24508 0.27117
vt 0.20726 0.32344
vt 0.27502 0.28284
vt 0.25127 0.29310
vt 0.10798 0.31766
vt 0.13472 0.32436
vt 0.24239 0.31684
vt 0.40236 0.26449
vt 0.39002 0.26575
vt 0.16997 0.32091
vt 0.44592 0.19842
vt 0.33912 0.27039
vt 0.02141 0.16546
vt 0.02282 0.17301
vt 0.01747 0.19977
vt 0.37069 0.28117
vt 0.06533 0.06231
vt 0.02417 0.14823
vt 0.25501 0.04072
vt 0.22987 0.06123
vt 0.39642 0.08114
vt 0.23813 0.05967
vt 0.10781 0.03727
vt 0.31530 0.09004
vt 0.28257 0.08584
vt 0.28076 0.07276
vt 0.42496 0.09705
vt 0.44333 0.10148
vt 0.18653 0.02560
vt 0.02612 0.22386
vt 0.11313 0.03116
vt 0.17735 0.01210
vt 0.14556 0.02875
vt 0.30960 0.06952
vt 0.28499 0.04718
vt 0.12410 0.01653
vt 0.08060 0.04424
vt 0.46620 0.18296
vt 0.35247 0.06642
vt 0.38135 0.06279
vt 0.45746 0.13065
vt 0.23389 0.02577
vt 0.44312 0.23243
vt 0.23082 0.00841
vt 0.26809 0.02034
vt 0.30713 0.04829
vt 0.16028 0.00145
vt 0.35983 0.05159
vt 0.47298 0.13854
vt 0.05155 0.28900
vt 0.06746 0.30716
vt 0.07889 0.31614
vt 0.43442 0.26004
vt 0.42614 0.06121
vt 0.04555 0.07257
vt 0.05207 0.06407
vt 0.02237 0.23642
vt 0.40467 0.04690
vt 0.17173 0.34629
vt 0.22144 0.33333
vt 0.25656 0.33882
vt 0.20148 0.34577
vt 0.27724 0.32086
vt 0.32930 0.29203
vt 0.47536 0.21642
vt 0.48561 0.15471
vt 0.32778 0.04193
vt 0.14103 0.35217
vt 0.39197 0.28709
vt 0.25180 0.35217
vt 0.35779 0.30921
vt 0.43852 0.28149
vt 0.39903 0.30148
vt 0.46148 0.25828
vt 0.41691 0.30502
vt 0.11129 0.34708
vt 0.02851 0.26639
vt 0.49137 0.19730
vt 0.49542 0.17168
vt 0.37401 0.31425
vt 0.44853 0.06995
vt 0.45541 0.07987
vt 0.47423 0.09516
vt 0.48822 0.12145
vt 0.48563 0.24890
vt 0.21449 0.35023
vt 0.10285 0.02174
vt 0.28354 0.01804
vt 0.29339 0.01114
vt 0.02754 0.09317
vt 0.02612 0.10339
vt 0.50016 0.12914
vt 0.00734 0.15718
vt 0.01521 0.13396
vt 0.00781 0.16706
vt 0.51017 0.15736
vt 0.50815 0.22007
vt 0.00987 0.11995
vt 0.47725 0.28849
vt 0.00297 0.18701
vt 0.04594 0.29981
vt 0.00159 0.22181
vt 0.00145 0.13306
vt 0.00573 0.10096
vt 0.00805 0.25826
vt 0.01350 0.07299
vt 0.94622 0.63043
vt 0.94041 0.61023
vt 0.94622 0.60145
vn 0.5152 -0.2905 -0.8064
vn 0.5877 -0.3572 -0.7260
vn 0.5389 -0.0487 -0.8409
vn 0.3995 -0.1348 -0.9068
vn 0.5268 -0.4105 -0.7443
vn 0.3476 -0.2920 -0.8910
vn 0.3221 0.0650 -0.9445
vn 0.4131 -0.2931 -0.8622
vn 0.4552 0.1829 -0.8714
vn 0.5453 -0.3989 -0.7373
vn 0.6353 -0.1877 -0.7491
vn 0.3612 -0.5618 -0.7443
vn 0.3577 -0.6025 -0.7135
vn 0.4049 -0.4467 -0.7978
vn 0.4057 0.1248 -0.9054
vn 0.3287 0.3341 -0.8834
vn 0.5600 0.3256 -0.7619
vn 0.4700 0.2672 -0.8412
vn 0.5704 0.1514 -0.8073
vn 0.5645 0.0390 -0.8245
vn 0.4797 0.0304 -0.8769
vn 0.4563 -0.1074 -0.8833
vn 0.5543 -0.1815 -0.8123
vn 0.4116 -0.2598 -0.8735
vn 0.2346 -0.1695 -0.9572
vn 0.5387 -0.2921 -0.7902
vn 0.4818 -0.3054 -0.8214
vn 0.1966 -0.0600 -0.9786
vn 0.3503 0.1089 -0.9303
vn 0.5754 -0.2450 -0.7803
vn 0.5421 -0.3484 -0.7647
vn 0.4175 -0.4591 -0.7841
vn 0.1408 -0.2689 -0.9528
vn 0.2655 -0.4333 -0.8613
vn 0.3188 -0.4643 -0.8263
vn 0.4248 0.2565 -0.8682
vn 0.5364 0.2378 -0.8097
vn 0.1086 -0.3604 -0.9265
vn 0.6761 0.3185 -0.6644
vn 0.0598 0.1144 -0.9916
vn 0.1360 0.1709 -0.9759
vn 0.0095 -0.1621 -0.9867
vn 0.7590 -0.1166 -0.6406
vn 0.1869 0.3026 -0.9346
vn 0.2869 0.3826 -0.8782
vn 0.2980 0.4801 -0.8250
vn -0.0861 0.0195 -0.9961
vn 0.5539 0.3296 -0.7646
vn 0.4583 0.4679 -0.7557
vn 0.5752 0.3995 -0.7139
vn 0.4453 0.3552 -0.8219
vn 0.4744 0.4403 -0.7623
vn 0.3496 0.5537 -0.7558
vn 0.0188 0.2228 -0.9747
vn -0.1792 -0.0531 -0.9824
vn 0.1103 -0.4588 -0.8817
vn 0.6537 -0.5127 -0.5567
vn 0.5764 -0.5077 -0.6403
vn 0.5197 -0.5546 -0.6499
vn 0.6143 -0.4813 -0.6253
vn 0.3228 -0.5599 -0.7631
vn 0.5785 -0.5853 -0.5682
vn 0.2325 -0.5699 -0.7881
vn 0.4366 -0.6087 -0.6624
vn -0.1241 0.2196 -0.9677
vn 0.8278 0.1845 -0.5298
vn -0.1354 -0.3927 -0.9097
vn 0.4186 -0.6557 -0.6283
vn 0.4930 -0.5476 -0.6761
vn 0.0286 -0.5920 -0.8054
vn -0.1629 -0.5127 -0.8430
vn 0.2645 -0.6590 -0.7041
vn 0.1374 -0.6747 -0.7252
vn -0.1697 -0.2202 -0.9606
vn 0.7738 -0.3987 -0.4922
vn 0.4809 -0.6734 -0.5615
vn 0.5998 -0.6049 -0.5238
vn 0.6213 -0.5589 -0.5492
vn 0.5963 -0.5484 -0.5862
vn 0.3313 -0.7850 -0.5234
vn 0.5457 -0.6314 -0.5510
vn 0.8483 -0.3495 -0.3979
vn 0.3096 -0.8022 -0.5105
vn 0.3495 -0.7441 -0.5694
vn 0.5080 -0.7132 -0.4830
vn -0.1690 -0.4365 -0.8837
vn 0.6299 -0.6082 -0.4830
vn 0.2584 -0.7631 -0.5923
vn 0.8761 0.1849 -0.4453
vn 0.6306 -0.6650 -0.4002
vn 0.1967 -0.7688 -0.6085
vn 0.4333 -0.7889 -0.4357
vn 0.6138 -0.6959 -0.3728
vn 0.6320 -0.6655 -0.3971
vn -0.0359 -0.7494 -0.6611
vn -0.1442 -0.6527 -0.7438
vn 0.6419 -0.6673 -0.3778
vn 0.4326 -0.8422 -0.3218
vn 0.3434 -0.8584 -0.3811
vn 0.5299 -0.7618 -0.3725
vn 0.3747 -0.8475 -0.3760
vn -0.2392 0.0621 -0.9690
vn 0.1788 0.4613 -0.8690
vn 0.5608 0.4941 -0.6643
vn 0.5389 0.5679 -0.6222
vn 0.0278 0.4344 -0.9003
vn 0.3276 0.5466 -0.7706
vn 0.5504 0.4881 -0.6774
vn 0.5175 0.5271 -0.6740
vn -0.3587 -0.2118 -0.9091
vn 0.6060 0.4770 -0.6366
vn 0.4749 0.6395 -0.6046
vn 0.4549 0.5425 -0.7063
vn -0.1610 0.3793 -0.9112
vn 0.6437 0.5446 -0.5376
vn 0.7463 0.4491 -0.4913
vn 0.4915 0.4757 -0.7295
vn -0.3010 0.1739 -0.9376
vn 0.5894 0.5496 -0.5920
vn 0.9617 -0.0972 -0.2565
vn -0.4008 -0.4023 -0.8231
vn -0.2542 -0.6087 -0.7516
vn 0.9485 0.1504 -0.2787
vn 0.8902 -0.3738 -0.2603
vn 0.6473 -0.7181 -0.2556
vn 0.7587 -0.6272 -0.1763
vn 0.5038 0.6044 -0.6172
vn 0.3595 0.6374 -0.6815
vn 0.0874 0.6087 -0.7886
vn 0.6191 0.5491 -0.5614
vn 0.2981 0.6802 -0.6697
vn 0.3784 0.7109 -0.5929
vn -0.1055 0.5550 -0.8251
vn 0.2121 0.7002 -0.6818
vn 0.5615 0.6260 -0.5411
vn 0.6235 0.5831 -0.5209
vn -0.3637 0.3180 -0.8756
vn 0.4490 0.7021 -0.5527
vn 0.7773 0.5300 -0.3390
vn 0.6257 0.6756 -0.3900
vn 0.6313 0.6233 -0.4614
vn 0.0591 0.7141 -0.6976
vn -0.3124 0.5360 -0.7843
vn -0.1465 0.7543 -0.6400
vn -0.1969 0.6584 -0.7265
vn -0.0015 0.7430 -0.6693
vn 0.7979 0.5595 -0.2242
vn 0.8979 0.3917 -0.2009
vn -0.1959 -0.7879 -0.5838
vn -0.3342 -0.6749 -0.6579
vn 0.9728 -0.2147 -0.0868
vn 0.9120 0.3836 -0.1455
vn 0.9676 0.2523 -0.0075
vn -0.4530 -0.0223 0.8912
vn -0.3740 -0.2410 0.8956
vn -0.4635 -0.3022 0.8330
vn -0.4511 -0.0425 0.8915
vn -0.4203 -0.1362 0.8971
vn -0.4423 0.1284 0.8876
vn -0.3840 0.1000 0.9179
vn -0.5432 0.0257 0.8392
vn -0.4003 0.2355 0.8856
vn -0.5913 -0.1490 0.7926
vn -0.5681 0.0251 0.8225
vn -0.5604 -0.1946 0.8051
vn -0.5230 0.4057 0.7496
vn -0.4581 -0.2905 0.8401
vn -0.3590 -0.2719 0.8929
vn -0.2878 -0.3707 0.8830
vn -0.6350 0.2071 0.7442
vn -0.6253 -0.2536 0.7380
vn -0.4816 -0.5423 0.6885
vn -0.7184 -0.0164 0.6955
vn -0.5835 0.2382 0.7764
vn -0.7375 0.1045 0.6672
vn -0.3427 0.3285 0.8801
vn -0.6590 -0.0748 0.7484
vn -0.6052 -0.2218 0.7645
vn -0.5457 0.2989 0.7828
vn -0.4559 0.0275 0.8896
vn -0.4897 -0.4329 0.7569
vn -0.4150 -0.3130 0.8543
vn -0.2365 -0.1691 0.9568
vn -0.3054 0.3608 0.8812
vn -0.7716 -0.1768 0.6111
vn -0.4219 0.3229 0.8472
vn -0.3964 0.4651 0.7915
vn -0.5414 0.3544 0.7624
vn -0.6913 0.3022 0.6563
vn -0.5983 0.3725 0.7094
vn -0.3638 0.5692 0.7373
vn -0.5616 -0.4560 0.6904
vn -0.8262 -0.0741 0.5585
vn -0.5193 0.5834 0.6244
vn -0.4659 -0.3899 0.7943
vn -0.5662 -0.3749 0.7341
vn -0.7108 -0.3288 0.6218
vn -0.8351 0.0981 0.5413
vn -0.0953 0.0806 0.9922
vn -0.3011 0.4196 0.8563
vn -0.2621 0.4191 0.8693
vn -0.8212 0.2784 0.4982
vn -0.4554 0.5580 0.6938
vn -0.2664 -0.4888 0.8307
vn -0.3012 -0.4357 0.8482
vn -0.3977 -0.4613 0.7931
vn -0.2534 -0.5577 0.7905
vn -0.3367 -0.5617 0.7557
vn -0.5924 -0.4842 0.6439
vn -0.8284 -0.2523 0.5002
vn -0.5418 -0.5398 0.6443
vn -0.4783 -0.6514 0.5890
vn -0.6582 -0.5042 0.5591
vn -0.3939 -0.5804 0.7128
vn -0.1607 -0.5299 0.8327
vn -0.0292 -0.3903 0.9202
vn -0.7850 -0.4073 0.4667
vn -0.3281 -0.6671 0.6688
vn -0.3896 -0.7250 0.5680
vn -0.9068 -0.1423 0.3967
vn -0.9145 0.0819 0.3963
vn -0.1328 -0.6264 0.7681
vn -0.2376 -0.6327 0.7370
vn -0.5993 -0.5854 0.5461
vn -0.4046 -0.6803 0.6111
vn -0.6884 -0.5647 0.4552
vn -0.5405 -0.6871 0.4856
vn -0.0865 -0.6086 0.7887
vn -0.2897 0.5133 0.8079
vn -0.5259 0.4925 0.6934
vn -0.4046 0.5343 0.7422
vn -0.3558 0.4951 0.7926
vn -0.2869 0.4938 0.8209
vn -0.6642 0.4692 0.5820
vn -0.7413 0.4650 0.4840
vn -0.4060 0.6547 0.6375
vn -0.1893 0.5801 0.7922
vn -0.0554 0.4198 0.9059
vn -0.9140 -0.3091 0.2629
vn 0.1536 0.1077 0.9822
vn -0.7928 -0.5034 0.3435
vn -0.9395 -0.1632 0.3011
vn -0.9657 -0.0558 0.2536
vn -0.2488 -0.7339 0.6320
vn 0.1145 -0.4503 0.8855
vn -0.1773 -0.7506 0.6365
vn -0.1006 -0.6779 0.7282
vn -0.6535 -0.6811 0.3302
vn -0.6069 -0.6949 0.3857
vn -0.7373 -0.6014 0.3077
vn -0.0710 -0.7231 0.6871
vn -0.1445 -0.7810 0.6076
vn 0.0318 -0.6626 0.7483
vn -0.2753 -0.7875 0.5515
vn -0.3864 -0.7941 0.4691
vn -0.2983 -0.8043 0.5138
vn 0.0266 -0.7104 0.7033
vn -0.8269 -0.5074 0.2424
vn -0.9422 0.2202 0.2524
vn -0.8678 0.3176 0.3821
vn -0.1352 0.5532 0.8220
vn -0.1542 0.5495 0.8211
vn -0.4998 0.5913 0.6329
vn -0.8309 0.4594 0.3139
vn -0.5879 0.6190 0.5207
vn -0.1403 0.6054 0.7835
vn -0.2259 0.6026 0.7654
vn -0.3207 0.6869 0.6522
vn -0.4220 0.6712 0.6094
vn -0.9362 0.2881 0.2014
vn -0.1323 0.6890 0.7125
vn -0.6722 0.6552 0.3449
vn -0.4076 0.7488 0.5227
vn -0.3511 0.7765 0.5232
vn -0.2633 0.7421 0.6164
vn -0.8781 -0.4620 0.1246
vn 0.3242 -0.1996 0.9247
vn 0.1738 0.5237 0.8340
vn 0.0114 0.6620 0.7494
vn -0.4793 0.7577 0.4429
vn -0.7808 0.5846 0.2206
vn 0.2500 -0.5244 0.8139
vn 0.2490 0.4894 0.8358
vn 0.3791 0.1986 0.9038
vn -0.7517 -0.6435 0.1445
vn -0.5336 -0.7947 0.2893
vn -0.6468 -0.7479 0.1493
vn 0.4980 -0.2148 0.8402
vn 0.5586 0.2352 0.7954
vn 0.6195 -0.2418 0.7468
vn -0.8750 -0.0003 -0.4842
vn -0.7720 -0.0767 -0.6310
vn -0.9030 -0.0943 -0.4192
vn -0.7970 -0.1463 -0.5860
vn -0.8772 -0.1967 -0.4380
vn -0.8336 0.1122 -0.5408
vn -0.7568 -0.2984 -0.5816
vn -0.8212 -0.3288 -0.4663
vn -0.8841 -0.2741 -0.3785
vn -0.6550 -0.2590 -0.7098
vn -0.6351 -0.0923 -0.7669
vn -0.7624 -0.4216 -0.4909
vn -0.6592 -0.4215 -0.6227
vn -0.6480 0.0371 -0.7607
vn -0.6737 0.1513 -0.7233
vn -0.7785 0.1954 -0.5964
vn -0.5220 -0.2692 -0.8093
vn -0.5776 -0.4514 -0.6802
vn -0.4710 -0.0281 -0.8817
vn -0.4390 -0.1635 -0.8835
vn -0.4697 -0.4197 -0.7767
vn -0.7308 -0.4813 -0.4841
vn -0.4617 0.1353 -0.8767
vn -0.5477 0.2466 -0.7995
vn -0.6798 0.3102 -0.6646
vn -0.9169 0.1639 -0.3639
vn -0.8229 0.2721 -0.4987
vn -0.9591 0.0123 -0.2829
vn -0.7205 0.3469 -0.6005
vn -0.9559 -0.1726 -0.2375
vn -0.6029 0.3725 -0.7055
vn -0.8119 -0.4820 -0.3294
vn -0.8913 -0.3613 -0.2738
vn -0.6249 -0.5455 -0.5584
vn -0.9577 0.1869 -0.2189
vn -0.9520 -0.2668 -0.1499
vn -0.9948 -0.0645 -0.0786
vn -0.9236 0.2866 -0.2546
vn -0.8543 0.4160 -0.3115
vn -0.7620 0.4514 -0.4643
vn -0.9747 0.1877 -0.1216
vn -0.6723 0.4864 -0.5580
vn -0.4770 0.3949 -0.7852
vn -0.5593 0.4909 -0.6680
vn -0.8288 0.4815 -0.2851
vn -0.8932 0.4223 -0.1545
vn -0.9649 -0.2626 -0.0042
vn -0.9893 0.1173 0.0873
vn -0.9494 -0.3000 -0.0934
vn -0.8546 -0.4856 -0.1842
vn -0.8235 -0.4859 -0.2928
vn -0.9124 -0.4075 -0.0397
vn -0.8788 -0.4705 -0.0798
vn -0.9904 -0.0881 0.1062
vn -0.9740 -0.1931 0.1183
vn -0.9581 0.2830 0.0443
vn -0.6718 -0.5852 -0.4541
vn -0.7269 -0.6153 -0.3050
vn -0.5137 -0.5671 -0.6438
vn -0.7507 0.6006 -0.2751
vn -0.8064 0.5645 -0.1763
vn -0.6639 0.6342 -0.3964
vn -0.8898 0.4487 0.0827
vn -0.5927 0.6153 -0.5197
vn -0.5121 0.5950 -0.6195
vn -0.3637 0.3180 -0.8756
vn -0.4008 -0.4023 -0.8231
vn -0.4450 0.5244 -0.7260
vn -0.3587 -0.2118 -0.9091
vn -0.5618 -0.6285 -0.5379
vn -0.3010 0.1739 -0.9376
vn -0.2392 0.0621 -0.9690
vn -0.1792 -0.0531 -0.9824
vn -0.8324 -0.5536 -0.0257
vn -0.4060 -0.6113 -0.6793
vn -0.5617 -0.7102 -0.4243
vn -0.6972 -0.7053 -0.1287
vn -0.8781 -0.4620 0.1246
vn -0.9362 0.2881 0.2014
vn -0.9140 -0.3091 0.2629
vn -0.9422 0.2202 0.2524
vn -0.9657 -0.0558 0.2536
vn -0.9395 -0.1632 0.3011
vn -0.6540 -0.7318 -0.1919
vn -0.5570 -0.7846 -0.2723
vn -0.7534 -0.6575 0.0086
vn -0.7678 0.6388 0.0485
vn -0.7517 -0.6435 0.1445
vn -0.6721 0.7049 -0.2266
vn -0.5565 0.6519 -0.5151
vn -0.5284 0.7441 -0.4087
vn -0.6587 0.7465 -0.0945
vn -0.8309 0.4594 0.3139
vn -0.3124 0.5360 -0.7843
vn -0.3845 0.6555 -0.6500
vn -0.7808 0.5846 0.2206
vn -0.8269 -0.5074 0.2424
vn -0.4131 -0.7552 -0.5089
vn -0.2542 -0.6087 -0.7516
vn -0.3342 -0.6749 -0.6579
vn -0.5024 0.7649 -0.4030
vn -0.3752 0.7629 -0.5265
vn -0.5270 0.8347 -0.1598
vn -0.4737 0.8278 -0.3005
vn -0.6351 0.7619 0.1274
vn -0.6022 -0.7979 0.0249
vn -0.6468 -0.7479 0.1493
vn -0.4133 -0.8241 -0.3874
vn -0.1969 0.6584 -0.7265
vn -0.2876 -0.7857 -0.5477
vn -0.2960 0.7881 -0.5396
vn -0.1465 0.7543 -0.6400
vn -0.6722 0.6552 0.3449
vn 0.4485 -0.8912 0.0680
vn 0.3527 -0.9233 0.1521
vn 0.2968 -0.9495 0.1024
vn 0.2862 -0.9577 -0.0282
vn 0.4866 -0.8731 -0.0285
vn 0.3703 -0.9198 -0.1301
vn 0.1919 -0.9806 0.0400
vn 0.2364 -0.9683 -0.0805
vn 0.1730 -0.9842 -0.0384
vn 0.2122 -0.9652 0.1531
vn 0.1259 -0.9867 0.1026
vn 0.1267 -0.9911 0.0408
vn 0.2804 -0.9598 0.0098
vn 0.1097 -0.9920 0.0620
vn 0.1628 -0.9840 -0.0721
vn 0.3500 -0.9292 -0.1185
vn 0.2134 -0.9629 -0.1653
vn 0.2409 -0.9560 -0.1672
vn 0.3638 -0.9090 -0.2032
vn 0.4431 -0.8892 0.1139
vn 0.4078 -0.8837 -0.2297
vn 0.1527 -0.9701 0.1886
vn 0.2273 -0.9688 0.0984
vn 0.3487 -0.9226 0.1652
vn 0.0990 -0.9870 0.1269
vn 0.0613 -0.9960 0.0647
vn 0.0453 -0.9779 0.2040
vn 0.1456 -0.9645 0.2202
vn 0.2873 -0.9103 0.2980
vn 0.3301 -0.9040 0.2717
vn 0.1030 -0.9444 0.3124
vn 0.0917 -0.9498 0.2992
vn 0.4123 -0.8718 0.2647
vn 0.2017 -0.9323 0.3004
vn 0.1133 -0.9348 0.3365
vn 0.2860 -0.8926 0.3485
vn 0.4788 -0.8766 -0.0470
vn -0.0056 -0.9752 0.2213
vn -0.0246 -0.9569 0.2895
vn 0.0532 -0.9431 0.3282
vn 0.3887 -0.8622 0.3248
vn 0.2627 -0.8398 0.4752
vn 0.2931 -0.9103 0.2923
vn 0.5169 -0.8347 0.1899
vn 0.4923 -0.8662 0.0855
vn 0.2161 -0.8427 0.4931
vn -0.0109 -0.9019 0.4319
vn -0.0312 -0.9303 0.3656
vn -0.0932 -0.9452 0.3128
vn 0.3739 -0.8359 0.4017
vn 0.0928 -0.8494 0.5195
vn 0.5274 -0.8122 0.2494
vn 0.4062 -0.8295 0.3832
vn 0.3867 -0.7575 0.5260
vn 0.5569 -0.8117 0.1760
vn 0.5872 -0.8094 0.0077
vn 0.2631 -0.9223 -0.2832
vn 0.2979 -0.9166 -0.2666
vn -0.1098 -0.9421 0.3169
vn 0.0625 -0.9041 0.4228
vn 0.4924 -0.8518 -0.1788
vn 0.5946 -0.8001 -0.0790
vn 0.5795 -0.8004 -0.1536
vn -0.1543 -0.9033 0.4002
vn 0.5670 -0.7130 0.4125
vn -0.0181 -0.8627 0.5054
vn -0.1975 -0.8917 0.4073
vn -0.2050 -0.8944 0.3975
vn 0.0745 -0.8089 0.5832
vn -0.0834 -0.8368 0.5411
vn 0.5549 -0.8094 0.1922
vn 0.4852 -0.7991 0.3551
vn 0.4952 -0.8099 0.3143
vn 0.4350 -0.8575 0.2749
vn 0.5799 -0.8134 0.0458
vn 0.5262 -0.8503 0.0123
vn 0.3793 -0.9098 0.1686
vn 0.2394 -0.8960 0.3739
vn 0.1911 -0.9548 0.2277
vn 0.2174 -0.9734 0.0724
vn -0.0447 -0.9948 0.0917
vn 0.0546 -0.9562 0.2875
vn 0.3701 -0.8325 0.4122
vn 0.4380 -0.8970 -0.0597
vn 0.0104 -0.9729 0.2308
vn 0.2704 -0.9528 -0.1378
vn 0.0470 -0.8851 0.4630
vn 0.4227 -0.8072 0.4119
vn -0.0567 -0.9852 0.1618
vn 0.1715 -0.8401 0.5147
vn 0.4023 -0.7894 0.4637
vn 0.0759 -0.9878 -0.1357
vn 0.2508 -0.7851 0.5663
vn -0.0955 -0.9329 0.3472
vn -0.1119 -0.9933 -0.0291
vn 0.1567 -0.7941 0.5873
vn 0.6644 -0.7172 0.2102
vn 0.3279 -0.7655 0.5536
vn 0.3685 -0.8264 0.4257
vn 0.3236 -0.9196 -0.2228
vn 0.6313 -0.7740 -0.0486
vn 0.7215 -0.6909 0.0458
vn -0.0827 -0.8559 0.5104
vn 0.4838 -0.8317 -0.2723
vn 0.1787 -0.7114 0.6797
vn 0.2609 -0.7595 0.5959
vn 0.1987 -0.7280 0.6561
vn -0.2038 -0.9641 0.1704
vn 0.7620 -0.5291 0.3733
vn 0.3716 -0.5974 0.7106
vn 0.6060 -0.7595 -0.2365
vn 0.0266 -0.7104 0.7033
vn 0.6266 -0.7544 -0.1958
vn 0.6490 -0.4990 0.5743
vn 0.4766 -0.5904 0.6514
vn 0.1200 -0.7155 0.6882
vn 0.7707 -0.5798 0.2643
vn -0.2549 -0.9670 -0.0027
vn -0.2983 -0.8043 0.5138
vn -0.0710 -0.7231 0.6871
vn -0.3038 -0.9174 0.2571
vn 0.7208 -0.5264 0.4510
vn 0.0569 -0.7363 0.6742
vn -0.1686 -0.8307 0.5306
vn -0.2322 -0.8739 0.4271
vn 0.4843 -0.8038 -0.3455
vn -0.1642 -0.9662 -0.1989
vn 0.4326 -0.8422 -0.3218
vn 0.0115 -0.9448 -0.3274
vn 0.2327 -0.8784 -0.4174
vn 0.3747 -0.8475 -0.3760
vn 0.3434 -0.8584 -0.3811
vn 0.5999 -0.7394 -0.3055
vn 0.4333 -0.7889 -0.4357
vn 0.2013 -0.9064 -0.3713
vn 0.6473 -0.7181 -0.2556
vn 0.7587 -0.6272 -0.1763
vn 0.8515 -0.5241 -0.0161
vn 0.8814 -0.4421 0.1667
vn 0.6306 -0.6650 -0.4002
vn -0.3354 -0.8834 0.3274
vn 0.0807 -0.8709 -0.4848
vn -0.1445 -0.7810 0.6076
vn -0.3211 -0.9373 -0.1358
vn -0.2388 -0.8724 0.4266
vn -0.2753 -0.7875 0.5515
vn -0.1773 -0.7506 0.6365
vn -0.3792 -0.9203 0.0960
vn 0.0318 -0.6626 0.7483
vn 0.2500 -0.5244 0.8139
vn 0.6138 -0.6959 -0.3728
vn 0.6419 -0.6673 -0.3778
vn -0.3896 -0.7250 0.5680
vn -0.1328 -0.6264 0.7681
vn 0.3313 -0.7850 -0.5234
vn 0.5299 -0.7618 -0.3725
vn -0.1006 -0.6779 0.7282
vn -0.0865 -0.6086 0.7887
vn 0.3096 -0.8022 -0.5105
vn -0.2405 -0.9209 -0.3067
vn -0.0869 -0.9044 -0.4178
vn 0.6320 -0.6655 -0.3971
vn -0.3864 -0.7941 0.4691
vn -0.4714 -0.8589 0.2000
vn -0.2488 -0.7339 0.6320
vn -0.2376 -0.6327 0.7370
vn 0.1145 -0.4503 0.8855
vn 0.3495 -0.7441 -0.5694
vn -0.5336 -0.7947 0.2893
vn -0.4359 -0.8864 -0.1557
vn 0.1967 -0.7688 -0.6085
vn 0.8838 -0.3249 0.3367
vn 0.9804 -0.1853 0.0669
vn 0.6195 -0.2418 0.7468
vn -0.0901 -0.8173 -0.5692
vn 0.8054 -0.3261 0.4950
vn -0.6022 -0.7979 0.0249
vn 0.4980 -0.2148 0.8402
vn -0.4133 -0.8241 -0.3874
vn -0.2876 -0.7857 -0.5477
vn -0.1959 -0.7879 -0.5838
vn -0.0359 -0.7494 -0.6611
vn -0.6069 -0.6949 0.3857
vn -0.6468 -0.7479 0.1493
vn -0.5570 -0.7846 -0.2723
vn 0.3242 -0.1996 0.9247
vn 0.7740 -0.1384 0.6179
vn 0.9728 -0.2147 -0.0868
vn 0.8902 -0.3738 -0.2603
vn -0.4131 -0.7552 -0.5089
vn -0.6972 -0.7053 -0.1287
vn -0.6540 -0.7318 -0.1919
vn 0.9711 -0.0769 0.2259
vn -0.3342 -0.6749 -0.6579
vn 0.8805 0.0630 0.4698
vn 0.9855 0.0678 0.1553
vn 0.9256 0.1881 0.3286
vn 0.9039 0.2151 0.3698
vn 0.3722 0.9028 0.2152
vn 0.2954 0.8708 0.3930
vn 0.2352 0.9427 0.2367
vn 0.1603 0.9800 0.1176
vn 0.0922 0.9861 0.1383
vn 0.1611 0.9150 0.3699
vn 0.0297 0.9664 0.2554
vn 0.1941 0.8489 0.4916
vn -0.0422 0.9331 0.3573
vn 0.0780 0.9764 0.2014
vn 0.0808 0.9903 0.1129
vn 0.1465 0.9712 0.1880
vn 0.0236 0.9700 0.2419
vn 0.1178 0.9565 0.2667
vn 0.0748 0.9355 0.3454
vn 0.2006 0.9562 0.2132
vn 0.1971 0.9744 0.1084
vn 0.1744 0.9248 0.3380
vn -0.0377 0.9484 0.3147
vn 0.2564 0.9297 0.2645
vn 0.2712 0.9495 0.1580
vn 0.1443 0.9895 0.0021
vn 0.1477 0.9890 -0.0070
vn 0.2544 0.9668 0.0255
vn 0.3126 0.9482 -0.0574
vn 0.2200 0.9736 -0.0610
vn 0.3468 0.9370 0.0430
vn 0.3347 0.9323 0.1372
vn 0.1954 0.9782 -0.0706
vn 0.4159 0.9077 0.0557
vn 0.2388 0.9642 -0.1153
vn 0.3814 0.9165 0.1202
vn 0.3611 0.9279 -0.0927
vn 0.2999 0.9493 -0.0941
vn 0.4399 0.8604 0.2571
vn 0.2510 0.9519 -0.1757
vn 0.2194 0.9603 -0.1722
vn 0.1757 0.9518 -0.2515
vn 0.5457 0.8348 -0.0728
vn 0.3484 0.9178 -0.1905
vn 0.2130 0.9526 -0.2173
vn 0.4525 0.8847 0.1119
vn 0.4827 0.8756 0.0207
vn 0.4847 0.8736 -0.0445
vn 0.3631 0.9105 -0.1978
vn 0.4877 0.8667 0.1047
vn 0.3512 0.8388 0.4160
vn 0.5386 0.8266 0.1630
vn 0.2799 0.9060 -0.3176
vn 0.4829 0.8580 -0.1754
vn 0.3383 0.8896 -0.3068
vn 0.2299 0.9239 -0.3058
vn 0.5788 0.8040 -0.1366
vn 0.4771 0.8120 -0.3362
vn 0.4765 0.8432 0.2488
vn 0.3756 0.8137 0.4436
vn 0.2682 0.8005 0.5359
vn 0.4215 0.7969 0.4329
vn 0.5587 0.8184 0.1342
vn 0.6253 0.7704 0.1244
vn 0.0707 0.8862 0.4580
vn -0.0121 0.9217 0.3878
vn 0.1655 0.8809 0.4434
vn 0.4803 0.8176 0.3177
vn 0.5335 0.8205 -0.2053
vn 0.5821 0.7230 -0.3721
vn 0.5989 0.7963 -0.0851
vn 0.6022 0.7970 -0.0467
vn 0.6585 0.7526 0.0069
vn 0.2646 0.8450 0.4647
vn 0.2089 0.7830 0.5859
vn 0.3297 0.7761 0.5375
vn 0.6611 0.6920 0.2900
vn 0.6370 0.7557 0.1523
vn 0.5390 0.8296 0.1456
vn 0.5497 0.8147 0.1847
vn 0.4535 0.8802 0.1396
vn 0.5760 0.8158 0.0522
vn 0.3892 0.8542 0.3447
vn 0.3130 0.9040 0.2912
vn 0.2139 0.9569 0.1963
vn 0.2033 0.9766 0.0701
vn 0.4149 0.9098 -0.0125
vn 0.2378 0.9661 -0.1000
vn 0.5377 0.8422 0.0390
vn -0.0008 0.9793 0.2024
vn 0.1261 0.9263 0.3550
vn 0.3107 0.9257 -0.2158
vn 0.4434 0.8776 -0.1821
vn 0.0281 0.9970 -0.0720
vn 0.5848 0.8008 -0.1295
vn 0.1267 0.9718 -0.1987
vn 0.6053 0.6914 0.3944
vn -0.0635 0.9456 0.3190
vn -0.1347 0.9881 0.0744
vn 0.6148 0.7593 -0.2131
vn 0.7037 0.6812 0.2019
vn 0.4012 0.8621 -0.3094
vn 0.5492 0.6759 0.4915
vn -0.1257 0.9904 -0.0570
vn 0.0604 0.8454 0.5308
vn 0.1542 0.9327 -0.3260
vn 0.5483 0.7887 -0.2780
vn 0.4253 0.8218 -0.3792
vn -0.0318 0.8537 0.5199
vn 0.2312 0.8843 -0.4055
vn 0.1423 0.7846 0.6034
vn -0.0804 0.9187 0.3867
vn 0.4088 0.6327 0.6578
vn -0.0368 0.9491 -0.3127
vn -0.0852 0.9637 -0.2531
vn -0.2264 0.9289 0.2931
vn -0.2536 0.9525 0.1685
vn 0.4751 0.7867 -0.3942
vn 0.2694 0.8790 -0.3933
vn 0.7813 0.6196 -0.0752
vn 0.6911 0.6798 -0.2455
vn 0.3112 0.8213 -0.4782
vn 0.8417 0.5122 0.1708
vn 0.8232 0.5486 0.1461
vn 0.8210 0.5710 -0.0067
vn -0.1930 0.9564 -0.2191
vn 0.5874 0.7095 -0.3895
vn 0.0682 0.8093 0.5834
vn 0.0649 0.8654 0.4968
vn -0.2668 0.8745 0.4050
vn 0.0711 0.7605 0.6455
vn -0.0332 0.8304 0.5562
vn 0.0388 0.7379 0.6738
vn -0.0729 0.7961 0.6008
vn -0.1876 0.8263 0.5310
vn -0.2485 0.8359 0.4894
vn -0.1850 0.8253 0.5336
vn -0.1694 0.8693 0.4643
vn -0.2932 0.9558 -0.0217
vn 0.0700 0.7259 0.6843
vn 0.7992 0.5099 0.3182
vn 0.7714 0.5352 0.3441
vn 0.7716 0.4022 0.4929
vn -0.1252 0.7440 0.6563
vn 0.7979 0.5595 -0.2242
vn 0.8173 0.5239 0.2400
vn 0.4536 0.7595 -0.4663
vn 0.3516 0.8728 -0.3386
vn 0.3363 0.7891 -0.5140
vn 0.3958 0.8488 -0.3505
vn 0.6257 0.6756 -0.3900
vn 0.6398 0.7253 -0.2541
vn 0.6206 0.7508 -0.2262
vn 0.6092 0.7346 -0.2988
vn 0.1305 0.8479 -0.5139
vn 0.0071 0.8420 -0.5394
vn 0.2877 0.8149 -0.5032
vn 0.6581 0.4877 0.5737
vn 0.6270 0.6488 -0.4312
vn 0.3784 0.7109 -0.5929
vn 0.4638 0.7595 -0.4561
vn 0.6427 0.6796 -0.3536
vn 0.5931 0.6698 -0.4467
vn 0.6437 0.5446 -0.5376
vn 0.7773 0.5300 -0.3390
vn -0.3583 0.9186 -0.1667
vn 0.5778 0.6743 -0.4598
vn 0.4490 0.7021 -0.5527
vn -0.1595 0.8937 -0.4194
vn 0.3212 0.7771 -0.5412
vn -0.3818 0.9055 0.1850
vn 0.2981 0.6802 -0.6697
vn 0.4749 0.6395 -0.6046
vn 0.6313 0.6233 -0.4614
vn 0.5175 0.5271 -0.6740
vn 0.5615 0.6260 -0.5411
vn -0.2673 0.8686 -0.4172
vn 0.3728 0.4535 0.8095
vn 0.2490 0.4894 0.8358
vn 0.1738 0.5237 0.8340
vn -0.4099 0.8379 0.3605
vn 0.2121 0.7002 -0.6818
vn 0.9120 0.3836 -0.1455
vn 0.8979 0.3917 -0.2009
vn 0.6679 0.3361 0.6641
vn 0.3595 0.6374 -0.6815
vn -0.2633 0.7421 0.6164
vn -0.3074 0.8261 0.4723
vn -0.2986 0.7156 0.6314
vn -0.3511 0.7765 0.5232
vn -0.1323 0.6890 0.7125
vn 0.0114 0.6620 0.7494
vn -0.5075 0.8615 -0.0135
vn -0.3790 0.8506 -0.3645
vn 0.6235 0.5831 -0.5209
vn -0.1893 0.5801 0.7922
vn -0.2512 0.7440 0.6192
vn -0.4060 0.6547 0.6375
vn -0.1403 0.6054 0.7835
vn -0.4793 0.7577 0.4429
vn -0.3207 0.6869 0.6522
vn -0.5460 0.7969 0.2584
vn -0.4220 0.6712 0.6094
vn -0.0554 0.4198 0.9059
vn 0.5586 0.2352 0.7954
vn -0.5270 0.8347 -0.1598
vn -0.4737 0.8278 -0.3005
vn -0.2259 0.6026 0.7654
vn 0.0591 0.7141 -0.6976
vn -0.0015 0.7430 -0.6693
vn -0.1465 0.7543 -0.6400
vn -0.2960 0.7881 -0.5396
vn -0.6351 0.7619 0.1274
vn -0.4076 0.7488 0.5227
vn 0.7463 0.4491 -0.4913
vn 0.5389 0.5679 -0.6222
vn 0.5608 0.4941 -0.6643
vn 0.9676 0.2523 -0.0075
vn 0.9419 0.3329 0.0453
vn -0.3752 0.7629 -0.5265
vn 0.9256 0.1881 0.3286
vn 0.9354 0.2854 0.2088
vn 0.9039 0.2151 0.3698
vn -0.5024 0.7649 -0.4030
vn -0.6587 0.7465 -0.0945
vn 0.9855 0.0678 0.1553
vn -0.6722 0.6552 0.3449
vn 0.8805 0.0630 0.4698
vn 0.3791 0.1986 0.9038
vn 0.7740 -0.1384 0.6179
vn 0.9711 -0.0769 0.2259
vn 0.9804 -0.1853 0.0669
vn 0.6195 -0.2418 0.7468
vn 0.9728 -0.2147 -0.0868
vn 0.9728 -0.2147 -0.0868
vn 0.9676 0.2523 -0.0075
vn 0.9419 0.3329 0.0453
f 338/338/338 327/327/327 344/344/344
f 331/331/331 327/327/327 338/338/338
f 327/327/327 326/326/326 337/337/337
f 327/327/327 337/337/337 344/344/344
f 344/344/344 337/337/337 345/345/345
f 320/320/320 326/326/326 327/327/327
f 318/318/318 320/320/320 327/327/327
f 372/372/372 344/344/344 345/345/345
f 331/331/331 318/318/318 327/327/327
f 338/338/338 344/344/344 371/371/371
f 371/371/371 344/344/344 372/372/372
f 325/325/325 318/318/318 331/331/331
f 346/346/346 338/338/338 369/369/369
f 331/331/331 338/338/338 346/346/346
f 326/326/326 339/339/339 337/337/337
f 345/345/345 370/370/370 373/373/373
f 373/373/373 372/372/372 345/345/345
f 320/320/320 318/318/318 293/293/293
f 243/243/243 242/242/242 221/221/221
f 259/259/259 243/243/243 221/221/221
f 325/325/325 316/316/316 318/318/318
f 371/371/371 369/369/369 338/338/338
f 328/328/328 325/325/325 331/331/331
f 339/339/339 342/342/342 337/337/337
f 337/337/337 342/342/342 345/345/345
f 342/342/342 368/368/368 345/345/345
f 339/339/339 326/326/326 342/342/342
f 345/345/345 368/368/368 370/370/370
f 320/320/320 323/323/323 326/326/326
f 293/293/293 295/295/295 320/320/320
f 242/242/242 220/220/220 221/221/221
f 325/325/325 328/328/328 316/316/316
f 336/336/336 328/328/328 331/331/331
f 331/331/331 346/346/346 336/336/336
f 353/353/353 346/346/346 369/369/369
f 336/336/336 346/346/346 353/353/353
f 326/326/326 340/340/340 342/342/342
f 323/323/323 340/340/340 326/326/326
f 320/320/320 299/299/299 323/323/323
f 295/295/295 299/299/299 320/320/320
f 239/239/239 220/220/220 242/242/242
f 316/316/316 291/291/291 318/318/318
f 318/318/318 291/291/291 293/293/293
f 316/316/316 296/296/296 291/291/291
f 202/202/202 259/259/259 221/221/221
f 264/264/264 270/270/270 259/259/259
f 336/336/336 329/329/329 328/328/328
f 343/343/343 364/364/364 342/342/342
f 342/342/342 364/364/364 368/368/368
f 239/239/239 276/276/276 258/258/258
f 239/239/239 210/210/210 220/220/220
f 193/193/193 198/198/198 220/220/220
f 198/198/198 221/221/221 220/220/220
f 202/202/202 260/260/260 259/259/259
f 329/329/329 317/317/317 316/316/316
f 328/328/328 329/329/329 316/316/316
f 260/260/260 264/264/264 259/259/259
f 383/383/383 353/353/353 369/369/369
f 351/351/351 336/336/336 353/353/353
f 342/342/342 340/340/340 343/343/343
f 323/323/323 322/322/322 340/340/340
f 241/241/241 239/239/239 258/258/258
f 239/239/239 241/241/241 217/217/217
f 299/299/299 322/322/322 323/323/323
f 217/217/217 210/210/210 239/239/239
f 298/298/298 322/322/322 299/299/299
f 295/295/295 298/298/298 299/299/299
f 193/193/193 220/220/220 210/210/210
f 198/198/198 202/202/202 221/221/221
f 336/336/336 335/335/335 329/329/329
f 343/343/343 340/340/340 364/364/364
f 322/322/322 341/341/341 340/340/340
f 293/293/293 294/294/294 295/295/295
f 293/293/293 292/292/292 294/294/294
f 291/291/291 292/292/292 293/293/293
f 296/296/296 292/292/292 291/291/291
f 316/316/316 306/306/306 296/296/296
f 316/316/316 317/317/317 306/306/306
f 202/202/202 264/264/264 260/260/260
f 336/336/336 351/351/351 335/335/335
f 353/353/353 377/377/377 351/351/351
f 353/353/353 383/383/383 386/386/386
f 340/340/340 367/367/367 364/364/364
f 364/364/364 376/376/376 368/368/368
f 368/368/368 376/376/376 378/378/378
f 368/368/368 378/378/378 387/387/387
f 341/341/341 348/348/348 340/340/340
f 322/322/322 348/348/348 341/341/341
f 298/298/298 302/302/302 322/322/322
f 295/295/295 297/297/297 298/298/298
f 294/294/294 297/297/297 295/295/295
f 173/173/173 198/198/198 193/193/193
f 198/198/198 173/173/173 175/175/175
f 330/330/330 317/317/317 329/329/329
f 202/202/202 235/235/235 264/264/264
f 330/330/330 329/329/329 335/335/335
f 335/335/335 350/350/350 330/330/330
f 353/353/353 386/386/386 377/377/377
f 348/348/348 367/367/367 340/340/340
f 298/298/298 297/297/297 302/302/302
f 185/185/185 193/193/193 210/210/210
f 382/382/382 351/351/351 377/377/377
f 364/364/364 367/367/367 376/376/376
f 258/258/258 285/285/285 250/250/250
f 258/258/258 250/250/250 241/241/241
f 302/302/302 312/312/312 322/322/322
f 197/197/197 210/210/210 217/217/217
f 197/197/197 185/185/185 210/210/210
f 294/294/294 292/292/292 297/297/297
f 173/173/173 193/193/193 185/185/185
f 202/202/202 175/175/175 189/189/189
f 198/198/198 175/175/175 202/202/202
f 330/330/330 319/319/319 317/317/317
f 202/202/202 189/189/189 235/235/235
f 234/234/234 235/235/235 189/189/189
f 264/264/264 235/235/235 272/272/272
f 350/350/350 335/335/335 351/351/351
f 264/264/264 272/272/272 281/281/281
f 350/350/350 351/351/351 379/379/379
f 351/351/351 382/382/382 379/379/379
f 248/248/248 250/250/250 285/285/285
f 241/241/241 250/250/250 248/248/248
f 347/347/347 348/348/348 322/322/322
f 312/312/312 347/347/347 322/322/322
f 217/217/217 241/241/241 226/226/226
f 297/297/297 303/303/303 302/302/302
f 292/292/292 300/300/300 297/297/297
f 296/296/296 305/305/305 292/292/292
f 306/306/306 305/305/305 296/296/296
f 330/330/330 315/315/315 319/319/319
f 272/272/272 235/235/235 265/265/265
f 386/386/386 403/403/403 395/395/395
f 386/386/386 395/395/395 377/377/377
f 376/376/376 396/396/396 378/378/378
f 397/397/397 378/378/378 396/396/396
f 367/367/367 348/348/348 374/374/374
f 226/226/226 213/213/213 217/217/217
f 303/303/303 312/312/312 302/302/302
f 171/171/171 185/185/185 197/197/197
f 292/292/292 304/304/304 301/301/301
f 292/292/292 305/305/305 304/304/304
f 319/319/319 306/306/306 317/317/317
f 350/350/350 352/352/352 330/330/330
f 367/367/367 396/396/396 376/376/376
f 287/287/287 248/248/248 285/285/285
f 248/248/248 226/226/226 241/241/241
f 213/213/213 197/197/197 217/217/217
f 297/297/297 300/300/300 303/303/303
f 171/171/171 163/163/163 185/185/185
f 292/292/292 301/301/301 300/300/300
f 173/173/173 185/185/185 163/163/163
f 175/175/175 174/174/174 189/189/189
f 306/306/306 315/315/315 305/305/305
f 319/319/319 315/315/315 306/306/306
f 330/330/330 332/332/332 315/315/315
f 352/352/352 332/332/332 330/330/330
f 350/350/350 379/379/379 352/352/352
f 248/248/248 224/224/224 226/226/226
f 312/312/312 324/324/324 347/347/347
f 312/312/312 303/303/303 324/324/324
f 224/224/224 209/209/209 213/213/213
f 209/209/209 197/197/197 213/213/213
f 161/161/161 175/175/175 173/173/173
f 188/188/188 190/190/190 189/189/189
f 332/332/332 321/321/321 315/315/315
f 190/190/190 234/234/234 189/189/189
f 234/234/234 265/265/265 235/235/235
f 377/377/377 395/395/395 382/382/382
f 347/347/347 366/366/366 348/348/348
f 224/224/224 213/213/213 226/226/226
f 209/209/209 196/196/196 197/197/197
f 197/197/197 196/196/196 171/171/171
f 173/173/173 163/163/163 161/161/161
f 188/188/188 189/189/189 174/174/174
f 315/315/315 321/321/321 314/314/314
f 354/354/354 332/332/332 352/352/352
f 382/382/382 393/393/393 379/379/379
f 799/799/799 810/810/810 824/824/824
f 790/790/790 822/822/822 810/810/810
f 287/287/287 286/286/286 248/248/248
f 348/348/348 375/375/375 374/374/374
f 366/366/366 375/375/375 348/348/348
f 249/249/249 227/227/227 248/248/248
f 248/248/248 227/227/227 224/224/224
f 324/324/324 360/360/360 347/347/347
f 324/324/324 303/303/303 349/349/349
f 303/303/303 300/300/300 308/308/308
f 301/301/301 307/307/307 300/300/300
f 161/161/161 174/174/174 175/175/175
f 190/190/190 230/230/230 234/234/234
f 334/334/334 321/321/321 332/332/332
f 380/380/380 354/354/354 352/352/352
f 567/567/567 587/587/587 580/580/580
f 587/587/587 567/567/567 572/572/572
f 248/248/248 286/286/286 249/249/249
f 347/347/347 360/360/360 366/366/366
f 211/211/211 209/209/209 224/224/224
f 311/311/311 308/308/308 300/300/300
f 311/311/311 300/300/300 307/307/307
f 301/301/301 304/304/304 309/309/309
f 315/315/315 314/314/314 305/305/305
f 334/334/334 332/332/332 354/354/354
f 263/263/263 265/265/265 234/234/234
f 280/280/280 272/272/272 265/265/265
f 381/381/381 352/352/352 379/379/379
f 799/799/799 824/824/824 797/797/797
f 588/588/588 573/573/573 594/594/594
f 573/573/573 580/580/580 594/594/594
f 595/595/595 588/588/588 594/594/594
f 349/349/349 360/360/360 324/324/324
f 349/349/349 303/303/303 308/308/308
f 211/211/211 196/196/196 209/209/209
f 195/195/195 167/167/167 171/171/171
f 230/230/230 263/263/263 234/234/234
f 352/352/352 381/381/381 380/380/380
f 379/379/379 391/391/391 381/381/381
f 768/768/768 810/810/810 799/799/799
f 311/311/311 349/349/349 308/308/308
f 195/195/195 171/171/171 196/196/196
f 167/167/167 163/163/163 171/171/171
f 305/305/305 314/314/314 304/304/304
f 304/304/304 314/314/314 313/313/313
f 161/161/161 162/162/162 174/174/174
f 355/355/355 358/358/358 334/334/334
f 354/354/354 355/355/355 334/334/334
f 380/380/380 355/355/355 354/354/354
f 393/393/393 391/391/391 379/379/379
f 360/360/360 388/388/388 366/366/366
f 211/211/211 224/224/224 227/227/227
f 214/214/214 195/195/195 211/211/211
f 195/195/195 196/196/196 211/211/211
f 158/158/158 161/161/161 163/163/163
f 313/313/313 309/309/309 304/304/304
f 162/162/162 186/186/186 174/174/174
f 314/314/314 321/321/321 333/333/333
f 188/188/188 230/230/230 190/190/190
f 778/778/778 799/799/799 797/797/797
f 391/391/391 393/393/393 394/394/394
f 803/803/803 822/822/822 790/790/790
f 768/768/768 790/790/790 810/810/810
f 580/580/580 551/551/551 567/567/567
f 366/366/366 398/398/398 375/375/375
f 388/388/388 398/398/398 366/366/366
f 255/255/255 227/227/227 249/249/249
f 360/360/360 349/349/349 388/388/388
f 365/365/365 349/349/349 311/311/311
f 357/357/357 311/311/311 307/307/307
f 301/301/301 309/309/309 307/307/307
f 157/157/157 161/161/161 158/158/158
f 186/186/186 188/188/188 174/174/174
f 334/334/334 333/333/333 321/321/321
f 358/358/358 333/333/333 334/334/334
f 231/231/231 230/230/230 188/188/188
f 263/263/263 230/230/230 231/231/231
f 385/385/385 355/355/355 380/380/380
f 263/263/263 269/269/269 265/265/265
f 391/391/391 380/380/380 381/381/381
f 778/778/778 768/768/768 799/799/799
f 580/580/580 573/573/573 551/551/551
f 566/566/566 586/586/586 572/572/572
f 349/349/349 365/365/365 388/388/388
f 225/225/225 211/211/211 227/227/227
f 167/167/167 195/195/195 206/206/206
f 158/158/158 163/163/163 167/167/167
f 314/314/314 333/333/333 356/356/356
f 358/358/358 355/355/355 385/385/385
f 385/385/385 380/380/380 391/391/391
f 280/280/280 265/265/265 269/269/269
f 804/804/804 791/791/791 821/821/821
f 803/803/803 791/791/791 804/804/804
f 790/790/790 763/763/763 803/803/803
f 524/524/524 567/567/567 551/551/551
f 582/582/582 573/573/573 588/588/588
f 566/566/566 572/572/572 567/567/567
f 225/225/225 227/227/227 255/255/255
f 214/214/214 211/211/211 225/225/225
f 307/307/307 359/359/359 357/357/357
f 309/309/309 310/310/310 307/307/307
f 157/157/157 160/160/160 161/161/161
f 160/160/160 162/162/162 161/161/161
f 313/313/313 314/314/314 356/356/356
f 392/392/392 385/385/385 391/391/391
f 763/763/763 791/791/791 803/803/803
f 206/206/206 195/195/195 214/214/214
f 359/359/359 310/310/310 309/309/309
f 188/188/188 186/186/186 231/231/231
f 269/269/269 263/263/263 231/231/231
f 791/791/791 817/817/817 821/821/821
f 768/768/768 736/736/736 790/790/790
f 547/547/547 551/551/551 573/573/573
f 566/566/566 567/567/567 544/544/544
f 390/390/390 388/388/388 365/365/365
f 206/206/206 205/205/205 167/167/167
f 167/167/167 168/168/168 158/158/158
f 232/232/232 186/186/186 233/233/233
f 232/232/232 231/231/231 186/186/186
f 798/798/798 797/797/797 800/800/800
f 790/790/790 736/736/736 763/763/763
f 714/714/714 768/768/768 713/713/713
f 547/547/547 573/573/573 563/563/563
f 573/573/573 582/582/582 563/563/563
f 388/388/388 390/390/390 400/400/400
f 310/310/310 359/359/359 307/307/307
f 313/313/313 361/361/361 309/309/309
f 356/356/356 333/333/333 384/384/384
f 358/358/358 384/384/384 333/333/333
f 385/385/385 384/384/384 358/358/358
f 268/268/268 269/269/269 231/231/231
f 797/797/797 798/798/798 733/733/733
f 797/797/797 733/733/733 778/778/778
f 791/791/791 809/809/809 817/817/817
f 547/547/547 521/521/521 551/551/551
f 524/524/524 544/544/544 567/567/567
f 365/365/365 311/311/311 357/357/357
f 168/168/168 167/167/167 205/205/205
f 313/313/313 356/356/356 361/361/361
f 232/232/232 233/233/233 231/231/231
f 231/231/231 233/233/233 268/268/268
f 401/401/401 385/385/385 392/392/392
f 713/713/713 768/768/768 778/778/778
f 723/723/723 774/774/774 791/791/791
f 763/763/763 723/723/723 791/791/791
f 544/544/544 528/528/528 566/566/566
f 593/593/593 583/583/583 582/582/582
f 244/244/244 225/225/225 255/255/255
f 390/390/390 365/365/365 389/389/389
f 365/365/365 357/357/357 389/389/389
f 363/363/363 359/359/359 309/309/309
f 309/309/309 362/362/362 363/363/363
f 361/361/361 362/362/362 309/309/309
f 233/233/233 186/186/186 200/200/200
f 521/521/521 511/511/511 551/551/551
f 524/524/524 551/551/551 511/511/511
f 583/583/583 563/563/563 582/582/582
f 214/214/214 223/223/223 206/206/206
f 205/205/205 206/206/206 223/223/223
f 71/71/71 122/122/122 121/121/121
f 200/200/200 186/186/186 162/162/162
f 267/267/267 268/268/268 233/233/233
f 384/384/384 385/385/385 399/399/399
f 774/774/774 809/809/809 791/791/791
f 733/733/733 713/713/713 778/778/778
f 714/714/714 736/736/736 768/768/768
f 563/563/563 530/530/530 547/547/547
f 524/524/524 528/528/528 544/544/544
f 528/528/528 527/527/527 566/566/566
f 566/566/566 527/527/527 568/568/568
f 225/225/225 244/244/244 214/214/214
f 121/121/121 86/86/86 71/71/71
f 110/110/110 67/67/67 121/121/121
f 114/114/114 118/118/118 137/137/137
f 162/162/162 201/201/201 200/200/200
f 143/143/143 114/114/114 137/137/137
f 402/402/402 399/399/399 385/385/385
f 401/401/401 402/402/402 385/385/385
f 794/794/794 798/798/798 741/741/741
f 733/733/733 798/798/798 794/794/794
f 547/547/547 498/498/498 521/521/521
f 583/583/583 564/564/564 563/563/563
f 564/564/564 583/583/583 584/584/584
f 583/583/583 597/597/597 584/584/584
f 214/214/214 244/244/244 223/223/223
f 86/86/86 121/121/121 67/67/67
f 168/168/168 205/205/205 169/169/169
f 169/169/169 158/158/158 168/168/168
f 110/110/110 55/55/55 74/74/74
f 159/159/159 160/160/160 157/157/157
f 160/160/160 176/176/176 162/162/162
f 701/701/701 723/723/723 763/763/763
f 736/736/736 701/701/701 763/763/763
f 521/521/521 484/484/484 511/511/511
f 497/497/497 528/528/528 524/524/524
f 150/150/150 122/122/122 149/149/149
f 205/205/205 223/223/223 215/215/215
f 74/74/74 67/67/67 110/110/110
f 155/155/155 157/157/157 158/158/158
f 114/114/114 65/65/65 118/118/118
f 133/133/133 143/143/143 145/145/145
f 114/114/114 143/143/143 133/133/133
f 798/798/798 805/805/805 741/741/741
f 733/733/733 794/794/794 741/741/741
f 734/734/734 733/733/733 741/741/741
f 774/774/774 723/723/723 766/766/766
f 696/696/696 701/701/701 736/736/736
f 511/511/511 497/497/497 524/524/524
f 149/149/149 122/122/122 96/96/96
f 154/154/154 157/157/157 155/155/155
f 47/47/47 55/55/55 102/102/102
f 102/102/102 118/118/118 65/65/65
f 201/201/201 162/162/162 176/176/176
f 808/808/808 809/809/809 774/774/774
f 696/696/696 736/736/736 714/714/714
f 547/547/547 530/530/530 498/498/498
f 578/578/578 564/564/564 584/584/584
f 527/527/527 569/569/569 568/568/568
f 96/96/96 122/122/122 71/71/71
f 155/155/155 158/158/158 169/169/169
f 154/154/154 159/159/159 157/157/157
f 233/233/233 200/200/200 261/261/261
f 233/233/233 266/266/266 267/267/267
f 796/796/796 741/741/741 805/805/805
f 498/498/498 484/484/484 521/521/521
f 578/578/578 584/584/584 585/585/585
f 96/96/96 95/95/95 149/149/149
f 70/70/70 96/96/96 71/71/71
f 201/201/201 261/261/261 200/200/200
f 766/766/766 808/808/808 774/774/774
f 706/706/706 713/713/713 733/733/733
f 713/713/713 695/695/695 687/687/687
f 492/492/492 511/511/511 484/484/484
f 497/497/497 527/527/527 528/528/528
f 527/527/527 523/523/523 569/569/569
f 223/223/223 251/251/251 215/215/215
f 215/215/215 169/169/169 205/205/205
f 154/154/154 155/155/155 156/156/156
f 102/102/102 65/65/65 47/47/47
f 54/54/54 65/65/65 114/114/114
f 233/233/233 261/261/261 266/266/266
f 706/706/706 733/733/733 734/734/734
f 706/706/706 734/734/734 741/741/741
f 711/711/711 766/766/766 723/723/723
f 723/723/723 712/712/712 711/711/711
f 714/714/714 713/713/713 696/696/696
f 563/563/563 564/564/564 532/532/532
f 55/55/55 42/42/42 74/74/74
f 176/176/176 160/160/160 159/159/159
f 47/47/47 65/65/65 40/40/40
f 201/201/201 262/262/262 261/261/261
f 144/144/144 133/133/133 145/145/145
f 808/808/808 766/766/766 753/753/753
f 711/711/711 753/753/753 766/766/766
f 713/713/713 706/706/706 695/695/695
f 696/696/696 713/713/713 687/687/687
f 532/532/532 530/530/530 563/563/563
f 492/492/492 497/497/497 511/511/511
f 506/506/506 527/527/527 497/497/497
f 506/506/506 523/523/523 527/527/527
f 95/95/95 96/96/96 70/70/70
f 86/86/86 67/67/67 71/71/71
f 74/74/74 42/42/42 67/67/67
f 159/159/159 187/187/187 176/176/176
f 201/201/201 176/176/176 229/229/229
f 106/106/106 114/114/114 133/133/133
f 741/741/741 796/796/796 789/789/789
f 691/691/691 712/712/712 723/723/723
f 691/691/691 701/701/701 696/696/696
f 687/687/687 691/691/691 696/696/696
f 532/532/532 495/495/495 530/530/530
f 497/497/497 492/492/492 488/488/488
f 253/253/253 215/215/215 251/251/251
f 67/67/67 70/70/70 71/71/71
f 204/204/204 155/155/155 169/169/169
f 154/154/154 156/156/156 165/165/165
f 229/229/229 176/176/176 187/187/187
f 279/279/279 266/266/266 261/261/261
f 144/144/144 129/129/129 133/133/133
f 706/706/706 702/702/702 695/695/695
f 691/691/691 723/723/723 701/701/701
f 530/530/530 495/495/495 498/498/498
f 490/490/490 506/506/506 497/497/497
f 506/506/506 490/490/490 523/523/523
f 164/164/164 159/159/159 154/154/154
f 54/54/54 41/41/41 65/65/65
f 114/114/114 106/106/106 54/54/54
f 142/142/142 129/129/129 144/144/144
f 146/146/146 142/142/142 144/144/144
f 711/711/711 752/752/752 753/753/753
f 691/691/691 711/711/711 712/712/712
f 169/169/169 215/215/215 204/204/204
f 67/67/67 33/33/33 38/38/38
f 67/67/67 42/42/42 33/33/33
f 156/156/156 155/155/155 204/204/204
f 47/47/47 28/28/28 55/55/55
f 40/40/40 65/65/65 41/41/41
f 262/262/262 201/201/201 229/229/229
f 129/129/129 106/106/106 133/133/133
f 753/753/753 807/807/807 808/808/808
f 492/492/492 484/484/484 488/488/488
f 488/488/488 490/490/490 497/497/497
f 578/578/578 545/545/545 564/564/564
f 215/215/215 253/253/253 228/228/228
f 67/67/67 56/56/56 70/70/70
f 28/28/28 42/42/42 55/55/55
f 165/165/165 164/164/164 154/154/154
f 166/166/166 159/159/159 164/164/164
f 737/737/737 741/741/741 789/789/789
f 706/706/706 741/741/741 737/737/737
f 753/753/753 806/806/806 807/807/807
f 695/695/695 702/702/702 688/688/688
f 488/488/488 484/484/484 485/485/485
f 488/488/488 485/485/485 490/490/490
f 585/585/585 545/545/545 578/578/578
f 523/523/523 490/490/490 499/499/499
f 499/499/499 519/519/519 523/523/523
f 552/552/552 523/523/523 519/519/519
f 95/95/95 70/70/70 73/73/73
f 38/38/38 56/56/56 67/67/67
f 106/106/106 44/44/44 54/54/54
f 261/261/261 262/262/262 279/279/279
f 129/129/129 103/103/103 106/106/106
f 693/693/693 711/711/711 691/691/691
f 498/498/498 483/483/483 484/484/484
f 495/495/495 483/483/483 498/498/498
f 485/485/485 484/484/484 482/482/482
f 91/91/91 95/95/95 73/73/73
f 215/215/215 228/228/228 204/204/204
f 208/208/208 156/156/156 204/204/204
f 166/166/166 187/187/187 159/159/159
f 706/706/706 737/737/737 702/702/702
f 703/703/703 752/752/752 711/711/711
f 695/695/695 688/688/688 687/687/687
f 532/532/532 564/564/564 545/545/545
f 545/545/545 585/585/585 574/574/574
f 40/40/40 28/28/28 47/47/47
f 170/170/170 166/166/166 164/164/164
f 44/44/44 41/41/41 54/54/54
f 752/752/752 806/806/806 753/753/753
f 711/711/711 693/693/693 703/703/703
f 687/687/687 683/683/683 691/691/691
f 682/682/682 683/683/683 687/687/687
f 682/682/682 687/687/687 688/688/688
f 545/545/545 533/533/533 532/532/532
f 481/481/481 490/490/490 485/485/485
f 493/493/493 499/499/499 490/490/490
f 56/56/56 34/34/34 70/70/70
f 228/228/228 208/208/208 204/204/204
f 25/25/25 33/33/33 42/42/42
f 172/172/172 165/165/165 156/156/156
f 164/164/164 165/165/165 170/170/170
f 134/134/134 129/129/129 142/142/142
f 752/752/752 779/779/779 806/806/806
f 702/702/702 671/671/671 688/688/688
f 685/685/685 693/693/693 691/691/691
f 483/483/483 482/482/482 484/484/484
f 503/503/503 489/489/489 532/532/532
f 532/532/532 489/489/489 495/495/495
f 485/485/485 482/482/482 481/481/481
f 510/510/510 552/552/552 519/519/519
f 247/247/247 208/208/208 228/228/228
f 28/28/28 25/25/25 42/42/42
f 172/172/172 192/192/192 165/165/165
f 177/177/177 170/170/170 165/165/165
f 262/262/262 229/229/229 271/271/271
f 279/279/279 262/262/262 271/271/271
f 503/503/503 532/532/532 533/533/533
f 481/481/481 493/493/493 490/490/490
f 574/574/574 533/533/533 545/545/545
f 73/73/73 70/70/70 72/72/72
f 561/561/561 552/552/552 526/526/526
f 70/70/70 34/34/34 63/63/63
f 208/208/208 172/172/172 156/156/156
f 166/166/166 236/236/236 187/187/187
f 187/187/187 236/236/236 271/271/271
f 187/187/187 271/271/271 229/229/229
f 44/44/44 106/106/106 103/103/103
f 737/737/737 789/789/789 728/728/728
f 737/737/737 708/708/708 702/702/702
f 683/683/683 685/685/685 691/691/691
f 70/70/70 63/63/63 72/72/72
f 552/552/552 510/510/510 526/526/526
f 560/560/560 561/561/561 526/526/526
f 34/34/34 56/56/56 38/38/38
f 192/192/192 177/177/177 165/165/165
f 45/45/45 44/44/44 103/103/103
f 107/107/107 103/103/103 129/129/129
f 728/728/728 708/708/708 737/737/737
f 671/671/671 702/702/702 708/708/708
f 752/752/752 703/703/703 707/707/707
f 489/489/489 483/483/483 495/495/495
f 481/481/481 499/499/499 493/493/493
f 499/499/499 496/496/496 519/519/519
f 510/510/510 519/519/519 496/496/496
f 73/73/73 72/72/72 91/91/91
f 194/194/194 166/166/166 170/170/170
f 789/789/789 788/788/788 728/728/728
f 134/134/134 107/107/107 129/129/129
f 707/707/707 746/746/746 752/752/752
f 689/689/689 707/707/707 703/703/703
f 688/688/688 681/681/681 682/682/682
f 693/693/693 689/689/689 703/703/703
f 685/685/685 689/689/689 693/693/693
f 72/72/72 84/84/84 91/91/91
f 34/34/34 38/38/38 33/33/33
f 208/208/208 246/246/246 172/172/172
f 481/481/481 486/486/486 496/496/496
f 481/481/481 496/496/496 499/499/499
f 246/246/246 208/208/208 247/247/247
f 40/40/40 29/29/29 28/28/28
f 41/41/41 29/29/29 40/40/40
f 166/166/166 194/194/194 236/236/236
f 44/44/44 29/29/29 41/41/41
f 795/795/795 786/786/786 788/788/788
f 103/103/103 107/107/107 45/45/45
f 708/708/708 728/728/728 658/658/658
f 752/752/752 746/746/746 779/779/779
f 671/671/671 681/681/681 688/688/688
f 25/25/25 24/24/24 33/33/33
f 24/24/24 34/34/34 33/33/33
f 179/179/179 194/194/194 170/170/170
f 708/708/708 658/658/658 671/671/671
f 699/699/699 746/746/746 707/707/707
f 689/689/689 699/699/699 707/707/707
f 483/483/483 480/480/480 482/482/482
f 480/480/480 481/481/481 482/482/482
f 477/477/477 486/486/486 481/481/481
f 533/533/533 574/574/574 571/571/571
f 501/501/501 510/510/510 496/496/496
f 526/526/526 550/550/550 560/560/560
f 172/172/172 212/212/212 192/192/192
f 178/178/178 177/177/177 192/192/192
f 177/177/177 178/178/178 170/170/170
f 44/44/44 36/36/36 29/29/29
f 45/45/45 36/36/36 44/44/44
f 732/732/732 788/788/788 786/786/786
f 128/128/128 107/107/107 134/134/134
f 765/765/765 779/779/779 746/746/746
f 489/489/489 487/487/487 483/483/483
f 480/480/480 477/477/477 481/481/481
f 534/534/534 533/533/533 571/571/571
f 496/496/496 486/486/486 501/501/501
f 72/72/72 63/63/63 61/61/61
f 63/63/63 35/35/35 61/61/61
f 34/34/34 35/35/35 63/63/63
f 256/256/256 212/212/212 246/246/246
f 212/212/212 172/172/172 246/246/246
f 25/25/25 22/22/22 24/24/24
f 22/22/22 25/25/25 28/28/28
f 212/212/212 178/178/178 192/192/192
f 779/779/779 765/765/765 783/783/783
f 681/681/681 671/671/671 680/680/680
f 685/685/685 684/684/684 689/689/689
f 685/685/685 683/683/683 684/684/684
f 503/503/503 487/487/487 489/489/489
f 487/487/487 480/480/480 483/483/483
f 32/32/32 64/64/64 72/72/72
f 510/510/510 509/509/509 526/526/526
f 32/32/32 35/35/35 34/34/34
f 29/29/29 21/21/21 28/28/28
f 786/786/786 795/795/795 785/785/785
f 113/113/113 107/107/107 128/128/128
f 658/658/658 728/728/728 725/725/725
f 678/678/678 682/682/682 681/681/681
f 533/533/533 534/534/534 503/503/503
f 64/64/64 84/84/84 72/72/72
f 510/510/510 501/501/501 509/509/509
f 61/61/61 32/32/32 72/72/72
f 61/61/61 35/35/35 32/32/32
f 472/472/472 526/526/526 509/509/509
f 212/212/212 181/181/181 178/178/178
f 28/28/28 21/21/21 22/22/22
f 178/178/178 179/179/179 170/170/170
f 203/203/203 194/194/194 179/179/179
f 45/45/45 107/107/107 51/51/51
f 728/728/728 788/788/788 732/732/732
f 729/729/729 728/728/728 732/732/732
f 728/728/728 729/729/729 725/725/725
f 699/699/699 715/715/715 746/746/746
f 689/689/689 690/690/690 699/699/699
f 678/678/678 684/684/684 683/683/683
f 678/678/678 683/683/683 682/682/682
f 101/101/101 84/84/84 100/100/100
f 491/491/491 501/501/501 486/486/486
f 550/550/550 526/526/526 472/472/472
f 34/34/34 24/24/24 32/32/32
f 256/256/256 219/219/219 212/212/212
f 219/219/219 181/181/181 212/212/212
f 732/732/732 786/786/786 785/785/785
f 107/107/107 52/52/52 51/51/51
f 107/107/107 113/113/113 52/52/52
f 138/138/138 113/113/113 128/128/128
f 487/487/487 479/479/479 480/480/480
f 491/491/491 486/486/486 477/477/477
f 273/273/273 236/236/236 194/194/194
f 787/787/787 795/795/795 811/811/811
f 787/787/787 785/785/785 795/795/795
f 51/51/51 36/36/36 45/45/45
f 658/658/658 725/725/725 609/609/609
f 657/657/657 671/671/671 658/658/658
f 684/684/684 690/690/690 689/689/689
f 534/534/534 507/507/507 503/503/503
f 469/469/469 522/522/522 472/472/472
f 24/24/24 27/27/27 32/32/32
f 522/522/522 550/550/550 472/472/472
f 178/178/178 181/181/181 180/180/180
f 180/180/180 179/179/179 178/178/178
f 273/273/273 194/194/194 274/274/274
f 609/609/609 725/725/725 726/726/726
f 138/138/138 127/127/127 113/113/113
f 715/715/715 765/765/765 746/746/746
f 680/680/680 671/671/671 665/665/665
f 665/665/665 671/671/671 657/657/657
f 681/681/681 680/680/680 678/678/678
f 480/480/480 479/479/479 477/477/477
f 503/503/503 507/507/507 487/487/487
f 84/84/84 85/85/85 100/100/100
f 84/84/84 81/81/81 85/85/85
f 494/494/494 501/501/501 491/491/491
f 64/64/64 81/81/81 84/84/84
f 59/59/59 64/64/64 32/32/32
f 470/470/470 522/522/522 469/469/469
f 522/522/522 470/470/470 556/556/556
f 180/180/180 181/181/181 182/182/182
f 29/29/29 36/36/36 21/21/21
f 194/194/194 203/203/203 274/274/274
f 138/138/138 135/135/135 127/127/127
f 514/514/514 534/534/534 559/559/559
f 534/534/534 514/514/514 507/507/507
f 509/509/509 445/445/445 472/472/472
f 32/32/32 58/58/58 59/59/59
f 472/472/472 445/445/445 469/469/469
f 27/27/27 26/26/26 32/32/32
f 22/22/22 23/23/23 24/24/24
f 715/715/715 764/764/764 765/765/765
f 678/678/678 680/680/680 665/665/665
f 487/487/487 507/507/507 514/514/514
f 487/487/487 514/514/514 479/479/479
f 477/477/477 475/475/475 491/491/491
f 475/475/475 494/494/494 491/491/491
f 59/59/59 81/81/81 64/64/64
f 31/31/31 58/58/58 32/32/32
f 26/26/26 31/31/31 32/32/32
f 470/470/470 549/549/549 556/556/556
f 26/26/26 27/27/27 24/24/24
f 23/23/23 26/26/26 24/24/24
f 218/218/218 182/182/182 181/181/181
f 191/191/191 203/203/203 179/179/179
f 36/36/36 37/37/37 21/21/21
f 52/52/52 36/36/36 51/51/51
f 729/729/729 732/732/732 727/727/727
f 113/113/113 108/108/108 52/52/52
f 127/127/127 108/108/108 113/113/113
f 119/119/119 108/108/108 127/127/127
f 692/692/692 699/699/699 690/690/690
f 676/676/676 678/678/678 665/665/665
f 690/690/690 684/684/684 692/692/692
f 686/686/686 684/684/684 678/678/678
f 479/479/479 478/478/478 477/477/477
f 494/494/494 456/456/456 501/501/501
f 509/509/509 501/501/501 445/445/445
f 218/218/218 219/219/219 254/254/254
f 218/218/218 181/181/181 219/219/219
f 191/191/191 179/179/179 180/180/180
f 37/37/37 19/19/19 21/21/21
f 203/203/203 191/191/191 275/275/275
f 275/275/275 274/274/274 203/203/203
f 52/52/52 50/50/50 36/36/36
f 727/727/727 726/726/726 725/725/725
f 725/725/725 729/729/729 727/727/727
f 603/603/603 609/609/609 607/607/607
f 657/657/657 658/658/658 603/603/603
f 764/764/764 773/773/773 765/765/765
f 715/715/715 724/724/724 764/764/764
f 715/715/715 699/699/699 697/697/697
f 699/699/699 692/692/692 697/697/697
f 479/479/479 514/514/514 478/478/478
f 477/477/477 474/474/474 475/475/475
f 475/475/475 456/456/456 494/494/494
f 463/463/463 469/469/469 445/445/445
f 21/21/21 3/3/3 22/22/22
f 19/19/19 20/20/20 21/21/21
f 787/787/787 784/784/784 785/785/785
f 36/36/36 50/50/50 37/37/37
f 732/732/732 785/785/785 727/727/727
f 135/135/135 119/119/119 127/127/127
f 724/724/724 715/715/715 697/697/697
f 692/692/692 684/684/684 686/686/686
f 679/679/679 686/686/686 678/678/678
f 478/478/478 474/474/474 477/477/477
f 100/100/100 85/85/85 94/94/94
f 559/559/559 565/565/565 514/514/514
f 501/501/501 502/502/502 445/445/445
f 456/456/456 502/502/502 501/501/501
f 79/79/79 81/81/81 59/59/59
f 58/58/58 79/79/79 59/59/59
f 463/463/463 470/470/470 469/469/469
f 470/470/470 548/548/548 549/549/549
f 184/184/184 191/191/191 180/180/180
f 784/784/784 727/727/727 785/785/785
f 108/108/108 50/50/50 52/52/52
f 119/119/119 50/50/50 108/108/108
f 658/658/658 609/609/609 603/603/603
f 676/676/676 665/665/665 677/677/677
f 679/679/679 692/692/692 686/686/686
f 478/478/478 514/514/514 504/504/504
f 455/455/455 476/476/476 475/475/475
f 476/476/476 456/456/456 475/475/475
f 87/87/87 94/94/94 85/85/85
f 81/81/81 87/87/87 85/85/85
f 470/470/470 471/471/471 548/548/548
f 23/23/23 31/31/31 26/26/26
f 21/21/21 20/20/20 3/3/3
f 726/726/726 727/727/727 610/610/610
f 610/610/610 609/609/609 726/726/726
f 676/676/676 679/679/679 678/678/678
f 455/455/455 475/475/475 474/474/474
f 456/456/456 445/445/445 502/502/502
f 79/79/79 78/78/78 81/81/81
f 78/78/78 87/87/87 81/81/81
f 471/471/471 549/549/549 548/548/548
f 22/22/22 3/3/3 23/23/23
f 182/182/182 218/218/218 207/207/207
f 183/183/183 180/180/180 182/182/182
f 183/183/183 184/184/184 180/180/180
f 237/237/237 191/191/191 184/184/184
f 727/727/727 735/735/735 610/610/610
f 136/136/136 119/119/119 135/135/135
f 764/764/764 792/792/792 773/773/773
f 656/656/656 665/665/665 657/657/657
f 478/478/478 504/504/504 474/474/474
f 445/445/445 443/443/443 463/463/463
f 79/79/79 58/58/58 78/78/78
f 60/60/60 58/58/58 31/31/31
f 463/463/463 462/462/462 470/470/470
f 31/31/31 2/2/2 60/60/60
f 467/467/467 549/549/549 471/471/471
f 191/191/191 237/237/237 275/275/275
f 50/50/50 19/19/19 37/37/37
f 119/119/119 111/111/111 50/50/50
f 607/607/607 609/609/609 610/610/610
f 602/602/602 656/656/656 657/657/657
f 660/660/660 665/665/665 656/656/656
f 677/677/677 665/665/665 660/660/660
f 476/476/476 455/455/455 456/456/456
f 433/433/433 445/445/445 456/456/456
f 462/462/462 463/463/463 443/443/443
f 470/470/470 462/462/462 467/467/467
f 467/467/467 471/471/471 470/470/470
f 30/30/30 2/2/2 31/31/31
f 30/30/30 31/31/31 23/23/23
f 207/207/207 183/183/183 182/182/182
f 48/48/48 19/19/19 50/50/50
f 727/727/727 784/784/784 735/735/735
f 602/602/602 657/657/657 603/603/603
f 697/697/697 692/692/692 669/669/669
f 458/458/458 455/455/455 474/474/474
f 456/456/456 455/455/455 433/433/433
f 437/437/437 443/443/443 445/445/445
f 254/254/254 207/207/207 218/218/218
f 3/3/3 30/30/30 23/23/23
f 724/724/724 771/771/771 764/764/764
f 771/771/771 792/792/792 764/764/764
f 697/697/697 749/749/749 724/724/724
f 676/676/676 677/677/677 660/660/660
f 669/669/669 692/692/692 679/679/679
f 669/669/669 679/679/679 676/676/676
f 555/555/555 514/514/514 565/565/565
f 555/555/555 554/554/554 514/514/514
f 87/87/87 97/97/97 94/94/94
f 446/446/446 445/445/445 433/433/433
f 446/446/446 437/437/437 445/445/445
f 78/78/78 62/62/62 87/87/87
f 58/58/58 60/60/60 78/78/78
f 443/443/443 452/452/452 462/462/462
f 467/467/467 546/546/546 549/549/549
f 19/19/19 3/3/3 20/20/20
f 50/50/50 104/104/104 48/48/48
f 50/50/50 111/111/111 104/104/104
f 607/607/607 610/610/610 608/608/608
f 604/604/604 603/603/603 607/607/607
f 724/724/724 749/749/749 759/759/759
f 433/433/433 455/455/455 427/427/427
f 437/437/437 431/431/431 443/443/443
f 60/60/60 62/62/62 78/78/78
f 452/452/452 467/467/467 462/462/462
f 254/254/254 252/252/252 207/207/207
f 199/199/199 184/184/184 183/183/183
f 18/18/18 19/19/19 48/48/48
f 735/735/735 784/784/784 731/731/731
f 735/735/735 709/709/709 610/610/610
f 119/119/119 130/130/130 111/111/111
f 141/141/141 130/130/130 136/136/136
f 771/771/771 724/724/724 760/760/760
f 724/724/724 759/759/759 760/760/760
f 750/750/750 749/749/749 697/697/697
f 466/466/466 504/504/504 514/514/514
f 427/427/427 455/455/455 423/423/423
f 554/554/554 536/536/536 514/514/514
f 87/87/87 93/93/93 97/97/97
f 3/3/3 2/2/2 30/30/30
f 222/222/222 207/207/207 252/252/252
f 183/183/183 207/207/207 222/222/222
f 784/784/784 793/793/793 731/731/731
f 620/620/620 610/610/610 709/709/709
f 130/130/130 119/119/119 136/136/136
f 602/602/602 603/603/603 604/604/604
f 697/697/697 669/669/669 640/640/640
f 669/669/669 676/676/676 660/660/660
f 459/459/459 504/504/504 466/466/466
f 459/459/459 458/458/458 474/474/474
f 514/514/514 536/536/536 466/466/466
f 452/452/452 451/451/451 467/467/467
f 1/1/1 2/2/2 3/3/3
f 199/199/199 237/237/237 184/184/184
f 130/130/130 104/104/104 111/111/111
f 608/608/608 610/610/610 620/620/620
f 760/760/760 759/759/759 749/749/749
f 749/749/749 751/751/751 760/760/760
f 656/656/656 647/647/647 660/660/660
f 602/602/602 647/647/647 656/656/656
f 504/504/504 459/459/459 474/474/474
f 423/423/423 455/455/455 458/458/458
f 458/458/458 459/459/459 423/423/423
f 62/62/62 93/93/93 87/87/87
f 431/431/431 441/441/441 443/443/443
f 2/2/2 62/62/62 60/60/60
f 451/451/451 452/452/452 443/443/443
f 5/5/5 62/62/62 2/2/2
f 451/451/451 473/473/473 467/467/467
f 2/2/2 1/1/1 5/5/5
f 473/473/473 546/546/546 467/467/467
f 19/19/19 18/18/18 3/3/3
f 238/238/238 237/237/237 199/199/199
f 104/104/104 130/130/130 141/141/141
f 814/814/814 771/771/771 760/760/760
f 751/751/751 749/749/749 750/750/750
f 446/446/446 433/433/433 437/437/437
f 441/441/441 442/442/442 443/443/443
f 442/442/442 451/451/451 443/443/443
f 216/216/216 183/183/183 222/222/222
f 760/760/760 813/813/813 814/814/814
f 750/750/750 697/697/697 666/666/666
f 640/640/640 666/666/666 697/697/697
f 647/647/647 602/602/602 631/631/631
f 459/459/459 440/440/440 423/423/423
f 557/557/557 546/546/546 473/473/473
f 3/3/3 4/4/4 1/1/1
f 3/3/3 15/15/15 4/4/4
f 104/104/104 105/105/105 48/48/48
f 731/731/731 709/709/709 735/735/735
f 606/606/606 604/604/604 607/607/607
f 751/751/751 667/667/667 760/760/760
f 640/640/640 669/669/669 660/660/660
f 631/631/631 660/660/660 647/647/647
f 440/440/440 459/459/459 466/466/466
f 431/431/431 437/437/437 433/433/433
f 62/62/62 92/92/92 93/93/93
f 1/1/1 4/4/4 5/5/5
f 18/18/18 15/15/15 3/3/3
f 606/606/606 607/607/607 608/608/608
f 423/423/423 440/440/440 419/419/419
f 426/426/426 427/427/427 423/423/423
f 427/427/427 431/431/431 433/433/433
f 441/441/441 431/431/431 430/430/430
f 216/216/216 199/199/199 183/183/183
f 48/48/48 49/49/49 18/18/18
f 117/117/117 49/49/49 48/48/48
f 105/105/105 117/117/117 48/48/48
f 770/770/770 813/813/813 760/760/760
f 620/620/620 614/614/614 608/608/608
f 750/750/750 666/666/666 751/751/751
f 605/605/605 604/604/604 606/606/606
f 631/631/631 640/640/640 660/660/660
f 536/536/536 529/529/529 424/424/424
f 431/431/431 428/428/428 430/430/430
f 441/441/441 430/430/430 442/442/442
f 554/554/554 537/537/537 536/536/536
f 5/5/5 69/69/69 62/62/62
f 557/557/557 473/473/473 515/515/515
f 216/216/216 222/222/222 257/257/257
f 801/801/801 731/731/731 793/793/793
f 105/105/105 49/49/49 117/117/117
f 667/667/667 744/744/744 760/760/760
f 608/608/608 611/611/611 606/606/606
f 666/666/666 667/667/667 751/751/751
f 605/605/605 631/631/631 602/602/602
f 605/605/605 602/602/602 604/604/604
f 416/416/416 426/426/426 423/423/423
f 427/427/427 428/428/428 431/431/431
f 731/731/731 801/801/801 730/730/730
f 709/709/709 662/662/662 663/663/663
f 709/709/709 663/663/663 620/620/620
f 760/760/760 744/744/744 770/770/770
f 655/655/655 667/667/667 666/666/666
f 605/605/605 625/625/625 631/631/631
f 626/626/626 640/640/640 631/631/631
f 466/466/466 536/536/536 424/424/424
f 466/466/466 424/424/424 440/440/440
f 451/451/451 442/442/442 450/450/450
f 62/62/62 69/69/69 68/68/68
f 450/450/450 515/515/515 473/473/473
f 68/68/68 69/69/69 5/5/5
f 14/14/14 68/68/68 5/5/5
f 6/6/6 14/14/14 5/5/5
f 112/112/112 49/49/49 105/105/105
f 655/655/655 744/744/744 667/667/667
f 641/641/641 655/655/655 666/666/666
f 626/626/626 631/631/631 625/625/625
f 428/428/428 427/427/427 426/426/426
f 435/435/435 442/442/442 430/430/430
f 536/536/536 537/537/537 529/529/529
f 92/92/92 62/62/62 68/68/68
f 451/451/451 450/450/450 473/473/473
f 4/4/4 6/6/6 5/5/5
f 709/709/709 731/731/731 730/730/730
f 709/709/709 730/730/730 662/662/662
f 663/663/663 662/662/662 620/620/620
f 419/419/419 416/416/416 423/423/423
f 461/461/461 424/424/424 529/529/529
f 435/435/435 450/450/450 442/442/442
f 216/216/216 240/240/240 199/199/199
f 240/240/240 238/238/238 199/199/199
f 49/49/49 112/112/112 16/16/16
f 611/611/611 608/608/608 614/614/614
f 612/612/612 606/606/606 611/611/611
f 641/641/641 666/666/666 640/640/640
f 641/641/641 640/640/640 626/626/626
f 515/515/515 450/450/450 454/454/454
f 14/14/14 13/13/13 68/68/68
f 257/257/257 245/245/245 216/216/216
f 245/245/245 240/240/240 216/216/216
f 49/49/49 16/16/16 18/18/18
f 777/777/777 730/730/730 801/801/801
f 744/744/744 769/769/769 770/770/770
f 614/614/614 620/620/620 616/616/616
f 424/424/424 419/419/419 440/440/440
f 429/429/429 414/414/414 428/428/428
f 435/435/435 430/430/430 434/434/434
f 18/18/18 16/16/16 15/15/15
f 131/131/131 46/46/46 112/112/112
f 662/662/662 616/616/616 620/620/620
f 655/655/655 747/747/747 744/744/744
f 625/625/625 624/624/624 626/626/626
f 624/624/624 625/625/625 605/605/605
f 612/612/612 605/605/605 606/606/606
f 416/416/416 429/429/429 428/428/428
f 83/83/83 92/92/92 68/68/68
f 454/454/454 450/450/450 435/435/435
f 16/16/16 4/4/4 15/15/15
f 238/238/238 240/240/240 278/278/278
f 112/112/112 46/46/46 16/16/16
f 632/632/632 641/641/641 626/626/626
f 419/419/419 418/418/418 416/416/416
f 426/426/426 416/416/416 428/428/428
f 529/529/529 537/537/537 461/461/461
f 767/767/767 769/769/769 744/744/744
f 744/744/744 719/719/719 767/767/767
f 747/747/747 745/745/745 744/744/744
f 655/655/655 745/745/745 747/747/747
f 650/650/650 655/655/655 641/641/641
f 615/615/615 611/611/611 614/614/614
f 624/624/624 605/605/605 612/612/612
f 461/461/461 420/420/420 424/424/424
f 424/424/424 420/420/420 419/419/419
f 419/419/419 420/420/420 418/418/418
f 68/68/68 13/13/13 83/83/83
f 515/515/515 508/508/508 570/570/570
f 13/13/13 14/14/14 6/6/6
f 570/570/570 508/508/508 553/553/553
f 672/672/672 730/730/730 777/777/777
f 745/745/745 650/650/650 744/744/744
f 615/615/615 614/614/614 616/616/616
f 655/655/655 650/650/650 745/745/745
f 623/623/623 632/632/632 626/626/626
f 418/418/418 412/412/412 416/416/416
f 416/416/416 414/414/414 429/429/429
f 428/428/428 414/414/414 430/430/430
f 435/435/435 438/438/438 454/454/454
f 454/454/454 508/508/508 515/515/515
f 6/6/6 4/4/4 7/7/7
f 16/16/16 7/7/7 4/4/4
f 662/662/662 730/730/730 672/672/672
f 650/650/650 719/719/719 744/744/744
f 416/416/416 417/417/417 414/414/414
f 562/562/562 538/538/538 537/537/537
f 13/13/13 88/88/88 83/83/83
f 13/13/13 6/6/6 8/8/8
f 277/277/277 240/240/240 245/245/245
f 616/616/616 662/662/662 619/619/619
f 642/642/642 650/650/650 641/641/641
f 612/612/612 623/623/623 624/624/624
f 416/416/416 412/412/412 415/415/415
f 416/416/416 415/415/415 417/417/417
f 414/414/414 425/425/425 430/430/430
f 6/6/6 7/7/7 8/8/8
f 283/283/283 278/278/278 240/240/240
f 53/53/53 46/46/46 131/131/131
f 777/777/777 776/776/776 672/672/672
f 719/719/719 769/769/769 767/767/767
f 619/619/619 662/662/662 664/664/664
f 639/639/639 719/719/719 650/650/650
f 623/623/623 626/626/626 624/624/624
f 430/430/430 425/425/425 434/434/434
f 537/537/537 538/538/538 461/461/461
f 449/449/449 508/508/508 454/454/454
f 13/13/13 12/12/12 88/88/88
f 616/616/616 619/619/619 615/615/615
f 641/641/641 632/632/632 642/642/642
f 414/414/414 413/413/413 425/425/425
f 434/434/434 438/438/438 435/435/435
f 438/438/438 449/449/449 454/454/454
f 245/245/245 282/282/282 277/277/277
f 240/240/240 284/284/284 283/283/283
f 664/664/664 662/662/662 672/672/672
f 754/754/754 719/719/719 716/716/716
f 619/619/619 611/611/611 615/615/615
f 612/612/612 611/611/611 613/613/613
f 425/425/425 438/438/438 434/434/434
f 8/8/8 12/12/12 13/13/13
f 284/284/284 240/240/240 277/277/277
f 46/46/46 7/7/7 16/16/16
f 719/719/719 639/639/639 716/716/716
f 642/642/642 639/639/639 650/650/650
f 639/639/639 642/642/642 632/632/632
f 612/612/612 613/613/613 617/617/617
f 618/618/618 612/612/612 617/617/617
f 630/630/630 632/632/632 623/623/623
f 623/623/623 612/612/612 618/618/618
f 412/412/412 410/410/410 415/415/415
f 417/417/417 415/415/415 414/414/414
f 461/461/461 460/460/460 420/420/420
f 88/88/88 80/80/80 83/83/83
f 562/562/562 558/558/558 538/538/538
f 449/449/449 513/513/513 508/508/508
f 769/769/769 719/719/719 757/757/757
f 420/420/420 411/411/411 418/418/418
f 513/513/513 553/553/553 508/508/508
f 53/53/53 9/9/9 46/46/46
f 776/776/776 775/775/775 672/672/672
f 664/664/664 672/672/672 619/619/619
f 613/613/613 611/611/611 617/617/617
f 617/617/617 611/611/611 619/619/619
f 627/627/627 639/639/639 632/632/632
f 630/630/630 627/627/627 632/632/632
f 415/415/415 410/410/410 414/414/414
f 449/449/449 457/457/457 513/513/513
f 46/46/46 9/9/9 7/7/7
f 132/132/132 53/53/53 131/131/131
f 672/672/672 775/775/775 710/710/710
f 754/754/754 757/757/757 719/719/719
f 619/619/619 672/672/672 648/648/648
f 627/627/627 638/638/638 639/639/639
f 439/439/439 449/449/449 438/438/438
f 826/826/826 775/775/775 776/776/776
f 621/621/621 619/619/619 648/648/648
f 639/639/639 653/653/653 716/716/716
f 411/411/411 412/412/412 418/418/418
f 460/460/460 421/421/421 420/420/420
f 438/438/438 425/425/425 439/439/439
f 538/538/538 460/460/460 461/461/461
f 535/535/535 538/538/538 558/558/558
f 439/439/439 457/457/457 449/449/449
f 80/80/80 88/88/88 12/12/12
f 553/553/553 513/513/513 589/589/589
f 7/7/7 9/9/9 8/8/8
f 672/672/672 710/710/710 673/673/673
f 648/648/648 672/672/672 673/673/673
f 638/638/638 637/637/637 639/639/639
f 412/412/412 407/407/407 410/410/410
f 432/432/432 439/439/439 425/425/425
f 652/652/652 716/716/716 653/653/653
f 652/652/652 653/653/653 639/639/639
f 652/652/652 639/639/639 637/637/637
f 619/619/619 621/621/621 617/617/617
f 621/621/621 618/618/618 617/617/617
f 627/627/627 630/630/630 623/623/623
f 627/627/627 623/623/623 618/618/618
f 411/411/411 420/420/420 421/421/421
f 414/414/414 410/410/410 413/413/413
f 413/413/413 432/432/432 425/425/425
f 432/432/432 457/457/457 439/439/439
f 8/8/8 10/10/10 12/12/12
f 581/581/581 589/589/589 513/513/513
f 288/288/288 284/284/284 277/277/277
f 132/132/132 109/109/109 53/53/53
f 622/622/622 618/618/618 621/621/621
f 412/412/412 411/411/411 407/407/407
f 53/53/53 17/17/17 9/9/9
f 802/802/802 710/710/710 775/775/775
f 627/627/627 637/637/637 638/638/638
f 406/406/406 410/410/410 407/407/407
f 410/410/410 406/406/406 413/413/413
f 460/460/460 538/538/538 535/535/535
f 453/453/453 457/457/457 432/432/432
f 457/457/457 518/518/518 513/513/513
f 12/12/12 10/10/10 80/80/80
f 80/80/80 10/10/10 76/76/76
f 581/581/581 513/513/513 518/518/518
f 802/802/802 775/775/775 826/826/826
f 53/53/53 109/109/109 17/17/17
f 648/648/648 673/673/673 710/710/710
f 754/754/754 716/716/716 757/757/757
f 757/757/757 716/716/716 705/705/705
f 705/705/705 716/716/716 652/652/652
f 637/637/637 646/646/646 652/652/652
f 635/635/635 637/637/637 627/627/627
f 628/628/628 627/627/627 618/618/618
f 629/629/629 628/628/628 618/618/618
f 460/460/460 422/422/422 421/421/421
f 406/406/406 432/432/432 413/413/413
f 289/289/289 284/284/284 288/288/288
f 710/710/710 659/659/659 648/648/648
f 622/622/622 629/629/629 618/618/618
f 629/629/629 622/622/622 621/621/621
f 627/627/627 634/634/634 635/635/635
f 411/411/411 421/421/421 409/409/409
f 421/421/421 422/422/422 409/409/409
f 406/406/406 405/405/405 432/432/432
f 460/460/460 535/535/535 531/531/531
f 436/436/436 444/444/444 432/432/432
f 444/444/444 453/453/453 432/432/432
f 80/80/80 98/98/98 99/99/99
f 577/577/577 581/581/581 518/518/518
f 10/10/10 8/8/8 9/9/9
f 290/290/290 289/289/289 288/288/288
f 758/758/758 757/757/757 705/705/705
f 634/634/634 627/627/627 628/628/628
f 432/432/432 405/405/405 436/436/436
f 9/9/9 11/11/11 10/10/10
f 11/11/11 9/9/9 17/17/17
f 700/700/700 659/659/659 710/710/710
f 629/629/629 621/621/621 636/636/636
f 635/635/635 646/646/646 637/637/637
f 409/409/409 407/407/407 411/411/411
f 80/80/80 76/76/76 98/98/98
f 782/782/782 710/710/710 802/802/802
f 648/648/648 636/636/636 621/621/621
f 422/422/422 460/460/460 531/531/531
f 453/453/453 444/444/444 457/457/457
f 782/782/782 700/700/700 710/710/710
f 761/761/761 772/772/772 757/757/757
f 757/757/757 758/758/758 761/761/761
f 634/634/634 646/646/646 635/635/635
f 628/628/628 629/629/629 633/633/633
f 407/407/407 404/404/404 406/406/406
f 404/404/404 405/405/405 406/406/406
f 98/98/98 76/76/76 77/77/77
f 17/17/17 39/39/39 11/11/11
f 43/43/43 11/11/11 39/39/39
f 636/636/636 648/648/648 659/659/659
f 407/407/407 408/408/408 404/404/404
f 98/98/98 77/77/77 57/57/57
f 444/444/444 468/468/468 457/457/457
f 457/457/457 468/468/468 517/517/517
f 517/517/517 518/518/518 457/457/457
f 10/10/10 57/57/57 76/76/76
f 517/517/517 577/577/577 518/518/518
f 782/782/782 802/802/802 830/830/830
f 109/109/109 39/39/39 17/17/17
f 700/700/700 694/694/694 659/659/659
f 636/636/636 633/633/633 629/629/629
f 422/422/422 464/464/464 409/409/409
f 422/422/422 531/531/531 464/464/464
f 447/447/447 436/436/436 405/405/405
f 436/436/436 468/468/468 444/444/444
f 57/57/57 77/77/77 76/76/76
f 115/115/115 39/39/39 109/109/109
f 755/755/755 700/700/700 782/782/782
f 694/694/694 636/636/636 659/659/659
f 652/652/652 646/646/646 705/705/705
f 628/628/628 633/633/633 643/643/643
f 408/408/408 407/407/407 409/409/409
f 447/447/447 405/405/405 404/404/404
f 90/90/90 98/98/98 57/57/57
f 11/11/11 57/57/57 10/10/10
f 782/782/782 830/830/830 827/827/827
f 705/705/705 761/761/761 758/758/758
f 704/704/704 705/705/705 646/646/646
f 651/651/651 704/704/704 646/646/646
f 651/651/651 646/646/646 634/634/634
f 643/643/643 633/633/633 636/636/636
f 644/644/644 634/634/634 628/628/628
f 590/590/590 577/577/577 517/517/517
f 761/761/761 705/705/705 756/756/756
f 654/654/654 651/651/651 634/634/634
f 645/645/645 654/654/654 634/634/634
f 645/645/645 634/634/634 644/644/644
f 643/643/643 644/644/644 628/628/628
f 448/448/448 404/404/404 408/408/408
f 409/409/409 465/465/465 408/408/408
f 539/539/539 464/464/464 531/531/531
f 539/539/539 531/531/531 543/543/543
f 525/525/525 517/517/517 468/468/468
f 11/11/11 43/43/43 57/57/57
f 782/782/782 740/740/740 755/755/755
f 740/740/740 700/700/700 755/755/755
f 748/748/748 756/756/756 705/705/705
f 705/705/705 704/704/704 748/748/748
f 649/649/649 643/643/643 636/636/636
f 465/465/465 409/409/409 464/464/464
f 436/436/436 447/447/447 500/500/500
f 500/500/500 468/468/468 436/436/436
f 525/525/525 579/579/579 517/517/517
f 39/39/39 66/66/66 43/43/43
f 66/66/66 39/39/39 115/115/115
f 448/448/448 447/447/447 404/404/404
f 517/517/517 579/579/579 590/590/590
f 827/827/827 740/740/740 782/782/782
f 66/66/66 115/115/115 116/116/116
f 756/756/756 812/812/812 761/761/761
f 740/740/740 694/694/694 700/700/700
f 674/674/674 636/636/636 694/694/694
f 651/651/651 654/654/654 704/704/704
f 643/643/643 661/661/661 644/644/644
f 661/661/661 643/643/643 649/649/649
f 465/465/465 464/464/464 516/516/516
f 539/539/539 516/516/516 464/464/464
f 512/512/512 525/525/525 468/468/468
f 500/500/500 512/512/512 468/468/468
f 57/57/57 75/75/75 90/90/90
f 43/43/43 75/75/75 57/57/57
f 598/598/598 590/590/590 579/579/579
f 740/740/740 827/827/827 825/825/825
f 748/748/748 812/812/812 756/756/756
f 704/704/704 762/762/762 748/748/748
f 654/654/654 718/718/718 704/704/704
f 674/674/674 649/649/649 636/636/636
f 645/645/645 668/668/668 654/654/654
f 668/668/668 645/645/645 644/644/644
f 505/505/505 448/448/448 408/408/408
f 500/500/500 447/447/447 448/448/448
f 90/90/90 75/75/75 82/82/82
f 82/82/82 75/75/75 43/43/43
f 140/140/140 66/66/66 116/116/116
f 66/66/66 140/140/140 139/139/139
f 740/740/740 674/674/674 694/694/694
f 762/762/762 704/704/704 718/718/718
f 661/661/661 649/649/649 675/675/675
f 698/698/698 649/649/649 674/674/674
f 670/670/670 668/668/668 644/644/644
f 670/670/670 644/644/644 661/661/661
f 505/505/505 500/500/500 448/448/448
f 520/520/520 512/512/512 500/500/500
f 90/90/90 82/82/82 125/125/125
f 512/512/512 579/579/579 525/525/525
f 66/66/66 82/82/82 43/43/43
f 139/139/139 89/89/89 66/66/66
f 739/739/739 674/674/674 740/740/740
f 738/738/738 674/674/674 739/739/739
f 738/738/738 698/698/698 674/674/674
f 742/742/742 718/718/718 654/654/654
f 675/675/675 649/649/649 698/698/698
f 540/540/540 465/465/465 516/516/516
f 505/505/505 408/408/408 465/465/465
f 539/539/539 540/540/540 516/516/516
f 125/125/125 82/82/82 124/124/124
f 575/575/575 512/512/512 520/520/520
f 575/575/575 579/579/579 512/512/512
f 66/66/66 89/89/89 82/82/82
f 575/575/575 598/598/598 579/579/579
f 820/820/820 740/740/740 825/825/825
f 820/820/820 738/738/738 740/740/740
f 738/738/738 739/739/739 740/740/740
f 762/762/762 718/718/718 742/742/742
f 742/742/742 654/654/654 668/668/668
f 717/717/717 668/668/668 670/670/670
f 541/541/541 505/505/505 465/465/465
f 542/542/542 520/520/520 500/500/500
f 89/89/89 139/139/139 123/123/123
f 818/818/818 738/738/738 820/820/820
f 743/743/743 698/698/698 738/738/738
f 743/743/743 738/738/738 818/818/818
f 720/720/720 661/661/661 698/698/698
f 742/742/742 668/668/668 717/717/717
f 722/722/722 670/670/670 661/661/661
f 722/722/722 661/661/661 721/721/721
f 661/661/661 675/675/675 698/698/698
f 541/541/541 465/465/465 540/540/540
f 542/542/542 500/500/500 505/505/505
f 124/124/124 126/126/126 125/125/125
f 575/575/575 520/520/520 542/542/542
f 82/82/82 120/120/120 124/124/124
f 89/89/89 120/120/120 82/82/82
f 575/575/575 601/601/601 598/598/598
f 600/600/600 601/601/601 575/575/575
f 123/123/123 120/120/120 89/89/89
f 147/147/147 123/123/123 139/139/139
f 720/720/720 743/743/743 818/818/818
f 720/720/720 698/698/698 743/743/743
f 780/780/780 742/742/742 717/717/717
f 717/717/717 670/670/670 722/722/722
f 720/720/720 721/721/721 661/661/661
f 541/541/541 540/540/540 591/591/591
f 576/576/576 542/542/542 505/505/505
f 505/505/505 541/541/541 576/576/576
f 540/540/540 592/592/592 591/591/591
f 596/596/596 575/575/575 542/542/542
f 596/596/596 600/600/600 575/575/575
f 123/123/123 147/147/147 148/148/148
f 828/828/828 819/819/819 818/818/818
f 819/819/819 720/720/720 818/818/818
f 781/781/781 742/742/742 780/780/780
f 124/124/124 120/120/120 151/151/151
f 591/591/591 576/576/576 541/541/541
f 576/576/576 599/599/599 542/542/542
f 542/542/542 599/599/599 596/596/596
f 823/823/823 819/819/819 828/828/828
f 123/123/123 152/152/152 120/120/120
f 123/123/123 148/148/148 152/152/152
f 816/816/816 721/721/721 823/823/823
f 780/780/780 722/722/722 815/815/815
f 721/721/721 720/720/720 823/823/823
f 823/823/823 720/720/720 819/819/819
f 780/780/780 717/717/717 722/722/722
f 815/815/815 722/722/722 721/721/721
f 815/815/815 721/721/721 816/816/816
f 152/152/152 151/151/151 120/120/120
f 831/831/831 816/816/816 829/829/829
f 832/832/832 833/833/833 834/834/834
f 829/829/829 816/816/816 823/823/823
f 151/151/151 152/152/152 153/153/153
