# Shopkeeper / ArmR  (local frame of part 'ArmR', bbox-centred; -Z = front)
v -0.10796 0.05015 -0.42060
v -0.15683 0.06317 -0.38554
v -0.09673 0.07990 -0.42151
v -0.15035 0.02258 -0.39758
v -0.19663 0.07183 -0.35790
v -0.00264 0.06081 -0.49003
v 0.00254 0.12280 -0.47705
v 0.04396 0.12797 -0.49895
v -0.11999 -0.00931 -0.41656
v 0.00355 -0.02931 -0.49720
v 0.01817 0.02501 -0.50629
v 0.05555 0.03967 -0.52344
v 0.05783 0.13677 -0.50249
v -0.23915 0.06420 -0.33944
v -0.20086 0.02495 -0.37061
v -0.19119 -0.01063 -0.37636
v 0.11173 0.12184 -0.52785
v -0.27121 0.02992 -0.34023
v -0.24407 -0.01880 -0.35202
v -0.14280 -0.04530 -0.39786
v -0.11599 -0.03241 -0.41720
v -0.03525 -0.10272 -0.45682
v 0.07258 -0.07514 -0.52448
v 0.10932 -0.01254 -0.54426
v -0.36173 0.02498 -0.31017
v -0.18014 -0.03864 -0.37744
v 0.01531 -0.09636 -0.49170
v -0.31268 -0.03329 -0.32276
v -0.38317 -0.02691 -0.29950
v -0.38820 0.05247 -0.28725
v -0.43810 -0.00297 -0.27634
v 0.15026 0.05209 -0.55152
v -0.15583 -0.07053 -0.38177
v -0.22424 -0.06089 -0.34596
v -0.47823 0.03744 -0.24092
v -0.48016 -0.00497 -0.24749
v -0.08693 -0.11643 -0.41273
v -0.02204 -0.15265 -0.44457
v 0.08949 -0.13576 -0.51363
v 0.05966 -0.15535 -0.49325
v 0.01842 -0.12427 -0.48431
v 0.17333 -0.03878 -0.55618
v 0.18778 -0.13063 -0.53828
v 0.16838 0.10348 -0.54554
v 0.02010 -0.16804 -0.46549
v -0.48652 -0.04813 -0.22481
v -0.55638 0.02408 -0.16868
v -0.54647 -0.02405 -0.17895
v 0.11444 -0.17787 -0.50400
v 0.04907 -0.20588 -0.46019
v 0.24839 0.03521 -0.56065
v 0.23433 0.10304 -0.55047
v 0.03859 0.18481 -0.47067
v -0.02611 0.17378 -0.43256
v -0.08918 0.11030 -0.41614
v -0.16389 0.11564 -0.35363
v 0.12388 0.19641 -0.50109
v 0.01808 0.15401 -0.47406
v -0.09802 0.12870 -0.40002
v -0.12567 0.13188 -0.37452
v 0.09420 0.22479 -0.47388
v 0.22825 0.16002 -0.53285
v 0.18460 0.21284 -0.50516
v -0.53011 0.05682 -0.17877
v -0.09716 0.16490 -0.37658
v 0.01307 0.21415 -0.43569
v -0.59508 -0.01355 -0.11260
v -0.44860 0.08177 -0.22678
v -0.01874 0.23470 -0.39257
v -0.13816 0.15173 -0.34733
v -0.09770 0.19767 -0.34588
v 0.10175 0.28724 -0.42664
v 0.03295 0.26651 -0.40594
v 0.19925 0.27164 -0.46702
v -0.38164 0.07951 -0.26836
v -0.27174 0.10606 -0.28775
v -0.20713 0.12068 -0.31487
v -0.18534 0.10961 -0.34144
v -0.12807 0.17549 -0.33467
v -0.51364 0.09034 -0.15502
v -0.15959 0.17354 -0.29996
v 0.30275 0.19332 -0.51164
v 0.26439 0.25043 -0.48312
v 0.36267 0.09376 -0.53153
v 0.36822 0.04803 -0.53742
v 0.07718 0.31764 -0.37840
v -0.03005 0.27647 -0.33243
v -0.01209 0.30648 -0.30890
v 0.02866 0.32210 -0.33132
v -0.20164 0.14492 -0.29160
v -0.22884 0.15049 -0.25675
v 0.20862 0.32624 -0.41446
v -0.55376 0.07877 -0.12013
v -0.60359 0.05182 -0.06838
v -0.62659 0.02732 -0.03674
v -0.40336 0.10570 -0.22396
v -0.36296 0.10767 -0.24180
v -0.09075 0.23840 -0.30304
v -0.12177 0.21182 -0.29689
v 0.38497 0.12963 -0.51328
v 0.36113 0.18601 -0.49907
v -0.04261 -0.19334 -0.40127
v -0.13994 -0.13226 -0.35771
v -0.18015 -0.07401 -0.36441
v -0.39469 -0.07501 -0.26203
v -0.31855 -0.07411 -0.29451
v 0.00477 -0.25297 -0.39079
v -0.20030 -0.11703 -0.31903
v 0.05121 -0.25306 -0.42527
v -0.17304 -0.14002 -0.31926
v -0.28817 -0.09197 -0.29004
v -0.24430 -0.11510 -0.28862
v -0.10086 -0.19523 -0.33853
v -0.58037 -0.05527 -0.10424
v -0.61409 -0.03696 -0.05605
v -0.62903 0.01185 -0.03856
v -0.64996 0.01589 0.05581
v -0.63300 -0.04420 0.02049
v 0.64722 -0.06601 -0.14873
v 0.64467 0.05242 -0.06888
v 0.64230 -0.04540 -0.05298
v 0.63909 0.01967 -0.02721
v 0.65200 0.02650 -0.12724
v 0.64815 -0.02954 -0.19085
v 0.62793 -0.14296 -0.12020
v 0.63728 -0.11138 -0.15858
v 0.64605 0.07394 -0.15995
v 0.63408 -0.11602 -0.08994
v 0.61419 -0.15964 -0.05613
v 0.62006 -0.09816 -0.00122
v 0.63619 -0.05470 -0.02970
v 0.61648 -0.04720 0.03541
v 0.61832 0.04947 0.03145
v 0.62190 0.09554 -0.00230
v 0.59773 -0.15903 0.00462
v 0.57745 -0.10844 0.08760
v 0.58017 0.00206 0.11147
v 0.57645 -0.06816 0.10621
v 0.62457 0.13876 -0.06677
v 0.58258 0.09150 0.08939
v 0.59240 0.16256 0.01810
v 0.61966 0.16298 -0.09998
v 0.63907 0.10549 -0.16514
v 0.63157 0.09950 -0.22837
v 0.62662 0.06379 -0.27272
v 0.62607 -0.07284 -0.26750
v 0.63644 -0.03505 -0.24903
v 0.62274 0.00611 -0.29692
v 0.61331 -0.16481 -0.20934
v 0.59675 0.21349 -0.14514
v 0.60983 0.14696 -0.25684
v 0.58614 0.21860 -0.21305
v 0.56745 0.24850 -0.06412
v 0.58080 0.20323 -0.00631
v 0.58962 0.22441 -0.16110
v 0.59420 0.11788 -0.32314
v 0.59973 -0.14669 -0.28372
v 0.59240 0.03158 -0.35839
v 0.59678 -0.07851 -0.33644
v 0.57170 -0.04053 -0.38840
v 0.56814 0.21167 -0.28563
v 0.58239 -0.23625 -0.12717
v 0.55970 0.12930 -0.37525
v 0.53649 0.20200 -0.35475
v 0.53193 0.29981 -0.13048
v 0.54767 0.21292 0.05447
v 0.53845 0.17222 0.10684
v 0.53696 0.26559 -0.00606
v 0.55140 0.10489 0.12923
v 0.53079 0.05471 0.16758
v 0.55797 -0.17874 0.06893
v 0.56346 -0.25118 -0.05864
v 0.56267 -0.22573 0.00134
v 0.53265 -0.04590 0.16637
v 0.54886 -0.26764 -0.22018
v 0.57004 -0.22471 -0.25492
v 0.56881 -0.18669 -0.31168
v 0.56379 -0.17023 -0.33697
v 0.55150 0.03819 -0.41545
v 0.53745 -0.29279 -0.14704
v 0.50564 -0.09271 0.18078
v 0.48909 -0.01501 0.20855
v 0.50339 -0.32326 -0.16867
v 0.18416 0.04950 0.37125
v 0.19002 0.11304 0.32892
v 0.12926 0.11831 0.35082
v 0.24168 0.15665 0.28292
v 0.25443 0.09282 0.31231
v 0.33567 0.13668 0.26284
v 0.28158 0.05223 0.31175
v 0.30759 0.15962 0.26222
v 0.33688 0.22247 0.21651
v 0.43678 0.14508 0.21298
v 0.42406 0.20484 0.18822
v 0.37553 0.10172 0.25838
v 0.41922 0.09368 0.24018
v 0.36177 0.25386 0.18459
v 0.37321 0.25110 0.18175
v 0.47675 0.20184 0.15150
v 0.29957 0.26917 0.19174
v 0.22949 0.25189 0.21546
v 0.17464 0.19285 0.26831
v 0.08997 0.18120 0.28674
v 0.40998 0.28233 0.13160
v 0.35045 0.32076 0.12148
v 0.30793 0.29991 0.16102
v 0.27171 0.31462 0.15264
v 0.23542 0.30218 0.16860
v 0.48114 0.24724 0.10733
v 0.07355 0.15476 0.32504
v 0.31120 0.34850 0.09928
v 0.43539 0.29402 0.09767
v 0.45754 0.27829 0.09635
v 0.51312 0.15596 0.14719
v 0.47210 0.11067 0.20326
v 0.12841 0.09558 0.37506
v 0.12158 0.07517 0.39898
v 0.04746 0.09262 0.43198
v 0.08075 0.05098 0.44961
v 0.00644 0.07897 0.47457
v 0.00021 0.03863 0.50744
v -0.05292 0.07231 0.50807
v -0.05621 0.04521 0.52793
v -0.13883 0.05380 0.54343
v -0.14875 0.08946 0.51517
v -0.13044 0.09173 0.50986
v -0.11302 0.09842 0.49853
v 0.08538 0.00983 0.46230
v 0.03420 0.01417 0.49653
v -0.06011 0.11845 0.45353
v 0.01106 0.11166 0.42778
v -0.02984 0.00248 0.52898
v -0.09819 0.01256 0.55022
v -0.21994 0.06169 0.54328
v 0.53845 0.17222 0.10684
v 0.04503 0.14071 0.35678
v 0.44758 0.03391 0.23528
v -0.15854 0.01131 0.56065
v 0.45228 0.32075 0.03755
v 0.42170 0.34142 0.03459
v 0.33655 0.35776 0.07304
v 0.54767 0.21292 0.05447
v 0.52165 0.25274 0.04711
v 0.53079 0.05471 0.16758
v 0.55140 0.10489 0.12923
v -0.24987 0.02165 0.55963
v -0.00189 0.14437 0.37083
v 0.09845 0.23396 0.22429
v 0.14376 0.25325 0.21092
v 0.16807 0.28377 0.18287
v -0.26296 0.09614 0.50671
v 0.24401 0.36659 0.08394
v -0.15173 0.12838 0.46058
v 0.18001 0.33937 0.12006
v 0.01244 0.16659 0.31979
v 0.03838 0.19767 0.26365
v 0.33579 0.38943 0.00295
v -0.25506 0.13170 0.45248
v 0.02347 0.24782 0.18212
v -0.08755 0.14815 0.40382
v 0.00546 0.15029 0.35503
v 0.40822 0.37044 -0.02272
v -0.02061 0.17866 0.29973
v 0.15219 0.29512 0.16751
v 0.24836 0.40078 0.00903
v -0.35457 0.04038 0.52953
v -0.34422 0.08764 0.49584
v 0.37735 0.38833 -0.03982
v 0.53696 0.26559 -0.00606
v 0.48050 0.32810 -0.03010
v 0.24541 0.02532 0.33641
v 0.16125 -0.02016 0.39725
v 0.48909 -0.01501 0.20855
v 0.06265 -0.01446 0.47744
v 0.28632 -0.02773 0.31232
v 0.41417 -0.03745 0.25191
v -0.12413 -0.01205 0.55500
v 0.24256 -0.04485 0.33335
v -0.43739 0.06808 0.46971
v -0.31139 -0.01343 0.54983
v -0.35979 -0.00245 0.53621
v 0.42268 -0.09397 0.23730
v 0.50564 -0.09271 0.18078
v 0.46502 -0.10320 0.20934
v -0.24800 -0.02234 0.55842
v -0.45498 0.00770 0.48801
v -0.48323 0.04781 0.45336
v -0.50210 -0.00110 0.45288
v -0.30462 -0.11883 -0.24615
v -0.44056 -0.11004 -0.18440
v -0.39469 -0.07501 -0.26203
v -0.46946 -0.07935 -0.20827
v -0.31855 -0.07411 -0.29451
v -0.28817 -0.09197 -0.29004
v -0.24430 -0.11510 -0.28862
v -0.24659 -0.14718 -0.23868
v -0.51277 -0.08712 -0.15423
v -0.30631 -0.15207 -0.17766
v -0.43578 -0.14257 -0.10887
v -0.24365 -0.16772 -0.19751
v -0.23634 -0.17659 -0.18284
v -0.46050 -0.13403 -0.10810
v -0.51061 -0.11161 -0.10597
v -0.17304 -0.14002 -0.31926
v -0.17852 -0.18843 -0.23995
v -0.16476 -0.22512 -0.15777
v -0.39306 -0.16581 -0.06226
v -0.24574 -0.19109 -0.11196
v -0.29191 -0.17128 -0.13114
v -0.32066 -0.17982 -0.05884
v -0.55162 -0.10316 -0.05818
v -0.15073 -0.19633 -0.26813
v -0.42752 -0.17010 0.03573
v -0.51120 -0.14014 0.01783
v -0.16687 -0.21458 -0.19406
v -0.59222 -0.09341 0.02776
v -0.55574 -0.12286 0.07641
v -0.24858 -0.19983 -0.03068
v -0.22192 -0.20700 -0.05926
v -0.15913 -0.23632 -0.04240
v -0.19775 -0.21244 -0.11388
v -0.32640 -0.18847 0.02656
v -0.17708 -0.22460 0.00658
v -0.18939 -0.22123 -0.03623
v -0.27407 -0.19546 0.00713
v -0.44072 -0.16876 0.12033
v -0.53640 -0.13252 0.15168
v -0.33391 -0.18939 0.13785
v -0.23334 -0.20322 0.07507
v -0.46405 -0.15649 0.20526
v -0.37195 -0.17086 0.26608
v -0.32980 -0.18241 0.23384
v -0.13505 -0.22603 0.09986
v -0.10132 -0.24295 0.08426
v -0.48266 -0.14441 0.24509
v -0.20680 -0.19795 0.18202
v -0.16200 -0.21077 0.13872
v -0.14829 -0.21432 0.13612
v -0.25711 -0.18556 0.26233
v -0.56868 -0.10837 0.20786
v -0.41389 -0.14505 0.33672
v -0.19765 -0.19193 0.23287
v -0.09095 -0.20713 0.20395
v -0.50105 -0.13133 0.27379
v -0.48749 -0.12341 0.32382
v -0.56975 -0.09494 0.26455
v -0.26002 -0.16309 0.36251
v -0.38150 -0.14754 0.35532
v -0.14371 -0.18776 0.26123
v -0.20162 -0.17384 0.33006
v -0.05700 -0.23020 0.16272
v -0.07942 -0.17926 0.29002
v -0.11486 -0.18216 0.28334
v -0.41604 -0.12893 0.38112
v -0.14837 -0.16667 0.35082
v -0.02181 -0.20385 0.23512
v -0.08611 -0.16912 0.32309
v -0.32841 -0.12371 0.44123
v -0.20485 -0.14271 0.42422
v -0.15294 -0.14257 0.42018
v -0.44829 -0.10132 0.41327
v 0.00119 -0.26841 0.12924
v -0.23830 -0.12554 0.45848
v -0.62847 -0.06399 0.14287
v -0.09224 -0.15366 0.37477
v -0.25172 -0.10803 0.48625
v 0.03808 -0.23877 0.19661
v 0.01659 -0.19057 0.26586
v -0.54932 -0.07667 0.34659
v -0.59952 -0.07653 -0.01665
v -0.12560 -0.24732 -0.19184
v -0.14480 -0.24538 -0.09950
v -0.13864 -0.24966 -0.07805
v -0.11145 -0.26535 -0.04492
v -0.09465 -0.27248 -0.01948
v 0.00846 -0.34182 -0.02688
v -0.08875 -0.26633 0.02402
v -0.11346 -0.25041 0.03388
v -0.04987 -0.25747 0.10632
v 0.09540 -0.28855 0.15405
v -0.01277 -0.34034 -0.08593
v 0.05682 -0.37004 -0.03247
v 0.01296 -0.35917 -0.10643
v 0.06284 -0.38206 -0.07867
v 0.08142 -0.39386 -0.13651
v 0.12978 -0.39741 -0.03529
v 0.18611 -0.41973 -0.13640
v 0.18006 -0.41154 -0.05586
v 0.11958 -0.39961 -0.21259
v 0.05532 -0.37923 -0.18911
v -0.01614 -0.34112 -0.15069
v -0.00235 -0.34475 -0.20270
v -0.02876 -0.33199 -0.11960
v 0.09397 -0.36144 0.03701
v 0.06709 -0.36341 -0.27507
v 0.01648 -0.34243 -0.25814
v 0.23367 -0.42109 -0.16765
v 0.18830 -0.40750 -0.23839
v 0.05995 -0.33723 0.05598
v -0.01068 -0.30812 0.03683
v 0.15054 -0.39551 -0.26034
v 0.18593 -0.38693 0.03069
v 0.22935 -0.40070 0.00004
v -0.06705 -0.29975 -0.17405
v -0.12171 -0.25880 -0.14521
v 0.26399 -0.41725 -0.07882
v 0.00769 -0.29225 0.09170
v 0.10779 -0.33782 0.09049
v 0.17446 -0.35074 0.09813
v -0.01522 -0.31927 -0.26252
v 0.15713 -0.37739 -0.31192
v -0.11721 -0.24434 -0.22607
v 0.10320 -0.34840 -0.33948
v 0.27040 -0.40603 -0.24630
v -0.61606 -0.04447 0.26632
v 0.09503 -0.24763 0.20400
v -0.39108 -0.07918 0.48009
v -0.46805 -0.07114 0.44041
v 0.24076 -0.39308 -0.29131
v -0.08394 -0.25467 -0.27417
v -0.04942 -0.28217 -0.28273
v -0.11525 -0.23138 -0.26192
v 0.34443 -0.40719 -0.12176
v 0.30534 -0.40964 -0.20916
v -0.13535 -0.21678 -0.25447
v 0.04886 -0.32669 -0.33395
v 0.03210 -0.32003 -0.32863
v -0.01097 -0.28329 -0.33803
v -0.63300 -0.04420 0.02049
v -0.65067 -0.02332 0.12740
v 0.08168 -0.31220 -0.38057
v -0.58037 -0.05527 -0.10424
v -0.61409 -0.03696 -0.05605
v 0.32436 -0.40325 -0.04884
v -0.56094 -0.05259 0.36336
v -0.08594 -0.22901 -0.31474
v -0.51824 -0.03672 0.42661
v 0.27168 -0.36413 -0.34864
v 0.20092 -0.33464 -0.39487
v 0.14142 -0.29101 -0.43166
v 0.31902 -0.38001 -0.30031
v -0.10086 -0.19523 -0.33853
v -0.13522 -0.17274 -0.32324
v 0.35520 -0.39626 -0.21726
v 0.00477 -0.25297 -0.39079
v 0.04306 -0.26729 -0.40642
v -0.08278 -0.21580 -0.33662
v -0.64337 -0.01215 0.21050
v 0.41934 -0.37798 -0.16895
v -0.48652 -0.04813 -0.22481
v -0.04261 -0.19334 -0.40127
v -0.54647 -0.02405 -0.17895
v 0.05121 -0.25306 -0.42527
v 0.11903 -0.25378 -0.45743
v -0.22424 -0.06089 -0.34596
v 0.43158 -0.36151 -0.22879
v -0.57896 -0.01606 0.36382
v -0.61571 -0.00429 0.29998
v -0.64996 0.01589 0.05581
v -0.65200 0.01700 0.15038
v 0.39341 -0.23287 -0.45206
v 0.36389 -0.29971 -0.40560
v 0.34766 -0.28645 -0.42700
v 0.43215 -0.26379 -0.40068
v 0.40945 -0.31007 -0.36379
v 0.45093 -0.29700 -0.34401
v 0.46741 -0.27086 -0.36118
v 0.49442 -0.23317 -0.37351
v 0.48100 -0.19460 -0.41923
v 0.51665 -0.19229 -0.38480
v 0.49496 -0.14169 -0.43843
v 0.46430 -0.14422 -0.46159
v 0.42576 -0.17505 -0.47119
v 0.34619 -0.21377 -0.48497
v 0.34499 -0.15739 -0.51449
v 0.41984 -0.11092 -0.50150
v 0.46246 -0.11699 -0.47408
v 0.28715 -0.30689 -0.42413
v 0.25947 -0.24138 -0.48460
v 0.25636 -0.22218 -0.49737
v 0.34620 -0.08965 -0.53619
v 0.25450 -0.11891 -0.54372
v 0.28014 -0.07254 -0.55274
v 0.41559 -0.02826 -0.51967
v 0.51320 -0.07441 -0.44707
v 0.46594 -0.04652 -0.48929
v 0.54687 -0.12701 -0.39114
v 0.34026 -0.03361 -0.54672
v 0.49337 -0.01159 -0.47282
v 0.44413 0.01415 -0.50584
v 0.36822 0.04803 -0.53742
v 0.18778 -0.13063 -0.53828
v 0.19535 -0.23545 -0.48783
v 0.19072 -0.30246 -0.43119
v 0.17333 -0.03878 -0.55618
v 0.24839 0.03521 -0.56065
v 0.11444 -0.17787 -0.50400
v 0.20092 -0.33464 -0.39487
v 0.11903 -0.25378 -0.45743
v 0.14142 -0.29101 -0.43166
v 0.27168 -0.36413 -0.34864
v 0.39821 -0.34484 -0.31692
v 0.31902 -0.38001 -0.30031
v 0.04907 -0.20588 -0.46019
v 0.56379 -0.17023 -0.33697
v 0.38933 -0.36216 -0.28837
v 0.56881 -0.18669 -0.31168
v 0.57170 -0.04053 -0.38840
v 0.49574 -0.28284 -0.30861
v 0.55150 0.03819 -0.41545
v 0.49793 0.07540 -0.46129
v 0.36267 0.09376 -0.53153
v 0.42717 0.12203 -0.49577
v 0.45051 0.11881 -0.48315
v 0.38497 0.12963 -0.51328
v 0.59678 -0.07851 -0.33644
v 0.57004 -0.22471 -0.25492
v 0.49584 -0.31281 -0.24460
v 0.43158 -0.36151 -0.22879
v 0.54886 -0.26764 -0.22018
v 0.35520 -0.39626 -0.21726
v 0.51078 0.11971 -0.43613
v 0.05121 -0.25306 -0.42527
v 0.50339 -0.32326 -0.16867
v -0.45728 0.15192 0.27550
v -0.46746 0.16276 0.18762
v -0.50397 0.14259 0.23854
v -0.36171 0.17984 0.24714
v -0.38755 0.16249 0.30949
v -0.36713 0.18860 0.15232
v -0.46355 0.16793 0.10495
v -0.41697 0.17939 0.07199
v -0.30047 0.16420 0.35733
v -0.31572 0.16124 0.36062
v -0.27837 0.17921 0.30790
v -0.24609 0.19179 0.25270
v -0.28400 0.19715 0.18200
v -0.22843 0.20603 0.12149
v -0.16122 0.20062 0.21678
v -0.12293 0.21383 0.17831
v -0.16051 0.18905 0.27839
v -0.19843 0.17898 0.32744
v -0.15273 0.21944 0.12854
v -0.18267 0.22138 0.06764
v -0.11229 0.21923 0.16632
v -0.09343 0.22358 0.16587
v -0.36370 0.18384 -0.00537
v -0.25334 0.20476 0.04700
v -0.22878 0.21088 0.01490
v -0.13242 0.22887 0.11145
v -0.36224 0.14601 0.38216
v -0.23079 0.15440 0.40450
v -0.44291 0.13587 0.34913
v -0.08210 0.18226 0.29744
v -0.03859 0.21372 0.21830
v -0.11349 0.17908 0.31493
v -0.12307 0.17194 0.34542
v -0.16024 0.15976 0.39105
v -0.09122 0.24944 0.09256
v -0.11407 0.24873 0.06184
v -0.18468 0.14957 0.41907
v -0.25506 0.13170 0.45248
v -0.32421 0.12776 0.44199
v -0.41363 0.12379 0.40306
v -0.15306 0.24215 -0.00169
v -0.38347 0.12746 0.41462
v -0.14505 0.25226 -0.07732
v 0.02347 0.24782 0.18212
v -0.55622 0.12716 0.16873
v -0.26386 0.19796 -0.04307
v -0.23233 0.19942 -0.11498
v -0.39811 0.17251 -0.03698
v -0.45970 0.15595 -0.03593
v -0.48500 0.16026 0.07285
v -0.58140 0.11400 0.11134
v -0.53220 0.13924 0.04875
v -0.46779 0.11643 0.37427
v -0.49523 0.12065 0.33365
v -0.55529 0.10568 0.27983
v -0.30447 0.17835 -0.09906
v -0.25320 0.18708 -0.13167
v -0.18917 0.21712 -0.14484
v -0.55943 0.12132 0.02313
v -0.49811 0.11147 0.35308
v -0.33629 0.16196 -0.13471
v -0.25240 0.16607 -0.20005
v -0.19986 0.19319 -0.20517
v -0.43224 0.13439 -0.14587
v -0.55220 0.11342 -0.03691
v -0.08755 0.14815 0.40382
v -0.02061 0.17866 0.29973
v -0.05940 0.18924 0.27515
v 0.01172 0.20653 0.24551
v -0.15173 0.12838 0.46058
v 0.03838 0.19767 0.26365
v -0.42959 0.10099 0.43410
v -0.12274 0.26526 -0.04713
v -0.11197 0.26904 -0.02389
v -0.09128 0.27475 0.00949
v -0.00991 0.33472 -0.02041
v -0.08127 0.27043 0.04410
v -0.06099 0.27316 0.06663
v 0.04709 0.32052 0.08264
v -0.01512 0.30697 0.04576
v 0.01773 0.32784 0.03985
v 0.10296 0.33213 0.10144
v 0.00710 0.33643 0.00486
v -0.02637 0.33951 -0.09829
v -0.15446 0.24365 -0.12461
v 0.03080 0.35528 -0.01026
v 0.10694 0.36876 0.03937
v 0.03555 0.36356 -0.02815
v 0.06740 0.34610 0.05323
v 0.18001 0.33937 0.12006
v -0.34422 0.08764 0.49584
v 0.01803 0.36391 -0.07018
v 0.09382 0.39798 -0.07074
v 0.06797 0.37086 -0.00273
v 0.15349 0.40160 -0.01635
v 0.11948 0.40819 -0.08787
v 0.16776 0.41976 -0.10129
v 0.03844 0.37823 -0.09450
v 0.13325 0.41273 -0.17503
v 0.06385 0.39160 -0.15446
v 0.00643 0.36306 -0.13861
v -0.06844 0.30778 -0.16232
v 0.23522 0.42103 -0.07063
v 0.17778 0.37626 0.05907
v 0.20107 0.41990 -0.20272
v 0.24836 0.40078 0.00903
v 0.06557 0.38188 -0.22946
v 0.24401 0.36659 0.08394
v -0.00502 0.34752 -0.21389
v 0.03096 0.27926 0.13793
v 0.29639 0.42109 -0.13538
v 0.14348 0.40101 -0.25250
v -0.63065 0.06244 0.17246
v 0.01314 0.21979 0.22309
v -0.52778 0.07024 0.39028
v -0.56670 0.06808 0.34082
v -0.26296 0.09614 0.50671
v 0.10084 0.36854 -0.30917
v -0.59285 0.07245 0.28307
v -0.13888 0.24207 -0.19722
v 0.34297 0.40808 -0.08726
v 0.33579 0.38943 0.00295
v -0.47362 0.11332 -0.15577
v -0.05206 0.31223 -0.21301
v 0.01477 0.34015 -0.27792
v 0.01244 0.16659 0.31979
v -0.43739 0.06808 0.46971
v 0.09845 0.23396 0.22429
v 0.08997 0.18120 0.28674
v 0.15219 0.29512 0.16751
v -0.15445 0.20979 -0.24759
v -0.09556 0.25630 -0.26271
v -0.11315 0.27041 -0.16637
v -0.60486 0.07893 -0.00671
v -0.63122 0.06478 0.07583
v 0.16807 0.28377 0.18287
v -0.51364 0.09034 -0.15502
v -0.06431 0.29434 -0.23857
v -0.22884 0.15049 -0.25675
v -0.55376 0.07877 -0.12013
v -0.01209 0.30648 -0.30890
v -0.48323 0.04781 0.45336
v 0.02866 0.32210 -0.33132
v -0.28321 0.14030 -0.22858
v -0.40336 0.10570 -0.22396
v -0.18313 0.18966 -0.24116
v -0.21091 0.16075 -0.25830
v -0.20164 0.14492 -0.29160
v -0.60359 0.05182 -0.06838
v -0.03005 0.27647 -0.33243
v 0.07718 0.31764 -0.37840
v -0.63137 0.03758 0.23598
v -0.36296 0.10767 -0.24180
v -0.44860 0.08177 -0.22678
v 0.15392 0.36109 -0.35355
v -0.09075 0.23840 -0.30304
v -0.15959 0.17354 -0.29996
v -0.12177 0.21182 -0.29689
v -0.27174 0.10606 -0.28775
v -0.60641 0.02767 0.31235
v -0.62659 0.02732 -0.03674
v -0.56200 0.01991 0.38778
v -0.64996 0.01589 0.05581
v -0.65200 0.01700 0.15038
v -0.50210 -0.00110 0.45288
v 0.15206 0.39823 -0.26812
v -0.61571 -0.00429 0.29998
v -0.64337 -0.01215 0.21050
v -0.57896 -0.01606 0.36382
v 0.37227 0.35715 -0.32435
v 0.42222 0.34838 -0.29152
v 0.33093 0.33148 -0.38955
v 0.40037 0.30843 -0.38003
v 0.38045 0.29528 -0.40839
v 0.33326 0.38033 -0.30273
v 0.47597 0.31671 -0.28226
v 0.42016 0.36523 -0.24735
v 0.36800 0.38793 -0.24836
v 0.21991 0.36280 -0.36471
v 0.25743 0.40515 -0.26885
v 0.30258 0.31775 -0.41598
v 0.35460 0.40305 -0.19759
v 0.41205 0.38137 -0.19045
v 0.44593 0.31047 -0.33585
v 0.18043 0.39666 -0.28679
v 0.50506 0.31426 -0.22006
v 0.48604 0.33774 -0.17716
v 0.48001 0.27200 -0.35142
v 0.47017 0.26221 -0.37403
v 0.33394 0.24118 -0.47549
v 0.29343 0.29587 -0.44113
v 0.20862 0.32624 -0.41446
v 0.15392 0.36109 -0.35355
v 0.20107 0.41990 -0.20272
v 0.27151 0.41982 -0.19810
v 0.29740 0.40908 -0.23748
v 0.29639 0.42109 -0.13538
v 0.34297 0.40808 -0.08726
v 0.41405 0.38208 -0.09611
v 0.49174 0.33574 -0.14083
v 0.48712 0.33902 -0.12144
v 0.15206 0.39823 -0.26812
v 0.53786 0.27469 -0.24192
v 0.46656 0.34751 -0.06763
v 0.53193 0.29981 -0.13048
v 0.56814 0.21167 -0.28563
v 0.53649 0.20200 -0.35475
v 0.49309 0.21778 -0.39368
v 0.40604 0.23624 -0.44726
v 0.47018 0.19130 -0.43425
v 0.40822 0.37044 -0.02272
v 0.37735 0.38833 -0.03982
v 0.58962 0.22441 -0.16110
v 0.48050 0.32810 -0.03010
v 0.58614 0.21860 -0.21305
v 0.33579 0.38943 0.00295
v 0.56745 0.24850 -0.06412
v 0.53696 0.26559 -0.00606
v 0.26439 0.25043 -0.48312
v 0.19925 0.27164 -0.46702
v 0.10084 0.36854 -0.30917
v 0.07718 0.31764 -0.37840
v 0.43807 0.15110 -0.47830
v 0.36113 0.18601 -0.49907
v 0.30275 0.19332 -0.51164
v 0.55970 0.12930 -0.37525
v 0.50426 0.13841 -0.43408
v 0.51078 0.11971 -0.43613
v 0.42717 0.12203 -0.49577
v 0.38497 0.12963 -0.51328
v 0.45051 0.11881 -0.48315
v 0.49793 0.07540 -0.46129
v 0.55150 0.03819 -0.41545
v 0.16634 -0.19823 0.26098
v 0.17436 -0.23280 0.23056
v 0.16969 -0.13749 0.31264
v 0.12484 -0.17311 0.28758
v 0.23910 -0.12949 0.29722
v 0.20153 -0.09890 0.33014
v 0.27454 -0.24047 0.21750
v 0.24154 -0.27391 0.19352
v 0.26776 -0.30699 0.15908
v 0.32325 -0.26776 0.18489
v 0.32001 -0.17734 0.24718
v 0.38003 -0.24930 0.17769
v 0.40762 -0.21266 0.19048
v 0.09746 -0.11569 0.36232
v 0.15531 -0.08837 0.36136
v 0.13943 -0.05925 0.39496
v 0.34979 -0.32609 0.11104
v 0.30659 -0.34038 0.10883
v 0.41634 -0.27530 0.13129
v 0.11605 -0.09583 0.37644
v 0.03471 -0.15353 0.32816
v 0.30242 -0.13005 0.27601
v 0.42116 -0.14298 0.22117
v 0.33840 -0.10588 0.27159
v 0.22900 -0.08204 0.32670
v 0.44295 -0.21347 0.16722
v 0.24256 -0.04485 0.33335
v 0.42268 -0.09397 0.23730
v 0.50766 -0.14390 0.15704
v 0.16125 -0.02016 0.39725
v 0.46502 -0.10320 0.20934
v 0.49490 -0.20173 0.13139
v 0.50564 -0.09271 0.18078
v 0.06265 -0.01446 0.47744
v 0.03954 -0.06310 0.46522
v -0.02874 -0.03183 0.52140
v -0.01554 -0.08033 0.47877
v -0.08953 -0.07163 0.51574
v -0.12413 -0.01205 0.55500
v -0.14375 -0.04921 0.54392
v -0.04688 -0.10474 0.46082
v 0.50312 -0.25741 0.06448
v 0.00456 -0.10488 0.43380
v -0.13673 -0.09758 0.49743
v -0.10459 -0.11312 0.46768
v -0.16857 -0.07057 0.53092
v -0.15127 -0.09399 0.50423
v 0.42456 -0.32158 0.06283
v 0.45193 -0.28367 0.09099
v 0.45444 -0.27200 0.10291
v 0.38033 -0.34588 0.06013
v -0.23289 -0.05949 0.54084
v -0.24800 -0.02234 0.55842
v 0.28632 -0.02773 0.31232
v -0.02984 0.00248 0.52898
v 0.41417 -0.03745 0.25191
v 0.47924 -0.30974 0.01373
v 0.34430 -0.36551 0.04771
v 0.25616 -0.35961 0.08989
v -0.05066 -0.13153 0.41273
v -0.25172 -0.10803 0.48625
v 0.20525 -0.32665 0.13726
v 0.55797 -0.17874 0.06893
v 0.27982 -0.38248 0.04079
v -0.08210 -0.13184 0.42547
v 0.04560 -0.20503 0.24690
v 0.09503 -0.24763 0.20400
v -0.23830 -0.12554 0.45848
v 0.09540 -0.28855 0.15405
v 0.16044 -0.31953 0.13771
v -0.32880 -0.07430 0.51064
v -0.20485 -0.14271 0.42422
v -0.15294 -0.14257 0.42018
v 0.47384 -0.32410 -0.01026
v 0.42693 -0.35512 -0.01296
v 0.38127 -0.38142 -0.02974
v 0.01659 -0.19057 0.26586
v -0.07942 -0.17926 0.29002
v -0.36036 -0.03598 0.52720
v -0.31139 -0.01343 0.54983
v 0.18593 -0.38693 0.03069
v 0.17446 -0.35074 0.09813
v -0.09224 -0.15366 0.37477
v -0.02181 -0.20385 0.23512
v 0.03808 -0.23877 0.19661
v 0.22935 -0.40070 0.00004
v 0.32436 -0.40325 -0.04884
v -0.32841 -0.12371 0.44123
v -0.08611 -0.16912 0.32309
v 0.10779 -0.33782 0.09049
v -0.39108 -0.07918 0.48009
v 0.26399 -0.41725 -0.07882
v 0.45309 -0.35530 -0.07269
v 0.51283 -0.30526 -0.05128
v 0.34443 -0.40719 -0.12176
v 0.38770 -0.39001 -0.08553
v 0.43897 -0.36895 -0.12498
v 0.56267 -0.22573 0.00134
v -0.45278 -0.03494 0.48022
v -0.46805 -0.07114 0.44041
v 0.56346 -0.25118 -0.05864
v 0.41934 -0.37798 -0.16895
v 0.57745 -0.10844 0.08760
v 0.57645 -0.06816 0.10621
v 0.50339 -0.32326 -0.16867
v 0.53745 -0.29279 -0.14704
v -0.51824 -0.03672 0.42661
v -0.35979 -0.00245 0.53621
v 0.43158 -0.36151 -0.22879
v -0.45498 0.00770 0.48801
v -0.50210 -0.00110 0.45288
v -0.56200 0.01991 0.38778
v -0.57896 -0.01606 0.36382
vt 0.35865 0.62338
vt 0.37767 0.63687
vt 0.35075 0.63223
vt 0.37958 0.62070
vt 0.39350 0.64725
vt 0.31477 0.60958
vt 0.30678 0.63031
vt 0.29093 0.62573
vt 0.37126 0.60463
vt 0.32356 0.57873
vt 0.31089 0.59446
vt 0.29556 0.59410
vt 0.28522 0.62688
vt 0.41135 0.65100
vt 0.39981 0.62971
vt 0.40081 0.61554
vt 0.26764 0.61478
vt 0.42677 0.64166
vt 0.42279 0.62056
vt 0.38661 0.59592
vt 0.37320 0.59617
vt 0.35150 0.56062
vt 0.30458 0.55444
vt 0.28272 0.57004
vt 0.46121 0.65156
vt 0.40097 0.60414
vt 0.32955 0.55533
vt 0.45137 0.62492
vt 0.47615 0.63719
vt 0.46945 0.66559
vt 0.49357 0.65256
vt 0.26125 0.58671
vt 0.39714 0.58946
vt 0.42299 0.60305
vt 0.50627 0.67284
vt 0.51107 0.65807
vt 0.37687 0.56362
vt 0.35647 0.54191
vt 0.30863 0.53195
vt 0.32352 0.52949
vt 0.33344 0.54573
vt 0.26356 0.55314
vt 0.27304 0.51982
vt 0.24998 0.60222
vt 0.34203 0.53066
vt 0.52378 0.64491
vt 0.54438 0.68303
vt 0.54702 0.66447
vt 0.30770 0.51369
vt 0.33938 0.51319
vt 0.22875 0.57053
vt 0.22741 0.59584
vt 0.28856 0.64749
vt 0.31454 0.65506
vt 0.34492 0.64235
vt 0.37698 0.66021
vt 0.25725 0.64046
vt 0.29846 0.63918
vt 0.34741 0.65158
vt 0.35934 0.65903
vt 0.26573 0.65530
vt 0.22437 0.61682
vt 0.23497 0.64060
vt 0.53067 0.69124
vt 0.34527 0.66719
vt 0.29657 0.66405
vt 0.57363 0.68160
vt 0.49372 0.68898
vt 0.30869 0.68050
vt 0.36425 0.67142
vt 0.34488 0.68364
vt 0.25951 0.68231
vt 0.28648 0.68413
vt 0.22503 0.66432
vt 0.46609 0.67739
vt 0.42250 0.67663
vt 0.39562 0.67221
vt 0.38658 0.66198
vt 0.35933 0.68094
vt 0.52618 0.70721
vt 0.37450 0.68975
vt 0.19449 0.62432
vt 0.20339 0.65001
vt 0.18141 0.58327
vt 0.18330 0.56628
vt 0.26789 0.70320
vt 0.31388 0.70686
vt 0.30647 0.72051
vt 0.28839 0.71774
vt 0.39323 0.68474
vt 0.40537 0.69615
vt 0.21865 0.69141
vt 0.54738 0.71028
vt 0.57705 0.71135
vt 0.59498 0.70919
vt 0.47529 0.69628
vt 0.45866 0.69171
vt 0.34271 0.70538
vt 0.35734 0.70037
vt 0.16952 0.59534
vt 0.17310 0.61802
vt 0.37687 0.53060
vt 0.40603 0.56569
vt 0.40827 0.59187
vt 0.49294 0.62151
vt 0.46354 0.61054
vt 0.37343 0.50230
vt 0.42715 0.57854
vt 0.35271 0.49579
vt 0.42119 0.56662
vt 0.45714 0.59887
vt 0.44675 0.58351
vt 0.40802 0.53753
vt 0.58117 0.66633
vt 0.59817 0.68317
vt 0.59747 0.70373
vt 0.63105 0.72051
vt 0.62730 0.69322
vt 0.86267 0.91301
vt 0.90971 0.89446
vt 0.89495 0.92585
vt 0.91570 0.91204
vt 0.88727 0.89052
vt 0.85739 0.89432
vt 0.85545 0.94151
vt 0.85047 0.92442
vt 0.88715 0.87041
vt 0.86993 0.93941
vt 0.87107 0.96018
vt 0.90021 0.95258
vt 0.90013 0.93329
vt 0.92204 0.94501
vt 0.94039 0.91532
vt 0.93939 0.89495
vt 0.88972 0.97383
vt 0.92742 0.97779
vt 0.95837 0.94725
vt 0.94256 0.96886
vt 0.92867 0.86936
vt 0.97012 0.91519
vt 0.96211 0.87878
vt 0.92407 0.85532
vt 0.89204 0.86014
vt 0.87183 0.84901
vt 0.85123 0.85049
vt 0.82459 0.89196
vt 0.83852 0.88449
vt 0.83194 0.86241
vt 0.82296 0.93109
vt 0.92227 0.82898
vt 0.87287 0.82768
vt 0.90188 0.81209
vt 0.95795 0.83405
vt 0.96442 0.86119
vt 0.92006 0.82148
vt 0.84582 0.82168
vt 0.80239 0.91129
vt 0.81644 0.84041
vt 0.79941 0.87912
vt 0.78906 0.85467
vt 0.87682 0.79740
vt 0.83209 0.97144
vt 0.83008 0.80356
vt 0.85154 0.78230
vt 0.95207 0.79971
vt 0.98973 0.86994
vt 0.99858 0.89399
vt 0.98363 0.83971
vt 0.98956 0.92016
vt 0.99362 0.94531
vt 0.90646 0.99793
vt 0.84949 0.99246
vt 0.87438 0.99758
vt 0.97169 0.97723
vt 0.79330 0.96531
vt 0.79256 0.94290
vt 0.78182 0.91922
vt 0.77635 0.90848
vt 0.79631 0.82264
vt 0.81049 0.98948
vt 0.97103 0.99860
vt 0.99817 0.97987
vt 0.79339 0.99860
vt 0.20043 0.86580
vt 0.19416 0.83735
vt 0.21911 0.83663
vt 0.17076 0.81701
vt 0.16833 0.84367
vt 0.13459 0.82381
vt 0.15724 0.85851
vt 0.14488 0.81536
vt 0.13021 0.78923
vt 0.09421 0.81664
vt 0.09706 0.79350
vt 0.11934 0.83577
vt 0.10181 0.83687
vt 0.11851 0.77529
vt 0.11428 0.77617
vt 0.07428 0.79015
vt 0.14063 0.76858
vt 0.16799 0.77387
vt 0.19356 0.79879
vt 0.22651 0.80060
vt 0.09621 0.75944
vt 0.11541 0.74275
vt 0.13433 0.75399
vt 0.14600 0.74554
vt 0.16054 0.74979
vt 0.06799 0.76849
vt 0.23656 0.81584
vt 0.12618 0.72718
vt 0.08334 0.75061
vt 0.07537 0.75604
vt 0.05916 0.80511
vt 0.07964 0.82721
vt 0.22230 0.84887
vt 0.22756 0.85977
vt 0.25863 0.85732
vt 0.24845 0.87514
vt 0.27797 0.86802
vt 0.28328 0.88599
vt 0.30199 0.87347
vt 0.30496 0.88499
vt 0.33488 0.88088
vt 0.33563 0.86443
vt 0.32890 0.86373
vt 0.32191 0.86046
vt 0.24682 0.89085
vt 0.26937 0.89322
vt 0.29887 0.84805
vt 0.27109 0.84859
vt 0.29546 0.90055
vt 0.32192 0.89717
vt 0.36325 0.87413
vt 0.04430 0.79376
vt 0.25042 0.82530
vt 0.08875 0.85708
vt 0.34404 0.89600
vt 0.06941 0.73066
vt 0.07976 0.72224
vt 0.11426 0.72061
vt 0.03423 0.77097
vt 0.04446 0.75619
vt 0.05096 0.84270
vt 0.03997 0.82045
vt 0.37631 0.88777
vt 0.26888 0.82417
vt 0.21742 0.77143
vt 0.19903 0.76610
vt 0.18697 0.75271
vt 0.37651 0.85406
vt 0.14800 0.71245
vt 0.33215 0.84027
vt 0.17552 0.72323
vt 0.25773 0.80613
vt 0.24232 0.78587
vt 0.10513 0.69405
vt 0.36965 0.83101
vt 0.23873 0.75074
vt 0.30312 0.82507
vt 0.26438 0.81906
vt 0.07574 0.69860
vt 0.26723 0.79443
vt 0.19160 0.74467
vt 0.13677 0.68399
vt 0.41316 0.87142
vt 0.40721 0.85057
vt 0.08408 0.68645
vt 0.02991 0.74086
vt 0.04810 0.71378
vt 0.17235 0.87085
vt 0.20809 0.89385
vt 0.06788 0.87200
vt 0.25514 0.90164
vt 0.15175 0.88769
vt 0.09892 0.88481
vt 0.33220 0.90590
vt 0.16849 0.89665
vt 0.44429 0.84735
vt 0.40155 0.89522
vt 0.41900 0.88641
vt 0.09035 0.90501
vt 0.05298 0.89956
vt 0.07097 0.90590
vt 0.37852 0.90358
vt 0.45552 0.86908
vt 0.46419 0.84837
vt 0.47721 0.86316
vt 0.23788 0.04427
vt 0.18247 0.03621
vt 0.21236 0.01614
vt 0.17776 0.01908
vt 0.24317 0.01978
vt 0.25173 0.02961
vt 0.26546 0.04165
vt 0.25541 0.06149
vt 0.15364 0.02807
vt 0.22369 0.06911
vt 0.16898 0.06319
vt 0.24817 0.07743
vt 0.24763 0.08455
vt 0.16123 0.05763
vt 0.14508 0.04583
vt 0.29496 0.04923
vt 0.27894 0.08056
vt 0.26697 0.11314
vt 0.17252 0.08752
vt 0.22936 0.10577
vt 0.21864 0.08824
vt 0.19396 0.10468
vt 0.12219 0.05026
vt 0.29418 0.07879
vt 0.14076 0.10845
vt 0.11947 0.08377
vt 0.27395 0.10052
vt 0.09083 0.06541
vt 0.09301 0.08949
vt 0.21001 0.13030
vt 0.22517 0.12828
vt 0.24203 0.14978
vt 0.24571 0.11774
vt 0.17281 0.12898
vt 0.22372 0.15942
vt 0.23030 0.14360
vt 0.19325 0.13550
vt 0.11796 0.12915
vt 0.08234 0.11507
vt 0.14456 0.15898
vt 0.18899 0.16522
vt 0.09136 0.14670
vt 0.10268 0.18491
vt 0.12237 0.18637
vt 0.21291 0.19701
vt 0.22813 0.20123
vt 0.07626 0.15277
vt 0.16992 0.20217
vt 0.19416 0.20120
vt 0.19901 0.20393
vt 0.13536 0.21194
vt 0.05877 0.12197
vt 0.07250 0.19353
vt 0.15925 0.21861
vt 0.19711 0.23757
vt 0.06361 0.15583
vt 0.05448 0.17206
vt 0.04387 0.13625
vt 0.10828 0.23837
vt 0.07662 0.20628
vt 0.16642 0.24012
vt 0.13271 0.24420
vt 0.21919 0.23460
vt 0.17616 0.26464
vt 0.16839 0.25362
vt 0.05952 0.20464
vt 0.14140 0.26356
vt 0.20736 0.26403
vt 0.16539 0.27218
vt 0.06692 0.24311
vt 0.10609 0.26970
vt 0.12115 0.28202
vt 0.03983 0.20518
vt 0.24814 0.23976
vt 0.08698 0.27100
vt 0.05180 0.08774
vt 0.14975 0.28511
vt 0.07452 0.27568
vt 0.23677 0.26829
vt 0.20862 0.28283
vt 0.02694 0.16213
vt 0.09684 0.04909
vt 0.28830 0.11410
vt 0.26102 0.13688
vt 0.25802 0.14493
vt 0.25959 0.16205
vt 0.25902 0.17387
vt 0.29767 0.19898
vt 0.24939 0.18766
vt 0.23818 0.18391
vt 0.23879 0.22041
vt 0.26950 0.27033
vt 0.30528 0.17781
vt 0.31517 0.20918
vt 0.31882 0.17882
vt 0.32822 0.19823
vt 0.34658 0.18688
vt 0.33813 0.22510
vt 0.37676 0.20949
vt 0.35739 0.23069
vt 0.37329 0.17398
vt 0.34973 0.16627
vt 0.31903 0.15916
vt 0.33450 0.14797
vt 0.30774 0.16433
vt 0.30821 0.23673
vt 0.37002 0.14343
vt 0.35138 0.13610
vt 0.39685 0.21035
vt 0.39810 0.18064
vt 0.29160 0.23383
vt 0.27322 0.21128
vt 0.39156 0.16638
vt 0.33729 0.25672
vt 0.35801 0.25801
vt 0.30596 0.13768
vt 0.27973 0.12971
vt 0.38696 0.24279
vt 0.26271 0.23084
vt 0.29600 0.25519
vt 0.31386 0.27352
vt 0.34204 0.12575
vt 0.40356 0.15140
vt 0.29841 0.10548
vt 0.39298 0.13033
vt 0.42407 0.19432
vt 0.02313 0.12280
vt 0.25042 0.28511
vt 0.03462 0.23843
vt 0.02306 0.20768
vt 0.42440 0.17448
vt 0.31979 0.09979
vt 0.33390 0.10827
vt 0.30601 0.09341
vt 0.42096 0.24680
vt 0.42726 0.21234
vt 0.29727 0.08926
vt 0.37551 0.11902
vt 0.36935 0.11640
vt 0.35698 0.10005
vt 0.07426 0.04813
vt 0.04162 0.07333
vt 0.39441 0.10954
vt 0.12023 0.02353
vt 0.09685 0.02753
vt 0.39948 0.26495
vt 0.01547 0.16294
vt 0.32627 0.08328
vt 0.00672 0.19069
vt 0.44670 0.16066
vt 0.43432 0.13012
vt 0.42353 0.10181
vt 0.45147 0.18620
vt 0.32451 0.06715
vt 0.30933 0.06114
vt 0.44522 0.21985
vt 0.37139 0.08204
vt 0.38715 0.08720
vt 0.33093 0.07505
vt 0.02132 0.09704
vt 0.45615 0.24867
vt 0.17489 0.00468
vt 0.35520 0.05833
vt 0.14492 0.00140
vt 0.39364 0.08025
vt 0.42174 0.08300
vt 0.27979 0.01637
vt 0.47436 0.23325
vt 0.00142 0.15678
vt 0.00436 0.12852
vt 0.04724 0.04360
vt 0.02431 0.07153
vt 0.62580 0.90317
vt 0.63525 0.93169
vt 0.62501 0.92914
vt 0.65021 0.90905
vt 0.65766 0.93022
vt 0.67181 0.92046
vt 0.66917 0.90802
vt 0.66941 0.89087
vt 0.65137 0.87870
vt 0.66858 0.87373
vt 0.64491 0.85934
vt 0.63221 0.86427
vt 0.62372 0.87949
vt 0.60459 0.90390
vt 0.59179 0.88596
vt 0.60855 0.86003
vt 0.62602 0.85581
vt 0.61169 0.94753
vt 0.58417 0.92856
vt 0.57855 0.92253
vt 0.57924 0.86467
vt 0.55538 0.88958
vt 0.55488 0.87044
vt 0.59309 0.83451
vt 0.64008 0.83473
vt 0.61518 0.83271
vt 0.66817 0.84741
vt 0.56759 0.84806
vt 0.62158 0.81694
vt 0.59770 0.81595
vt 0.56419 0.81630
vt 0.53690 0.90661
vt 0.56419 0.93991
vt 0.58207 0.96693
vt 0.51425 0.87923
vt 0.52512 0.84144
vt 0.52669 0.94012
vt 0.59656 0.97903
vt 0.54775 0.96634
vt 0.56484 0.97536
vt 0.63054 0.97747
vt 0.66994 0.94824
vt 0.65707 0.97835
vt 0.51565 0.96951
vt 0.69177 0.86059
vt 0.67687 0.95860
vt 0.70207 0.86752
vt 0.66616 0.81386
vt 0.69125 0.91123
vt 0.64434 0.78936
vt 0.61383 0.78514
vt 0.55667 0.79982
vt 0.57903 0.77937
vt 0.58902 0.77686
vt 0.56146 0.78286
vt 0.69113 0.82330
vt 0.72207 0.88455
vt 0.71208 0.92719
vt 0.70504 0.95748
vt 0.73027 0.90573
vt 0.69182 0.98736
vt 0.61758 0.76545
vt 0.52875 0.98736
vt 0.73932 0.93850
vt 0.67057 0.38104
vt 0.64267 0.36633
vt 0.65045 0.38794
vt 0.68133 0.34598
vt 0.69469 0.36704
vt 0.65168 0.32858
vt 0.61859 0.34963
vt 0.61716 0.32912
vt 0.72721 0.35142
vt 0.72497 0.35684
vt 0.71683 0.33376
vt 0.70681 0.31218
vt 0.67725 0.30884
vt 0.66952 0.27905
vt 0.71384 0.27846
vt 0.70998 0.25772
vt 0.73326 0.29198
vt 0.74006 0.31427
vt 0.68769 0.25605
vt 0.66180 0.25281
vt 0.70842 0.25149
vt 0.71232 0.24522
vt 0.60255 0.29822
vt 0.64065 0.27217
vt 0.63498 0.25761
vt 0.68654 0.24538
vt 0.72167 0.37597
vt 0.75701 0.34167
vt 0.69508 0.39299
vt 0.75702 0.27283
vt 0.74111 0.24052
vt 0.75530 0.28623
vt 0.76258 0.29606
vt 0.76846 0.31761
vt 0.68921 0.22659
vt 0.67454 0.22770
vt 0.77195 0.33144
vt 0.76728 0.36089
vt 0.74854 0.37924
vt 0.71727 0.39705
vt 0.64579 0.22760
vt 0.72719 0.39053
vt 0.62294 0.20902
vt 0.74214 0.21074
vt 0.61960 0.39132
vt 0.60856 0.25871
vt 0.59034 0.23500
vt 0.58580 0.30409
vt 0.57473 0.32440
vt 0.60467 0.35074
vt 0.59720 0.38972
vt 0.58800 0.36213
vt 0.69734 0.40710
vt 0.67980 0.40615
vt 0.65191 0.41416
vt 0.58147 0.26274
vt 0.58005 0.23962
vt 0.58951 0.21397
vt 0.57421 0.36736
vt 0.68487 0.41191
vt 0.56294 0.26774
vt 0.55510 0.22868
vt 0.56501 0.20870
vt 0.54170 0.29835
vt 0.55584 0.35575
vt 0.78966 0.29938
vt 0.77194 0.25524
vt 0.75510 0.26077
vt 0.76121 0.23193
vt 0.79345 0.33201
vt 0.77333 0.22879
vt 0.72363 0.41092
vt 0.63783 0.20643
vt 0.64768 0.20722
vt 0.66275 0.20673
vt 0.67069 0.16884
vt 0.67576 0.21116
vt 0.68705 0.20919
vt 0.71382 0.17378
vt 0.68989 0.18680
vt 0.69458 0.17313
vt 0.73097 0.15967
vt 0.68176 0.16843
vt 0.64351 0.15824
vt 0.60495 0.20390
vt 0.68189 0.15623
vt 0.71167 0.14195
vt 0.67745 0.15049
vt 0.70843 0.15859
vt 0.75305 0.14006
vt 0.76246 0.40153
vt 0.66138 0.14768
vt 0.67597 0.12238
vt 0.69135 0.14494
vt 0.70361 0.11494
vt 0.67572 0.11109
vt 0.68077 0.09385
vt 0.65824 0.13587
vt 0.65190 0.09102
vt 0.64511 0.11654
vt 0.63839 0.13867
vt 0.61357 0.16275
vt 0.70293 0.07942
vt 0.73185 0.12464
vt 0.65549 0.06490
vt 0.73063 0.09183
vt 0.62168 0.10360
vt 0.75426 0.11107
vt 0.61188 0.13019
vt 0.72882 0.19533
vt 0.69503 0.04825
vt 0.62882 0.07508
vt 0.60367 0.42201
vt 0.75395 0.22547
vt 0.68960 0.43391
vt 0.66680 0.43494
vt 0.78414 0.37903
vt 0.60085 0.07964
vt 0.64462 0.43008
vt 0.58352 0.18569
vt 0.71993 0.04354
vt 0.74715 0.06386
vt 0.52975 0.31108
vt 0.60075 0.14810
vt 0.59411 0.11373
vt 0.78640 0.25085
vt 0.73394 0.42608
vt 0.77311 0.20030
vt 0.79345 0.22325
vt 0.76438 0.16442
vt 0.56028 0.18514
vt 0.57089 0.15893
vt 0.60102 0.18010
vt 0.55347 0.38058
vt 0.57377 0.40463
vt 0.77364 0.16407
vt 0.52070 0.32560
vt 0.58854 0.14923
vt 0.53798 0.21240
vt 0.52427 0.34554
vt 0.57556 0.11972
vt 0.71914 0.43961
vt 0.57669 0.10159
vt 0.53749 0.23542
vt 0.51694 0.27715
vt 0.55529 0.19733
vt 0.54146 0.20571
vt 0.52931 0.19878
vt 0.52962 0.37351
vt 0.56070 0.12459
vt 0.56789 0.07838
vt 0.62125 0.43888
vt 0.51725 0.26082
vt 0.50570 0.29261
vt 0.59267 0.05549
vt 0.55580 0.15255
vt 0.53683 0.18155
vt 0.54931 0.16625
vt 0.51462 0.22318
vt 0.64880 0.44939
vt 0.53241 0.39078
vt 0.68155 0.45505
vt 0.55729 0.41683
vt 0.58798 0.43458
vt 0.71613 0.45926
vt 0.62486 0.06897
vt 0.64094 0.46020
vt 0.60565 0.45315
vt 0.66883 0.46770
vt 0.76416 0.63594
vt 0.74755 0.64918
vt 0.77220 0.60843
vt 0.74647 0.61439
vt 0.75027 0.60185
vt 0.78063 0.64261
vt 0.72536 0.65255
vt 0.75164 0.66520
vt 0.77188 0.66363
vt 0.81516 0.61066
vt 0.81079 0.65081
vt 0.77880 0.59548
vt 0.77997 0.68134
vt 0.75778 0.68540
vt 0.73303 0.63217
vt 0.83712 0.63753
vt 0.71596 0.67524
vt 0.72656 0.69105
vt 0.71524 0.62489
vt 0.71626 0.61562
vt 0.75482 0.56701
vt 0.77793 0.58313
vt 0.81294 0.58744
vt 0.84020 0.60784
vt 0.83675 0.67093
vt 0.81098 0.67763
vt 0.79897 0.66478
vt 0.80491 0.70202
vt 0.78771 0.72161
vt 0.75879 0.71972
vt 0.72446 0.70432
vt 0.72675 0.71138
vt 0.84930 0.64164
vt 0.69756 0.66608
vt 0.73552 0.73126
vt 0.70367 0.70821
vt 0.67403 0.64639
vt 0.68232 0.61879
vt 0.70010 0.60463
vt 0.73102 0.58269
vt 0.70185 0.58508
vt 0.75996 0.74768
vt 0.77335 0.74055
vt 0.66832 0.69421
vt 0.72745 0.74619
vt 0.66884 0.67417
vt 0.78958 0.75702
vt 0.68094 0.73507
vt 0.69510 0.75702
vt 0.77995 0.55793
vt 0.80701 0.55938
vt 0.86418 0.61884
vt 0.86467 0.58349
vt 0.70351 0.56001
vt 0.73549 0.55161
vt 0.75642 0.54191
vt 0.65781 0.60102
vt 0.67903 0.57852
vt 0.67239 0.57480
vt 0.70057 0.54693
vt 0.71578 0.53792
vt 0.69219 0.55299
vt 0.66615 0.55578
vt 0.63675 0.56922
vt 0.21836 0.41871
vt 0.20611 0.43112
vt 0.23409 0.39303
vt 0.23926 0.41639
vt 0.21045 0.37953
vt 0.23174 0.37292
vt 0.17243 0.41510
vt 0.17417 0.43382
vt 0.15656 0.44217
vt 0.14975 0.41777
vt 0.17130 0.38508
vt 0.13417 0.40371
vt 0.13191 0.38733
vt 0.26899 0.39312
vt 0.25335 0.37409
vt 0.26790 0.36362
vt 0.12301 0.43855
vt 0.13293 0.45071
vt 0.11313 0.41066
vt 0.26773 0.38148
vt 0.27739 0.42297
vt 0.18692 0.37077
vt 0.13970 0.36080
vt 0.17756 0.35761
vt 0.22420 0.36323
vt 0.11741 0.38475
vt 0.22492 0.34829
vt 0.14667 0.34322
vt 0.10113 0.35493
vt 0.26461 0.34704
vt 0.12727 0.34249
vt 0.09607 0.37738
vt 0.10949 0.33612
vt 0.31238 0.35138
vt 0.31332 0.37207
vt 0.34804 0.36672
vt 0.33142 0.38475
vt 0.36185 0.39007
vt 0.38662 0.37310
vt 0.38607 0.38962
vt 0.33509 0.40048
vt 0.07597 0.40052
vt 0.31380 0.39544
vt 0.37040 0.40938
vt 0.35328 0.41280
vt 0.38918 0.40241
vt 0.37643 0.41003
vt 0.09325 0.43113
vt 0.09444 0.41252
vt 0.09699 0.40748
vt 0.10273 0.44571
vt 0.41289 0.41061
vt 0.42637 0.40047
vt 0.20947 0.33674
vt 0.35335 0.35459
vt 0.15803 0.32444
vt 0.06799 0.42605
vt 0.10796 0.45958
vt 0.14106 0.46902
vt 0.32373 0.41780
vt 0.40403 0.43823
vt 0.16838 0.46398
vt 0.06429 0.36831
vt 0.12229 0.47838
vt 0.33606 0.42175
vt 0.25217 0.44984
vt 0.22388 0.45722
vt 0.39254 0.44603
vt 0.20985 0.47655
vt 0.18283 0.47209
vt 0.43801 0.44034
vt 0.37341 0.45104
vt 0.35594 0.44083
vt 0.06284 0.43450
vt 0.07289 0.45144
vt 0.07892 0.46996
vt 0.26615 0.44899
vt 0.30094 0.46348
vt 0.45724 0.43412
vt 0.44814 0.41327
vt 0.14580 0.50349
vt 0.16728 0.48425
vt 0.32627 0.44070
vt 0.27086 0.46723
vt 0.24142 0.46989
vt 0.12521 0.50265
vt 0.08742 0.49150
vt 0.42140 0.46894
vt 0.31130 0.45502
vt 0.18872 0.49840
vt 0.45456 0.46180
vt 0.09553 0.51545
vt 0.05051 0.45692
vt 0.04235 0.42941
vt 0.06152 0.50283
vt 0.06197 0.48126
vt 0.03866 0.47308
vt 0.04432 0.39087
vt 0.48459 0.46410
vt 0.47978 0.48576
vt 0.02695 0.40751
vt 0.02974 0.48861
vt 0.06563 0.34063
vt 0.07172 0.32538
vt 0.00973 0.45747
vt 0.00774 0.43911
vt 0.50436 0.49143
vt 0.46582 0.42357
vt 0.00712 0.49467
vt 0.49720 0.45243
vt 0.50921 0.47303
vt 0.53704 0.49729
vt 0.53195 0.51545
vn -0.5525 0.1415 -0.8214
vn -0.5148 0.2626 -0.8161
vn -0.5669 0.2312 -0.7907
vn -0.5007 0.0789 -0.8620
vn -0.4625 0.3919 -0.7953
vn -0.5283 0.1397 -0.8375
vn -0.5174 0.2916 -0.8045
vn -0.4282 0.2975 -0.8533
vn -0.5339 -0.0348 -0.8448
vn -0.5140 -0.0751 -0.8545
vn -0.4800 0.0525 -0.8757
vn -0.3966 0.0861 -0.9139
vn -0.3983 0.3164 -0.8610
vn -0.3854 0.4433 -0.8093
vn -0.4261 0.1352 -0.8945
vn -0.4380 -0.0726 -0.8960
vn -0.2765 0.2750 -0.9208
vn -0.3364 0.2418 -0.9101
vn -0.3647 -0.1670 -0.9160
vn -0.5229 -0.1833 -0.8325
vn -0.5428 -0.1057 -0.8332
vn -0.5516 -0.2685 -0.7897
vn -0.3594 -0.1841 -0.9148
vn -0.2793 -0.0346 -0.9596
vn -0.3383 0.2379 -0.9105
vn -0.4682 -0.2112 -0.8580
vn -0.4890 -0.2398 -0.8387
vn -0.3078 -0.3458 -0.8864
vn -0.3782 -0.3045 -0.8742
vn -0.3631 0.4905 -0.7922
vn -0.5142 -0.0578 -0.8557
vn -0.1883 0.1134 -0.9755
vn -0.5247 -0.3151 -0.7908
vn -0.4106 -0.4216 -0.8085
vn -0.5737 0.3590 -0.7362
vn -0.6084 -0.0790 -0.7897
vn -0.5807 -0.3569 -0.7317
vn -0.5458 -0.3934 -0.7398
vn -0.3239 -0.3281 -0.8874
vn -0.3928 -0.3773 -0.8386
vn -0.4837 -0.3079 -0.8193
vn -0.1355 -0.0972 -0.9860
vn -0.1011 -0.3141 -0.9440
vn -0.1472 0.2305 -0.9619
vn -0.4838 -0.4122 -0.7720
vn -0.5621 -0.4894 -0.6668
vn -0.7669 0.2280 -0.5999
vn -0.7378 -0.2750 -0.6165
vn -0.2704 -0.4243 -0.8642
vn -0.4225 -0.4961 -0.7585
vn 0.0380 0.0750 -0.9965
vn 0.0055 0.2293 -0.9733
vn -0.4471 0.4330 -0.7827
vn -0.5553 0.4325 -0.7103
vn -0.5777 0.3232 -0.7496
vn -0.5456 0.4926 -0.6780
vn -0.2552 0.4495 -0.8561
vn -0.4894 0.3638 -0.7926
vn -0.5865 0.3940 -0.7077
vn -0.5857 0.4550 -0.6707
vn -0.3269 0.5193 -0.7896
vn -0.0086 0.3603 -0.9328
vn -0.1121 0.4853 -0.8671
vn -0.6403 0.5232 -0.5624
vn -0.6035 0.4936 -0.6262
vn -0.5064 0.5036 -0.6999
vn -0.8598 -0.1695 -0.4817
vn -0.4244 0.6882 -0.5884
vn -0.5667 0.5611 -0.6033
vn -0.5927 0.5396 -0.5979
vn -0.6206 0.5716 -0.5368
vn -0.3129 0.6674 -0.6758
vn -0.4664 0.6220 -0.6289
vn -0.0780 0.6279 -0.7744
vn -0.3101 0.6759 -0.6686
vn -0.3413 0.7148 -0.6104
vn -0.4800 0.6257 -0.6149
vn -0.5107 0.5279 -0.6786
vn -0.6112 0.5773 -0.5415
vn -0.5198 0.7313 -0.4416
vn -0.5901 0.6455 -0.4849
vn 0.1702 0.4393 -0.8821
vn 0.0775 0.5759 -0.8139
vn 0.3069 0.2112 -0.9280
vn 0.3182 0.1055 -0.9421
vn -0.3687 0.7422 -0.5596
vn -0.5954 0.6575 -0.4617
vn -0.5632 0.7213 -0.4031
vn -0.4738 0.7559 -0.4518
vn -0.5069 0.6846 -0.5238
vn -0.4494 0.7676 -0.4570
vn -0.0554 0.7616 -0.6456
vn -0.6236 0.6691 -0.4043
vn -0.8022 0.4841 -0.3493
vn -0.9142 0.2626 -0.3085
vn -0.3050 0.7996 -0.5173
vn -0.2406 0.8071 -0.5393
vn -0.6369 0.6463 -0.4204
vn -0.6320 0.6443 -0.4307
vn 0.3613 0.2959 -0.8842
vn 0.3103 0.4251 -0.8503
vn -0.5788 -0.5064 -0.6392
vn -0.5814 -0.5060 -0.6372
vn -0.4941 -0.3869 -0.7786
vn -0.3335 -0.6718 -0.6614
vn -0.2833 -0.6430 -0.7116
vn -0.5256 -0.6072 -0.5958
vn -0.4904 -0.6126 -0.6198
vn -0.4218 -0.6037 -0.6765
vn -0.5511 -0.6122 -0.5670
vn -0.3129 -0.6957 -0.6465
vn -0.3976 -0.7091 -0.5823
vn -0.6234 -0.5882 -0.5152
vn -0.7328 -0.5436 -0.4092
vn -0.8535 -0.3984 -0.3359
vn -0.9418 0.1016 -0.3203
vn -0.9820 0.1459 -0.1198
vn -0.8681 -0.4644 -0.1752
vn 0.9875 -0.1548 -0.0289
vn 0.9819 0.1177 0.1487
vn 0.9772 -0.1089 0.1824
vn 0.9709 0.0402 0.2362
vn 0.9982 0.0566 0.0209
vn 0.9895 -0.0732 -0.1247
vn 0.9442 -0.3273 0.0371
vn 0.9653 -0.2558 -0.0515
vn 0.9841 0.1688 -0.0545
vn 0.9582 -0.2665 0.1042
vn 0.9125 -0.3678 0.1793
vn 0.9280 -0.2303 0.2930
vn 0.9642 -0.1301 0.2311
vn 0.9220 -0.1149 0.3697
vn 0.9262 0.1106 0.3606
vn 0.9321 0.2197 0.2879
vn 0.8735 -0.3732 0.3125
vn 0.8262 -0.2664 0.4964
vn 0.8352 -0.0009 0.5500
vn 0.8252 -0.1700 0.5387
vn 0.9350 0.3205 0.1520
vn 0.8401 0.2158 0.4976
vn 0.8615 0.3809 0.3357
vn 0.9230 0.3762 0.0813
vn 0.9678 0.2429 -0.0660
vn 0.9518 0.2276 -0.2056
vn 0.9420 0.1428 -0.3036
vn 0.9406 -0.1707 -0.2933
vn 0.9638 -0.0855 -0.2526
vn 0.9339 0.0085 -0.3574
vn 0.9102 -0.3788 -0.1675
vn 0.8698 0.4930 -0.0205
vn 0.9022 0.3388 -0.2671
vn 0.8454 0.5060 -0.1712
vn 0.8008 0.5770 0.1607
vn 0.8331 0.4743 0.2846
vn 0.8531 0.5186 -0.0567
vn 0.8665 0.2716 -0.4188
vn 0.8781 -0.3421 -0.3346
vn 0.8629 0.0680 -0.5009
vn 0.8729 -0.1880 -0.4503
vn 0.8108 -0.1013 -0.5765
vn 0.8030 0.4929 -0.3350
vn 0.8355 -0.5491 0.0213
vn 0.7803 0.3023 -0.5475
vn 0.7247 0.4729 -0.5012
vn 0.7135 0.7005 0.0135
vn 0.7523 0.5028 0.4257
vn 0.7277 0.4130 0.5476
vn 0.7277 0.6215 0.2903
vn 0.7607 0.2523 0.5980
vn 0.7106 0.1281 0.6918
vn 0.7756 -0.4302 0.4619
vn 0.7890 -0.5875 0.1796
vn 0.7872 -0.5305 0.3143
vn 0.7154 -0.1175 0.6888
vn 0.7527 -0.6281 -0.1971
vn 0.8051 -0.5249 -0.2762
vn 0.8017 -0.4401 -0.4043
vn 0.7893 -0.4047 -0.4619
vn 0.7591 0.0847 -0.6455
vn 0.7241 -0.6893 -0.0252
vn 0.6485 -0.2346 0.7242
vn 0.6063 -0.0414 0.7942
vn 0.6409 -0.7638 -0.0764
vn 0.5457 0.3321 0.7694
vn 0.3231 0.5576 0.7646
vn 0.2965 0.6994 0.6503
vn 0.2170 0.5158 0.8288
vn 0.3779 0.3581 0.8538
vn 0.3318 0.3584 0.8726
vn 0.4430 0.1723 0.8798
vn 0.2767 0.4339 0.8574
vn 0.2629 0.5325 0.8046
vn 0.4789 0.3509 0.8047
vn 0.4546 0.4884 0.7448
vn 0.3906 0.2474 0.8867
vn 0.4337 0.2246 0.8726
vn 0.3123 0.5987 0.7376
vn 0.3393 0.5925 0.7307
vn 0.5779 0.4836 0.6574
vn 0.1622 0.6353 0.7551
vn 0.0460 0.6463 0.7617
vn 0.0710 0.6508 0.7560
vn 0.0453 0.7819 0.6217
vn 0.4254 0.6648 0.6141
vn 0.2852 0.7548 0.5906
vn 0.1825 0.7073 0.6830
vn 0.0942 0.7418 0.6639
vn 0.0086 0.7140 0.7000
vn 0.5906 0.5849 0.5560
vn 0.1476 0.8131 0.5631
vn 0.1898 0.8214 0.5379
vn 0.4845 0.6925 0.5345
vn 0.5361 0.6559 0.5314
vn 0.6649 0.3775 0.6445
vn 0.5638 0.2694 0.7808
vn 0.3861 0.6536 0.6510
vn 0.4649 0.5880 0.6619
vn 0.3910 0.7422 0.5443
vn 0.5421 0.4812 0.6889
vn 0.3569 0.6730 0.6478
vn 0.4105 0.3763 0.8306
vn 0.2681 0.6337 0.7256
vn 0.2943 0.4357 0.8506
vn 0.1283 0.5092 0.8510
vn 0.0892 0.7308 0.6768
vn 0.1170 0.7400 0.6623
vn 0.1396 0.7683 0.6246
vn 0.6151 0.0806 0.7843
vn 0.5022 0.1286 0.8551
vn 0.2030 0.8403 0.5027
vn 0.3113 0.8191 0.4817
vn 0.3764 0.0005 0.9265
vn 0.2288 0.1124 0.9670
vn -0.0252 0.5737 0.8187
vn 0.7277 0.4130 0.5476
vn 0.2068 0.8443 0.4944
vn 0.5010 0.0760 0.8621
vn 0.1048 0.0990 0.9896
vn 0.5243 0.7553 0.3933
vn 0.4531 0.8033 0.3865
vn 0.2509 0.8430 0.4759
vn 0.7523 0.5028 0.4257
vn 0.6898 0.5949 0.4127
vn 0.7106 0.1281 0.6918
vn 0.7607 0.2523 0.5980
vn -0.0934 0.2123 0.9727
vn 0.2000 0.8886 0.4129
vn -0.1204 0.7516 0.6485
vn -0.0987 0.7136 0.6936
vn -0.1026 0.7220 0.6843
vn -0.0951 0.7712 0.6294
vn 0.0281 0.8649 0.5012
vn 0.0621 0.8724 0.4849
vn -0.1228 0.8000 0.5873
vn 0.0986 0.8867 0.4517
vn -0.0418 0.8427 0.5368
vn 0.2484 0.9160 0.3150
vn -0.0750 0.8870 0.4556
vn -0.2434 0.8141 0.5273
vn 0.1389 0.9172 0.3735
vn 0.1733 0.8878 0.4263
vn 0.4212 0.8701 0.2560
vn 0.0448 0.9155 0.3999
vn -0.1469 0.7413 0.6549
vn 0.0385 0.9431 0.3302
vn -0.3144 0.4007 0.8606
vn -0.2352 0.7331 0.6382
vn 0.3484 0.9116 0.2183
vn 0.7277 0.6215 0.2903
vn 0.5905 0.7710 0.2386
vn 0.5241 0.1063 0.8450
vn 0.6132 -0.1930 0.7660
vn 0.6063 -0.0414 0.7942
vn 0.5581 -0.1837 0.8092
vn 0.4598 -0.0990 0.8825
vn 0.4244 -0.0944 0.9005
vn 0.1743 -0.1605 0.9715
vn 0.4896 -0.2227 0.8431
vn -0.4216 0.6200 0.6617
vn -0.2359 -0.1757 0.9557
vn -0.3481 -0.0547 0.9359
vn 0.4426 -0.2328 0.8660
vn 0.6485 -0.2346 0.7242
vn 0.5476 -0.2593 0.7955
vn -0.0881 -0.2700 0.9588
vn -0.5462 0.0588 0.8356
vn -0.5513 0.4650 0.6927
vn -0.6489 -0.0391 0.7598
vn -0.2829 -0.8120 -0.5106
vn -0.3535 -0.8242 -0.4425
vn -0.3335 -0.6718 -0.6614
vn -0.4605 -0.6937 -0.5538
vn -0.2833 -0.6430 -0.7116
vn -0.3129 -0.6957 -0.6465
vn -0.3976 -0.7091 -0.5823
vn -0.3977 -0.8065 -0.4375
vn -0.5197 -0.7322 -0.4403
vn -0.2643 -0.9005 -0.3452
vn -0.2982 -0.9127 -0.2793
vn -0.3983 -0.8534 -0.3364
vn -0.4110 -0.8619 -0.2969
vn -0.3445 -0.8931 -0.2893
vn -0.4594 -0.8295 -0.3177
vn -0.5511 -0.6122 -0.5670
vn -0.5561 -0.7513 -0.3555
vn -0.5581 -0.8138 -0.1618
vn -0.2168 -0.9578 -0.1890
vn -0.3511 -0.9199 -0.1745
vn -0.2695 -0.9303 -0.2488
vn -0.1819 -0.9705 -0.1580
vn -0.5429 -0.8011 -0.2518
vn -0.6034 -0.6974 -0.3868
vn -0.2489 -0.9663 -0.0659
vn -0.3985 -0.9111 -0.1052
vn -0.5689 -0.7872 -0.2380
vn -0.6309 -0.7658 -0.1247
vn -0.4918 -0.8697 -0.0416
vn -0.2771 -0.9592 -0.0553
vn -0.3596 -0.9309 -0.0638
vn -0.4755 -0.8788 0.0392
vn -0.4616 -0.8787 -0.1218
vn -0.1251 -0.9899 -0.0664
vn -0.3825 -0.9210 0.0734
vn -0.4072 -0.9133 0.0078
vn -0.1966 -0.9796 -0.0409
vn -0.2618 -0.9650 0.0155
vn -0.4392 -0.8969 0.0526
vn -0.1313 -0.9909 0.0305
vn -0.1913 -0.9803 0.0480
vn -0.3030 -0.9468 0.1087
vn -0.1837 -0.9689 0.1657
vn -0.1317 -0.9834 0.1251
vn -0.3086 -0.9273 0.2116
vn -0.3793 -0.8871 0.2630
vn -0.3427 -0.9258 0.1597
vn -0.0846 -0.9896 0.1161
vn -0.2012 -0.9635 0.1765
vn -0.2231 -0.9540 0.2003
vn -0.0628 -0.9861 0.1536
vn -0.5419 -0.8295 0.1352
vn -0.2557 -0.9264 0.2763
vn -0.0238 -0.9902 0.1374
vn -0.1405 -0.9396 0.3121
vn -0.3889 -0.8980 0.2060
vn -0.3830 -0.8782 0.2865
vn -0.5813 -0.7805 0.2299
vn -0.0633 -0.9560 0.2863
vn -0.2163 -0.9301 0.2968
vn -0.0062 -0.9765 0.2152
vn -0.0010 -0.9702 0.2421
vn -0.2581 -0.8877 0.3814
vn 0.0281 -0.9495 0.3124
vn 0.0218 -0.9660 0.2577
vn -0.2785 -0.8899 0.3613
vn 0.0588 -0.9589 0.2776
vn -0.1093 -0.8903 0.4420
vn 0.0842 -0.9519 0.2945
vn -0.1711 -0.8743 0.4542
vn 0.0018 -0.9192 0.3938
vn 0.0634 -0.9188 0.3896
vn -0.3658 -0.8055 0.4662
vn -0.3495 -0.8140 0.4640
vn -0.0432 -0.8798 0.4734
vn -0.7869 -0.6150 0.0510
vn 0.1269 -0.9381 0.3223
vn -0.0673 -0.8288 0.5554
vn -0.2174 -0.8020 0.5564
vn -0.0402 -0.8624 0.5046
vn -0.5983 -0.6924 0.4033
vn -0.6996 -0.6820 -0.2131
vn -0.6249 -0.7579 -0.1875
vn -0.5541 -0.8319 -0.0303
vn -0.5456 -0.8380 0.0126
vn -0.5482 -0.8308 0.0964
vn -0.5357 -0.8302 0.1542
vn -0.5088 -0.8284 0.2343
vn -0.4870 -0.8450 0.2210
vn -0.4493 -0.8717 0.1958
vn -0.3777 -0.8492 0.3689
vn -0.2515 -0.7654 0.5924
vn -0.5595 -0.8217 0.1085
vn -0.4169 -0.8795 0.2296
vn -0.5133 -0.8556 0.0675
vn -0.4035 -0.9059 0.1284
vn -0.3617 -0.9323 -0.0005
vn -0.2469 -0.9425 0.2254
vn -0.1103 -0.9939 -0.0003
vn -0.1247 -0.9754 0.1816
vn -0.2713 -0.9462 -0.1763
vn -0.4200 -0.8995 -0.1202
vn -0.5773 -0.8159 -0.0332
vn -0.5468 -0.8237 -0.1502
vn -0.5874 -0.8087 0.0315
vn -0.3313 -0.8604 0.3872
vn -0.3903 -0.8646 -0.3164
vn -0.5046 -0.8180 -0.2761
vn 0.0039 -0.9973 -0.0734
vn -0.1037 -0.9655 -0.2388
vn -0.3925 -0.8188 0.4188
vn -0.4748 -0.8153 0.3316
vn -0.1945 -0.9379 -0.2873
vn -0.1092 -0.9211 0.3737
vn -0.0060 -0.9521 0.3058
vn -0.6314 -0.7682 -0.1055
vn -0.6116 -0.7861 -0.0895
vn 0.0737 -0.9887 0.1308
vn -0.4035 -0.8074 0.4304
vn -0.2947 -0.8091 0.5085
vn -0.1378 -0.8369 0.5298
vn -0.5754 -0.7660 -0.2866
vn -0.1768 -0.8971 -0.4049
vn -0.6374 -0.7281 -0.2524
vn -0.3049 -0.8290 -0.4689
vn 0.0882 -0.9623 -0.2574
vn -0.8309 -0.4715 0.2954
vn -0.1726 -0.7489 0.6398
vn -0.3186 -0.7068 0.6316
vn -0.4605 -0.6622 0.5911
vn 0.0201 -0.9331 -0.3592
vn -0.6435 -0.6872 -0.3370
vn -0.6253 -0.7018 -0.3413
vn -0.6388 -0.6941 -0.3319
vn 0.2597 -0.9651 0.0337
vn 0.1686 -0.9707 -0.1714
vn -0.6230 -0.7068 -0.3351
vn -0.4304 -0.7788 -0.4563
vn -0.4683 -0.7640 -0.4437
vn -0.5644 -0.6800 -0.4681
vn -0.8681 -0.4644 -0.1752
vn -0.9608 -0.2759 0.0263
vn -0.3550 -0.7415 -0.5694
vn -0.7328 -0.5436 -0.4092
vn -0.8535 -0.3984 -0.3359
vn 0.2145 -0.9562 0.1993
vn -0.6918 -0.5346 0.4853
vn -0.6341 -0.6368 -0.4385
vn -0.6393 -0.4041 0.6542
vn 0.0924 -0.8665 -0.4905
vn -0.0726 -0.7955 -0.6016
vn -0.2157 -0.6893 -0.6916
vn 0.2024 -0.9023 -0.3806
vn -0.6234 -0.5882 -0.5152
vn -0.6078 -0.6047 -0.5147
vn 0.2857 -0.9391 -0.1908
vn -0.5256 -0.6072 -0.5958
vn -0.4408 -0.6369 -0.6325
vn -0.6255 -0.6043 -0.4936
vn -0.9660 -0.1595 0.2035
vn 0.4394 -0.8950 -0.0771
vn -0.5621 -0.4894 -0.6668
vn -0.5788 -0.5064 -0.6392
vn -0.7378 -0.2750 -0.6165
vn -0.4218 -0.6037 -0.6765
vn -0.2670 -0.6014 -0.7530
vn -0.4106 -0.4216 -0.8085
vn 0.4692 -0.8556 -0.2188
vn -0.8156 -0.1996 0.5432
vn -0.9130 -0.0737 0.4013
vn -0.9820 0.1459 -0.1198
vn -0.9845 0.1582 0.0755
vn 0.3847 -0.5533 -0.7389
vn 0.3164 -0.7092 -0.6300
vn 0.2781 -0.6780 -0.6804
vn 0.4748 -0.6254 -0.6193
vn 0.4218 -0.7338 -0.5325
vn 0.5175 -0.7031 -0.4877
vn 0.5562 -0.6418 -0.5279
vn 0.6195 -0.5548 -0.5554
vn 0.5867 -0.4676 -0.6611
vn 0.6725 -0.4610 -0.5790
vn 0.6191 -0.3456 -0.7052
vn 0.5461 -0.3511 -0.7606
vn 0.4569 -0.4213 -0.7834
vn 0.2710 -0.5065 -0.8186
vn 0.2641 -0.3760 -0.8882
vn 0.4397 -0.2700 -0.8566
vn 0.5409 -0.2865 -0.7908
vn 0.1317 -0.7274 -0.6735
vn 0.0641 -0.5685 -0.8202
vn 0.0565 -0.5229 -0.8505
vn 0.2660 -0.2180 -0.9390
vn 0.0517 -0.2874 -0.9564
vn 0.1117 -0.1784 -0.9776
vn 0.4282 -0.0719 -0.9008
vn 0.6632 -0.1848 -0.7253
vn 0.5477 -0.1164 -0.8286
vn 0.7469 -0.3088 -0.5889
vn 0.2527 -0.0845 -0.9638
vn 0.6139 -0.0330 -0.7887
vn 0.4953 0.0273 -0.8683
vn 0.3182 0.1055 -0.9421
vn -0.1011 -0.3141 -0.9440
vn -0.0851 -0.5545 -0.8278
vn -0.0974 -0.7168 -0.6904
vn -0.1355 -0.0972 -0.9860
vn 0.0380 0.0750 -0.9965
vn -0.2704 -0.4243 -0.8642
vn -0.0726 -0.7955 -0.6016
vn -0.2670 -0.6014 -0.7530
vn -0.2157 -0.6893 -0.6916
vn 0.0924 -0.8665 -0.4905
vn 0.3928 -0.8168 -0.4226
vn 0.2024 -0.9023 -0.3806
vn -0.4225 -0.4961 -0.7585
vn 0.7893 -0.4047 -0.4619
vn 0.3699 -0.8580 -0.3563
vn 0.8017 -0.4401 -0.4043
vn 0.8108 -0.1013 -0.5765
vn 0.6228 -0.6691 -0.4056
vn 0.7591 0.0847 -0.6455
vn 0.6258 0.1745 -0.7602
vn 0.3069 0.2112 -0.9280
vn 0.4590 0.2818 -0.8426
vn 0.5135 0.2760 -0.8125
vn 0.3613 0.2959 -0.8842
vn 0.8729 -0.1880 -0.4503
vn 0.8051 -0.5249 -0.2762
vn 0.6225 -0.7396 -0.2558
vn 0.4692 -0.8556 -0.2188
vn 0.7527 -0.6281 -0.1971
vn 0.2857 -0.9391 -0.1908
vn 0.6581 0.2811 -0.6985
vn -0.4218 -0.6037 -0.6765
vn 0.6409 -0.7638 -0.0764
vn -0.2962 0.9325 0.2066
vn -0.2940 0.9510 0.0954
vn -0.3751 0.9114 0.1694
vn -0.1668 0.9743 0.1517
vn -0.2075 0.9502 0.2326
vn -0.1665 0.9848 0.0498
vn -0.2854 0.9584 -0.0029
vn -0.2226 0.9742 -0.0371
vn -0.1143 0.9525 0.2824
vn -0.1310 0.9481 0.2897
vn -0.0884 0.9727 0.2144
vn -0.0566 0.9872 0.1493
vn -0.0863 0.9932 0.0778
vn -0.1396 0.9874 0.0749
vn -0.0684 0.9803 0.1852
vn -0.1654 0.9530 0.2538
vn 0.0165 0.9825 0.1855
vn -0.0133 0.9716 0.2363
vn -0.2286 0.9535 0.1964
vn -0.2909 0.9494 0.1181
vn -0.1994 0.9404 0.2753
vn -0.2175 0.9248 0.3123
vn -0.1679 0.9785 -0.1197
vn -0.1955 0.9807 0.0009
vn -0.2807 0.9598 0.0061
vn -0.2874 0.9299 0.2296
vn -0.1954 0.9211 0.3367
vn -0.0456 0.9344 0.3533
vn -0.3027 0.8999 0.3138
vn 0.0398 0.9549 0.2943
vn -0.1393 0.9032 0.4059
vn 0.0646 0.9668 0.2473
vn 0.0779 0.9606 0.2668
vn 0.0361 0.9414 0.3353
vn -0.3698 0.8800 0.2981
vn -0.4029 0.8843 0.2358
vn 0.0093 0.9235 0.3836
vn -0.0750 0.8870 0.4556
vn -0.1637 0.8790 0.4478
vn -0.2845 0.8691 0.4047
vn -0.4520 0.8857 0.1065
vn -0.2417 0.8785 0.4120
vn -0.5537 0.8327 0.0101
vn -0.2434 0.8141 0.5273
vn -0.4944 0.8655 0.0806
vn -0.2701 0.9578 -0.0984
vn -0.4044 0.8997 -0.1644
vn -0.2141 0.9631 -0.1630
vn -0.3068 0.9352 -0.1770
vn -0.3262 0.9443 -0.0446
vn -0.5724 0.8200 -0.0022
vn -0.4341 0.8968 -0.0848
vn -0.3692 0.8477 0.3809
vn -0.4015 0.8591 0.3175
vn -0.5391 0.8017 0.2582
vn -0.2297 0.9509 -0.2076
vn -0.3614 0.9076 -0.2137
vn -0.5282 0.8331 -0.1641
vn -0.5175 0.8460 -0.1281
vn -0.4251 0.8305 0.3600
vn -0.1986 0.9387 -0.2817
vn -0.3883 0.8556 -0.3424
vn -0.5250 0.7972 -0.2979
vn -0.3033 0.8891 -0.3428
vn -0.5245 0.8228 -0.2188
vn 0.1389 0.9172 0.3735
vn 0.0448 0.9155 0.3999
vn -0.0044 0.9406 0.3394
vn -0.0903 0.8651 0.4933
vn 0.0621 0.8724 0.4849
vn -0.0418 0.8427 0.5368
vn -0.3438 0.7924 0.5039
vn -0.5477 0.8320 0.0887
vn -0.5306 0.8362 0.1390
vn -0.5022 0.8375 0.2151
vn -0.5112 0.8229 0.2480
vn -0.4592 0.8455 0.2725
vn -0.4339 0.8397 0.3266
vn -0.3755 0.8030 0.4628
vn -0.4587 0.8142 0.3558
vn -0.4412 0.8156 0.3743
vn -0.2875 0.7980 0.5296
vn -0.4778 0.8234 0.3062
vn -0.5693 0.8182 0.0797
vn -0.5784 0.8113 -0.0845
vn -0.4595 0.8390 0.2915
vn -0.2919 0.8686 0.4003
vn -0.4495 0.8574 0.2506
vn -0.3738 0.8227 0.4283
vn -0.1228 0.8000 0.5873
vn -0.2352 0.7331 0.6382
vn -0.4883 0.8590 0.1540
vn -0.3177 0.9360 0.1512
vn -0.3776 0.8736 0.3068
vn -0.1831 0.9443 0.2735
vn -0.2606 0.9589 0.1121
vn -0.1508 0.9852 0.0817
vn -0.4413 0.8921 0.0972
vn -0.2298 0.9692 -0.0884
vn -0.3843 0.9222 -0.0420
vn -0.5147 0.8573 -0.0054
vn -0.6250 0.7763 -0.0824
vn 0.0077 0.9883 0.1523
vn -0.1273 0.8873 0.4433
vn -0.0729 0.9861 -0.1495
vn 0.0385 0.9431 0.3302
vn -0.3826 0.8994 -0.2113
vn 0.0281 0.8649 0.5012
vn -0.5427 0.8203 -0.1804
vn -0.3208 0.7958 0.5135
vn 0.1554 0.9878 0.0022
vn -0.2076 0.9434 -0.2588
vn -0.8191 0.5633 0.1082
vn -0.1478 0.8499 0.5057
vn -0.5833 0.6319 0.5104
vn -0.6691 0.6138 0.4190
vn -0.0951 0.7712 0.6294
vn -0.3097 0.8665 -0.3915
vn -0.7097 0.6363 0.3024
vn -0.6267 0.7497 -0.2128
vn 0.2674 0.9569 0.1130
vn 0.2484 0.9160 0.3150
vn -0.4007 0.8266 -0.3951
vn -0.6231 0.7592 -0.1880
vn -0.5009 0.8009 -0.3282
vn 0.0986 0.8867 0.4517
vn -0.4216 0.6200 0.6617
vn -0.1204 0.7516 0.6485
vn 0.0453 0.7819 0.6217
vn -0.1469 0.7413 0.6549
vn -0.6117 0.7130 -0.3427
vn -0.6450 0.6909 -0.3264
vn -0.6337 0.7637 -0.1235
vn -0.7169 0.6669 -0.2031
vn -0.8134 0.5777 -0.0680
vn -0.1026 0.7220 0.6843
vn -0.5198 0.7313 -0.4416
vn -0.6337 0.7312 -0.2526
vn -0.4494 0.7676 -0.4570
vn -0.6236 0.6691 -0.4043
vn -0.5632 0.7213 -0.4031
vn -0.5513 0.4650 0.6927
vn -0.4738 0.7559 -0.4518
vn -0.3184 0.8422 -0.4352
vn -0.3050 0.7996 -0.5173
vn -0.5631 0.7434 -0.3609
vn -0.4955 0.7494 -0.4392
vn -0.5069 0.6846 -0.5238
vn -0.8022 0.4841 -0.3493
vn -0.5954 0.6575 -0.4617
vn -0.3687 0.7422 -0.5596
vn -0.8981 0.3643 0.2462
vn -0.2406 0.8071 -0.5393
vn -0.4244 0.6882 -0.5884
vn -0.1878 0.8485 -0.4948
vn -0.6369 0.6463 -0.4204
vn -0.5901 0.6455 -0.4849
vn -0.6320 0.6443 -0.4307
vn -0.3413 0.7148 -0.6104
vn -0.8675 0.2696 0.4181
vn -0.9142 0.2626 -0.3085
vn -0.7768 0.1901 0.6004
vn -0.9820 0.1459 -0.1198
vn -0.9845 0.1582 0.0755
vn -0.6489 -0.0391 0.7598
vn -0.1882 0.9373 -0.2935
vn -0.9130 -0.0737 0.4013
vn -0.9660 -0.1595 0.2035
vn -0.8156 -0.1996 0.5432
vn 0.3414 0.8388 -0.4241
vn 0.4567 0.8183 -0.3490
vn 0.2429 0.7748 -0.5837
vn 0.4084 0.7195 -0.5617
vn 0.3618 0.6863 -0.6310
vn 0.2471 0.8947 -0.3720
vn 0.5814 0.7440 -0.3295
vn 0.4504 0.8575 -0.2487
vn 0.3285 0.9109 -0.2498
vn -0.0284 0.8528 -0.5214
vn 0.0610 0.9537 -0.2945
vn 0.1727 0.7407 -0.6493
vn 0.2956 0.9452 -0.1384
vn 0.4305 0.8942 -0.1229
vn 0.5128 0.7276 -0.4557
vn -0.1220 0.9342 -0.3352
vn 0.6491 0.7370 -0.1885
vn 0.6033 0.7920 -0.0933
vn 0.5916 0.6361 -0.4954
vn 0.5682 0.6119 -0.5502
vn 0.2487 0.5546 -0.7941
vn 0.1499 0.6874 -0.7106
vn -0.0554 0.7616 -0.6456
vn -0.1878 0.8485 -0.4948
vn -0.0729 0.9861 -0.1495
vn 0.0951 0.9857 -0.1394
vn 0.1583 0.9614 -0.2252
vn 0.1554 0.9878 0.0022
vn 0.2674 0.9569 0.1130
vn 0.4349 0.8957 0.0921
vn 0.6167 0.7871 -0.0106
vn 0.6058 0.7949 0.0345
vn -0.1882 0.9373 -0.2935
vn 0.7298 0.6412 -0.2372
vn 0.5575 0.8155 0.1553
vn 0.7135 0.7005 0.0135
vn 0.8030 0.4929 -0.3350
vn 0.7247 0.4729 -0.5012
vn 0.6195 0.5090 -0.5976
vn 0.4196 0.5465 -0.7248
vn 0.5642 0.4468 -0.6943
vn 0.4212 0.8701 0.2560
vn 0.3484 0.9116 0.2183
vn 0.8531 0.5186 -0.0567
vn 0.5905 0.7710 0.2386
vn 0.8454 0.5060 -0.1712
vn 0.2484 0.9160 0.3150
vn 0.8008 0.5770 0.1607
vn 0.7277 0.6215 0.2903
vn 0.0775 0.5759 -0.8139
vn -0.0780 0.6279 -0.7744
vn -0.3097 0.8665 -0.3915
vn -0.3687 0.7422 -0.5596
vn 0.4866 0.3508 -0.8001
vn 0.3103 0.4251 -0.8503
vn 0.1702 0.4393 -0.8821
vn 0.7803 0.3023 -0.5475
vn 0.6427 0.3252 -0.6937
vn 0.6581 0.2811 -0.6985
vn 0.4590 0.2818 -0.8426
vn 0.3613 0.2959 -0.8842
vn 0.5135 0.2760 -0.8125
vn 0.6258 0.1745 -0.7602
vn 0.7591 0.0847 -0.6455
vn 0.0368 -0.6560 0.7539
vn -0.0222 -0.6671 0.7447
vn 0.2131 -0.6346 0.7429
vn 0.0704 -0.7197 0.6907
vn 0.2673 -0.4817 0.8346
vn 0.3541 -0.5101 0.7838
vn 0.1338 -0.5985 0.7899
vn 0.0419 -0.6711 0.7402
vn 0.0858 -0.7318 0.6761
vn 0.2231 -0.6363 0.7384
vn 0.2668 -0.4584 0.8477
vn 0.3605 -0.5934 0.7197
vn 0.4222 -0.5101 0.7494
vn 0.2790 -0.7594 0.5878
vn 0.3943 -0.5950 0.7003
vn 0.5059 -0.5046 0.6996
vn 0.2866 -0.7757 0.5622
vn 0.1807 -0.8115 0.5557
vn 0.4448 -0.6542 0.6117
vn 0.3602 -0.6928 0.6247
vn 0.1263 -0.8600 0.4944
vn 0.3034 -0.3816 0.8731
vn 0.4443 -0.3504 0.8245
vn 0.3583 -0.2859 0.8887
vn 0.4029 -0.3965 0.8249
vn 0.5037 -0.5145 0.6939
vn 0.4896 -0.2227 0.8431
vn 0.4426 -0.2328 0.8660
vn 0.6530 -0.3577 0.6676
vn 0.6132 -0.1930 0.7660
vn 0.5476 -0.2593 0.7955
vn 0.6233 -0.4890 0.6102
vn 0.6485 -0.2346 0.7242
vn 0.5581 -0.1837 0.8092
vn 0.4300 -0.6128 0.6630
vn 0.3577 -0.3610 0.8612
vn 0.3098 -0.7121 0.6300
vn 0.1975 -0.6654 0.7199
vn 0.1743 -0.1605 0.9715
vn 0.1198 -0.5140 0.8494
vn 0.2296 -0.8165 0.5297
vn 0.6434 -0.6112 0.4610
vn 0.3007 -0.8182 0.4900
vn 0.1035 -0.7904 0.6038
vn 0.1386 -0.8447 0.5170
vn 0.0665 -0.6606 0.7478
vn 0.0840 -0.7762 0.6249
vn 0.4596 -0.7629 0.4547
vn 0.5250 -0.6732 0.5207
vn 0.5312 -0.6463 0.5478
vn 0.3556 -0.8216 0.4455
vn -0.0481 -0.5913 0.8050
vn -0.0881 -0.2700 0.9588
vn 0.4598 -0.0990 0.8825
vn 0.3764 0.0005 0.9265
vn 0.4244 -0.0944 0.9005
vn 0.5847 -0.7337 0.3463
vn 0.2686 -0.8692 0.4151
vn 0.0569 -0.8583 0.5100
vn 0.1956 -0.8942 0.4026
vn -0.0673 -0.8288 0.5554
vn -0.0633 -0.7792 0.6236
vn 0.7756 -0.4302 0.4619
vn 0.1129 -0.9109 0.3969
vn 0.1543 -0.8956 0.4173
vn -0.0914 -0.8162 0.5704
vn -0.1726 -0.7489 0.6398
vn -0.0432 -0.8798 0.4734
vn -0.2515 -0.7654 0.5924
vn -0.1643 -0.7705 0.6159
vn -0.2202 -0.6821 0.6973
vn 0.0018 -0.9192 0.3938
vn 0.0634 -0.9188 0.3896
vn 0.5709 -0.7674 0.2917
vn 0.4598 -0.8412 0.2845
vn 0.3505 -0.9040 0.2449
vn -0.0402 -0.8624 0.5046
vn 0.0281 -0.9495 0.3124
vn -0.3261 -0.4021 0.8556
vn -0.2359 -0.1757 0.9557
vn -0.1092 -0.9211 0.3737
vn -0.1378 -0.8369 0.5298
vn 0.1269 -0.9381 0.3223
vn -0.1093 -0.8903 0.4420
vn -0.2174 -0.8020 0.5564
vn -0.0060 -0.9521 0.3058
vn 0.2145 -0.9562 0.1993
vn -0.1711 -0.8743 0.4542
vn 0.0842 -0.9519 0.2945
vn -0.2947 -0.8091 0.5085
vn -0.3186 -0.7068 0.6316
vn 0.0737 -0.9887 0.1308
vn 0.5206 -0.8408 0.1488
vn 0.6641 -0.7210 0.1978
vn 0.2597 -0.9651 0.0337
vn 0.3635 -0.9241 0.1182
vn 0.4866 -0.8732 0.0265
vn 0.7872 -0.5305 0.3143
vn -0.5071 -0.3906 0.7683
vn -0.4605 -0.6622 0.5911
vn 0.7890 -0.5875 0.1796
vn 0.4394 -0.8950 -0.0771
vn 0.8262 -0.2664 0.4964
vn 0.8252 -0.1700 0.5387
vn 0.6409 -0.7638 -0.0764
vn 0.7241 -0.6893 -0.0252
vn -0.6393 -0.4041 0.6542
vn -0.3481 -0.0547 0.9359
vn 0.4692 -0.8556 -0.2188
vn -0.5462 0.0588 0.8356
vn -0.6489 -0.0391 0.7598
vn -0.7768 0.1901 0.6004
vn -0.8156 -0.1996 0.5432
f 479/479/479 478/478/478 494/494/494
f 719/719/719 718/718/718 721/721/721
f 441/441/441 414/414/414 419/419/419
f 438/438/438 441/441/441 419/419/419
f 703/703/703 715/715/715 716/716/716
f 703/703/703 705/705/705 715/715/715
f 187/187/187 192/192/192 201/201/201
f 495/495/495 496/496/496 483/483/483
f 494/494/494 480/480/480 479/479/479
f 784/784/784 782/782/782 762/762/762
f 478/478/478 498/498/498 494/494/494
f 765/765/765 766/766/766 764/764/764
f 498/498/498 478/478/478 501/501/501
f 201/201/201 207/207/207 208/208/208
f 744/744/744 716/716/716 715/715/715
f 715/715/715 743/743/743 744/744/744
f 764/764/764 768/768/768 762/762/762
f 492/492/492 482/482/482 480/480/480
f 278/278/278 275/275/275 271/271/271
f 495/495/495 483/483/483 492/492/492
f 782/782/782 763/763/763 762/762/762
f 816/816/816 843/843/843 821/821/821
f 388/388/388 406/406/406 403/403/403
f 759/759/759 766/766/766 765/765/765
f 765/765/765 764/764/764 759/759/759
f 816/816/816 766/766/766 819/819/819
f 208/208/208 207/207/207 252/252/252
f 635/635/635 629/629/629 627/627/627
f 397/397/397 406/406/406 387/387/387
f 719/719/719 704/704/704 718/718/718
f 188/188/188 187/187/187 185/185/185
f 184/184/184 271/271/271 190/190/190
f 74/74/74 82/82/82 63/63/63
f 63/63/63 82/82/82 62/62/62
f 74/74/74 83/83/83 82/82/82
f 449/449/449 423/423/423 444/444/444
f 852/852/852 833/833/833 844/844/844
f 414/414/414 423/423/423 397/397/397
f 207/207/207 211/211/211 252/252/252
f 703/703/703 696/696/696 705/705/705
f 767/767/767 764/764/764 766/766/766
f 779/779/779 781/781/781 762/762/762
f 201/201/201 200/200/200 207/207/207
f 821/821/821 815/815/815 816/816/816
f 844/844/844 843/843/843 849/849/849
f 816/816/816 775/775/775 766/766/766
f 766/766/766 775/775/775 774/774/774
f 720/720/720 704/704/704 719/719/719
f 630/630/630 646/646/646 627/627/627
f 696/696/696 703/703/703 699/699/699
f 704/704/704 699/699/699 703/703/703
f 424/424/424 423/423/423 414/414/414
f 423/423/423 406/406/406 397/397/397
f 85/85/85 52/52/52 84/84/84
f 82/82/82 84/84/84 62/62/62
f 189/189/189 187/187/187 188/188/188
f 62/62/62 84/84/84 52/52/52
f 275/275/275 190/190/190 271/271/271
f 52/52/52 85/85/85 51/51/51
f 192/192/192 200/200/200 201/201/201
f 187/187/187 191/191/191 192/192/192
f 187/187/187 189/189/189 191/191/191
f 767/767/767 768/768/768 764/764/764
f 475/475/475 480/480/480 482/482/482
f 478/478/478 479/479/479 474/474/474
f 474/474/474 479/479/479 480/480/480
f 781/781/781 811/811/811 784/784/784
f 488/488/488 483/483/483 496/496/496
f 779/779/779 762/762/762 768/768/768
f 762/762/762 781/781/781 784/784/784
f 706/706/706 704/704/704 720/720/720
f 706/706/706 699/699/699 704/704/704
f 444/444/444 423/423/423 424/424/424
f 406/406/406 423/423/423 434/434/434
f 714/714/714 748/748/748 749/749/749
f 191/191/191 189/189/189 192/192/192
f 211/211/211 205/205/205 241/241/241
f 715/715/715 705/705/705 714/714/714
f 197/197/197 205/205/205 206/206/206
f 696/696/696 714/714/714 705/705/705
f 768/768/768 767/767/767 769/769/769
f 474/474/474 480/480/480 475/475/475
f 481/481/481 475/475/475 483/483/483
f 503/503/503 501/501/501 502/502/502
f 501/501/501 462/462/462 502/502/502
f 815/815/815 821/821/821 833/833/833
f 645/645/645 635/635/635 627/627/627
f 721/721/721 706/706/706 719/719/719
f 645/645/645 627/627/627 646/646/646
f 257/257/257 265/265/265 241/241/241
f 706/706/706 720/720/720 719/719/719
f 843/843/843 844/844/844 833/833/833
f 441/441/441 444/444/444 414/414/414
f 833/833/833 821/821/821 843/843/843
f 414/414/414 444/444/444 424/424/424
f 207/207/207 200/200/200 197/197/197
f 197/197/197 206/206/206 207/207/207
f 749/749/749 743/743/743 714/714/714
f 200/200/200 192/192/192 197/197/197
f 743/743/743 715/715/715 714/714/714
f 265/265/265 252/252/252 241/241/241
f 252/252/252 211/211/211 241/241/241
f 207/207/207 205/205/205 211/211/211
f 207/207/207 206/206/206 205/205/205
f 483/483/483 488/488/488 481/481/481
f 768/768/768 781/781/781 779/779/779
f 483/483/483 475/475/475 482/482/482
f 188/188/188 190/190/190 189/189/189
f 189/189/189 190/190/190 195/195/195
f 276/276/276 190/190/190 275/275/275
f 496/496/496 491/491/491 488/488/488
f 501/501/501 478/478/478 462/462/462
f 775/775/775 815/815/815 774/774/774
f 775/775/775 816/816/816 815/815/815
f 774/774/774 767/767/767 766/766/766
f 461/461/461 463/463/463 478/478/478
f 463/463/463 462/462/462 478/478/478
f 478/478/478 474/474/474 461/461/461
f 186/186/186 217/217/217 216/216/216
f 642/642/642 631/631/631 623/623/623
f 611/611/611 617/617/617 618/618/618
f 623/623/623 624/624/624 617/617/617
f 408/408/408 399/399/399 394/394/394
f 603/603/603 568/568/568 606/606/606
f 611/611/611 613/613/613 606/606/606
f 631/631/631 624/624/624 623/623/623
f 12/12/12 32/32/32 24/24/24
f 454/454/454 431/431/431 453/453/453
f 824/824/824 761/761/761 823/823/823
f 504/504/504 499/499/499 523/523/523
f 499/499/499 504/504/504 497/497/497
f 385/385/385 386/386/386 384/384/384
f 623/623/623 617/617/617 620/620/620
f 395/395/395 431/431/431 413/413/413
f 386/386/386 382/382/382 384/384/384
f 386/386/386 394/394/394 382/382/382
f 771/771/771 778/778/778 761/761/761
f 395/395/395 413/413/413 411/411/411
f 395/395/395 411/411/411 389/389/389
f 210/210/210 186/186/186 203/203/203
f 13/13/13 57/57/57 17/17/17
f 186/186/186 218/218/218 217/217/217
f 652/652/652 606/606/606 568/568/568
f 13/13/13 61/61/61 57/57/57
f 653/653/653 652/652/652 568/568/568
f 777/777/777 773/773/773 771/771/771
f 218/218/218 219/219/219 217/217/217
f 17/17/17 32/32/32 12/12/12
f 709/709/709 703/703/703 717/717/717
f 782/782/782 784/784/784 763/763/763
f 492/492/492 483/483/483 482/482/482
f 190/190/190 188/188/188 185/185/185
f 480/480/480 494/494/494 493/493/493
f 766/766/766 759/759/759 819/819/819
f 839/839/839 838/838/838 819/819/819
f 816/816/816 819/819/819 838/838/838
f 759/759/759 764/764/764 762/762/762
f 760/760/760 762/762/762 763/763/763
f 632/632/632 630/630/630 619/619/619
f 187/187/187 201/201/201 202/202/202
f 184/184/184 190/190/190 185/185/185
f 44/44/44 51/51/51 32/32/32
f 784/784/784 787/787/787 773/773/773
f 272/272/272 271/271/271 184/184/184
f 32/32/32 51/51/51 42/42/42
f 272/272/272 278/278/278 271/271/271
f 44/44/44 52/52/52 51/51/51
f 52/52/52 17/17/17 62/62/62
f 784/784/784 773/773/773 763/763/763
f 760/760/760 759/759/759 762/762/762
f 492/492/492 480/480/480 493/493/493
f 627/627/627 623/623/623 621/621/621
f 627/627/627 629/629/629 623/623/623
f 630/630/630 627/627/627 619/619/619
f 438/438/438 419/419/419 411/411/411
f 439/439/439 438/438/438 411/411/411
f 816/816/816 838/838/838 843/843/843
f 388/388/388 387/387/387 406/406/406
f 414/414/414 397/397/397 398/398/398
f 419/419/419 414/414/414 398/398/398
f 718/718/718 704/704/704 709/709/709
f 419/419/419 398/398/398 411/411/411
f 254/254/254 250/250/250 208/208/208
f 208/208/208 250/250/250 201/201/201
f 632/632/632 619/619/619 628/628/628
f 704/704/704 703/703/703 709/709/709
f 254/254/254 208/208/208 252/252/252
f 632/632/632 628/628/628 614/614/614
f 642/642/642 679/679/679 675/675/675
f 623/623/623 636/636/636 642/642/642
f 219/219/219 184/184/184 217/217/217
f 62/62/62 57/57/57 63/63/63
f 440/440/440 431/431/431 454/454/454
f 847/847/847 827/827/827 826/826/826
f 394/394/394 409/409/409 408/408/408
f 431/431/431 440/440/440 413/413/413
f 494/494/494 500/500/500 499/499/499
f 759/759/759 824/824/824 826/826/826
f 759/759/759 761/761/761 824/824/824
f 387/387/387 386/386/386 385/385/385
f 389/389/389 387/387/387 385/385/385
f 619/619/619 617/617/617 611/611/611
f 386/386/386 402/402/402 394/394/394
f 411/411/411 401/401/401 389/389/389
f 57/57/57 62/62/62 17/17/17
f 654/654/654 606/606/606 652/652/652
f 249/249/249 250/250/250 248/248/248
f 202/202/202 248/248/248 203/203/203
f 201/201/201 249/249/249 248/248/248
f 186/186/186 216/216/216 184/184/184
f 23/23/23 42/42/42 43/43/43
f 777/777/777 772/772/772 773/773/773
f 42/42/42 23/23/23 24/24/24
f 772/772/772 777/777/777 771/771/771
f 760/760/760 771/771/771 761/761/761
f 23/23/23 43/43/43 39/39/39
f 219/219/219 228/228/228 184/184/184
f 217/217/217 184/184/184 216/216/216
f 32/32/32 17/17/17 44/44/44
f 274/274/274 272/272/272 184/184/184
f 184/184/184 228/228/228 274/274/274
f 614/614/614 628/628/628 611/611/611
f 619/619/619 627/627/627 621/621/621
f 619/619/619 611/611/611 628/628/628
f 185/185/185 187/187/187 186/186/186
f 44/44/44 17/17/17 52/52/52
f 187/187/187 202/202/202 203/203/203
f 186/186/186 187/187/187 203/203/203
f 184/184/184 185/185/185 186/186/186
f 74/74/74 72/72/72 92/92/92
f 74/74/74 61/61/61 72/72/72
f 201/201/201 248/248/248 202/202/202
f 772/772/772 771/771/771 763/763/763
f 771/771/771 760/760/760 763/763/763
f 397/397/397 389/389/389 398/398/398
f 819/819/819 847/847/847 839/839/839
f 621/621/621 623/623/623 620/620/620
f 709/709/709 717/717/717 745/745/745
f 629/629/629 636/636/636 623/623/623
f 636/636/636 629/629/629 642/642/642
f 629/629/629 690/690/690 642/642/642
f 718/718/718 709/709/709 726/726/726
f 709/709/709 745/745/745 726/726/726
f 388/388/388 403/403/403 386/386/386
f 389/389/389 401/401/401 398/398/398
f 411/411/411 398/398/398 401/401/401
f 403/403/403 402/402/402 386/386/386
f 619/619/619 620/620/620 617/617/617
f 619/619/619 621/621/621 620/620/620
f 387/387/387 388/388/388 386/386/386
f 389/389/389 397/397/397 387/387/387
f 201/201/201 250/250/250 249/249/249
f 264/264/264 248/248/248 250/250/250
f 63/63/63 61/61/61 74/74/74
f 63/63/63 57/57/57 61/61/61
f 606/606/606 614/614/614 611/611/611
f 92/92/92 72/72/72 86/86/86
f 654/654/654 660/660/660 606/606/606
f 660/660/660 614/614/614 606/606/606
f 703/703/703 746/746/746 717/717/717
f 703/703/703 716/716/716 746/746/746
f 758/758/758 759/759/759 760/760/760
f 39/39/39 43/43/43 49/49/49
f 24/24/24 32/32/32 42/42/42
f 772/772/772 763/763/763 773/773/773
f 492/492/492 493/493/493 497/497/497
f 787/787/787 791/791/791 773/773/773
f 819/819/819 827/827/827 847/847/847
f 413/413/413 440/440/440 439/439/439
f 413/413/413 439/439/439 411/411/411
f 402/402/402 409/409/409 394/394/394
f 493/493/493 499/499/499 497/497/497
f 494/494/494 499/499/499 493/493/493
f 758/758/758 760/760/760 761/761/761
f 761/761/761 759/759/759 758/758/758
f 494/494/494 498/498/498 500/500/500
f 827/827/827 819/819/819 826/826/826
f 759/759/759 826/826/826 819/819/819
f 175/175/175 162/162/162 180/180/180
f 510/510/510 508/508/508 485/485/485
f 174/174/174 138/138/138 137/137/137
f 182/182/182 137/137/137 170/170/170
f 786/786/786 860/860/860 790/790/790
f 505/505/505 507/507/507 470/470/470
f 786/786/786 820/820/820 860/860/860
f 790/790/790 860/860/860 861/861/861
f 487/487/487 505/505/505 470/470/470
f 485/485/485 487/487/487 471/471/471
f 181/181/181 138/138/138 174/174/174
f 487/487/487 485/485/485 508/508/508
f 711/711/711 729/729/729 710/710/710
f 172/172/172 180/180/180 162/162/162
f 862/862/862 863/863/863 858/858/858
f 731/731/731 712/712/712 730/730/730
f 242/242/242 269/269/269 243/243/243
f 732/732/732 731/731/731 750/750/750
f 734/734/734 732/732/732 750/750/750
f 214/214/214 245/245/245 235/235/235
f 727/727/727 730/730/730 712/712/712
f 485/485/485 489/489/489 510/510/510
f 182/182/182 174/174/174 137/137/137
f 245/245/245 214/214/214 244/244/244
f 757/757/757 752/752/752 750/750/750
f 511/511/511 522/522/522 510/510/510
f 752/752/752 751/751/751 750/750/750
f 509/509/509 517/517/517 520/520/520
f 799/799/799 851/851/851 855/855/855
f 851/851/851 858/858/858 855/855/855
f 507/507/507 468/468/468 470/470/470
f 820/820/820 789/789/789 799/799/799
f 509/509/509 507/507/507 517/517/517
f 855/855/855 820/820/820 799/799/799
f 509/509/509 468/468/468 507/507/507
f 729/729/729 727/727/727 710/710/710
f 724/724/724 729/729/729 711/711/711
f 738/738/738 742/742/742 741/741/741
f 727/727/727 700/700/700 710/710/710
f 858/858/858 851/851/851 862/862/862
f 741/741/741 729/729/729 738/738/738
f 175/175/175 180/180/180 183/183/183
f 520/520/520 524/524/524 518/518/518
f 729/729/729 724/724/724 725/725/725
f 133/133/133 132/132/132 121/121/121
f 159/159/159 148/148/148 146/146/146
f 150/150/150 144/144/144 151/151/151
f 133/133/133 137/137/137 132/132/132
f 158/158/158 145/145/145 148/148/148
f 144/144/144 145/145/145 151/151/151
f 125/125/125 119/119/119 121/121/121
f 119/119/119 120/120/120 121/121/121
f 123/123/123 120/120/120 119/119/119
f 127/127/127 120/120/120 123/123/123
f 145/145/145 144/144/144 124/124/124
f 124/124/124 144/144/144 127/127/127
f 145/145/145 124/124/124 148/148/148
f 124/124/124 127/127/127 123/123/123
f 121/121/121 130/130/130 129/129/129
f 131/131/131 121/121/121 132/132/132
f 130/130/130 121/121/121 131/131/131
f 131/131/131 132/132/132 130/130/130
f 146/146/146 147/147/147 124/124/124
f 149/149/149 126/126/126 125/125/125
f 126/126/126 149/149/149 119/119/119
f 143/143/143 144/144/144 150/150/150
f 143/143/143 142/142/142 127/127/127
f 142/142/142 143/143/143 150/150/150
f 126/126/126 119/119/119 125/125/125
f 124/124/124 119/119/119 146/146/146
f 128/128/128 129/129/129 125/125/125
f 146/146/146 119/119/119 149/149/149
f 128/128/128 125/125/125 121/121/121
f 128/128/128 121/121/121 129/129/129
f 127/127/127 142/142/142 139/139/139
f 127/127/127 139/139/139 120/120/120
f 144/144/144 143/143/143 127/127/127
f 139/139/139 134/134/134 120/120/120
f 146/146/146 148/148/148 147/147/147
f 121/121/121 122/122/122 133/133/133
f 147/147/147 148/148/148 124/124/124
f 120/120/120 134/134/134 122/122/122
f 122/122/122 134/134/134 133/133/133
f 120/120/120 122/122/122 121/121/121
f 154/154/154 166/166/166 141/141/141
f 154/154/154 168/168/168 166/166/166
f 730/730/730 727/727/727 739/739/739
f 154/154/154 153/153/153 168/168/168
f 140/140/140 167/167/167 169/169/169
f 179/179/179 163/163/163 158/158/158
f 137/137/137 169/169/169 170/170/170
f 137/137/137 140/140/140 169/169/169
f 141/141/141 166/166/166 167/167/167
f 164/164/164 161/161/161 163/163/163
f 140/140/140 141/141/141 167/167/167
f 737/737/737 739/739/739 727/727/727
f 171/171/171 173/173/173 135/135/135
f 177/177/177 178/178/178 157/157/157
f 487/487/487 508/508/508 516/516/516
f 516/516/516 505/505/505 487/487/487
f 162/162/162 175/175/175 149/149/149
f 155/155/155 165/165/165 153/153/153
f 729/729/729 737/737/737 727/727/727
f 173/173/173 172/172/172 135/135/135
f 135/135/135 172/172/172 129/129/129
f 162/162/162 129/129/129 172/172/172
f 176/176/176 149/149/149 175/175/175
f 138/138/138 132/132/132 137/137/137
f 136/136/136 130/130/130 132/132/132
f 129/129/129 130/130/130 135/135/135
f 149/149/149 157/157/157 146/146/146
f 130/130/130 136/136/136 135/135/135
f 159/159/159 146/146/146 157/157/157
f 158/158/158 156/156/156 145/145/145
f 145/145/145 156/156/156 151/151/151
f 134/134/134 139/139/139 141/141/141
f 137/137/137 133/133/133 140/140/140
f 179/179/179 158/158/158 160/160/160
f 151/151/151 156/156/156 163/163/163
f 133/133/133 141/141/141 140/140/140
f 134/134/134 141/141/141 133/133/133
f 156/156/156 158/158/158 163/163/163
f 136/136/136 132/132/132 138/138/138
f 178/178/178 159/159/159 157/157/157
f 135/135/135 136/136/136 171/171/171
f 148/148/148 159/159/159 158/158/158
f 160/160/160 158/158/158 159/159/159
f 162/162/162 125/125/125 129/129/129
f 142/142/142 150/150/150 153/153/153
f 149/149/149 176/176/176 177/177/177
f 157/157/157 149/149/149 177/177/177
f 162/162/162 149/149/149 125/125/125
f 161/161/161 151/151/151 163/163/163
f 151/151/151 161/161/161 152/152/152
f 141/141/141 153/153/153 154/154/154
f 139/139/139 153/153/153 141/141/141
f 142/142/142 153/153/153 139/139/139
f 153/153/153 150/150/150 155/155/155
f 155/155/155 150/150/150 152/152/152
f 151/151/151 152/152/152 150/150/150
f 464/464/464 465/465/465 462/462/462
f 204/204/204 198/198/198 194/194/194
f 833/833/833 854/854/854 850/850/850
f 239/239/239 204/204/204 212/212/212
f 852/852/852 859/859/859 854/854/854
f 706/706/706 721/721/721 722/722/722
f 768/768/768 780/780/780 781/781/781
f 781/781/781 780/780/780 785/785/785
f 475/475/475 481/481/481 476/476/476
f 780/780/780 768/768/768 770/770/770
f 768/768/768 769/769/769 770/770/770
f 237/237/237 190/190/190 276/276/276
f 488/488/488 491/491/491 490/490/490
f 488/488/488 490/490/490 484/484/484
f 811/811/811 781/781/781 785/785/785
f 808/808/808 774/774/774 815/815/815
f 462/462/462 465/465/465 502/502/502
f 461/461/461 462/462/462 463/463/463
f 776/776/776 769/769/769 767/767/767
f 774/774/774 776/776/776 767/767/767
f 695/695/695 697/697/697 696/696/696
f 694/694/694 695/695/695 696/696/696
f 695/695/695 694/694/694 699/699/699
f 699/699/699 694/694/694 696/696/696
f 697/697/697 698/698/698 696/696/696
f 736/736/736 722/722/722 740/740/740
f 702/702/702 699/699/699 706/706/706
f 84/84/84 82/82/82 100/100/100
f 82/82/82 101/101/101 100/100/100
f 193/193/193 192/192/192 189/189/189
f 189/189/189 195/195/195 193/193/193
f 195/195/195 190/190/190 237/237/237
f 698/698/698 697/697/697 714/714/714
f 698/698/698 714/714/714 696/696/696
f 714/714/714 697/697/697 733/733/733
f 748/748/748 714/714/714 747/747/747
f 747/747/747 714/714/714 733/733/733
f 449/449/449 444/444/444 456/456/456
f 723/723/723 707/707/707 706/706/706
f 815/815/815 832/832/832 805/805/805
f 506/506/506 502/502/502 519/519/519
f 854/854/854 833/833/833 853/853/853
f 239/239/239 205/205/205 204/204/204
f 205/205/205 239/239/239 240/240/240
f 197/197/197 198/198/198 204/204/204
f 205/205/205 197/197/197 204/204/204
f 257/257/257 262/262/262 268/268/268
f 699/699/699 701/701/701 695/695/695
f 262/262/262 257/257/257 240/240/240
f 512/512/512 515/515/515 513/513/513
f 805/805/805 806/806/806 776/776/776
f 465/465/465 466/466/466 502/502/502
f 476/476/476 473/473/473 475/475/475
f 475/475/475 473/473/473 474/474/474
f 833/833/833 832/832/832 815/815/815
f 808/808/808 815/815/815 805/805/805
f 503/503/503 502/502/502 506/506/506
f 519/519/519 503/503/503 506/506/506
f 503/503/503 519/519/519 521/521/521
f 774/774/774 805/805/805 776/776/776
f 464/464/464 462/462/462 461/461/461
f 805/805/805 774/774/774 808/808/808
f 706/706/706 707/707/707 701/701/701
f 701/701/701 702/702/702 706/706/706
f 701/701/701 699/699/699 702/702/702
f 241/241/241 205/205/205 240/240/240
f 240/240/240 257/257/257 241/241/241
f 852/852/852 854/854/854 853/853/853
f 852/852/852 853/853/853 833/833/833
f 722/722/722 723/723/723 706/706/706
f 735/735/735 723/723/723 722/722/722
f 736/736/736 735/735/735 722/722/722
f 237/237/237 196/196/196 195/195/195
f 195/195/195 196/196/196 193/193/193
f 512/512/512 490/490/490 491/491/491
f 198/198/198 197/197/197 194/194/194
f 192/192/192 193/193/193 194/194/194
f 748/748/748 747/747/747 753/753/753
f 754/754/754 748/748/748 753/753/753
f 192/192/192 194/194/194 197/197/197
f 474/474/474 473/473/473 461/461/461
f 476/476/476 481/481/481 484/484/484
f 488/488/488 484/484/484 481/481/481
f 811/811/811 785/785/785 813/813/813
f 851/851/851 799/799/799 814/814/814
f 820/820/820 786/786/786 789/789/789
f 470/470/470 469/469/469 487/487/487
f 269/269/269 270/270/270 239/239/239
f 854/854/854 862/862/862 851/851/851
f 244/244/244 214/214/214 215/215/215
f 243/243/243 209/209/209 242/242/242
f 242/242/242 209/209/209 235/235/235
f 750/750/750 751/751/751 734/734/734
f 489/489/489 490/490/490 510/510/510
f 510/510/510 490/490/490 511/511/511
f 472/472/472 485/485/485 471/471/471
f 469/469/469 471/471/471 487/487/487
f 182/182/182 181/181/181 174/174/174
f 489/489/489 485/485/485 486/486/486
f 468/468/468 509/509/509 466/466/466
f 851/851/851 814/814/814 831/831/831
f 518/518/518 509/509/509 520/520/520
f 469/469/469 470/470/470 468/468/468
f 712/712/712 731/731/731 732/732/732
f 239/239/239 209/209/209 243/243/243
f 713/713/713 712/712/712 732/732/732
f 738/738/738 729/729/729 725/725/725
f 725/725/725 728/728/728 738/738/738
f 239/239/239 243/243/243 269/269/269
f 727/727/727 712/712/712 700/700/700
f 244/244/244 237/237/237 273/273/273
f 215/215/215 237/237/237 244/244/244
f 747/747/747 751/751/751 756/756/756
f 214/214/214 235/235/235 209/209/209
f 214/214/214 209/209/209 199/199/199
f 751/751/751 752/752/752 756/756/756
f 199/199/199 193/193/193 214/214/214
f 214/214/214 193/193/193 215/215/215
f 711/711/711 701/701/701 707/707/707
f 723/723/723 725/725/725 707/707/707
f 723/723/723 735/735/735 738/738/738
f 783/783/783 770/770/770 769/769/769
f 769/769/769 776/776/776 783/783/783
f 461/461/461 472/472/472 471/471/471
f 770/770/770 783/783/783 780/780/780
f 472/472/472 461/461/461 473/473/473
f 502/502/502 509/509/509 518/518/518
f 833/833/833 850/850/850 832/832/832
f 465/465/465 464/464/464 466/466/466
f 807/807/807 776/776/776 806/806/806
f 832/832/832 831/831/831 805/805/805
f 697/697/697 732/732/732 733/733/733
f 747/747/747 733/733/733 734/734/734
f 697/697/697 708/708/708 712/712/712
f 695/695/695 700/700/700 697/697/697
f 700/700/700 708/708/708 697/697/697
f 209/209/209 212/212/212 204/204/204
f 273/273/273 276/276/276 282/282/282
f 484/484/484 486/486/486 476/476/476
f 276/276/276 273/273/273 237/237/237
f 513/513/513 490/490/490 512/512/512
f 196/196/196 237/237/237 193/193/193
f 199/199/199 204/204/204 194/194/194
f 708/708/708 700/700/700 712/712/712
f 240/240/240 239/239/239 270/270/270
f 239/239/239 212/212/212 213/213/213
f 209/209/209 239/239/239 213/213/213
f 701/701/701 710/710/710 700/700/700
f 701/701/701 711/711/711 710/710/710
f 747/747/747 734/734/734 751/751/751
f 237/237/237 215/215/215 193/193/193
f 755/755/755 753/753/753 747/747/747
f 755/755/755 747/747/747 756/756/756
f 514/514/514 511/511/511 513/513/513
f 193/193/193 199/199/199 194/194/194
f 799/799/799 789/789/789 776/776/776
f 467/467/467 468/468/468 466/466/466
f 467/467/467 464/464/464 468/468/468
f 780/780/780 790/790/790 788/788/788
f 786/786/786 790/790/790 780/780/780
f 850/850/850 854/854/854 851/851/851
f 862/862/862 859/859/859 866/866/866
f 832/832/832 851/851/851 831/831/831
f 738/738/738 728/728/728 723/723/723
f 728/728/728 725/725/725 723/723/723
f 724/724/724 711/711/711 707/707/707
f 724/724/724 707/707/707 725/725/725
f 466/466/466 509/509/509 502/502/502
f 805/805/805 831/831/831 814/814/814
f 832/832/832 850/850/850 851/851/851
f 859/859/859 862/862/862 854/854/854
f 519/519/519 518/518/518 524/524/524
f 502/502/502 518/518/518 519/519/519
f 213/213/213 212/212/212 209/209/209
f 733/733/733 732/732/732 734/734/734
f 712/712/712 713/713/713 697/697/697
f 209/209/209 204/204/204 199/199/199
f 697/697/697 713/713/713 732/732/732
f 701/701/701 700/700/700 695/695/695
f 262/262/262 240/240/240 270/270/270
f 788/788/788 785/785/785 780/780/780
f 484/484/484 489/489/489 486/486/486
f 273/273/273 282/282/282 283/283/283
f 282/282/282 284/284/284 283/283/283
f 476/476/476 486/486/486 485/485/485
f 476/476/476 472/472/472 473/473/473
f 476/476/476 485/485/485 477/477/477
f 485/485/485 472/472/472 477/477/477
f 476/476/476 477/477/477 472/472/472
f 490/490/490 513/513/513 511/511/511
f 490/490/490 489/489/489 484/484/484
f 464/464/464 467/467/467 466/466/466
f 807/807/807 799/799/799 776/776/776
f 806/806/806 799/799/799 807/807/807
f 814/814/814 799/799/799 805/805/805
f 805/805/805 799/799/799 806/806/806
f 461/461/461 471/471/471 469/469/469
f 780/780/780 783/783/783 786/786/786
f 786/786/786 783/783/783 789/789/789
f 776/776/776 789/789/789 783/783/783
f 469/469/469 468/468/468 464/464/464
f 461/461/461 469/469/469 464/464/464
f 310/310/310 307/307/307 298/298/298
f 585/585/585 669/669/669 588/588/588
f 105/105/105 29/29/29 106/106/106
f 291/291/291 293/293/293 289/289/289
f 845/845/845 828/828/828 848/848/848
f 836/836/836 856/856/856 848/848/848
f 867/867/867 836/836/836 865/865/865
f 286/286/286 281/281/281 266/266/266
f 298/298/298 299/299/299 289/289/289
f 836/836/836 848/848/848 828/828/828
f 417/417/417 361/361/361 358/358/358
f 289/289/289 290/290/290 291/291/291
f 547/547/547 572/572/572 532/532/532
f 328/328/328 332/332/332 331/331/331
f 310/310/310 322/322/322 307/307/307
f 322/322/322 328/328/328 307/307/307
f 651/651/651 615/615/615 596/596/596
f 563/563/563 566/566/566 615/615/615
f 551/551/551 566/566/566 563/563/563
f 328/328/328 326/326/326 313/313/313
f 313/313/313 307/307/307 328/328/328
f 328/328/328 331/331/331 326/326/326
f 551/551/551 564/564/564 566/566/566
f 96/96/96 75/75/75 68/68/68
f 75/75/75 96/96/96 97/97/97
f 267/267/267 279/279/279 266/266/266
f 75/75/75 30/30/30 68/68/68
f 547/547/547 580/580/580 572/572/572
f 580/580/580 585/585/585 572/572/572
f 564/564/564 615/615/615 566/566/566
f 564/564/564 596/596/596 615/615/615
f 354/354/354 358/358/358 361/361/361
f 307/307/307 299/299/299 298/298/298
f 348/348/348 358/358/358 354/354/354
f 289/289/289 299/299/299 290/290/290
f 29/29/29 30/30/30 25/25/25
f 30/30/30 29/29/29 31/31/31
f 336/336/336 339/339/339 328/328/328
f 571/571/571 581/581/581 570/570/570
f 536/536/536 539/539/539 538/538/538
f 91/91/91 77/77/77 76/76/76
f 77/77/77 14/14/14 76/76/76
f 350/350/350 347/347/347 339/339/339
f 528/528/528 529/529/529 533/533/533
f 836/836/836 828/828/828 809/809/809
f 267/267/267 266/266/266 251/251/251
f 328/328/328 329/329/329 336/336/336
f 28/28/28 29/29/29 25/25/25
f 246/246/246 266/266/266 280/280/280
f 30/30/30 75/75/75 76/76/76
f 280/280/280 266/266/266 281/281/281
f 585/585/585 668/668/668 669/669/669
f 534/534/534 551/551/551 533/533/533
f 534/534/534 529/529/529 551/551/551
f 580/580/580 586/586/586 585/585/585
f 669/669/669 668/668/668 677/677/677
f 683/683/683 677/677/677 668/668/668
f 97/97/97 76/76/76 75/75/75
f 562/562/562 563/563/563 615/615/615
f 358/358/358 348/348/348 347/347/347
f 341/341/341 347/347/347 348/348/348
f 296/296/296 298/298/298 289/289/289
f 332/332/332 339/339/339 331/331/331
f 331/331/331 347/347/347 341/341/341
f 865/865/865 836/836/836 837/837/837
f 28/28/28 106/106/106 29/29/29
f 309/309/309 310/310/310 298/298/298
f 845/845/845 818/818/818 828/828/828
f 293/293/293 294/294/294 289/289/289
f 570/570/570 580/580/580 547/547/547
f 535/535/535 530/530/530 528/528/528
f 533/533/533 529/529/529 534/534/534
f 322/322/322 329/329/329 328/328/328
f 538/538/538 547/547/547 532/532/532
f 538/538/538 548/548/548 547/547/547
f 329/329/329 322/322/322 310/310/310
f 538/538/538 532/532/532 530/530/530
f 363/363/363 366/366/366 347/347/347
f 298/298/298 300/300/300 301/301/301
f 19/19/19 34/34/34 28/28/28
f 818/818/818 809/809/809 828/828/828
f 301/301/301 308/308/308 298/298/298
f 570/570/570 581/581/581 580/580/580
f 337/337/337 336/336/336 329/329/329
f 536/536/536 537/537/537 530/530/530
f 536/536/536 538/538/538 537/537/537
f 549/549/549 548/548/548 538/538/538
f 319/319/319 318/318/318 308/308/308
f 14/14/14 30/30/30 76/76/76
f 266/266/266 246/246/246 234/234/234
f 663/663/663 683/683/683 668/668/668
f 328/328/328 339/339/339 332/332/332
f 537/537/537 538/538/538 530/530/530
f 325/325/325 318/318/318 329/329/329
f 310/310/310 325/325/325 329/329/329
f 318/318/318 325/325/325 310/310/310
f 536/536/536 530/530/530 535/535/535
f 309/309/309 298/298/298 308/308/308
f 339/339/339 347/347/347 331/331/331
f 308/308/308 310/310/310 309/309/309
f 318/318/318 310/310/310 308/308/308
f 562/562/562 533/533/533 551/551/551
f 549/549/549 570/570/570 547/547/547
f 549/549/549 547/547/547 548/548/548
f 580/580/580 581/581/581 586/586/586
f 528/528/528 533/533/533 535/535/535
f 641/641/641 562/562/562 615/615/615
f 30/30/30 14/14/14 25/25/25
f 251/251/251 266/266/266 234/234/234
f 535/535/535 533/533/533 552/552/552
f 552/552/552 533/533/533 562/562/562
f 562/562/562 551/551/551 563/563/563
f 585/585/585 663/663/663 668/668/668
f 586/586/586 663/663/663 585/585/585
f 289/289/289 294/294/294 295/295/295
f 28/28/28 112/112/112 111/111/111
f 298/298/298 296/296/296 300/300/300
f 289/289/289 295/295/295 296/296/296
f 347/347/347 366/366/366 358/358/358
f 19/19/19 25/25/25 18/18/18
f 19/19/19 28/28/28 25/25/25
f 246/246/246 280/280/280 285/285/285
f 25/25/25 14/14/14 18/18/18
f 28/28/28 111/111/111 106/106/106
f 837/837/837 836/836/836 810/810/810
f 809/809/809 810/810/810 836/836/836
f 47/47/47 48/48/48 67/67/67
f 67/67/67 48/48/48 114/114/114
f 673/673/673 589/589/589 664/664/664
f 93/93/93 47/47/47 94/94/94
f 686/686/686 639/639/639 640/640/640
f 314/314/314 317/317/317 316/316/316
f 666/666/666 639/639/639 686/686/686
f 64/64/64 47/47/47 93/93/93
f 93/93/93 80/80/80 64/64/64
f 869/869/869 870/870/870 864/864/864
f 579/579/579 643/643/643 640/640/640
f 432/432/432 297/297/297 311/311/311
f 457/457/457 435/435/435 437/437/437
f 452/452/452 297/297/297 432/432/432
f 311/311/311 297/297/297 303/303/303
f 314/314/314 316/316/316 311/311/311
f 95/95/95 115/115/115 116/116/116
f 659/659/659 658/658/658 685/685/685
f 448/448/448 430/430/430 415/415/415
f 460/460/460 430/430/430 448/448/448
f 459/459/459 429/429/429 430/430/430
f 124/124/124 123/123/123 119/119/119
f 459/459/459 430/430/430 460/460/460
f 364/364/364 415/415/415 430/430/430
f 430/430/430 316/316/316 364/364/364
f 430/430/430 429/429/429 316/316/316
f 676/676/676 692/692/692 691/691/691
f 117/117/117 116/116/116 118/118/118
f 458/458/458 448/448/448 415/415/415
f 118/118/118 116/116/116 115/115/115
f 95/95/95 116/116/116 117/117/117
f 688/688/688 637/637/637 687/687/687
f 676/676/676 688/688/688 692/692/692
f 659/659/659 687/687/687 637/637/637
f 659/659/659 685/685/685 687/687/687
f 637/637/637 688/688/688 676/676/676
f 415/415/415 346/346/346 369/369/369
f 67/67/67 94/94/94 47/47/47
f 686/686/686 691/691/691 693/693/693
f 435/435/435 415/415/415 369/369/369
f 457/457/457 415/415/415 435/435/435
f 327/327/327 364/364/364 317/317/317
f 569/569/569 575/575/575 579/579/579
f 433/433/433 311/311/311 370/370/370
f 340/340/340 364/364/364 327/327/327
f 370/370/370 311/311/311 316/316/316
f 684/684/684 691/691/691 686/686/686
f 640/640/640 684/684/684 686/686/686
f 583/583/583 589/589/589 658/658/658
f 637/637/637 579/579/579 575/575/575
f 579/579/579 637/637/637 643/643/643
f 583/583/583 658/658/658 659/659/659
f 583/583/583 659/659/659 575/575/575
f 637/637/637 575/575/575 659/659/659
f 433/433/433 370/370/370 429/429/429
f 684/684/684 676/676/676 691/691/691
f 676/676/676 684/684/684 643/643/643
f 67/67/67 95/95/95 94/94/94
f 67/67/67 114/114/114 115/115/115
f 95/95/95 67/67/67 115/115/115
f 458/458/458 415/415/415 457/457/457
f 643/643/643 684/684/684 640/640/640
f 676/676/676 643/643/643 637/637/637
f 658/658/658 589/589/589 673/673/673
f 685/685/685 658/658/658 673/673/673
f 364/364/364 316/316/316 317/317/317
f 340/340/340 346/346/346 364/364/364
f 429/429/429 370/370/370 316/316/316
f 432/432/432 311/311/311 433/433/433
f 364/364/364 346/346/346 415/415/415
f 31/31/31 46/46/46 36/36/36
f 287/287/287 288/288/288 286/286/286
f 335/335/335 331/331/331 341/341/341
f 528/528/528 526/526/526 525/525/525
f 529/529/529 528/528/528 525/525/525
f 572/572/572 585/585/585 588/588/588
f 530/530/530 532/532/532 531/531/531
f 526/526/526 528/528/528 530/530/530
f 68/68/68 30/30/30 35/35/35
f 31/31/31 35/35/35 30/30/30
f 836/836/836 867/867/867 856/856/856
f 588/588/588 669/669/669 647/647/647
f 531/531/531 526/526/526 530/530/530
f 313/313/313 314/314/314 299/299/299
f 313/313/313 299/299/299 307/307/307
f 331/331/331 335/335/335 330/330/330
f 326/326/326 331/331/331 330/330/330
f 572/572/572 588/588/588 573/573/573
f 573/573/573 574/574/574 531/531/531
f 532/532/532 573/573/573 531/531/531
f 532/532/532 572/572/572 573/573/573
f 525/525/525 577/577/577 553/553/553
f 529/529/529 525/525/525 553/553/553
f 36/36/36 35/35/35 31/31/31
f 286/286/286 279/279/279 287/287/287
f 266/266/266 279/279/279 286/286/286
f 553/553/553 577/577/577 564/564/564
f 551/551/551 529/529/529 553/553/553
f 551/551/551 553/553/553 564/564/564
f 577/577/577 596/596/596 564/564/564
f 647/647/647 669/669/669 678/678/678
f 291/291/291 290/290/290 292/292/292
f 348/348/348 354/354/354 341/341/341
f 354/354/354 361/361/361 341/341/341
f 299/299/299 302/302/302 290/290/290
f 29/29/29 46/46/46 31/31/31
f 29/29/29 105/105/105 46/46/46
f 292/292/292 450/450/450 291/291/291
f 361/361/361 417/417/417 418/418/418
f 848/848/848 856/856/856 857/857/857
f 418/418/418 437/437/437 369/369/369
f 345/345/345 361/361/361 369/369/369
f 345/345/345 346/346/346 344/344/344
f 346/346/346 345/345/345 369/369/369
f 327/327/327 335/335/335 340/340/340
f 344/344/344 346/346/346 335/335/335
f 340/340/340 335/335/335 346/346/346
f 452/452/452 450/450/450 297/297/297
f 369/369/369 437/437/437 435/435/435
f 579/579/579 527/527/527 569/569/569
f 575/575/575 576/576/576 583/583/583
f 569/569/569 531/531/531 575/575/575
f 531/531/531 574/574/574 575/575/575
f 574/574/574 576/576/576 575/575/575
f 64/64/64 35/35/35 47/47/47
f 689/689/689 666/666/666 686/686/686
f 36/36/36 48/48/48 47/47/47
f 36/36/36 47/47/47 35/35/35
f 868/868/868 869/869/869 864/864/864
f 661/661/661 664/664/664 589/589/589
f 579/579/579 640/640/640 639/639/639
f 345/345/345 344/344/344 341/341/341
f 292/292/292 290/290/290 297/297/297
f 303/303/303 290/290/290 302/302/302
f 361/361/361 345/345/345 341/341/341
f 313/313/313 326/326/326 317/317/317
f 589/589/589 573/573/573 588/588/588
f 525/525/525 578/578/578 577/577/577
f 525/525/525 526/526/526 527/527/527
f 596/596/596 639/639/639 651/651/651
f 577/577/577 639/639/639 596/596/596
f 583/583/583 574/574/574 573/573/573
f 525/525/525 527/527/527 579/579/579
f 588/588/588 647/647/647 589/589/589
f 578/578/578 525/525/525 579/579/579
f 647/647/647 661/661/661 589/589/589
f 583/583/583 573/573/573 589/589/589
f 317/317/317 326/326/326 327/327/327
f 314/314/314 311/311/311 299/299/299
f 326/326/326 330/330/330 327/327/327
f 574/574/574 583/583/583 576/576/576
f 526/526/526 569/569/569 527/527/527
f 526/526/526 531/531/531 569/569/569
f 856/856/856 868/868/868 864/864/864
f 36/36/36 46/46/46 48/48/48
f 578/578/578 579/579/579 584/584/584
f 579/579/579 639/639/639 584/584/584
f 80/80/80 35/35/35 64/64/64
f 651/651/651 639/639/639 666/666/666
f 857/857/857 856/856/856 864/864/864
f 868/868/868 856/856/856 867/867/867
f 647/647/647 678/678/678 661/661/661
f 577/577/577 578/578/578 584/584/584
f 577/577/577 584/584/584 639/639/639
f 68/68/68 35/35/35 80/80/80
f 311/311/311 303/303/303 302/302/302
f 335/335/335 327/327/327 330/330/330
f 314/314/314 313/313/313 317/317/317
f 299/299/299 311/311/311 302/302/302
f 341/341/341 344/344/344 335/335/335
f 297/297/297 450/450/450 292/292/292
f 369/369/369 361/361/361 418/418/418
f 303/303/303 297/297/297 290/290/290
f 451/451/451 445/445/445 428/428/428
f 796/796/796 793/793/793 812/812/812
f 230/230/230 222/222/222 220/220/220
f 102/102/102 38/38/38 107/107/107
f 442/442/442 451/451/451 428/428/428
f 45/45/45 38/38/38 22/22/22
f 835/835/835 778/778/778 817/817/817
f 633/633/633 649/649/649 665/665/665
f 555/555/555 568/568/568 559/559/559
f 260/260/260 247/247/247 263/263/263
f 7/7/7 3/3/3 54/54/54
f 54/54/54 69/69/69 66/66/66
f 22/22/22 9/9/9 10/10/10
f 6/6/6 3/3/3 7/7/7
f 221/221/221 223/223/223 232/232/232
f 221/221/221 222/222/222 223/223/223
f 393/393/393 391/391/391 383/383/383
f 393/393/393 383/383/383 381/381/381
f 404/404/404 392/392/392 391/391/391
f 407/407/407 379/379/379 400/400/400
f 421/421/421 428/428/428 410/410/410
f 665/665/665 674/674/674 662/662/662
f 633/633/633 662/662/662 648/648/648
f 633/633/633 665/665/665 662/662/662
f 604/604/604 600/600/600 602/602/602
f 626/626/626 608/608/608 625/625/625
f 633/633/633 626/626/626 625/625/625
f 607/607/607 608/608/608 600/600/600
f 633/633/633 648/648/648 626/626/626
f 12/12/12 13/13/13 17/17/17
f 7/7/7 53/53/53 13/13/13
f 642/642/642 675/675/675 667/667/667
f 611/611/611 610/610/610 607/607/607
f 612/612/612 611/611/611 618/618/618
f 13/13/13 53/53/53 61/61/61
f 236/236/236 218/218/218 186/186/186
f 186/186/186 210/210/210 236/236/236
f 72/72/72 73/73/73 86/86/86
f 203/203/203 259/259/259 256/256/256
f 203/203/203 256/256/256 210/210/210
f 72/72/72 61/61/61 66/66/66
f 49/49/49 50/50/50 45/45/45
f 40/40/40 49/49/49 45/45/45
f 842/842/842 824/824/824 823/823/823
f 389/389/389 385/385/385 390/390/390
f 431/431/431 395/395/395 426/426/426
f 390/390/390 395/395/395 389/389/389
f 622/622/622 616/616/616 617/617/617
f 622/622/622 617/617/617 625/625/625
f 453/453/453 431/431/431 446/446/446
f 382/382/382 394/394/394 376/376/376
f 613/613/613 607/607/607 606/606/606
f 611/611/611 607/607/607 613/613/613
f 603/603/603 634/634/634 568/568/568
f 617/617/617 612/612/612 618/618/618
f 617/617/617 624/624/624 625/625/625
f 611/611/611 612/612/612 610/610/610
f 642/642/642 649/649/649 631/631/631
f 773/773/773 791/791/791 792/792/792
f 10/10/10 12/12/12 23/23/23
f 24/24/24 23/23/23 12/12/12
f 771/771/771 773/773/773 792/792/792
f 794/794/794 771/771/771 792/792/792
f 229/229/229 228/228/228 221/221/221
f 228/228/228 229/229/229 274/274/274
f 221/221/221 228/228/228 219/219/219
f 416/416/416 367/367/367 362/362/362
f 380/380/380 416/416/416 362/362/362
f 407/407/407 408/408/408 380/380/380
f 49/49/49 40/40/40 39/39/39
f 778/778/778 823/823/823 761/761/761
f 616/616/616 622/622/622 608/608/608
f 622/622/622 625/625/625 608/608/608
f 607/607/607 610/610/610 608/608/608
f 631/631/631 649/649/649 633/633/633
f 410/410/410 396/396/396 392/392/392
f 376/376/376 381/381/381 382/382/382
f 391/391/391 385/385/385 383/383/383
f 6/6/6 11/11/11 10/10/10
f 50/50/50 109/109/109 45/45/45
f 22/22/22 41/41/41 45/45/45
f 368/368/368 352/352/352 356/356/356
f 792/792/792 793/793/793 794/794/794
f 27/27/27 10/10/10 23/23/23
f 812/812/812 793/793/793 791/791/791
f 817/817/817 800/800/800 798/798/798
f 41/41/41 22/22/22 27/27/27
f 10/10/10 27/27/27 22/22/22
f 800/800/800 794/794/794 798/798/798
f 376/376/376 399/399/399 400/400/400
f 362/362/362 367/367/367 351/351/351
f 45/45/45 109/109/109 38/38/38
f 109/109/109 107/107/107 38/38/38
f 367/367/367 356/356/356 351/351/351
f 555/555/555 591/591/591 593/593/593
f 555/555/555 593/593/593 638/638/638
f 638/638/638 568/568/568 555/555/555
f 667/667/667 665/665/665 649/649/649
f 86/86/86 87/87/87 88/88/88
f 220/220/220 231/231/231 230/230/230
f 12/12/12 11/11/11 6/6/6
f 232/232/232 229/229/229 221/221/221
f 222/222/222 221/221/221 220/220/220
f 261/261/261 263/263/263 247/247/247
f 263/263/263 261/261/261 236/236/236
f 263/263/263 236/236/236 255/255/255
f 58/58/58 54/54/54 53/53/53
f 247/247/247 230/230/230 231/231/231
f 247/247/247 236/236/236 261/261/261
f 54/54/54 58/58/58 7/7/7
f 236/236/236 210/210/210 255/255/255
f 53/53/53 7/7/7 58/58/58
f 210/210/210 256/256/256 255/255/255
f 595/595/595 591/591/591 650/650/650
f 72/72/72 66/66/66 73/73/73
f 232/232/232 274/274/274 229/229/229
f 11/11/11 12/12/12 10/10/10
f 39/39/39 27/27/27 23/23/23
f 792/792/792 791/791/791 793/793/793
f 247/247/247 231/231/231 218/218/218
f 13/13/13 6/6/6 8/8/8
f 6/6/6 7/7/7 8/8/8
f 231/231/231 220/220/220 218/218/218
f 218/218/218 236/236/236 247/247/247
f 7/7/7 13/13/13 8/8/8
f 221/221/221 219/219/219 220/220/220
f 219/219/219 218/218/218 220/220/220
f 6/6/6 13/13/13 12/12/12
f 428/428/428 426/426/426 427/427/427
f 428/428/428 431/431/431 426/426/426
f 605/605/605 604/604/604 606/606/606
f 649/649/649 642/642/642 667/667/667
f 607/607/607 605/605/605 606/606/606
f 607/607/607 600/600/600 605/605/605
f 606/606/606 604/604/604 603/603/603
f 390/390/390 385/385/385 392/392/392
f 390/390/390 392/392/392 395/395/395
f 616/616/616 612/612/612 617/617/617
f 612/612/612 608/608/608 610/610/610
f 608/608/608 612/612/612 616/616/616
f 600/600/600 604/604/604 605/605/605
f 383/383/383 385/385/385 384/384/384
f 625/625/625 624/624/624 633/633/633
f 631/631/631 633/633/633 624/624/624
f 595/595/595 568/568/568 638/638/638
f 73/73/73 66/66/66 69/69/69
f 638/638/638 593/593/593 595/595/595
f 61/61/61 54/54/54 66/66/66
f 54/54/54 61/61/61 53/53/53
f 593/593/593 591/591/591 595/595/595
f 89/89/89 86/86/86 88/88/88
f 559/559/559 568/568/568 634/634/634
f 559/559/559 634/634/634 603/603/603
f 603/603/603 602/602/602 559/559/559
f 604/604/604 602/602/602 603/603/603
f 73/73/73 69/69/69 87/87/87
f 86/86/86 73/73/73 87/87/87
f 834/834/834 841/841/841 823/823/823
f 842/842/842 823/823/823 841/841/841
f 453/453/453 446/446/446 445/445/445
f 817/817/817 771/771/771 800/800/800
f 778/778/778 771/771/771 817/817/817
f 27/27/27 39/39/39 41/41/41
f 771/771/771 794/794/794 800/800/800
f 834/834/834 778/778/778 835/835/835
f 823/823/823 778/778/778 834/834/834
f 39/39/39 40/40/40 41/41/41
f 41/41/41 40/40/40 45/45/45
f 395/395/395 396/396/396 410/410/410
f 426/426/426 395/395/395 410/410/410
f 394/394/394 399/399/399 376/376/376
f 383/383/383 382/382/382 381/381/381
f 392/392/392 385/385/385 391/391/391
f 392/392/392 396/396/396 395/395/395
f 384/384/384 382/382/382 383/383/383
f 380/380/380 379/379/379 407/407/407
f 379/379/379 380/380/380 362/362/362
f 445/445/445 446/446/446 431/431/431
f 399/399/399 408/408/408 400/400/400
f 427/427/427 426/426/426 410/410/410
f 445/445/445 431/431/431 428/428/428
f 408/408/408 407/407/407 400/400/400
f 428/428/428 427/427/427 410/410/410
f 442/442/442 443/443/443 304/304/304
f 304/304/304 443/443/443 312/312/312
f 373/373/373 320/320/320 372/372/372
f 312/312/312 425/425/425 315/315/315
f 312/312/312 315/315/315 305/305/305
f 558/558/558 557/557/557 541/541/541
f 644/644/644 655/655/655 582/582/582
f 544/544/544 543/543/543 550/550/550
f 4/4/4 20/20/20 33/33/33
f 81/81/81 70/70/70 56/56/56
f 79/79/79 70/70/70 81/81/81
f 226/226/226 253/253/253 225/225/225
f 70/70/70 60/60/60 56/56/56
f 319/319/319 323/323/323 318/318/318
f 329/329/329 318/318/318 323/323/323
f 300/300/300 296/296/296 301/301/301
f 308/308/308 301/301/301 306/306/306
f 308/308/308 306/306/306 321/321/321
f 336/336/336 342/342/342 339/339/339
f 582/582/582 581/581/581 571/571/571
f 542/542/542 536/536/536 535/535/535
f 542/542/542 541/541/541 536/536/536
f 586/586/586 581/581/581 587/587/587
f 571/571/571 570/570/570 549/549/549
f 582/582/582 571/571/571 549/549/549
f 538/538/538 544/544/544 549/549/549
f 90/90/90 77/77/77 91/91/91
f 4/4/4 14/14/14 5/5/5
f 225/225/225 251/251/251 234/234/234
f 225/225/225 258/258/258 251/251/251
f 587/587/587 581/581/581 582/582/582
f 671/671/671 672/672/672 663/663/663
f 586/586/586 587/587/587 663/663/663
f 552/552/552 542/542/542 535/535/535
f 108/108/108 110/110/110 112/112/112
f 804/804/804 818/818/818 825/825/825
f 28/28/28 108/108/108 112/112/112
f 350/350/350 359/359/359 347/347/347
f 359/359/359 363/363/363 347/347/347
f 296/296/296 295/295/295 304/304/304
f 238/238/238 246/246/246 277/277/277
f 277/277/277 246/246/246 285/285/285
f 18/18/18 16/16/16 19/19/19
f 15/15/15 14/14/14 4/4/4
f 14/14/14 15/15/15 18/18/18
f 18/18/18 15/15/15 16/16/16
f 809/809/809 818/818/818 804/804/804
f 34/34/34 108/108/108 28/28/28
f 19/19/19 16/16/16 34/34/34
f 809/809/809 803/803/803 797/797/797
f 797/797/797 796/796/796 809/809/809
f 26/26/26 33/33/33 34/34/34
f 16/16/16 4/4/4 26/26/26
f 33/33/33 26/26/26 4/4/4
f 801/801/801 803/803/803 804/804/804
f 34/34/34 103/103/103 113/113/113
f 104/104/104 103/103/103 34/34/34
f 104/104/104 34/34/34 33/33/33
f 305/305/305 315/315/315 306/306/306
f 4/4/4 16/16/16 15/15/15
f 539/539/539 540/540/540 538/538/538
f 544/544/544 565/565/565 549/549/549
f 306/306/306 372/372/372 320/320/320
f 644/644/644 582/582/582 609/609/609
f 5/5/5 56/56/56 2/2/2
f 2/2/2 4/4/4 5/5/5
f 224/224/224 234/234/234 238/238/238
f 541/541/541 542/542/542 558/558/558
f 671/671/671 655/655/655 681/681/681
f 594/594/594 558/558/558 561/561/561
f 594/594/594 561/561/561 552/552/552
f 355/355/355 360/360/360 350/350/350
f 305/305/305 296/296/296 312/312/312
f 360/360/360 359/359/359 350/350/350
f 304/304/304 312/312/312 296/296/296
f 336/336/336 349/349/349 342/342/342
f 349/349/349 355/355/355 350/350/350
f 296/296/296 305/305/305 301/301/301
f 339/339/339 349/349/349 350/350/350
f 342/342/342 349/349/349 339/339/339
f 809/809/809 804/804/804 803/803/803
f 108/108/108 34/34/34 110/110/110
f 442/442/442 304/304/304 455/455/455
f 829/829/829 804/804/804 825/825/825
f 830/830/830 804/804/804 829/829/829
f 320/320/320 323/323/323 324/324/324
f 320/320/320 324/324/324 319/319/319
f 321/321/321 320/320/320 308/308/308
f 321/321/321 306/306/306 320/320/320
f 338/338/338 337/337/337 329/329/329
f 329/329/329 333/333/333 338/338/338
f 305/305/305 306/306/306 301/301/301
f 319/319/319 324/324/324 323/323/323
f 308/308/308 320/320/320 319/319/319
f 323/323/323 333/333/333 329/329/329
f 536/536/536 541/541/541 539/539/539
f 538/538/538 540/540/540 543/543/543
f 671/671/671 663/663/663 670/670/670
f 655/655/655 671/671/671 670/670/670
f 655/655/655 587/587/587 582/582/582
f 655/655/655 670/670/670 587/587/587
f 670/670/670 663/663/663 587/587/587
f 567/567/567 609/609/609 582/582/582
f 544/544/544 538/538/538 543/543/543
f 565/565/565 567/567/567 549/549/549
f 549/549/549 567/567/567 582/582/582
f 5/5/5 14/14/14 56/56/56
f 234/234/234 224/224/224 225/225/225
f 796/796/796 810/810/810 809/809/809
f 26/26/26 34/34/34 16/16/16
f 234/234/234 246/246/246 238/238/238
f 681/681/681 672/672/672 671/671/671
f 81/81/81 77/77/77 90/90/90
f 81/81/81 56/56/56 77/77/77
f 558/558/558 542/542/542 552/552/552
f 561/561/561 558/558/558 552/552/552
f 258/258/258 225/225/225 253/253/253
f 78/78/78 14/14/14 77/77/77
f 56/56/56 78/78/78 77/77/77
f 56/56/56 14/14/14 78/78/78
f 594/594/594 552/552/552 562/562/562
f 227/227/227 222/222/222 230/230/230
f 442/442/442 428/428/428 447/447/447
f 362/362/362 351/351/351 334/334/334
f 428/428/428 421/421/421 436/436/436
f 835/835/835 817/817/817 846/846/846
f 392/392/392 404/404/404 410/410/410
f 404/404/404 391/391/391 393/393/393
f 608/608/608 567/567/567 600/600/600
f 400/400/400 377/377/377 376/376/376
f 376/376/376 377/377/377 375/375/375
f 400/400/400 379/379/379 377/377/377
f 412/412/412 420/420/420 410/410/410
f 421/421/421 410/410/410 420/420/420
f 381/381/381 376/376/376 374/374/374
f 374/374/374 376/376/376 375/375/375
f 230/230/230 247/247/247 260/260/260
f 54/54/54 3/3/3 55/55/55
f 559/559/559 546/546/546 555/555/555
f 555/555/555 592/592/592 591/591/591
f 3/3/3 6/6/6 1/1/1
f 224/224/224 232/232/232 223/223/223
f 232/232/232 233/233/233 277/277/277
f 798/798/798 794/794/794 795/795/795
f 822/822/822 817/817/817 798/798/798
f 37/37/37 38/38/38 102/102/102
f 224/224/224 233/233/233 232/232/232
f 6/6/6 9/9/9 1/1/1
f 10/10/10 9/9/9 6/6/6
f 224/224/224 223/223/223 222/222/222
f 795/795/795 794/794/794 793/793/793
f 436/436/436 447/447/447 428/428/428
f 421/421/421 420/420/420 436/436/436
f 379/379/379 362/362/362 334/334/334
f 377/377/377 379/379/379 334/334/334
f 817/817/817 840/840/840 846/846/846
f 351/351/351 356/356/356 343/343/343
f 352/352/352 343/343/343 356/356/356
f 674/674/674 680/680/680 656/656/656
f 662/662/662 674/674/674 656/656/656
f 602/602/602 601/601/601 559/559/559
f 98/98/98 87/87/87 71/71/71
f 546/546/546 554/554/554 555/555/555
f 600/600/600 599/599/599 602/602/602
f 648/648/648 644/644/644 626/626/626
f 662/662/662 644/644/644 648/648/648
f 602/602/602 599/599/599 601/601/601
f 59/59/59 54/54/54 55/55/55
f 65/65/65 54/54/54 59/59/59
f 592/592/592 555/555/555 554/554/554
f 591/591/591 592/592/592 554/554/554
f 71/71/71 87/87/87 69/69/69
f 69/69/69 54/54/54 71/71/71
f 590/590/590 591/591/591 554/554/554
f 54/54/54 65/65/65 71/71/71
f 544/544/544 560/560/560 565/565/565
f 656/656/656 655/655/655 644/644/644
f 56/56/56 3/3/3 2/2/2
f 343/343/343 337/337/337 338/338/338
f 443/443/443 442/442/442 312/312/312
f 343/343/343 338/338/338 333/333/333
f 425/425/425 312/312/312 422/422/422
f 315/315/315 425/425/425 422/422/422
f 334/334/334 333/333/333 323/323/323
f 352/352/352 353/353/353 349/349/349
f 352/352/352 349/349/349 336/336/336
f 343/343/343 352/352/352 336/336/336
f 343/343/343 336/336/336 337/337/337
f 349/349/349 357/357/357 355/355/355
f 353/353/353 357/357/357 349/349/349
f 597/597/597 567/567/567 565/565/565
f 374/374/374 375/375/375 320/320/320
f 315/315/315 412/412/412 371/371/371
f 412/412/412 315/315/315 422/422/422
f 334/334/334 320/320/320 378/378/378
f 334/334/334 323/323/323 320/320/320
f 377/377/377 378/378/378 320/320/320
f 306/306/306 381/381/381 372/372/372
f 315/315/315 371/371/371 306/306/306
f 373/373/373 374/374/374 320/320/320
f 558/558/558 594/594/594 590/590/590
f 226/226/226 225/225/225 222/222/222
f 60/60/60 55/55/55 56/56/56
f 227/227/227 253/253/253 226/226/226
f 227/227/227 230/230/230 253/253/253
f 554/554/554 556/556/556 557/557/557
f 797/797/797 803/803/803 801/801/801
f 33/33/33 103/103/103 104/104/104
f 830/830/830 802/802/802 801/801/801
f 804/804/804 830/830/830 801/801/801
f 4/4/4 2/2/2 1/1/1
f 9/9/9 4/4/4 1/1/1
f 1/1/1 2/2/2 3/3/3
f 559/559/559 601/601/601 599/599/599
f 662/662/662 656/656/656 644/644/644
f 559/559/559 560/560/560 544/544/544
f 381/381/381 404/404/404 393/393/393
f 626/626/626 644/644/644 657/657/657
f 599/599/599 565/565/565 559/559/559
f 598/598/598 599/599/599 600/600/600
f 598/598/598 600/600/600 597/597/597
f 65/65/65 60/60/60 70/70/70
f 59/59/59 60/60/60 65/65/65
f 253/253/253 230/230/230 260/260/260
f 590/590/590 557/557/557 558/558/558
f 79/79/79 65/65/65 70/70/70
f 3/3/3 56/56/56 55/55/55
f 59/59/59 55/55/55 60/60/60
f 540/540/540 554/554/554 546/546/546
f 546/546/546 545/545/545 540/540/540
f 554/554/554 541/541/541 556/556/556
f 71/71/71 65/65/65 79/79/79
f 554/554/554 557/557/557 590/590/590
f 365/365/365 355/355/355 357/357/357
f 447/447/447 436/436/436 442/442/442
f 22/22/22 38/38/38 20/20/20
f 37/37/37 102/102/102 33/33/33
f 840/840/840 817/817/817 830/830/830
f 33/33/33 102/102/102 103/103/103
f 822/822/822 798/798/798 802/802/802
f 377/377/377 334/334/334 378/378/378
f 374/374/374 372/372/372 381/381/381
f 404/404/404 381/381/381 405/405/405
f 405/405/405 381/381/381 306/306/306
f 405/405/405 306/306/306 404/404/404
f 567/567/567 597/597/597 600/600/600
f 609/609/609 608/608/608 626/626/626
f 608/608/608 609/609/609 567/567/567
f 420/420/420 412/412/412 422/422/422
f 372/372/372 374/374/374 373/373/373
f 371/371/371 410/410/410 306/306/306
f 375/375/375 377/377/377 320/320/320
f 306/306/306 410/410/410 404/404/404
f 412/412/412 410/410/410 371/371/371
f 545/545/545 543/543/543 540/540/540
f 543/543/543 545/545/545 546/546/546
f 682/682/682 681/681/681 655/655/655
f 98/98/98 71/71/71 99/99/99
f 656/656/656 680/680/680 655/655/655
f 546/546/546 550/550/550 543/543/543
f 680/680/680 682/682/682 655/655/655
f 81/81/81 71/71/71 79/79/79
f 541/541/541 557/557/557 556/556/556
f 541/541/541 554/554/554 540/540/540
f 99/99/99 71/71/71 81/81/81
f 539/539/539 541/541/541 540/540/540
f 598/598/598 565/565/565 599/599/599
f 565/565/565 598/598/598 597/597/597
f 609/609/609 657/657/657 644/644/644
f 626/626/626 657/657/657 609/609/609
f 559/559/559 544/544/544 550/550/550
f 559/559/559 550/550/550 546/546/546
f 565/565/565 560/560/560 559/559/559
f 801/801/801 795/795/795 797/797/797
f 795/795/795 793/793/793 796/796/796
f 9/9/9 22/22/22 21/21/21
f 797/797/797 795/795/795 796/796/796
f 21/21/21 22/22/22 20/20/20
f 798/798/798 801/801/801 802/802/802
f 37/37/37 33/33/33 20/20/20
f 822/822/822 802/802/802 830/830/830
f 38/38/38 37/37/37 20/20/20
f 798/798/798 795/795/795 801/801/801
f 224/224/224 222/222/222 225/225/225
f 222/222/222 227/227/227 226/226/226
f 4/4/4 9/9/9 20/20/20
f 233/233/233 238/238/238 277/277/277
f 20/20/20 9/9/9 21/21/21
f 233/233/233 224/224/224 238/238/238
f 351/351/351 343/343/343 333/333/333
f 334/334/334 351/351/351 333/333/333
f 312/312/312 420/420/420 422/422/422
f 312/312/312 442/442/442 420/420/420
f 442/442/442 436/436/436 420/420/420
f 355/355/355 365/365/365 360/360/360
f 817/817/817 822/822/822 830/830/830
f 103/103/103 102/102/102 113/113/113
f 352/352/352 357/357/357 353/353/353
