# Shopkeeper / Head  (local frame of part 'Head', bbox-centred; -Z = front)
v 0.04662 0.01841 -0.54857
v 0.11994 -0.02953 -0.54187
v 0.04150 -0.08012 -0.54395
v 0.11437 -0.06311 -0.54000
v -0.04172 0.03423 -0.54778
v -0.07761 -0.02546 -0.54602
v -0.03501 -0.13341 -0.53426
v -0.15372 -0.06437 -0.53329
v -0.10201 -0.11666 -0.53259
v -0.17609 -0.02928 -0.53185
v -0.13655 0.04664 -0.53746
v -0.10373 -0.12057 -0.53158
v -0.19204 -0.09768 -0.52082
v -0.22333 -0.06724 -0.51755
v -0.10151 -0.16659 -0.52013
v 0.08231 -0.17897 -0.51896
v 0.10267 -0.12510 -0.53136
v -0.20486 -0.14215 -0.50797
v 0.01519 -0.21767 -0.50870
v -0.20803 -0.01879 -0.52510
v -0.12135 -0.19350 -0.50869
v -0.03890 -0.24712 -0.49513
v 0.02428 -0.25298 -0.49321
v 0.19733 -0.09751 -0.52072
v 0.16040 -0.14399 -0.51841
v 0.20518 -0.02551 -0.52656
v 0.19779 0.04427 -0.52687
v 0.13365 0.05166 -0.53816
v 0.02728 0.08010 -0.54388
v -0.06317 0.08058 -0.54177
v -0.21196 0.05034 -0.52195
v -0.15887 0.12924 -0.52070
v -0.29278 -0.03100 -0.49851
v -0.27571 -0.09186 -0.49770
v -0.18216 -0.21949 -0.48700
v -0.22981 -0.17286 -0.49196
v -0.28311 -0.14294 -0.48339
v -0.29538 0.00211 -0.49832
v -0.27814 0.05727 -0.50134
v -0.21725 0.07571 -0.51765
v -0.03642 0.13598 -0.53273
v -0.10170 0.14865 -0.52440
v -0.21488 0.11498 -0.51142
v 0.03488 0.15219 -0.52890
v 0.13125 0.09402 -0.53297
v 0.20307 0.08945 -0.52005
v -0.22796 -0.20461 -0.48084
v -0.08122 -0.26844 -0.48144
v -0.26962 0.14747 -0.48683
v -0.13610 0.17833 -0.51107
v -0.33483 0.05685 -0.47898
v -0.24478 0.16326 -0.49044
v -0.05199 0.16742 -0.52352
v -0.08514 0.20832 -0.50727
v -0.37400 -0.00748 -0.46382
v -0.35948 -0.06256 -0.46727
v -0.32526 -0.07162 -0.48164
v -0.37034 0.05502 -0.46244
v -0.33132 0.11254 -0.47117
v -0.18226 0.19750 -0.49576
v -0.23555 0.17975 -0.48797
v -0.36917 -0.13354 -0.44793
v -0.33033 -0.16266 -0.45771
v -0.32195 0.14633 -0.46663
v 0.02212 0.24263 -0.49772
v -0.40750 0.00647 -0.44580
v -0.40613 -0.08754 -0.43872
v -0.13224 -0.26974 -0.47354
v -0.27157 -0.20757 -0.46493
v -0.20825 -0.26049 -0.46078
v -0.41581 -0.05832 -0.43765
v -0.47047 -0.01829 -0.40551
v -0.40884 -0.12647 -0.42797
v -0.44447 0.03054 -0.42228
v -0.29707 -0.22692 -0.44606
v -0.35319 0.15592 -0.44917
v -0.41456 0.08366 -0.43402
v -0.41487 0.11949 -0.42582
v -0.39334 0.14094 -0.43242
v -0.20822 0.23398 -0.47466
v -0.47212 0.06781 -0.39895
v -0.12804 0.26710 -0.47633
v -0.28670 0.23694 -0.44680
v 0.10381 0.17396 -0.51742
v 0.13521 0.16678 -0.51536
v 0.11036 0.12815 -0.52896
v -0.11028 0.28940 -0.46737
v -0.05979 0.28425 -0.47565
v 0.23767 0.12695 -0.50322
v -0.22512 0.26541 -0.45455
v -0.44749 0.09607 -0.41066
v -0.38492 0.21978 -0.40618
v -0.33058 0.23644 -0.42744
v -0.37827 0.18825 -0.42419
v -0.41313 0.17310 -0.40938
v 0.04307 0.27803 -0.48026
v 0.16034 0.21028 -0.49603
v 0.07428 0.26829 -0.48292
v 0.25000 0.18090 -0.48348
v 0.26862 0.08502 -0.50191
v 0.32019 0.05104 -0.48706
v 0.12725 0.27491 -0.47282
v 0.31601 -0.00982 -0.49145
v -0.18547 0.31890 -0.43449
v -0.07285 0.31510 -0.45705
v 0.30945 -0.07438 -0.48917
v -0.03590 0.33915 -0.44446
v -0.28537 0.27940 -0.42464
v -0.13905 0.33525 -0.43432
v -0.23511 0.31156 -0.42400
v -0.25252 0.30652 -0.42095
v -0.32697 0.28443 -0.40200
v -0.46262 0.11156 -0.39631
v -0.44409 0.16831 -0.39050
v -0.43077 0.19976 -0.38608
v 0.20664 0.26395 -0.46062
v 0.07330 0.33833 -0.44248
v 0.12732 0.33987 -0.43351
v -0.06453 0.36654 -0.42270
v 0.15923 0.33346 -0.43105
v -0.34760 0.28664 -0.38940
v -0.38467 0.26012 -0.38407
v -0.51505 0.01759 -0.37077
v -0.16096 0.38160 -0.39360
v -0.22451 0.35977 -0.39209
v -0.09422 0.39159 -0.39865
v -0.28783 0.34545 -0.37699
v -0.32455 0.30360 -0.39040
v -0.44234 0.24087 -0.35505
v -0.00952 0.39994 -0.39850
v -0.51465 0.12437 -0.35051
v -0.30136 0.34352 -0.37181
v -0.37001 0.31030 -0.35858
v -0.34211 0.33313 -0.35764
v -0.49429 0.18239 -0.34427
v -0.42150 0.26767 -0.35360
v -0.41177 0.29217 -0.34307
v -0.14621 0.40025 -0.38060
v 0.08546 0.38167 -0.40864
v 0.06339 0.41183 -0.38469
v 0.23839 0.29229 -0.43431
v -0.22852 0.37630 -0.37637
v 0.30941 0.17740 -0.46237
v 0.29278 0.23380 -0.44544
v 0.30700 0.13540 -0.47669
v 0.19107 0.34255 -0.41579
v 0.34399 0.13001 -0.46185
v 0.39776 0.09080 -0.44298
v 0.31248 0.23753 -0.43491
v 0.28082 -0.16661 -0.47936
v 0.35087 0.17264 -0.44490
v 0.40360 0.11949 -0.43300
v 0.20750 -0.22186 -0.48192
v 0.10843 -0.21380 -0.50379
v 0.09762 -0.21046 -0.50635
v 0.32915 -0.12305 -0.47189
v 0.40320 0.01882 -0.44849
v 0.38831 -0.03696 -0.45605
v 0.10223 -0.27764 -0.47511
v 0.42978 0.03842 -0.43106
v 0.40038 -0.10216 -0.44034
v -0.13506 0.42534 -0.35846
v -0.09633 0.43737 -0.35367
v -0.03836 0.42843 -0.37018
v 0.13051 0.40637 -0.37852
v 0.15336 0.41373 -0.36540
v -0.22311 0.41682 -0.33834
v -0.53386 0.11793 -0.33466
v -0.55972 0.08304 -0.31864
v -0.55965 0.04217 -0.32661
v -0.48039 0.23935 -0.32339
v -0.31273 0.39292 -0.31761
v -0.38403 0.33681 -0.32584
v -0.33639 0.37340 -0.32332
v 0.23591 0.39970 -0.34940
v 0.30940 0.33311 -0.37431
v 0.10216 0.43445 -0.35613
v 0.06896 0.46039 -0.33159
v -0.00683 0.47369 -0.31887
v 0.46705 0.08044 -0.39983
v 0.45641 0.12949 -0.39585
v 0.40658 0.17247 -0.41405
v 0.39613 0.24227 -0.38702
v 0.34235 0.24456 -0.41656
v 0.31695 0.29109 -0.40144
v 0.27921 0.32286 -0.39707
v 0.42902 0.18878 -0.39299
v 0.49070 0.00620 -0.38932
v 0.41282 0.25726 -0.36703
v 0.35262 0.32280 -0.35799
v 0.30735 0.37250 -0.34025
v 0.50166 0.16278 -0.34859
v 0.47677 0.22308 -0.34006
v 0.47809 -0.05402 -0.39616
v 0.44818 -0.09096 -0.41226
v 0.36204 -0.19240 -0.43462
v 0.27451 -0.22869 -0.45808
v 0.16064 0.45495 -0.31657
v 0.38858 0.33101 -0.32684
v 0.42514 0.29405 -0.33164
v 0.31639 0.38118 -0.32609
v 0.22806 0.44996 -0.29441
v 0.53517 0.11197 -0.33480
v 0.26484 0.42211 -0.31034
v 0.46626 0.28423 -0.30559
v 0.43528 0.31541 -0.30478
v 0.46062 -0.11745 -0.39765
v 0.39384 -0.18978 -0.41804
v 0.43630 -0.17453 -0.39696
v 0.54690 0.06678 -0.33322
v 0.50208 0.00205 -0.38013
v 0.49284 0.27835 -0.28501
v 0.53875 -0.06601 -0.34211
v 0.25383 -0.30253 -0.42559
v 0.32660 -0.23988 -0.43105
v 0.21239 -0.28618 -0.44874
v 0.54577 0.16122 -0.30610
v 0.39818 -0.23902 -0.39245
v 0.32304 -0.28441 -0.40780
v 0.33420 -0.29090 -0.39801
v 0.47791 -0.17126 -0.36722
v 0.53369 -0.15861 -0.32137
v 0.43717 0.32758 -0.29110
v 0.55568 0.20571 -0.27005
v 0.33129 0.40359 -0.29072
v 0.39955 0.36999 -0.27712
v 0.57786 -0.03912 -0.30369
v 0.57385 0.05545 -0.30575
v 0.45837 -0.23130 -0.35404
v -0.45928 0.30553 -0.28969
v -0.48094 0.26620 -0.30282
v -0.50122 0.22900 -0.31020
v -0.33607 0.40078 -0.29225
v -0.38513 0.37426 -0.28496
v 0.56312 -0.11259 -0.30580
v 0.61615 0.13608 -0.22233
v 0.59620 0.16442 -0.23918
v 0.38989 -0.28969 -0.36627
v 0.37985 0.41720 -0.23004
v 0.56804 0.23681 -0.22800
v 0.61951 0.06155 -0.24341
v 0.49473 -0.23804 -0.31798
v 0.41805 -0.30058 -0.33810
v 0.45004 -0.26175 -0.34168
v 0.62653 0.00290 -0.23941
v 0.62731 0.03805 -0.23527
v -0.50864 0.26743 -0.27150
v 0.56784 0.25903 -0.20474
v 0.51504 0.31256 -0.22131
v 0.45049 0.35075 -0.25160
v 0.61232 -0.10517 -0.24306
v 0.62138 -0.04751 -0.24383
v 0.65442 -0.02936 -0.18729
v 0.46982 0.37001 -0.19953
v -0.53802 0.21971 -0.27600
v 0.64404 0.10408 -0.18539
v 0.57168 -0.20356 -0.25165
v 0.61201 -0.13414 -0.23155
v 0.52613 -0.25718 -0.26969
v 0.46912 -0.29131 -0.30198
v 0.41106 -0.34462 -0.30353
v 0.63019 0.13865 -0.19494
v 0.61744 0.20407 -0.16731
v 0.66153 0.05994 -0.16385
v 0.66949 0.00331 -0.15434
v 0.56939 -0.22961 -0.23474
v 0.65027 0.15692 -0.13115
v 0.65122 -0.09311 -0.17662
v 0.58713 0.26761 -0.15241
v 0.53495 0.32701 -0.16462
v 0.63627 0.18694 -0.13815
v 0.59879 -0.19480 -0.21599
v 0.64243 -0.15757 -0.15682
v 0.67508 0.10525 -0.09609
v 0.67905 0.07449 -0.10509
v 0.65847 -0.11473 -0.14756
v 0.62703 0.23366 -0.08846
v 0.68507 -0.06535 -0.08833
v 0.69044 0.00302 -0.08295
v 0.66921 0.14105 -0.07670
v 0.64429 0.21314 -0.04766
v -0.30195 -0.05098 0.48758
v -0.23123 -0.07769 0.50979
v -0.17155 -0.07368 0.52599
v -0.27750 -0.02445 0.49888
v -0.30026 -0.06973 0.48623
v -0.16157 -0.12120 0.52042
v -0.20292 -0.13902 0.50634
v -0.26593 -0.13743 0.48669
v -0.31164 -0.11977 0.47274
v -0.22206 -0.03342 0.51674
v -0.17380 -0.01857 0.52963
v -0.12508 -0.11993 0.52756
v -0.10579 -0.09401 0.53488
v -0.26528 0.01149 0.50360
v -0.22944 0.03274 0.51435
v -0.35091 -0.04865 0.46582
v -0.19284 -0.18150 0.49699
v -0.21725 -0.19407 0.48571
v -0.25434 -0.17780 0.47913
v -0.13062 -0.17954 0.51165
v -0.30596 -0.19295 0.45356
v -0.35797 -0.13363 0.44760
v -0.38706 -0.08663 0.44215
v -0.40033 -0.11543 0.42886
v -0.27124 -0.23142 0.45206
v -0.23852 -0.21129 0.47243
v -0.18086 -0.24307 0.47617
v -0.11880 -0.22578 0.49726
v -0.37240 -0.20015 0.41775
v -0.42361 -0.12954 0.41111
v -0.22439 -0.27300 0.44830
v -0.05604 -0.18470 0.51978
v -0.04887 -0.17181 0.52410
v -0.06183 -0.22081 0.50674
v -0.27879 -0.25682 0.43676
v -0.31185 -0.27111 0.41435
v -0.36030 -0.23734 0.40749
v -0.18417 -0.27868 0.45741
v -0.13159 -0.27241 0.47324
v -0.03953 -0.07479 0.54342
v -0.12835 -0.01453 0.53834
v -0.01854 -0.14768 0.53170
v -0.37441 0.00796 0.45595
v -0.31440 0.03015 0.48362
v -0.44657 -0.08980 0.40524
v -0.41476 -0.02450 0.43297
v -0.40947 -0.03965 0.43516
v -0.45128 -0.05401 0.40750
v -0.47259 -0.12923 0.37703
v -0.41542 -0.18409 0.39820
v -0.15245 0.05107 0.53177
v -0.12494 0.01762 0.53867
v -0.32853 0.05034 0.47573
v -0.30949 0.04780 0.48431
v -0.25238 0.09286 0.49972
v -0.44882 0.01931 0.41158
v -0.48115 -0.01111 0.38929
v -0.44531 -0.19414 0.37320
v -0.41512 -0.24022 0.37163
v -0.33118 -0.28212 0.39809
v -0.39525 0.05757 0.44107
v -0.36169 0.08497 0.45491
v -0.30874 0.11140 0.47439
v -0.23200 0.09166 0.50651
v -0.19047 0.08448 0.51921
v 0.01106 -0.00419 0.54857
v -0.04965 0.01373 0.54683
v -0.53096 -0.06540 0.34320
v -0.53059 -0.00576 0.34878
v -0.50376 -0.15840 0.34096
v -0.47553 0.05719 0.38947
v -0.46584 0.08435 0.39189
v -0.35728 0.12226 0.44899
v -0.22260 0.11775 0.50405
v -0.14916 0.12492 0.52024
v -0.44886 0.11703 0.39603
v -0.42221 0.13722 0.40768
v -0.28289 0.15115 0.47440
v -0.09868 0.12384 0.52843
v -0.07754 0.10111 0.53549
v -0.00362 0.06021 0.54525
v -0.03153 0.02370 0.54738
v -0.09422 0.08048 0.53716
v 0.03940 -0.13913 0.53310
v 0.05776 0.02017 0.54648
v 0.08829 -0.05657 0.54201
v -0.19165 0.18192 0.49385
v -0.23562 0.17625 0.48306
v 0.03777 -0.21326 0.51159
v -0.05484 -0.27427 0.48311
v -0.09061 -0.26237 0.48521
v -0.14661 0.17641 0.50591
v 0.02146 0.11979 0.53530
v -0.34502 0.18044 0.43636
v -0.08405 0.15174 0.52293
v -0.08078 0.18253 0.51355
v -0.37167 0.16726 0.42730
v -0.27878 0.18644 0.46383
v 0.00606 -0.27830 0.48331
v -0.09004 -0.31206 0.45755
v 0.14559 -0.11160 0.52659
v -0.10377 -0.30167 0.46185
v -0.22811 -0.29800 0.43261
v -0.28967 -0.30247 0.40534
v 0.15503 -0.06818 0.53127
v 0.14526 -0.16941 0.51286
v 0.11275 -0.21019 0.50506
v -0.13596 -0.33024 0.43750
v -0.19945 -0.32681 0.42320
v -0.36721 -0.28875 0.37318
v -0.09732 -0.32391 0.44886
v -0.52911 -0.10764 0.33535
v -0.55481 -0.06267 0.32030
v 0.13762 0.04556 0.53600
v 0.13539 0.07808 0.53267
v 0.06675 -0.29458 0.47132
v -0.54956 0.02653 0.32966
v -0.47444 -0.22263 0.33509
v -0.50382 -0.19440 0.32398
v -0.53674 -0.11412 0.32602
v -0.27148 -0.34786 0.38022
v -0.32805 -0.34165 0.35627
v 0.11955 -0.26912 0.47779
v 0.13556 -0.22800 0.49395
v -0.08556 -0.33927 0.44004
v 0.02967 -0.33788 0.44638
v -0.20278 -0.36438 0.39359
v -0.13183 -0.37340 0.40563
v -0.44204 -0.28415 0.32156
v -0.40926 -0.29811 0.33735
v -0.35080 -0.34707 0.33738
v -0.54548 -0.16517 0.29625
v -0.06787 -0.36788 0.42064
v -0.02930 -0.39100 0.40424
v -0.27119 -0.36919 0.36192
v -0.38480 -0.34405 0.31597
v -0.40403 -0.33132 0.31290
v -0.50412 -0.23283 0.30041
v -0.50092 0.10081 0.36110
v -0.54215 0.06499 0.33197
v -0.57863 0.03769 0.29722
v -0.58952 -0.05088 0.28278
v -0.38090 0.17672 0.41854
v -0.41378 0.18268 0.39623
v -0.44563 0.17829 0.37660
v -0.58958 -0.11605 0.26488
v -0.49577 0.15028 0.34929
v -0.60527 0.00502 0.26613
v -0.36685 0.20945 0.41228
v -0.55043 0.10263 0.31455
v -0.56129 0.07447 0.31037
v -0.58973 -0.13389 0.25697
v -0.56675 -0.16711 0.27006
v -0.42312 -0.32446 0.30320
v -0.29832 -0.38708 0.33019
v -0.56162 -0.20799 0.25043
v -0.14312 0.23892 0.48118
v -0.09681 0.21943 0.49745
v -0.04962 0.21715 0.50298
v -0.01026 0.20323 0.51016
v -0.32201 0.23665 0.42222
v -0.26485 0.23863 0.44613
v -0.23976 0.22708 0.46087
v -0.23109 0.20744 0.47247
v -0.54764 0.14347 0.30251
v -0.50091 0.16106 0.34038
v -0.17869 0.27562 0.45395
v -0.48236 0.22068 0.32548
v -0.30945 0.26218 0.41413
v -0.33801 0.25950 0.40130
v -0.14297 0.26300 0.46909
v -0.36086 0.25989 0.38837
v -0.40983 0.22539 0.37805
v -0.59523 0.08527 0.26688
v -0.28245 0.29159 0.40822
v -0.21832 0.31668 0.41607
v -0.39692 0.26110 0.36523
v -0.42529 0.26732 0.34096
v -0.54883 0.17339 0.28642
v -0.49575 0.21890 0.31439
v -0.10517 0.29953 0.45475
v -0.06202 0.29077 0.46518
v 0.02177 0.29039 0.46798
v -0.63176 -0.03908 0.22384
v -0.63429 -0.09163 0.20542
v -0.52403 -0.25627 0.25991
v -0.59009 0.14524 0.24925
v -0.64029 0.03218 0.20943
v -0.62115 0.07751 0.23144
v -0.34756 0.29384 0.37349
v -0.28305 0.31643 0.39052
v -0.24689 0.33964 0.38823
v -0.08650 0.25300 0.48320
v -0.14466 0.31903 0.43482
v -0.08088 0.32893 0.43874
v -0.38425 0.31120 0.33669
v -0.45450 0.26444 0.31973
v -0.41406 0.30704 0.31820
v -0.48726 0.24828 0.30222
v -0.34387 0.32899 0.34805
v -0.54982 0.22352 0.25141
v -0.15026 0.35772 0.40475
v -0.51356 0.25612 0.26843
v -0.57122 0.19711 0.24282
v -0.60383 -0.18294 0.20552
v -0.57719 -0.20625 0.22977
v -0.47228 -0.32752 0.25004
v -0.63247 0.09657 0.20504
v -0.22836 -0.41059 0.33997
v -0.64859 -0.06914 0.18588
v -0.19710 0.37073 0.38047
v -0.46049 0.29849 0.28565
v -0.25900 0.37872 0.34859
v -0.30498 0.34680 0.35499
v -0.36062 0.34816 0.31955
v -0.30000 0.38525 0.32052
v -0.62905 -0.17638 0.16200
v -0.64445 -0.13560 0.16081
v -0.37075 -0.37570 0.29345
v -0.32461 -0.40079 0.29814
v -0.56861 -0.24941 0.20359
v -0.54268 -0.26349 0.22858
v -0.52713 -0.29686 0.21428
v -0.18015 -0.41901 0.34919
v -0.13812 -0.39493 0.38521
v -0.41498 -0.36099 0.27174
v -0.07163 -0.40769 0.38512
v -0.58963 -0.22881 0.18905
v -0.66366 -0.03222 0.16157
v -0.66488 0.01770 0.16003
v -0.61290 0.16698 0.19845
v 0.11452 -0.34517 0.43150
v 0.15792 -0.28670 0.46001
v 0.04068 -0.39871 0.39690
v -0.65492 -0.07237 0.17119
v -0.50774 -0.33131 0.19773
v -0.14618 0.38448 0.38281
v -0.66529 0.09142 0.13314
v -0.46726 0.32351 0.25252
v -0.49006 0.30296 0.24978
v -0.56463 0.24944 0.20496
v -0.52834 0.27922 0.22710
v -0.58947 0.23187 0.17994
v -0.39998 0.36723 0.26764
v -0.49373 0.32770 0.21464
v -0.63177 0.16683 0.15908
v -0.55376 -0.29844 0.16788
v -0.59469 -0.24442 0.16124
v -0.64870 -0.13883 0.14803
v -0.67882 -0.06982 0.10470
v -0.67147 -0.10828 0.10472
v -0.46845 -0.36952 0.19699
v -0.40413 -0.39545 0.23663
v -0.62287 -0.22385 0.12093
v -0.59504 -0.25850 0.14077
v -0.68439 0.01713 0.10085
v -0.67768 0.08168 0.09757
v -0.55841 0.27860 0.17904
v -0.60722 0.22923 0.14333
v -0.46976 -0.37495 0.18574
v -0.52743 -0.34550 0.13744
v -0.65684 -0.18089 0.06765
v -0.58594 -0.28742 0.11292
v -0.56423 -0.31330 0.11781
v -0.57325 0.27548 0.15283
v -0.64395 0.18339 0.10239
v -0.66104 0.15588 0.07751
v -0.63031 -0.23184 0.08004
v -0.67259 -0.14496 0.04893
v -0.69235 -0.05430 0.04255
v -0.57144 0.29194 0.12633
v -0.57729 -0.31307 0.07531
v -0.69005 -0.08530 0.01386
v -0.69750 -0.00056 0.00920
v -0.68110 0.08319 0.08105
v -0.68280 0.10712 0.03155
v -0.69655 0.02837 -0.01514
v -0.69382 0.05726 -0.00732
v -0.60275 0.26304 0.09107
v -0.60210 -0.29031 0.02800
v -0.66990 0.14957 0.03091
v -0.61734 0.25367 0.04513
v -0.63611 -0.23841 -0.00579
v -0.66117 -0.18582 -0.01344
v -0.67958 0.11801 -0.04251
v -0.64751 0.20461 -0.02063
v -0.66754 0.15629 -0.03684
v -0.68544 -0.09752 -0.05128
v -0.67452 -0.12418 -0.08218
v -0.68718 -0.07942 -0.06384
v -0.69178 0.00164 -0.07516
v -0.69283 0.03911 -0.05494
v -0.68849 0.07255 -0.05484
v 0.04348 -0.57649 -0.02420
v -0.01935 -0.57752 0.00549
v -0.04219 -0.56926 -0.09331
v -0.08562 -0.57112 -0.05038
v 0.09589 -0.57045 -0.05016
v 0.06040 -0.56432 -0.11522
v 0.04147 -0.55575 -0.15425
v -0.02042 -0.55954 -0.14285
v -0.06475 -0.55638 -0.14494
v -0.07639 -0.55650 -0.14031
v 0.15739 -0.55241 -0.10723
v 0.14832 -0.54148 -0.15785
v 0.08352 -0.57199 0.04083
v 0.14157 -0.56473 -0.03462
v -0.14131 -0.56474 -0.02440
v -0.07808 -0.57348 0.01879
v -0.10674 -0.54827 -0.15585
v -0.16639 -0.55438 -0.08072
v -0.17454 -0.54513 -0.11911
v -0.05441 -0.56877 0.08419
v -0.08740 -0.56908 0.06090
v -0.22280 -0.54404 -0.04712
v -0.21749 -0.54745 0.00211
v -0.01509 -0.56055 0.13219
v -0.16116 -0.55461 0.08008
v -0.10185 -0.56121 0.09984
v 0.06288 -0.55901 0.12998
v 0.09660 -0.56327 0.09503
v 0.21084 -0.54850 0.03410
v 0.23391 -0.54194 -0.03934
v 0.13974 -0.56259 0.05595
v 0.21925 -0.53744 -0.10526
v -0.22968 -0.54348 0.01704
v -0.22647 -0.54047 0.06309
v 0.15168 -0.54263 0.14419
v 0.11260 -0.54548 0.15766
v -0.05526 -0.54009 0.19025
v -0.08852 -0.53899 0.18458
v 0.03397 -0.53712 0.20156
v 0.29515 -0.52081 0.02657
v 0.22591 -0.51967 0.15618
v 0.25905 -0.52441 0.09843
v 0.30862 -0.51557 -0.02984
v 0.29054 -0.51753 -0.08065
v -0.13809 -0.52900 0.19063
v -0.20194 -0.53566 0.12451
v -0.16631 -0.52375 0.18896
v 0.33213 -0.49617 0.09164
v 0.35824 -0.49035 0.05087
v 0.20964 -0.51993 -0.17786
v 0.35649 -0.49400 0.01774
v 0.32817 -0.50228 -0.07637
v 0.30730 -0.48235 0.17380
v 0.26155 -0.49933 0.17825
v 0.14826 -0.50092 0.24658
v 0.10605 -0.52962 0.20332
v 0.10372 -0.50662 0.25140
v 0.39955 -0.47176 -0.00177
v 0.40833 -0.46308 -0.05979
v 0.39009 -0.46796 0.08468
v 0.35611 -0.46393 0.16009
v 0.22003 -0.47267 0.26032
v 0.03922 -0.49967 0.27481
v -0.05715 -0.51924 0.23691
v 0.30436 -0.49866 -0.14032
v 0.27424 -0.50583 -0.15639
v 0.41100 -0.43500 0.15276
v 0.39619 -0.45994 -0.11336
v 0.35146 -0.47890 -0.13292
v 0.15614 -0.51926 -0.21269
v 0.05584 -0.51848 -0.24417
v -0.08500 -0.53520 -0.20088
v -0.00851 -0.52911 -0.22666
v -0.22308 -0.53118 -0.12270
v -0.20909 -0.54181 -0.09248
v -0.27130 -0.52597 -0.06584
v -0.16070 -0.52994 -0.17991
v -0.29461 -0.52093 0.01075
v -0.29663 -0.51657 0.05666
v -0.26179 -0.52313 0.09744
v -0.22629 -0.52659 0.13220
v -0.22866 -0.50558 0.19134
v -0.07284 -0.50922 0.25314
v -0.28729 -0.50840 0.11956
v -0.27159 -0.49773 0.17275
v -0.31442 -0.50415 0.08773
v -0.16901 -0.50491 0.22964
v -0.04281 -0.49122 0.28742
v -0.13210 -0.48253 0.28278
v -0.22328 -0.51961 -0.16137
v -0.33731 -0.49764 0.06443
v -0.32011 -0.48546 0.14936
v 0.12117 -0.47406 0.29875
v 0.09924 -0.46977 0.31009
v 0.31971 -0.44101 0.24323
v 0.43676 -0.43878 0.08825
v -0.21254 -0.47784 0.25696
v -0.25932 -0.48078 0.22184
v -0.39764 -0.46980 0.03401
v -0.39829 -0.47107 -0.00393
v -0.35124 -0.48926 -0.08038
v -0.37781 -0.48114 -0.03609
v -0.28152 -0.50569 -0.14094
v -0.36596 -0.47847 0.09190
v -0.32776 -0.48353 0.14435
v -0.39908 -0.46295 0.07795
v -0.33046 -0.49066 -0.11944
v -0.10480 -0.51617 -0.23601
v -0.05002 -0.50611 -0.26604
v -0.26651 -0.49757 -0.18015
v 0.23053 -0.49380 -0.22409
v 0.11119 -0.49715 -0.27029
v 0.13357 -0.48096 -0.28922
v 0.30808 -0.48132 -0.18565
v 0.49411 -0.40151 0.06519
v 0.47176 -0.41103 0.09973
v 0.44727 -0.44206 0.01324
v 0.44171 -0.43576 -0.09543
v -0.18741 -0.49627 -0.23875
v -0.24353 -0.48385 -0.22801
v 0.08818 -0.49676 -0.27611
v 0.49517 -0.40662 0.01583
v 0.47661 -0.42042 -0.03388
v 0.40937 -0.43553 -0.16433
v 0.37819 -0.43635 -0.20535
v 0.29246 -0.45909 -0.24505
v 0.35586 -0.43861 -0.22550
v -0.08146 -0.49245 -0.28257
v -0.14076 -0.48963 -0.27048
v 0.50088 -0.39697 -0.06660
v 0.46923 -0.40624 -0.12984
v -0.02041 -0.46847 -0.32288
v 0.05555 -0.46426 -0.32606
v 0.15568 -0.46182 -0.30935
v 0.07726 -0.44751 -0.34347
v 0.25032 -0.43265 -0.30946
v 0.42354 -0.39539 0.21474
v 0.48591 -0.38832 0.13400
v 0.43736 -0.41424 0.16038
v 0.22937 -0.44786 0.29224
v 0.04998 -0.45163 0.34072
v -0.03528 -0.47249 0.31504
v -0.04068 -0.46318 0.32685
v -0.18095 -0.45711 0.30262
v -0.36552 -0.45726 0.16371
v -0.32686 -0.46879 0.18470
v -0.40119 -0.45358 0.11299
v -0.40857 -0.45511 0.08878
v -0.28765 -0.45479 0.24776
v -0.23208 -0.45883 0.27667
v 0.21415 -0.42748 0.32535
v 0.32629 -0.41754 0.27277
v -0.20649 -0.43848 0.31667
v -0.44800 -0.43833 0.03552
v -0.32271 -0.43488 0.25266
v -0.38377 -0.42995 0.20074
v -0.45920 -0.43090 -0.03890
v -0.12868 -0.42846 0.35358
v 0.39814 -0.38612 0.25477
v 0.12992 -0.42061 0.36172
v 0.30608 -0.39472 0.31470
v -0.07184 -0.42668 0.36591
v -0.46441 -0.41678 0.09218
v -0.45707 -0.40491 0.14502
v -0.18015 -0.41901 0.34919
v -0.36971 -0.41173 0.24689
v -0.27674 -0.42499 0.29849
v -0.22836 -0.41059 0.33997
v -0.49818 -0.40269 0.00466
v -0.02930 -0.39100 0.40424
v 0.04068 -0.39871 0.39690
v 0.09767 -0.41002 0.37934
v 0.12593 -0.39360 0.38926
v 0.23534 -0.39539 0.35109
v -0.32461 -0.40079 0.29814
v 0.43762 -0.37388 0.23164
v -0.07163 -0.40769 0.38512
v -0.08708 -0.40578 0.38483
v 0.36401 -0.36995 0.30271
v -0.40413 -0.39545 0.23663
v 0.54959 -0.35719 -0.00821
v 0.52072 -0.33816 0.17209
v 0.51090 -0.31929 0.21592
v 0.16987 -0.36205 0.40512
v 0.23653 -0.36859 0.37596
v -0.13812 -0.39493 0.38521
v -0.13183 -0.37340 0.40563
v 0.41299 -0.34928 0.28615
v -0.29832 -0.38708 0.33019
v -0.37075 -0.37570 0.29345
v 0.33362 -0.35414 0.33930
v 0.57052 -0.31960 0.09001
v -0.46976 -0.37495 0.18574
v 0.11452 -0.34517 0.43150
v -0.52112 -0.37889 0.04863
v -0.49892 -0.38118 0.11702
v -0.46845 -0.36952 0.19699
v -0.41498 -0.36099 0.27174
v 0.31054 -0.31914 0.38181
v 0.49441 -0.29907 0.25975
v 0.41697 -0.31536 0.31635
v 0.47691 -0.27936 0.29594
v 0.36447 -0.30925 0.35831
v 0.58528 -0.31628 0.00884
v 0.54513 -0.34229 -0.11491
v 0.38878 -0.40436 -0.24926
v 0.41443 -0.40336 -0.22319
v 0.48852 -0.37148 -0.17493
v 0.29975 -0.41752 -0.30116
v 0.35405 -0.40641 -0.27727
v 0.59503 -0.30036 -0.04781
v 0.57423 -0.26980 0.17764
v -0.54063 -0.34998 0.09101
v -0.52743 -0.34550 0.13744
v -0.54972 -0.35503 0.00311
v 0.61617 -0.26774 0.05077
v 0.60946 -0.25835 0.10831
v 0.31587 -0.39789 -0.31482
v 0.61340 -0.26765 -0.07453
v -0.56423 -0.31330 0.11781
v -0.57729 -0.31307 0.07531
v -0.55282 -0.34589 0.05684
v -0.58474 -0.31503 0.00520
v -0.60210 -0.29031 0.02800
v 0.58949 -0.26425 -0.15897
v 0.49484 -0.33621 -0.22336
v 0.54246 -0.28238 -0.22254
v 0.47218 -0.32838 -0.26158
v 0.43252 -0.35164 -0.27631
v 0.41106 -0.34462 -0.30353
v 0.37982 -0.35176 -0.32086
v 0.47545 -0.30818 -0.27976
v 0.65721 -0.19690 -0.01744
v 0.65154 -0.19866 0.06066
v 0.62286 -0.23231 -0.11984
v 0.46912 -0.29131 -0.30198
v 0.52613 -0.25718 -0.26969
v 0.41805 -0.30058 -0.33810
v 0.64950 -0.18532 -0.10385
v 0.56939 -0.22961 -0.23474
v 0.59879 -0.19480 -0.21599
v 0.64243 -0.15757 -0.15682
v 0.68213 -0.11094 -0.05720
v 0.68507 -0.06535 -0.08833
v 0.65847 -0.11473 -0.14756
v 0.04072 0.56805 -0.10685
v -0.00687 0.54530 -0.18865
v -0.07020 0.56224 -0.12165
v -0.06457 0.55213 -0.16057
v -0.05268 0.57226 -0.07578
v 0.05780 0.54135 -0.19387
v 0.13760 0.55500 -0.11549
v 0.10775 0.54635 -0.16479
v 0.11325 0.56917 -0.05049
v 0.07830 0.57490 -0.03079
v 0.19585 0.53254 -0.15068
v -0.03404 0.57752 0.02591
v -0.05952 0.57464 -0.05032
v 0.05471 0.57740 0.00901
v -0.05984 0.57669 -0.00278
v -0.11258 0.56745 -0.05746
v -0.13488 0.55360 -0.11847
v 0.14999 0.56489 -0.00975
v 0.11904 0.56848 0.04022
v 0.21337 0.54962 -0.00093
v 0.22639 0.53872 -0.08748
v 0.26600 0.53156 -0.03817
v 0.04139 0.57139 0.07755
v -0.07646 0.52920 -0.21770
v -0.12936 0.52383 -0.21259
v -0.17478 0.52422 -0.18770
v -0.08678 0.52596 -0.22221
v -0.19317 0.53724 -0.13051
v -0.19345 0.52919 -0.15911
v -0.23328 0.53636 -0.07126
v -0.15679 0.56172 -0.00143
v -0.09693 0.57256 -0.00066
v -0.09989 0.52000 -0.23117
v 0.06287 0.50044 -0.27554
v -0.01915 0.49675 -0.28516
v 0.06674 0.52864 -0.22199
v 0.14184 0.52356 -0.20917
v 0.19184 0.50035 -0.23255
v -0.23672 0.51630 -0.15802
v -0.23824 0.52977 -0.10214
v -0.24622 0.53646 -0.01082
v -0.20942 0.54784 0.01399
v -0.25472 0.53303 -0.02672
v -0.23200 0.49566 -0.21567
v -0.13055 0.49945 -0.26045
v -0.22312 0.47926 -0.25309
v -0.28879 0.51067 -0.10404
v -0.06360 0.47994 -0.30598
v -0.07875 0.48815 -0.29164
v -0.12059 0.47489 -0.30178
v -0.27847 0.49076 -0.18621
v 0.13103 0.48363 -0.28642
v -0.25652 0.48513 -0.21907
v -0.32175 0.48805 -0.13763
v -0.18888 0.45964 -0.30008
v -0.29209 0.47501 -0.20927
v -0.32399 0.47304 -0.17899
v -0.33219 0.49253 -0.09821
v -0.34033 0.49026 -0.08923
v -0.28250 0.52317 0.00502
v -0.33942 0.49787 -0.02625
v -0.21214 0.54511 0.04356
v -0.14572 0.55598 0.08531
v -0.08257 0.56959 0.06459
v -0.27077 0.45543 -0.26222
v 0.00327 0.56826 0.09775
v -0.03764 0.56574 0.10422
v -0.38939 0.45286 -0.13359
v -0.38675 0.44276 -0.16743
v -0.39529 0.46645 -0.04713
v -0.42927 0.44214 -0.06943
v -0.33458 0.44334 -0.23032
v -0.36456 0.43927 -0.20566
v -0.35952 0.48743 0.02514
v -0.21911 0.53519 0.09579
v -0.27875 0.51631 0.08622
v -0.38561 0.47421 -0.00350
v 0.06240 0.56180 0.11527
v -0.08175 0.55888 0.11715
v -0.35399 0.48330 0.08038
v -0.23131 0.43858 -0.30884
v -0.41302 0.43850 -0.13154
v -0.46349 0.41164 -0.09771
v -0.20876 0.52823 0.13586
v -0.15080 0.45117 -0.32465
v -0.00683 0.47369 -0.31887
v 0.06896 0.46039 -0.33159
v -0.30027 0.42491 -0.28658
v -0.38491 0.42113 -0.21619
v -0.43264 0.40233 -0.18780
v -0.09633 0.43737 -0.35367
v -0.33607 0.40078 -0.29225
v -0.37636 0.40542 -0.25133
v -0.46819 0.41932 -0.01476
v -0.40733 0.46008 0.02958
v -0.40008 0.45697 0.08231
v -0.49513 0.37573 -0.12888
v -0.30065 0.49642 0.13087
v -0.24287 0.50750 0.16542
v -0.34377 0.48507 0.09691
v -0.14504 0.53258 0.16876
v -0.08925 0.54636 0.15482
v 0.14955 0.55526 0.09374
v 0.21328 0.54129 0.08758
v -0.48168 0.40880 -0.00192
v -0.46617 0.41580 0.05950
v -0.39727 0.39326 -0.24800
v 0.01399 0.54232 0.17920
v -0.06332 0.53983 0.17881
v -0.53094 0.35832 -0.06859
v -0.48935 0.35837 -0.18034
v -0.22311 0.41682 -0.33834
v -0.21799 0.49787 0.20714
v -0.23327 0.49790 0.19649
v -0.44693 0.35572 -0.24545
v -0.38513 0.37426 -0.28496
v -0.31273 0.39292 -0.31761
v -0.13506 0.42534 -0.35846
v -0.03836 0.42843 -0.37018
v 0.22338 0.48838 -0.23663
v 0.25357 0.49793 -0.19499
v 0.30060 0.49003 -0.16749
v 0.31730 0.50688 -0.07561
v 0.29867 0.51989 0.01705
v -0.11236 0.52391 0.20255
v 0.28717 0.51975 0.06727
v 0.15933 0.54857 0.11463
v 0.14849 0.52271 0.19571
v 0.26115 0.47594 -0.23390
v 0.21299 0.53180 0.12913
v -0.06721 0.52177 0.21791
v 0.09187 0.52648 0.20480
v -0.36592 0.45363 0.15953
v -0.33433 0.46619 0.17067
v -0.42498 0.42484 0.13782
v -0.45607 0.41381 0.10269
v -0.30662 0.45578 0.22032
v -0.52435 0.37076 0.01009
v -0.02282 0.51195 0.24164
v -0.17989 0.48349 0.25340
v -0.14883 0.49870 0.23960
v -0.11982 0.49002 0.26325
v -0.23164 0.48246 0.22832
v -0.26059 0.46861 0.23373
v 0.08633 0.52388 0.21146
v -0.51131 0.37457 0.07447
v -0.55535 0.33384 0.05454
v -0.55751 0.33430 -0.04307
v -0.35111 0.42909 0.22541
v -0.46596 0.39007 0.14787
v -0.50919 0.36531 0.11401
v -0.39209 0.41177 0.21175
v -0.43160 0.39851 0.18597
v -0.31750 0.44411 0.23105
v 0.23854 0.51618 0.15512
v -0.07146 0.48337 0.28335
v 0.32027 0.49114 0.13348
v 0.36434 0.48993 0.00441
v -0.17230 0.47226 0.27398
v 0.23491 0.49080 0.21831
v 0.34764 0.49165 0.07548
v 0.06278 0.47903 0.29181
v 0.10517 0.48736 0.27305
v 0.34623 0.47164 -0.15813
v 0.30962 0.47481 0.19050
v -0.03897 0.47304 0.30186
v 0.38751 0.47101 -0.07780
v 0.40332 0.46750 -0.02962
v 0.39007 0.46412 -0.10370
v 0.15796 0.46867 0.28816
v -0.29185 0.42448 0.27910
v -0.10364 0.46462 0.30425
v -0.15306 0.44938 0.31174
v -0.23771 0.45833 0.26438
v -0.27519 0.43605 0.27414
v -0.23265 0.43727 0.29610
v 0.30465 0.46224 -0.22416
v 0.40784 0.45992 0.06598
v 0.38838 0.45918 0.12096
v 0.22806 0.44996 -0.29441
v 0.16064 0.45495 -0.31657
v 0.42188 0.45637 0.01658
v 0.39486 0.44485 -0.15600
v 0.36312 0.43461 -0.21786
v 0.10216 0.43445 -0.35613
v 0.29808 0.45361 0.24106
v 0.04033 0.44566 0.33718
v 0.43156 0.43573 -0.11221
v 0.48405 0.41187 0.01442
v 0.46262 0.42485 0.05239
v 0.47856 0.41246 -0.05982
v 0.43525 0.43640 0.09429
v 0.40850 0.43387 0.15803
v 0.38026 0.43090 0.20310
v 0.45202 0.42224 -0.10876
v 0.22363 0.43446 0.31020
v 0.26244 0.42393 0.30511
v 0.12581 0.43866 0.33441
v -0.05939 0.44298 0.33812
v -0.09405 0.43368 0.34399
v -0.30711 0.41112 0.28621
v -0.32785 0.41375 0.26800
v -0.34941 0.40285 0.26563
v 0.17527 0.43585 0.32559
v -0.21271 0.40502 0.34201
v -0.45571 0.36904 0.20440
v -0.39998 0.36723 0.26764
v -0.41485 0.36864 0.25179
v -0.15086 0.41699 0.34977
v -0.19004 0.40090 0.35447
v -0.10198 0.40347 0.37421
v 0.00674 0.40783 0.37888
v 0.30916 0.41779 0.28541
v -0.52067 0.33385 0.16064
v -0.34214 0.38530 0.29299
v -0.30000 0.38525 0.32052
v -0.25900 0.37872 0.34859
v 0.34330 0.40918 0.27215
v 0.37182 0.40594 0.25264
v -0.06917 0.39673 0.38535
v -0.53806 0.32722 0.13620
v -0.49373 0.32770 0.21464
v 0.49070 0.38231 0.13044
v 0.45013 0.40794 0.14955
v 0.51378 0.37747 0.07790
v -0.14618 0.38448 0.38281
v -0.19710 0.37073 0.38047
v -0.46726 0.32351 0.25252
v 0.51216 0.38541 0.04204
v -0.06983 0.39174 0.38988
v -0.36062 0.34816 0.31955
v -0.59150 0.29561 -0.00814
v -0.60512 0.26863 -0.06854
v 0.47610 0.38939 -0.15000
v 0.49068 0.39172 -0.10878
v 0.33129 0.40359 -0.29072
v 0.37985 0.41720 -0.23004
v 0.46982 0.37001 -0.19953
v 0.48344 0.35836 0.19371
v 0.50243 0.35215 0.17305
v 0.51854 0.37268 -0.08647
v 0.52358 0.36317 0.09668
v 0.55031 0.34723 -0.05309
v -0.53243 0.31997 -0.16970
v -0.54382 0.32191 -0.14028
v -0.57391 0.29245 -0.12424
v -0.57459 0.31011 -0.06737
v -0.57144 0.29194 0.12633
v -0.50618 0.31199 -0.22615
v -0.47723 0.32602 -0.24711
v -0.60275 0.26304 0.09107
v -0.59156 0.28953 0.05438
v -0.55841 0.27860 0.17904
v -0.57325 0.27548 0.15283
v -0.61734 0.25367 0.04513
v 0.58568 0.30661 0.03952
v 0.39955 0.36999 -0.27712
v 0.45049 0.35075 -0.25160
v -0.45928 0.30553 -0.28969
v -0.38403 0.33681 -0.32584
v 0.53495 0.32701 -0.16462
v -0.57919 0.25854 -0.17188
v -0.55061 0.27002 -0.21030
v -0.59924 0.25236 -0.13256
v -0.50864 0.26743 -0.27150
v -0.54660 0.24781 -0.24062
v 0.51504 0.31256 -0.22131
v 0.57243 0.30384 0.11107
v 0.58913 0.29261 -0.08881
v -0.60722 0.22923 0.14333
v -0.64751 0.20461 -0.02063
v -0.57790 0.23704 -0.20177
v 0.61264 0.27143 -0.02642
v -0.56132 0.24793 -0.21807
v -0.63309 0.19960 -0.12053
v -0.65256 0.19052 -0.04436
v 0.58713 0.26761 -0.15241
v -0.59517 0.20265 -0.20645
v -0.66990 0.14957 0.03091
v -0.66349 0.14387 -0.09381
v -0.66754 0.15629 -0.03684
v 0.62703 0.23366 -0.08846
v -0.67958 0.11801 -0.04251
v 0.65154 -0.06762 0.17985
v 0.63343 0.01471 0.22241
v 0.58542 -0.08411 0.28142
v 0.61752 -0.12233 0.22273
v 0.58065 0.01271 0.29674
v 0.60670 0.06030 0.25729
v 0.64878 0.03657 0.19178
v 0.67572 -0.00932 0.13128
v 0.63602 -0.15702 0.16698
v 0.59462 -0.17049 0.23403
v 0.60166 -0.19723 0.20367
v 0.55202 -0.17823 0.28631
v 0.50970 -0.02910 0.36780
v 0.54459 -0.08124 0.32819
v 0.48741 -0.11840 0.37131
v 0.51410 -0.10018 0.35319
v 0.54279 -0.22613 0.26747
v 0.46324 -0.18764 0.36506
v 0.49784 -0.19751 0.33160
v 0.45411 -0.08763 0.40370
v 0.47929 0.07461 0.38681
v 0.47546 0.01575 0.39606
v 0.56709 0.06308 0.30670
v 0.42279 -0.03072 0.43156
v 0.42307 -0.06758 0.42765
v 0.49930 0.12256 0.35919
v 0.60302 0.14459 0.23253
v 0.61726 0.13657 0.21340
v 0.56363 0.12561 0.29378
v 0.52828 0.12711 0.33111
v 0.64190 0.11184 0.17974
v 0.40621 0.01606 0.44202
v 0.40179 0.07036 0.43952
v 0.43444 0.08878 0.41627
v 0.52180 0.16979 0.32076
v 0.40680 -0.16073 0.41445
v 0.44336 -0.18890 0.37913
v 0.38361 -0.09495 0.44593
v 0.54336 0.19629 0.28362
v 0.40474 0.17636 0.40964
v 0.39962 0.12012 0.43072
v 0.30305 -0.03007 0.49150
v 0.31360 -0.10173 0.47827
v 0.34831 -0.15749 0.44772
v 0.31245 0.06441 0.48427
v 0.34841 0.08446 0.46527
v 0.46816 0.22271 0.34242
v 0.43867 0.22056 0.36672
v 0.32224 0.15845 0.45924
v 0.30404 -0.16167 0.46666
v 0.24249 0.01549 0.51328
v 0.40329 -0.22818 0.38657
v 0.34382 -0.21720 0.42613
v 0.43354 -0.24242 0.35793
v 0.47838 -0.24973 0.31731
v 0.49541 -0.21661 0.32326
v 0.24238 -0.15829 0.49076
v 0.26971 -0.09443 0.49667
v 0.19887 -0.03737 0.52447
v 0.25796 0.13502 0.49110
v 0.31557 0.19811 0.44782
v 0.19993 0.08038 0.51921
v 0.22062 0.14744 0.49927
v 0.28314 0.16678 0.47268
v 0.14559 -0.11160 0.52659
v 0.15503 -0.06818 0.53127
v 0.13762 0.04556 0.53600
v 0.50252 0.22285 0.31111
v 0.37713 0.23631 0.39865
v 0.21049 -0.21992 0.47854
v 0.31317 -0.26069 0.41881
v 0.14526 -0.16941 0.51286
v 0.35045 -0.26730 0.39553
v 0.38901 -0.27458 0.36770
v 0.13539 0.07808 0.53267
v 0.23083 -0.28021 0.44178
v 0.08829 -0.05657 0.54201
v 0.05776 0.02017 0.54648
v 0.13556 -0.22800 0.49395
v 0.20609 0.25267 0.46193
v 0.18648 0.20160 0.48987
v 0.09214 0.14598 0.52434
v 0.14125 0.15805 0.51408
v 0.02146 0.11979 0.53530
v 0.11275 -0.21019 0.50506
v 0.28754 0.27217 0.42343
v 0.39631 0.28422 0.35705
v 0.15792 -0.28670 0.46001
v 0.11955 -0.26912 0.47779
v 0.24645 -0.30891 0.41806
v 0.29051 -0.30907 0.39901
v 0.31054 -0.31914 0.38181
v 0.36447 -0.30925 0.35831
v 0.41697 -0.31536 0.31635
v 0.47691 -0.27936 0.29594
v 0.49441 -0.29907 0.25975
v 0.22650 0.28988 0.43518
v 0.31947 0.31855 0.37770
v 0.14445 0.25790 0.47322
v 0.06093 0.22674 0.49853
v 0.27850 0.29981 0.41000
v -0.01026 0.20323 0.51016
v 0.51346 0.26181 0.27068
v 0.46589 0.28711 0.29884
v 0.44880 0.31502 0.28942
v 0.42938 0.32468 0.29774
v 0.55627 0.24088 0.23373
v 0.36171 0.33645 0.33835
v 0.38721 0.34662 0.31067
v 0.27963 0.33639 0.38300
v 0.17602 0.33198 0.42120
v 0.12512 0.35105 0.41744
v 0.09590 0.30201 0.45562
v 0.02177 0.29039 0.46798
v -0.04962 0.21715 0.50298
v 0.23373 0.37699 0.36714
v 0.18473 0.38217 0.37833
v 0.29700 0.37962 0.33603
v 0.04044 0.32918 0.44257
v 0.14179 0.36703 0.40160
v 0.57395 0.24845 0.19765
v 0.61169 0.19724 0.17903
v 0.63577 0.16530 0.15524
v 0.43866 0.35322 0.25747
v 0.50073 0.31245 0.23453
v 0.45814 0.34593 0.24526
v 0.34330 0.40918 0.27215
v 0.30916 0.41779 0.28541
v 0.37182 0.40594 0.25264
v 0.00345 0.35343 0.42590
v 0.22363 0.43446 0.31020
v 0.17527 0.43585 0.32559
v 0.26244 0.42393 0.30511
v 0.05330 0.40816 0.37663
v -0.05511 0.35647 0.42110
v -0.08088 0.32893 0.43874
v -0.06202 0.29077 0.46518
v 0.00674 0.40783 0.37888
v 0.12581 0.43866 0.33441
v 0.04033 0.44566 0.33718
v 0.48344 0.35836 0.19371
v 0.50243 0.35215 0.17305
v -0.06917 0.39673 0.38535
v -0.06983 0.39174 0.38988
v 0.16987 -0.36205 0.40512
v 0.59274 0.25274 0.15375
v 0.60689 0.22885 0.15364
v 0.67404 0.07529 0.11618
v 0.11452 -0.34517 0.43150
v -0.15026 0.35772 0.40475
v 0.23653 -0.36859 0.37596
v 0.38026 0.43090 0.20310
v 0.63370 0.19073 0.13301
v -0.10198 0.40347 0.37421
v -0.14618 0.38448 0.38281
v 0.57243 0.30384 0.11107
v 0.65421 0.15612 0.11191
v 0.64287 0.20065 0.08494
v 0.60932 0.25426 0.10351
v 0.57423 -0.26980 0.17764
v 0.51090 -0.31929 0.21592
v 0.67796 -0.08226 0.10101
v 0.64999 -0.16312 0.12497
v 0.61897 -0.20482 0.16178
v 0.49070 0.38231 0.13044
v 0.52358 0.36317 0.09668
v 0.68337 0.10230 0.04593
v 0.69025 -0.04364 0.06749
v 0.69449 0.01444 0.04992
v 0.60946 -0.25835 0.10831
v 0.66689 -0.15472 0.06936
v 0.58568 0.30661 0.03952
v 0.63707 0.22481 0.05051
v 0.65154 -0.19866 0.06066
v 0.65523 0.19447 -0.01695
v 0.61264 0.27143 -0.02642
v 0.69750 -0.02794 -0.00815
v 0.68434 0.10883 -0.02322
v 0.69720 0.01825 -0.02603
v 0.67378 -0.15354 0.00192
v 0.64429 0.21314 -0.04766
v 0.65721 -0.19690 -0.01744
v 0.68213 -0.11094 -0.05720
v 0.68507 -0.06535 -0.08833
v 0.68227 0.10187 -0.06198
v 0.69044 0.00302 -0.08295
v 0.66921 0.14105 -0.07670
v 0.67905 0.07449 -0.10509
v 0.67508 0.10525 -0.09609
v 0.62703 0.23366 -0.08846
v -0.65904 -0.10315 -0.15541
v -0.62867 -0.09522 -0.22327
v -0.64485 -0.10676 -0.18696
v -0.66330 -0.01463 -0.17340
v -0.65410 -0.00189 -0.19442
v -0.62920 -0.01647 -0.23965
v -0.64473 -0.15387 -0.15411
v -0.61798 -0.18812 -0.18369
v -0.65932 -0.15215 -0.11157
v -0.67452 -0.12418 -0.08218
v -0.67731 -0.04850 -0.12786
v -0.66413 -0.05269 -0.16472
v -0.63195 -0.18423 -0.15622
v -0.58661 -0.16716 -0.25243
v -0.59233 -0.11715 -0.26989
v -0.59950 -0.07284 -0.27462
v -0.59921 -0.20655 -0.20258
v -0.60913 0.01124 -0.26981
v -0.67867 0.02014 -0.12935
v -0.64097 0.07034 -0.20813
v -0.66638 0.04546 -0.15962
v -0.69178 0.00164 -0.07516
v -0.68718 -0.07942 -0.06384
v -0.67878 -0.08694 -0.10163
v -0.68544 -0.09752 -0.05128
v -0.62829 -0.22318 -0.11346
v -0.66289 -0.17468 -0.05142
v -0.64785 -0.20622 -0.06355
v -0.55257 -0.20869 -0.27016
v -0.57485 -0.21326 -0.23642
v -0.56699 -0.13198 -0.29567
v -0.54077 -0.09397 -0.33651
v -0.54559 -0.08762 -0.33333
v -0.53569 -0.15760 -0.31873
v -0.56776 -0.25894 -0.20310
v -0.52119 -0.19703 -0.31288
v -0.54802 -0.00206 -0.34117
v -0.52692 -0.04527 -0.35851
v -0.52192 -0.01467 -0.36514
v -0.55965 0.04217 -0.32661
v -0.52647 -0.28390 -0.23735
v -0.52089 -0.24106 -0.28338
v -0.51619 -0.21752 -0.30526
v -0.49012 -0.18656 -0.34740
v -0.54781 -0.31265 -0.16483
v -0.57768 -0.29660 -0.12521
v -0.59846 -0.27525 -0.10870
v -0.54575 -0.29141 -0.19998
v -0.62585 -0.23925 -0.08959
v -0.49178 -0.29191 -0.27108
v -0.53492 -0.32268 -0.17274
v -0.48209 -0.24455 -0.31984
v -0.45381 -0.16870 -0.38400
v -0.46877 -0.11247 -0.39244
v -0.51719 -0.09118 -0.35911
v -0.48010 -0.30039 -0.27528
v -0.47144 -0.07319 -0.39916
v -0.43971 -0.24912 -0.35186
v -0.49257 -0.35189 -0.19558
v -0.41956 -0.32589 -0.30696
v -0.42242 -0.29146 -0.33463
v -0.58788 0.07501 -0.28799
v -0.38798 -0.24650 -0.38875
v -0.40749 -0.14381 -0.42351
v -0.40701 -0.26639 -0.36394
v -0.40884 -0.12647 -0.42797
v -0.47047 -0.01829 -0.40551
v -0.36298 -0.22681 -0.41411
v -0.36240 -0.18899 -0.43200
v -0.40613 -0.08754 -0.43872
v -0.36917 -0.13354 -0.44793
v -0.41581 -0.05832 -0.43765
v -0.51505 0.01759 -0.37077
v -0.43275 -0.36457 -0.25159
v -0.45642 -0.38396 -0.19402
v -0.36585 -0.30943 -0.35975
v -0.32431 -0.29734 -0.39242
v -0.36406 -0.35549 -0.32022
v -0.33033 -0.16266 -0.45771
v -0.36229 -0.38759 -0.28607
v -0.50020 -0.36982 -0.14893
v -0.55144 -0.33656 -0.10435
v -0.29707 -0.22692 -0.44606
v -0.28266 -0.25452 -0.43800
v -0.28494 -0.30140 -0.40859
v -0.38714 -0.40038 -0.24766
v -0.29417 -0.35279 -0.36457
v -0.32395 -0.36505 -0.33679
v -0.41912 -0.40725 -0.20184
v -0.50250 -0.38866 -0.08921
v -0.45069 -0.41090 -0.14702
v -0.32501 -0.40458 -0.29266
v -0.58410 -0.31079 -0.05732
v -0.57722 -0.31861 -0.06108
v -0.33179 -0.40838 -0.28301
v -0.29224 -0.38471 -0.33522
v -0.28793 -0.43575 -0.27645
v -0.36243 -0.43132 -0.22277
v -0.31587 -0.43044 -0.26449
v -0.23980 -0.34102 -0.39836
v -0.26976 -0.39949 -0.33150
v -0.23241 -0.29539 -0.43308
v -0.36975 -0.45149 -0.17431
v -0.24876 -0.43427 -0.30142
v -0.23312 -0.39673 -0.35142
v -0.30524 -0.46201 -0.22117
v -0.52940 -0.37137 -0.05436
v -0.43598 -0.43886 -0.08943
v -0.46904 -0.41848 -0.07582
v -0.19386 -0.39667 -0.36643
v -0.19145 -0.38144 -0.38147
v -0.63611 -0.23841 -0.00579
v -0.35603 -0.47226 -0.13883
v -0.39576 -0.46186 -0.09781
v -0.24353 -0.48385 -0.22801
v -0.23203 -0.46254 -0.27098
v -0.18179 -0.35011 -0.41064
v -0.18583 -0.31896 -0.43213
v -0.18391 -0.44827 -0.31300
v -0.22796 -0.48462 -0.23678
v -0.26651 -0.49757 -0.18015
v -0.66117 -0.18582 -0.01344
v -0.28152 -0.50569 -0.14094
v -0.13889 -0.40383 -0.37557
v -0.14726 -0.42808 -0.34870
v -0.27157 -0.20757 -0.46493
v -0.20825 -0.26049 -0.46078
v -0.15744 -0.32715 -0.43375
v -0.13287 -0.36641 -0.40985
v -0.18741 -0.49627 -0.23875
v -0.14076 -0.48963 -0.27048
v -0.13047 -0.45766 -0.31884
v -0.33046 -0.49066 -0.11944
v -0.12987 -0.31241 -0.44927
v -0.45920 -0.43090 -0.03890
v -0.35124 -0.48926 -0.08038
v -0.60210 -0.29031 0.02800
v -0.58474 -0.31503 0.00520
v -0.57307 -0.32877 -0.02162
v -0.54972 -0.35503 0.00311
v -0.49818 -0.40269 0.00466
v -0.09324 -0.44672 -0.34051
v -0.37781 -0.48114 -0.03609
v -0.08498 -0.41488 -0.37553
v -0.08146 -0.49245 -0.28257
v -0.06503 -0.36518 -0.42136
v -0.18216 -0.21949 -0.48700
v -0.13224 -0.26974 -0.47354
v -0.04073 -0.41142 -0.38377
v -0.04671 -0.44599 -0.34776
v -0.03899 -0.35318 -0.43256
v -0.08122 -0.26844 -0.48144
v -0.02041 -0.46847 -0.32288
v 0.03539 -0.31959 -0.45612
v -0.03890 -0.24712 -0.49513
v 0.02428 -0.25298 -0.49321
v 0.03584 -0.39354 -0.40068
v 0.05465 -0.42558 -0.36938
v 0.08157 -0.38235 -0.40655
v 0.05555 -0.46426 -0.32606
v 0.07726 -0.44751 -0.34347
v 0.12087 -0.37852 -0.40425
v 0.11123 -0.33346 -0.44001
v 0.10223 -0.27764 -0.47511
v -0.55972 0.08304 -0.31864
v 0.16178 -0.41931 -0.35742
v 0.15568 -0.46182 -0.30935
v 0.21227 -0.36713 -0.39184
v 0.20221 -0.31247 -0.43542
v 0.20750 -0.22186 -0.48192
v 0.21239 -0.28618 -0.44874
v -0.62012 0.11219 -0.22788
v 0.25383 -0.30253 -0.42559
v 0.29997 -0.33492 -0.38333
v -0.57937 0.10960 -0.28756
v -0.53386 0.11793 -0.33466
v -0.57590 0.15094 -0.27299
v -0.54486 0.18790 -0.28969
v -0.49429 0.18239 -0.34427
v -0.58608 0.15483 -0.25697
v 0.25032 -0.43265 -0.30946
v 0.32994 -0.36072 -0.34509
v 0.31587 -0.39789 -0.31482
v 0.32304 -0.28441 -0.40780
v 0.33420 -0.29090 -0.39801
v 0.29975 -0.41752 -0.30116
v -0.53802 0.21971 -0.27600
v -0.50122 0.22900 -0.31020
v 0.38989 -0.28969 -0.36627
v 0.41805 -0.30058 -0.33810
v 0.37982 -0.35176 -0.32086
v -0.59517 0.20265 -0.20645
v -0.61634 0.16027 -0.20431
v -0.57627 0.21243 -0.22920
v -0.63354 0.13266 -0.19089
v -0.65697 0.13178 -0.13304
v -0.57790 0.23704 -0.20177
v -0.54660 0.24781 -0.24062
v -0.56132 0.24793 -0.21807
v -0.50864 0.26743 -0.27150
v -0.66132 0.10020 -0.14687
v -0.67828 0.07228 -0.11001
v -0.63309 0.19960 -0.12053
v -0.66349 0.14387 -0.09381
v -0.68849 0.07255 -0.05484
v -0.67958 0.11801 -0.04251
v -0.69283 0.03911 -0.05494
v 0.67905 0.07449 -0.10509
v 0.65523 0.19447 -0.01695
v 0.68227 0.10187 -0.06198
v 0.22806 0.44996 -0.29441
v 0.31639 0.38118 -0.32609
v 0.26484 0.42211 -0.31034
vt 0.63756 0.38817
vt 0.64935 0.41405
vt 0.66754 0.39026
vt 0.65957 0.41368
vt 0.63545 0.35854
vt 0.65469 0.34843
vt 0.68706 0.36651
vt 0.66913 0.32361
vt 0.68405 0.34295
vt 0.65859 0.31489
vt 0.63405 0.32639
vt 0.68544 0.34244
vt 0.68089 0.31084
vt 0.67192 0.29901
vt 0.70055 0.34456
vt 0.69738 0.40875
vt 0.67920 0.41286
vt 0.69601 0.30699
vt 0.71310 0.38766
vt 0.65602 0.30341
vt 0.71042 0.33831
vt 0.72592 0.36981
vt 0.72532 0.39269
vt 0.66678 0.44322
vt 0.68274 0.43356
vt 0.64479 0.44201
vt 0.62442 0.43667
vt 0.62465 0.41536
vt 0.61959 0.37983
vt 0.62186 0.35003
vt 0.63452 0.30028
vt 0.60879 0.31625
vt 0.66200 0.27282
vt 0.68150 0.28010
vt 0.72224 0.31665
vt 0.70743 0.29812
vt 0.69905 0.27753
vt 0.65134 0.27124
vt 0.63342 0.27629
vt 0.62660 0.29774
vt 0.60416 0.35722
vt 0.60159 0.33503
vt 0.61416 0.29730
vt 0.59735 0.38024
vt 0.61210 0.41320
vt 0.61076 0.43686
vt 0.71859 0.29911
vt 0.73557 0.35512
vt 0.60429 0.27648
vt 0.59272 0.32239
vt 0.63421 0.25496
vt 0.59893 0.28488
vt 0.59462 0.35107
vt 0.58211 0.33869
vt 0.65569 0.24072
vt 0.67393 0.24697
vt 0.67612 0.26079
vt 0.63511 0.24100
vt 0.61600 0.25466
vt 0.58703 0.30576
vt 0.59338 0.28760
vt 0.69879 0.24294
vt 0.70786 0.25871
vt 0.60477 0.25691
vt 0.56857 0.37360
vt 0.65148 0.22667
vt 0.68385 0.22747
vt 0.73838 0.33640
vt 0.72171 0.28200
vt 0.73870 0.30637
vt 0.67372 0.22324
vt 0.66058 0.19894
vt 0.69774 0.22605
vt 0.64360 0.21043
vt 0.73004 0.27150
vt 0.60138 0.24427
vt 0.62556 0.22205
vt 0.61345 0.22062
vt 0.60626 0.22874
vt 0.57489 0.29507
vt 0.63072 0.19724
vt 0.56283 0.32198
vt 0.57379 0.26597
vt 0.58838 0.40225
vt 0.58952 0.41268
vt 0.60206 0.40555
vt 0.55475 0.32722
vt 0.55587 0.34472
vt 0.59801 0.44740
vt 0.56390 0.28741
vt 0.62116 0.20741
vt 0.57857 0.22793
vt 0.57358 0.24898
vt 0.59000 0.23256
vt 0.59480 0.21872
vt 0.55609 0.37983
vt 0.57494 0.42007
vt 0.55853 0.39045
vt 0.58076 0.45059
vt 0.60930 0.45891
vt 0.61698 0.47770
vt 0.55465 0.40811
vt 0.63512 0.47895
vt 0.54423 0.29899
vt 0.54489 0.33920
vt 0.65458 0.48051
vt 0.53526 0.35120
vt 0.55834 0.26392
vt 0.53787 0.31491
vt 0.54674 0.28096
vt 0.54846 0.27472
vt 0.55566 0.24707
vt 0.61559 0.19997
vt 0.59584 0.20536
vt 0.58471 0.20927
vt 0.55536 0.43511
vt 0.53336 0.38915
vt 0.53112 0.40765
vt 0.52484 0.34016
vt 0.53228 0.41880
vt 0.55420 0.23838
vt 0.56337 0.22487
vt 0.64778 0.17729
vt 0.51875 0.30423
vt 0.52732 0.28152
vt 0.51453 0.32822
vt 0.53201 0.25764
vt 0.54820 0.24649
vt 0.56857 0.20046
vt 0.51003 0.35893
vt 0.60977 0.17410
vt 0.53235 0.25236
vt 0.54364 0.22641
vt 0.53521 0.23613
vt 0.58876 0.18023
vt 0.55886 0.20760
vt 0.54920 0.20945
vt 0.51043 0.30841
vt 0.51578 0.39290
vt 0.50326 0.38499
vt 0.54392 0.44612
vt 0.52001 0.27855
vt 0.57898 0.47114
vt 0.56140 0.46515
vt 0.59223 0.47085
vt 0.52729 0.43015
vt 0.59204 0.48385
vt 0.60096 0.50410
vt 0.55905 0.47233
vt 0.68435 0.47744
vt 0.57834 0.48582
vt 0.59187 0.50570
vt 0.70634 0.45623
vt 0.70776 0.41997
vt 0.70717 0.41603
vt 0.66826 0.49113
vt 0.62209 0.50865
vt 0.63935 0.50627
vt 0.73068 0.42224
vt 0.61476 0.51776
vt 0.65802 0.51572
vt 0.49849 0.31085
vt 0.49304 0.32496
vt 0.49712 0.34739
vt 0.50337 0.40920
vt 0.49883 0.41788
vt 0.50092 0.27664
vt 0.61159 0.16434
vt 0.62355 0.15214
vt 0.63815 0.15359
vt 0.56695 0.18180
vt 0.50871 0.24171
vt 0.53103 0.21663
vt 0.51695 0.23375
vt 0.50047 0.44836
vt 0.52387 0.47349
vt 0.49100 0.39923
vt 0.47904 0.38646
vt 0.47364 0.35824
vt 0.59976 0.53083
vt 0.58540 0.52581
vt 0.57501 0.50648
vt 0.55218 0.50354
vt 0.55489 0.48323
vt 0.53971 0.47473
vt 0.53009 0.46166
vt 0.56827 0.51516
vt 0.62038 0.54335
vt 0.54555 0.51069
vt 0.52488 0.48988
vt 0.50725 0.47479
vt 0.57133 0.54453
vt 0.55291 0.53556
vt 0.63904 0.54221
vt 0.65190 0.53330
vt 0.68820 0.51047
vt 0.70467 0.48145
vt 0.47775 0.42231
vt 0.51835 0.50522
vt 0.53052 0.51784
vt 0.50248 0.47924
vt 0.47550 0.44836
vt 0.58478 0.55916
vt 0.48712 0.46115
vt 0.53064 0.53515
vt 0.52062 0.52408
vt 0.65914 0.54096
vt 0.68551 0.52249
vt 0.67810 0.53764
vt 0.59787 0.56528
vt 0.62086 0.54826
vt 0.53026 0.54707
vt 0.63834 0.56960
vt 0.73167 0.48372
vt 0.70591 0.50292
vt 0.72838 0.46608
vt 0.56771 0.56466
vt 0.70143 0.53136
vt 0.72169 0.50804
vt 0.72350 0.51387
vt 0.67447 0.55484
vt 0.66676 0.57845
vt 0.51494 0.52631
vt 0.55095 0.57191
vt 0.48966 0.48756
vt 0.49880 0.51448
vt 0.62711 0.58610
vt 0.59886 0.57862
vt 0.69504 0.55601
vt 0.53986 0.18370
vt 0.55555 0.17822
vt 0.56964 0.17197
vt 0.50291 0.22955
vt 0.51235 0.21052
vt 0.65044 0.58666
vt 0.56755 0.60281
vt 0.56045 0.59192
vt 0.71973 0.53709
vt 0.47524 0.51228
vt 0.53683 0.58247
vt 0.59191 0.60361
vt 0.69495 0.57442
vt 0.72179 0.55226
vt 0.70591 0.55816
vt 0.60947 0.61019
vt 0.59838 0.60904
vt 0.55218 0.16255
vt 0.52709 0.58651
vt 0.51114 0.56458
vt 0.50205 0.53646
vt 0.64407 0.61348
vt 0.62555 0.61147
vt 0.61586 0.63254
vt 0.48814 0.55192
vt 0.56969 0.15222
vt 0.57392 0.62110
vt 0.67837 0.60810
vt 0.65291 0.61820
vt 0.69949 0.59566
vt 0.71522 0.57479
vt 0.73870 0.56149
vt 0.56414 0.61288
vt 0.54063 0.61239
vt 0.58577 0.63435
vt 0.60300 0.64286
vt 0.68722 0.61386
vt 0.55174 0.63352
vt 0.63608 0.63977
vt 0.51782 0.60441
vt 0.49892 0.58317
vt 0.54292 0.62605
vt 0.67336 0.62370
vt 0.65731 0.64795
vt 0.56464 0.65380
vt 0.57591 0.65470
vt 0.64179 0.65166
vt 0.52126 0.63474
vt 0.62102 0.67188
vt 0.59786 0.66950
vt 0.55053 0.65542
vt 0.52286 0.65282
vt 0.70549 0.85276
vt 0.68326 0.86273
vt 0.66433 0.86240
vt 0.69709 0.84427
vt 0.70539 0.85901
vt 0.66254 0.87887
vt 0.67632 0.88416
vt 0.69655 0.88242
vt 0.71078 0.87555
vt 0.67948 0.84798
vt 0.66397 0.84359
vt 0.65093 0.87924
vt 0.64398 0.87069
vt 0.69279 0.83251
vt 0.68125 0.82575
vt 0.72152 0.85137
vt 0.67492 0.89927
vt 0.68348 0.90321
vt 0.69472 0.89661
vt 0.65485 0.90015
vt 0.71268 0.90084
vt 0.72684 0.87946
vt 0.73476 0.86337
vt 0.74050 0.87272
vt 0.70368 0.91547
vt 0.69142 0.90888
vt 0.67446 0.92209
vt 0.65326 0.91737
vt 0.73594 0.90214
vt 0.74937 0.87707
vt 0.69105 0.93234
vt 0.63119 0.90415
vt 0.62836 0.89974
vt 0.63462 0.91737
vt 0.70822 0.92474
vt 0.72091 0.92945
vt 0.73478 0.91583
vt 0.67803 0.93568
vt 0.66016 0.93487
vt 0.62239 0.86554
vt 0.64955 0.84286
vt 0.61775 0.89209
vt 0.72860 0.83257
vt 0.70862 0.82585
vt 0.75565 0.86362
vt 0.74268 0.84272
vt 0.74111 0.84768
vt 0.75609 0.85190
vt 0.76722 0.87630
vt 0.75001 0.89580
vt 0.65674 0.82013
vt 0.64809 0.83191
vt 0.71335 0.81904
vt 0.70707 0.82007
vt 0.68892 0.80534
vt 0.75424 0.82816
vt 0.76602 0.83771
vt 0.76199 0.89890
vt 0.75520 0.91597
vt 0.72894 0.93335
vt 0.73583 0.81614
vt 0.72487 0.80726
vt 0.70771 0.79869
vt 0.68234 0.80579
vt 0.66895 0.80843
vt 0.60449 0.84162
vt 0.62391 0.83424
vt 0.78634 0.85470
vt 0.78476 0.83550
vt 0.78153 0.88578
vt 0.76423 0.81559
vt 0.76131 0.80672
vt 0.72433 0.79472
vt 0.67969 0.79685
vt 0.65612 0.79435
vt 0.75622 0.79592
vt 0.74748 0.78921
vt 0.70024 0.78496
vt 0.63981 0.79473
vt 0.63273 0.80296
vt 0.60859 0.81821
vt 0.61799 0.83100
vt 0.63797 0.81027
vt 0.59865 0.89106
vt 0.58856 0.83364
vt 0.58009 0.86267
vt 0.67122 0.77397
vt 0.68543 0.77614
vt 0.60179 0.91882
vt 0.63511 0.93833
vt 0.64613 0.93229
vt 0.65633 0.77569
vt 0.59991 0.79624
vt 0.72247 0.77444
vt 0.63535 0.78444
vt 0.63481 0.77279
vt 0.73109 0.77905
vt 0.70021 0.77239
vt 0.61529 0.94285
vt 0.64920 0.95248
vt 0.56254 0.88539
vt 0.65301 0.94767
vt 0.69446 0.94215
vt 0.71633 0.94241
vt 0.55798 0.86973
vt 0.56445 0.90725
vt 0.57663 0.92154
vt 0.66601 0.95852
vt 0.68738 0.95496
vt 0.74302 0.93534
vt 0.65244 0.95720
vt 0.78783 0.86852
vt 0.79604 0.85364
vt 0.56140 0.82449
vt 0.56188 0.81244
vt 0.59603 0.95323
vt 0.79246 0.82495
vt 0.77655 0.90876
vt 0.78524 0.89825
vt 0.79140 0.87058
vt 0.71533 0.96215
vt 0.73561 0.95821
vt 0.57691 0.94636
vt 0.56966 0.93056
vt 0.64960 0.96437
vt 0.61090 0.96962
vt 0.69271 0.97144
vt 0.66869 0.97846
vt 0.77195 0.93268
vt 0.76081 0.93867
vt 0.74554 0.96037
vt 0.79990 0.88768
vt 0.64580 0.97814
vt 0.63436 0.99110
vt 0.71834 0.97202
vt 0.75896 0.95881
vt 0.76461 0.95290
vt 0.79066 0.91226
vt 0.77510 0.80099
vt 0.79022 0.81245
vt 0.80520 0.82099
vt 0.81097 0.84951
vt 0.73482 0.77562
vt 0.74698 0.77332
vt 0.75850 0.77466
vt 0.81534 0.87090
vt 0.77591 0.78415
vt 0.81744 0.83135
vt 0.73186 0.76376
vt 0.79538 0.79987
vt 0.79868 0.80913
vt 0.81731 0.87687
vt 0.81005 0.88833
vt 0.77151 0.94972
vt 0.73194 0.98048
vt 0.81386 0.90298
vt 0.65741 0.75174
vt 0.64109 0.75874
vt 0.62502 0.75886
vt 0.61148 0.76417
vt 0.71785 0.75371
vt 0.69831 0.75299
vt 0.68915 0.75725
vt 0.68525 0.76466
vt 0.79714 0.78591
vt 0.77869 0.78030
vt 0.67125 0.73761
vt 0.77696 0.75861
vt 0.71538 0.74380
vt 0.72541 0.74479
vt 0.65850 0.74213
vt 0.73384 0.74451
vt 0.74881 0.75751
vt 0.81504 0.80518
vt 0.70824 0.73184
vt 0.68784 0.72094
vt 0.74747 0.74376
vt 0.75923 0.74095
vt 0.80071 0.77524
vt 0.78240 0.75906
vt 0.64781 0.72606
vt 0.63268 0.72845
vt 0.60466 0.72564
vt 0.83237 0.84545
vt 0.83749 0.86269
vt 0.80432 0.92128
vt 0.81787 0.78456
vt 0.83710 0.82215
vt 0.82825 0.80737
vt 0.73231 0.73068
vt 0.71082 0.72131
vt 0.70020 0.71092
vt 0.63888 0.74544
vt 0.66262 0.71862
vt 0.64156 0.71239
vt 0.74874 0.72282
vt 0.77087 0.74169
vt 0.76034 0.72427
vt 0.78271 0.74771
vt 0.73524 0.71527
vt 0.80860 0.75607
vt 0.66775 0.70126
vt 0.79630 0.74382
vt 0.81531 0.76580
vt 0.83256 0.89413
vt 0.82181 0.90244
vt 0.79545 0.95105
vt 0.83671 0.80063
vt 0.70879 0.99351
vt 0.84469 0.85527
vt 0.68563 0.69596
vt 0.77922 0.72690
vt 0.70933 0.69233
vt 0.72257 0.70754
vt 0.74495 0.70580
vt 0.72619 0.68881
vt 0.84797 0.89218
vt 0.85066 0.87786
vt 0.76003 0.97435
vt 0.74588 0.98726
vt 0.82689 0.91900
vt 0.81571 0.92436
vt 0.81619 0.93826
vt 0.69224 0.99918
vt 0.67370 0.98858
vt 0.77680 0.96692
vt 0.65052 0.99771
vt 0.83445 0.91126
vt 0.85323 0.84312
vt 0.85376 0.82663
vt 0.83472 0.77591
vt 0.58281 0.97958
vt 0.56469 0.95768
vt 0.61118 0.99918
vt 0.84947 0.85636
vt 0.81647 0.95377
vt 0.66903 0.68832
vt 0.86113 0.80153
vt 0.78805 0.71468
vt 0.79456 0.72372
vt 0.82325 0.74444
vt 0.80931 0.73305
vt 0.83508 0.75059
vt 0.76620 0.69544
vt 0.80389 0.71130
vt 0.84858 0.77515
vt 0.83371 0.93986
vt 0.84283 0.91776
vt 0.85472 0.87904
vt 0.87092 0.85605
vt 0.86997 0.86915
vt 0.80813 0.97200
vt 0.78330 0.98451
vt 0.85843 0.91060
vt 0.84854 0.92384
vt 0.87279 0.82667
vt 0.87296 0.80446
vt 0.82846 0.73093
vt 0.84892 0.75032
vt 0.81171 0.97513
vt 0.83706 0.96257
vt 0.87865 0.89595
vt 0.85508 0.93689
vt 0.85004 0.94844
vt 0.83901 0.73097
vt 0.86675 0.76755
vt 0.87681 0.77720
vt 0.87137 0.91501
vt 0.88643 0.88332
vt 0.89095 0.85141
vt 0.84643 0.72248
vt 0.86552 0.94978
vt 0.89950 0.86281
vt 0.90204 0.83278
vt 0.87815 0.80360
vt 0.89373 0.79426
vt 0.91002 0.82255
vt 0.90725 0.81216
vt 0.86446 0.73475
vt 0.88388 0.94192
vt 0.89275 0.77802
vt 0.88092 0.73685
vt 0.89917 0.92198
vt 0.90498 0.90122
vt 0.91829 0.78890
vt 0.90930 0.75533
vt 0.91584 0.77421
vt 0.92059 0.86896
vt 0.92971 0.88083
vt 0.92521 0.86241
vt 0.92997 0.83285
vt 0.92339 0.81847
vt 0.92303 0.80595
vt 0.25041 0.51235
vt 0.27111 0.51604
vt 0.25963 0.54769
vt 0.27821 0.54404
vt 0.23301 0.50940
vt 0.23011 0.53376
vt 0.22749 0.54830
vt 0.24519 0.55741
vt 0.25604 0.56705
vt 0.25988 0.56799
vt 0.20747 0.51268
vt 0.19988 0.52808
vt 0.25151 0.48743
vt 0.22440 0.49650
vt 0.29710 0.54755
vt 0.28818 0.52335
vt 0.26482 0.57880
vt 0.29394 0.56883
vt 0.28937 0.58201
vt 0.29327 0.50081
vt 0.29774 0.51333
vt 0.31523 0.57031
vt 0.32222 0.55463
vt 0.29145 0.48017
vt 0.32052 0.52150
vt 0.30824 0.50496
vt 0.27148 0.46664
vt 0.25732 0.47021
vt 0.21903 0.46505
vt 0.20066 0.47991
vt 0.24025 0.47281
vt 0.19226 0.49998
vt 0.32828 0.55272
vt 0.33552 0.53864
vt 0.25177 0.44599
vt 0.26372 0.44954
vt 0.31203 0.47028
vt 0.31984 0.47791
vt 0.29091 0.45087
vt 0.19646 0.45030
vt 0.23506 0.42795
vt 0.21744 0.43797
vt 0.18323 0.46239
vt 0.17865 0.47920
vt 0.33440 0.48491
vt 0.33972 0.51607
vt 0.34186 0.49037
vt 0.19750 0.42476
vt 0.18400 0.43051
vt 0.18002 0.52115
vt 0.17895 0.43984
vt 0.16949 0.47032
vt 0.21681 0.40569
vt 0.22947 0.41402
vt 0.26958 0.41509
vt 0.27296 0.43705
vt 0.28177 0.42213
vt 0.16388 0.43571
vt 0.15078 0.44879
vt 0.18081 0.41402
vt 0.20168 0.39910
vt 0.25340 0.39565
vt 0.30273 0.42632
vt 0.32121 0.45607
vt 0.16302 0.49173
vt 0.16768 0.50220
vt 0.18528 0.38847
vt 0.14341 0.46505
vt 0.15182 0.47979
vt 0.18634 0.54179
vt 0.20520 0.57168
vt 0.25049 0.58815
vt 0.22564 0.57987
vt 0.30200 0.59369
vt 0.30351 0.58123
vt 0.32585 0.58630
vt 0.27451 0.59797
vt 0.34613 0.56764
vt 0.35490 0.55407
vt 0.35196 0.53525
vt 0.34807 0.51829
vt 0.36031 0.50077
vt 0.32864 0.45353
vt 0.36374 0.53340
vt 0.36941 0.51427
vt 0.36604 0.54822
vt 0.35075 0.47812
vt 0.32733 0.43659
vt 0.35144 0.45405
vt 0.29509 0.60620
vt 0.36898 0.55983
vt 0.37988 0.53048
vt 0.28572 0.40228
vt 0.29360 0.40233
vt 0.22419 0.37943
vt 0.16827 0.40223
vt 0.36951 0.47678
vt 0.37606 0.49661
vt 0.38320 0.58174
vt 0.37668 0.59416
vt 0.34783 0.60882
vt 0.36414 0.60040
vt 0.31571 0.61307
vt 0.38341 0.55708
vt 0.38128 0.53341
vt 0.39185 0.56806
vt 0.33451 0.61713
vt 0.24854 0.60401
vt 0.22771 0.60184
vt 0.30381 0.62300
vt 0.16400 0.52950
vt 0.18453 0.56827
vt 0.17344 0.56949
vt 0.15198 0.50274
vt 0.14754 0.39481
vt 0.15967 0.39009
vt 0.15302 0.42080
vt 0.13400 0.45017
vt 0.27032 0.62427
vt 0.28811 0.63405
vt 0.18921 0.57502
vt 0.13910 0.40853
vt 0.13584 0.42631
vt 0.12806 0.47486
vt 0.12699 0.49238
vt 0.14152 0.52211
vt 0.12833 0.50259
vt 0.23213 0.61503
vt 0.25088 0.62463
vt 0.12177 0.42861
vt 0.11792 0.45211
vt 0.20597 0.61508
vt 0.18498 0.59942
vt 0.16160 0.57132
vt 0.17391 0.60091
vt 0.13504 0.55042
vt 0.19063 0.36374
vt 0.16025 0.37539
vt 0.17882 0.37945
vt 0.25621 0.38184
vt 0.31281 0.39993
vt 0.33100 0.42529
vt 0.33508 0.42181
vt 0.37060 0.45536
vt 0.39792 0.53454
vt 0.38945 0.52070
vt 0.39953 0.55751
vt 0.39729 0.56659
vt 0.39114 0.49316
vt 0.38015 0.47347
vt 0.26592 0.37200
vt 0.22685 0.36669
vt 0.38216 0.45453
vt 0.40153 0.59188
vt 0.40418 0.49774
vt 0.41287 0.52615
vt 0.39327 0.61953
vt 0.36717 0.42678
vt 0.20361 0.35507
vt 0.29543 0.37531
vt 0.23897 0.35446
vt 0.35315 0.41164
vt 0.41860 0.57701
vt 0.42728 0.55859
vt 0.38245 0.43718
vt 0.41958 0.50820
vt 0.40047 0.47344
vt 0.39593 0.44930
vt 0.41565 0.61344
vt 0.34990 0.38700
vt 0.32791 0.37735
vt 0.30792 0.37413
vt 0.30218 0.36366
vt 0.26479 0.35571
vt 0.41743 0.48182
vt 0.18852 0.35341
vt 0.35803 0.40316
vt 0.36269 0.40609
vt 0.22051 0.34403
vt 0.43005 0.51808
vt 0.11656 0.40032
vt 0.15365 0.35143
vt 0.16218 0.33659
vt 0.29347 0.34543
vt 0.26914 0.34321
vt 0.37894 0.41472
vt 0.38290 0.40416
vt 0.20340 0.33704
vt 0.41747 0.46506
vt 0.43362 0.49175
vt 0.23491 0.33533
vt 0.12456 0.36461
vt 0.44273 0.54796
vt 0.31492 0.34434
vt 0.43311 0.60367
vt 0.43789 0.57642
vt 0.44523 0.54396
vt 0.44491 0.50735
vt 0.24841 0.31925
vt 0.17335 0.32221
vt 0.20615 0.32068
vt 0.18357 0.31003
vt 0.22851 0.31563
vt 0.10608 0.38480
vt 0.09552 0.42866
vt 0.11130 0.50117
vt 0.11107 0.48832
vt 0.10012 0.45822
vt 0.12261 0.53645
vt 0.11369 0.51691
vt 0.09095 0.39711
vt 0.13304 0.32986
vt 0.45054 0.59415
vt 0.45559 0.57605
vt 0.43809 0.62605
vt 0.09928 0.36103
vt 0.10982 0.34325
vt 0.11264 0.53650
vt 0.07636 0.39749
vt 0.46861 0.59104
vt 0.46522 0.60814
vt 0.44916 0.60827
vt 0.45583 0.63405
vt 0.46913 0.63070
vt 0.06402 0.42515
vt 0.08317 0.46800
vt 0.06371 0.45398
vt 0.07837 0.48321
vt 0.08767 0.49741
vt 0.08505 0.51021
vt 0.08953 0.52257
vt 0.06982 0.48661
vt 0.06422 0.36376
vt 0.08052 0.34173
vt 0.05879 0.40444
vt 0.06258 0.49366
vt 0.05128 0.46920
vt 0.06780 0.51842
vt 0.04662 0.38934
vt 0.04449 0.44742
vt 0.03501 0.43241
vt 0.03058 0.40257
vt 0.03145 0.35930
vt 0.01280 0.36162
vt 0.01880 0.39108
vt 0.28846 0.18071
vt 0.27700 0.21043
vt 0.25579 0.18971
vt 0.25856 0.20275
vt 0.25974 0.17386
vt 0.29707 0.21004
vt 0.31805 0.18024
vt 0.31105 0.19799
vt 0.30807 0.15962
vt 0.29694 0.15454
vt 0.33793 0.19032
vt 0.26195 0.14033
vt 0.25697 0.16585
vt 0.28860 0.14257
vt 0.25550 0.15061
vt 0.24139 0.16993
vt 0.23616 0.19096
vt 0.31762 0.14500
vt 0.30666 0.13000
vt 0.33675 0.13962
vt 0.34433 0.16766
vt 0.35479 0.14975
vt 0.28239 0.12087
vt 0.25632 0.22377
vt 0.23976 0.22390
vt 0.22512 0.21659
vt 0.25322 0.22587
vt 0.21847 0.19736
vt 0.21884 0.20722
vt 0.20482 0.17903
vt 0.22646 0.15333
vt 0.24433 0.15106
vt 0.24929 0.22980
vt 0.30249 0.24119
vt 0.27656 0.24821
vt 0.30108 0.22009
vt 0.32402 0.21283
vt 0.34173 0.22014
vt 0.20501 0.20865
vt 0.20381 0.18952
vt 0.19918 0.15959
vt 0.20990 0.15018
vt 0.19697 0.16508
vt 0.20680 0.22953
vt 0.23990 0.24256
vt 0.20963 0.24388
vt 0.18753 0.19217
vt 0.26259 0.25880
vt 0.25719 0.25327
vt 0.24354 0.25942
vt 0.19139 0.22075
vt 0.32545 0.24355
vt 0.19862 0.23204
vt 0.17682 0.20528
vt 0.22073 0.26198
vt 0.18658 0.23013
vt 0.17588 0.22029
vt 0.17304 0.19202
vt 0.17022 0.18924
vt 0.18714 0.15562
vt 0.16934 0.16799
vt 0.20805 0.14065
vt 0.22672 0.12490
vt 0.24638 0.12951
vt 0.19305 0.25027
vt 0.27047 0.11568
vt 0.25819 0.11503
vt 0.15301 0.20703
vt 0.15349 0.21936
vt 0.15045 0.17724
vt 0.13835 0.18632
vt 0.17102 0.24076
vt 0.16068 0.23271
vt 0.16095 0.15162
vt 0.20374 0.12369
vt 0.18516 0.12870
vt 0.15285 0.16215
vt 0.28742 0.10754
vt 0.24462 0.11220
vt 0.16036 0.13298
vt 0.20586 0.26853
vt 0.14432 0.20742
vt 0.12515 0.19794
vt 0.20506 0.10989
vt 0.23349 0.27131
vt 0.28191 0.26261
vt 0.30786 0.26532
vt 0.18150 0.26282
vt 0.15246 0.23812
vt 0.13510 0.22965
vt 0.25225 0.28275
vt 0.16737 0.26820
vt 0.15399 0.25226
vt 0.12254 0.16919
vt 0.14394 0.15184
vt 0.14393 0.13373
vt 0.11148 0.21115
vt 0.17556 0.11421
vt 0.19252 0.10061
vt 0.16299 0.12714
vt 0.22311 0.09667
vt 0.24075 0.09963
vt 0.31426 0.11110
vt 0.33398 0.11034
vt 0.11679 0.16538
vt 0.12022 0.14369
vt 0.14576 0.25225
vt 0.27073 0.08734
vt 0.24745 0.09037
vt 0.09686 0.19133
vt 0.11156 0.23051
vt 0.20796 0.28244
vt 0.19786 0.08497
vt 0.19356 0.08924
vt 0.12495 0.25460
vt 0.14764 0.26843
vt 0.17523 0.27879
vt 0.23865 0.28723
vt 0.27231 0.28865
vt 0.35258 0.22088
vt 0.35957 0.20427
vt 0.37350 0.19271
vt 0.37344 0.16027
vt 0.36331 0.12998
vt 0.23136 0.08354
vt 0.35806 0.11368
vt 0.31661 0.10369
vt 0.31123 0.07566
vt 0.36534 0.21884
vt 0.33287 0.09617
vt 0.24439 0.07630
vt 0.29357 0.07480
vt 0.15091 0.10586
vt 0.16130 0.10104
vt 0.13062 0.11507
vt 0.12133 0.12839
vt 0.16680 0.08192
vt 0.09830 0.16322
vt 0.25686 0.06563
vt 0.20688 0.06643
vt 0.21779 0.07086
vt 0.22545 0.06075
vt 0.19172 0.07735
vt 0.18155 0.07589
vt 0.29166 0.07248
vt 0.10036 0.14015
vt 0.08146 0.14902
vt 0.08442 0.18395
vt 0.15005 0.08068
vt 0.11323 0.11243
vt 0.09794 0.12592
vt 0.13585 0.08673
vt 0.12309 0.09739
vt 0.16188 0.07794
vt 0.34047 0.08575
vt 0.23950 0.05091
vt 0.36777 0.08884
vt 0.38598 0.13124
vt 0.20781 0.05792
vt 0.33844 0.06253
vt 0.37816 0.10773
vt 0.28161 0.04173
vt 0.29583 0.04754
vt 0.38885 0.18787
vt 0.36370 0.06834
vt 0.24881 0.04183
vt 0.39800 0.15824
vt 0.40120 0.14102
vt 0.40060 0.16707
vt 0.31262 0.03846
vt 0.16587 0.05772
vt 0.22778 0.04330
vt 0.21098 0.04131
vt 0.18675 0.06327
vt 0.17259 0.05972
vt 0.18536 0.04977
vt 0.37982 0.21384
vt 0.39987 0.10765
vt 0.39205 0.08912
vt 0.35964 0.24498
vt 0.33801 0.25609
vt 0.40633 0.12409
vt 0.40658 0.18553
vt 0.40104 0.21015
vt 0.32112 0.27587
vt 0.35972 0.04898
vt 0.27261 0.02237
vt 0.41685 0.16843
vt 0.43065 0.12161
vt 0.42115 0.10937
vt 0.43179 0.14801
vt 0.40989 0.09589
vt 0.39971 0.07368
vt 0.38957 0.05780
vt 0.42462 0.16640
vt 0.33438 0.02456
vt 0.34780 0.02383
vt 0.30104 0.01929
vt 0.23981 0.02648
vt 0.22794 0.02485
vt 0.15937 0.05470
vt 0.15383 0.06276
vt 0.14575 0.06389
vt 0.31789 0.02047
vt 0.18731 0.02831
vt 0.11051 0.09054
vt 0.12472 0.06314
vt 0.12090 0.07034
vt 0.20814 0.02359
vt 0.19393 0.02192
vt 0.22257 0.00999
vt 0.25889 0.00365
vt 0.36427 0.02868
vt 0.08717 0.10882
vt 0.14475 0.05166
vt 0.15735 0.03856
vt 0.16928 0.02500
vt 0.37676 0.03156
vt 0.38705 0.03745
vt 0.23307 0.00329
vt 0.08181 0.11857
vt 0.09145 0.08671
vt 0.43316 0.07813
vt 0.41627 0.07404
vt 0.44282 0.09664
vt 0.20610 0.00646
vt 0.18799 0.00829
vt 0.09717 0.07025
vt 0.44214 0.11009
vt 0.23247 0.00082
vt 0.13253 0.03877
vt 0.06628 0.17347
vt 0.05907 0.19665
vt 0.43859 0.18060
vt 0.44059 0.16489
vt 0.39760 0.24143
vt 0.40915 0.21476
vt 0.44240 0.19975
vt 0.43191 0.05281
vt 0.43952 0.05953
vt 0.45081 0.15564
vt 0.44765 0.08882
vt 0.46317 0.14233
vt 0.09225 0.22966
vt 0.08865 0.21890
vt 0.07416 0.21517
vt 0.07584 0.19385
vt 0.06549 0.12325
vt 0.09961 0.25120
vt 0.11099 0.25793
vt 0.05202 0.13787
vt 0.06248 0.15091
vt 0.06430 0.10212
vt 0.06045 0.11278
vt 0.04788 0.15590
vt 0.47801 0.10690
vt 0.42515 0.23371
vt 0.44227 0.22157
vt 0.11342 0.27679
vt 0.14228 0.28865
vt 0.46753 0.18381
vt 0.06678 0.23528
vt 0.07816 0.24900
vt 0.05895 0.22101
vt 0.09116 0.27319
vt 0.07541 0.26299
vt 0.46750 0.20679
vt 0.47308 0.08049
vt 0.48619 0.15348
vt 0.04048 0.11812
vt 0.03104 0.18297
vt 0.06294 0.24858
vt 0.49496 0.12953
vt 0.07053 0.25410
vt 0.03706 0.22035
vt 0.02719 0.19263
vt 0.49396 0.17720
vt 0.04995 0.25305
vt 0.00881 0.16633
vt 0.01403 0.21422
vt 0.01405 0.19209
vt 0.50979 0.15178
vt 0.00075 0.19697
vt 0.78764 0.08591
vt 0.79427 0.11563
vt 0.82366 0.09132
vt 0.80772 0.07316
vt 0.82023 0.12274
vt 0.80318 0.13343
vt 0.78297 0.11963
vt 0.76738 0.09975
vt 0.79375 0.05621
vt 0.81832 0.05921
vt 0.81192 0.04710
vt 0.83896 0.06279
vt 0.85203 0.11854
vt 0.84126 0.09766
vt 0.86497 0.09190
vt 0.85414 0.09506
vt 0.84083 0.04503
vt 0.87515 0.06990
vt 0.86147 0.06253
vt 0.87575 0.10599
vt 0.85350 0.15390
vt 0.86094 0.13643
vt 0.82087 0.13970
vt 0.88299 0.12773
vt 0.88547 0.11586
vt 0.83996 0.16589
vt 0.79144 0.15866
vt 0.78523 0.15416
vt 0.81375 0.15867
vt 0.82816 0.16372
vt 0.77517 0.14293
vt 0.88462 0.14428
vt 0.88053 0.16162
vt 0.86745 0.16349
vt 0.82371 0.17727
vt 0.89526 0.08579
vt 0.88262 0.07157
vt 0.90048 0.11090
vt 0.80938 0.18234
vt 0.86516 0.19388
vt 0.87511 0.17719
vt 0.92227 0.14072
vt 0.92398 0.11574
vt 0.91526 0.09283
vt 0.91009 0.16997
vt 0.89629 0.17214
vt 0.83448 0.20015
vt 0.84566 0.20333
vt 0.89481 0.19846
vt 0.93021 0.09573
vt 0.93737 0.16215
vt 0.89759 0.06071
vt 0.91864 0.07111
vt 0.88610 0.05167
vt 0.86783 0.04317
vt 0.86212 0.05496
vt 0.95039 0.10255
vt 0.93771 0.12258
vt 0.95627 0.14906
vt 0.91830 0.19908
vt 0.89080 0.21190
vt 0.94359 0.18861
vt 0.92815 0.20791
vt 0.90593 0.20600
vt 0.97908 0.12792
vt 0.97303 0.14279
vt 0.96739 0.18438
vt 0.82091 0.19580
vt 0.86399 0.21620
vt 0.96374 0.08228
vt 0.93017 0.05690
vt 0.98285 0.10675
vt 0.91685 0.05034
vt 0.90252 0.04301
vt 0.96419 0.19622
vt 0.95874 0.05660
vt 0.99332 0.15440
vt 0.99539 0.18429
vt 0.98895 0.08508
vt 0.91550 0.24470
vt 0.93024 0.23038
vt 0.96742 0.22551
vt 0.95081 0.22240
vt 0.99273 0.22746
vt 0.99567 0.09364
vt 0.88642 0.23990
vt 0.84724 0.22936
vt 0.98354 0.05965
vt 0.99578 0.06965
vt 0.95391 0.04307
vt 0.93855 0.03858
vt 0.93131 0.03176
vt 0.91112 0.03015
vt 0.88974 0.02104
vt 0.86641 0.03000
vt 0.85574 0.01845
vt 0.90212 0.25456
vt 0.86590 0.25134
vt 0.93326 0.25579
vt 0.96390 0.25809
vt 0.88360 0.25054
vt 0.98924 0.26159
vt 0.80633 0.20654
vt 0.81993 0.22109
vt 0.81884 0.23276
vt 0.82381 0.23871
vt 0.79165 0.19396
vt 0.84641 0.25197
vt 0.83380 0.25221
vt 0.87491 0.26343
vt 0.90876 0.27747
vt 0.91998 0.29286
vt 0.93945 0.27937
vt 0.96415 0.28792
vt 0.99861 0.27360
vt 0.87955 0.28566
vt 0.89392 0.29534
vt 0.85717 0.27741
vt 0.95039 0.29953
vt 0.91113 0.29635
vt 0.77897 0.19369
vt 0.77258 0.17262
vt 0.76554 0.15924
vt 0.80963 0.24779
vt 0.79542 0.22514
vt 0.80321 0.24274
vt 0.82885 0.28318
vt 0.83948 0.29166
vt 0.81778 0.27795
vt 0.95582 0.31636
vt 0.86537 0.31169
vt 0.88132 0.32015
vt 0.85500 0.30116
vt 0.92748 0.32949
vt 0.97227 0.33005
vt 0.98620 0.32459
vt 0.98909 0.30548
vt 0.94127 0.33877
vt 0.89649 0.32995
vt 0.92042 0.34920
vt 0.78348 0.24423
vt 0.77466 0.23919
vt 0.96627 0.35055
vt 0.96780 0.34861
vt 0.98080 0.02558
vt 0.76402 0.19221
vt 0.76395 0.18262
vt 0.75714 0.12562
vt 0.99925 0.03695
vt 0.99925 0.35366
vt 0.95781 0.01657
vt 0.80055 0.28763
vt 0.75777 0.16660
vt 0.97404 0.36170
vt 0.99141 0.36431
vt 0.74993 0.21200
vt 0.75213 0.15272
vt 0.74230 0.16728
vt 0.74732 0.18959
vt 0.81685 0.01874
vt 0.84362 0.00576
vt 0.76455 0.07375
vt 0.78106 0.04974
vt 0.79911 0.03972
vt 0.76122 0.25201
vt 0.74801 0.24040
vt 0.73422 0.12948
vt 0.75090 0.08325
vt 0.74099 0.10050
vt 0.79106 0.01405
vt 0.76271 0.04641
vt 0.72531 0.20911
vt 0.73082 0.17462
vt 0.76573 0.02966
vt 0.71024 0.15963
vt 0.70441 0.19116
vt 0.72663 0.08155
vt 0.71232 0.12753
vt 0.71744 0.09576
vt 0.74163 0.03970
vt 0.69912 0.16601
vt 0.74052 0.02157
vt 0.71884 0.04812
vt 0.70474 0.06099
vt 0.70015 0.12282
vt 0.70033 0.08572
vt 0.69319 0.13624
vt 0.68772 0.10989
vt 0.68887 0.12177
vt 0.68449 0.17447
vt 0.45493 0.75333
vt 0.44235 0.77421
vt 0.44738 0.76158
vt 0.47328 0.77628
vt 0.47169 0.78495
vt 0.45795 0.79503
vt 0.44138 0.74360
vt 0.42550 0.74608
vt 0.45009 0.73158
vt 0.46362 0.72809
vt 0.47471 0.75639
vt 0.46600 0.76583
vt 0.43218 0.73885
vt 0.41594 0.76977
vt 0.42540 0.78395
vt 0.43565 0.79392
vt 0.41596 0.74849
vt 0.45701 0.81043
vt 0.49109 0.77185
vt 0.48509 0.80567
vt 0.49041 0.78596
vt 0.49821 0.75279
vt 0.47974 0.73196
vt 0.47011 0.74115
vt 0.47717 0.72451
vt 0.42829 0.71981
vt 0.45388 0.70974
vt 0.44215 0.70791
vt 0.39898 0.76818
vt 0.40609 0.75731
vt 0.41461 0.78922
vt 0.41292 0.80978
vt 0.41555 0.80993
vt 0.40070 0.79200
vt 0.39909 0.74020
vt 0.39048 0.78348
vt 0.43421 0.83123
vt 0.41826 0.82757
vt 0.42342 0.83697
vt 0.44866 0.83699
vt 0.38225 0.74655
vt 0.38478 0.76714
vt 0.38618 0.77773
vt 0.38250 0.79677
vt 0.38835 0.72062
vt 0.40181 0.71141
vt 0.41216 0.70993
vt 0.38852 0.73427
vt 0.42739 0.71017
vt 0.37004 0.75570
vt 0.38287 0.72147
vt 0.37223 0.77828
vt 0.37446 0.81306
vt 0.38825 0.82646
vt 0.40626 0.81817
vt 0.36548 0.75580
vt 0.39644 0.83706
vt 0.35886 0.78853
vt 0.36588 0.72407
vt 0.34412 0.76262
vt 0.34864 0.77660
vt 0.46666 0.83184
vt 0.34387 0.80267
vt 0.36498 0.83342
vt 0.34699 0.79047
vt 0.36832 0.83870
vt 0.40761 0.85223
vt 0.33910 0.81572
vt 0.34438 0.82912
vt 0.37495 0.85122
vt 0.35515 0.84588
vt 0.38357 0.85702
vt 0.42883 0.84717
vt 0.34491 0.73961
vt 0.35179 0.71915
vt 0.32964 0.78324
vt 0.31862 0.79739
vt 0.32430 0.76348
vt 0.33895 0.84533
vt 0.32091 0.74803
vt 0.36843 0.70742
vt 0.39044 0.69894
vt 0.31939 0.83008
vt 0.31140 0.82249
vt 0.30635 0.80378
vt 0.32781 0.73381
vt 0.30349 0.78030
vt 0.31120 0.76840
vt 0.33804 0.71843
vt 0.37082 0.68637
vt 0.34947 0.70095
vt 0.30799 0.74837
vt 0.40763 0.68859
vt 0.40410 0.68848
vt 0.30977 0.74465
vt 0.29968 0.76591
vt 0.29394 0.73982
vt 0.31803 0.72200
vt 0.30311 0.73604
vt 0.28832 0.79567
vt 0.29145 0.76328
vt 0.29113 0.81578
vt 0.31992 0.70388
vt 0.28185 0.74918
vt 0.28058 0.77163
vt 0.29777 0.71801
vt 0.38366 0.67815
vt 0.34549 0.67884
vt 0.35849 0.67754
vt 0.26863 0.77838
vt 0.26942 0.78585
vt 0.44019 0.68446
vt 0.31519 0.68966
vt 0.33045 0.67807
vt 0.27643 0.71829
vt 0.27426 0.73576
vt 0.26970 0.80127
vt 0.27425 0.81374
vt 0.26051 0.75351
vt 0.27123 0.72156
vt 0.28358 0.70028
vt 0.45631 0.69599
vt 0.28886 0.68615
vt 0.25104 0.78311
vt 0.25117 0.77003
vt 0.31393 0.84211
vt 0.28776 0.83357
vt 0.26461 0.81456
vt 0.25300 0.80107
vt 0.25716 0.72207
vt 0.24295 0.73552
vt 0.24300 0.75669
vt 0.30641 0.68078
vt 0.25762 0.82440
vt 0.35695 0.66348
vt 0.31516 0.66814
vt 0.42618 0.66495
vt 0.41419 0.66800
vt 0.40553 0.67451
vt 0.39747 0.66211
vt 0.37604 0.65378
vt 0.23249 0.76767
vt 0.32690 0.65477
vt 0.23323 0.78471
vt 0.22381 0.74250
vt 0.23207 0.80974
vt 0.28407 0.85319
vt 0.26277 0.84121
vt 0.21977 0.79116
vt 0.21792 0.77329
vt 0.22511 0.81765
vt 0.24671 0.84790
vt 0.20694 0.76353
vt 0.20465 0.83840
vt 0.23517 0.86063
vt 0.21426 0.86419
vt 0.19718 0.80618
vt 0.18760 0.79212
vt 0.18352 0.81449
vt 0.18273 0.77176
vt 0.17751 0.78220
vt 0.17099 0.81845
vt 0.17864 0.83775
vt 0.18657 0.86026
vt 0.46015 0.84488
vt 0.15258 0.80059
vt 0.14882 0.77754
vt 0.14116 0.82692
vt 0.14988 0.85072
vt 0.15543 0.88734
vt 0.14859 0.86201
vt 0.48964 0.82233
vt 0.13261 0.85599
vt 0.11299 0.84170
vt 0.47437 0.84093
vt 0.46356 0.86086
vt 0.48691 0.84775
vt 0.49038 0.86524
vt 0.47447 0.88501
vt 0.49178 0.84358
vt 0.11926 0.79393
vt 0.09891 0.82874
vt 0.09950 0.81049
vt 0.10880 0.86340
vt 0.10404 0.86039
vt 0.10282 0.80059
vt 0.50045 0.87108
vt 0.49321 0.88734
vt 0.08250 0.85874
vt 0.07003 0.85203
vt 0.08011 0.83036
vt 0.51430 0.84239
vt 0.50562 0.82874
vt 0.51071 0.85266
vt 0.50273 0.81694
vt 0.51580 0.80060
vt 0.52264 0.85269
vt 0.51520 0.86880
vt 0.52086 0.86155
vt 0.51140 0.88696
vt 0.50561 0.79599
vt 0.50745 0.77906
vt 0.53389 0.81698
vt 0.52756 0.79353
vt 0.51972 0.76455
vt 0.53317 0.77330
vt 0.51171 0.75636
vt 0.82154 0.39391
vt 0.86973 0.39391
vt 0.83639 0.38569
vt 0.39684 0.26891
vt 0.39684 0.31003
vt 0.39533 0.28613
vn 0.0474 0.0344 -0.9983
vn 0.1273 -0.0467 -0.9908
vn 0.0421 -0.1332 -0.9902
vn 0.1212 -0.1046 -0.9871
vn -0.0479 0.0614 -0.9970
vn -0.0857 -0.0396 -0.9955
vn -0.0413 -0.2252 -0.9734
vn -0.1715 -0.1082 -0.9792
vn -0.1132 -0.1980 -0.9736
vn -0.1983 -0.0470 -0.9790
vn -0.1508 0.0829 -0.9851
vn -0.1152 -0.2049 -0.9720
vn -0.2194 -0.1688 -0.9609
vn -0.2587 -0.1155 -0.9590
vn -0.1142 -0.2844 -0.9519
vn 0.0860 -0.3035 -0.9489
vn 0.1083 -0.2116 -0.9713
vn -0.2372 -0.2487 -0.9391
vn 0.0138 -0.3681 -0.9297
vn -0.2386 -0.0290 -0.9707
vn -0.1380 -0.3315 -0.9333
vn -0.0468 -0.4173 -0.9076
vn 0.0238 -0.4265 -0.9042
vn 0.2218 -0.1654 -0.9610
vn 0.1752 -0.2448 -0.9536
vn 0.2319 -0.0406 -0.9719
vn 0.2225 0.0801 -0.9716
vn 0.1433 0.0920 -0.9854
vn 0.0268 0.1399 -0.9898
vn -0.0702 0.1408 -0.9875
vn -0.2436 0.0897 -0.9657
vn -0.1766 0.2221 -0.9589
vn -0.3479 -0.0515 -0.9361
vn -0.3267 -0.1624 -0.9311
vn -0.2126 -0.3803 -0.9001
vn -0.2703 -0.3047 -0.9133
vn -0.3372 -0.2560 -0.9060
vn -0.3511 0.0071 -0.9363
vn -0.3293 0.1027 -0.9386
vn -0.2505 0.1331 -0.9589
vn -0.0421 0.2325 -0.9717
vn -0.1106 0.2532 -0.9611
vn -0.2474 0.1993 -0.9482
vn 0.0350 0.2584 -0.9654
vn 0.1406 0.1644 -0.9763
vn 0.2299 0.1585 -0.9602
vn -0.2694 -0.3592 -0.8935
vn -0.0951 -0.4538 -0.8860
vn -0.3191 0.2553 -0.9127
vn -0.1493 0.3010 -0.9419
vn -0.4013 0.1034 -0.9101
vn -0.2869 0.2803 -0.9160
vn -0.0582 0.2825 -0.9575
vn -0.0930 0.3465 -0.9334
vn -0.4513 -0.0098 -0.8923
vn -0.4327 -0.1118 -0.8946
vn -0.3892 -0.1274 -0.9123
vn -0.4468 0.1015 -0.8888
vn -0.3976 0.1997 -0.8956
vn -0.2060 0.3333 -0.9200
vn -0.2751 0.3070 -0.9111
vn -0.4451 -0.2464 -0.8609
vn -0.3973 -0.2958 -0.8687
vn -0.3861 0.2566 -0.8860
vn 0.0216 0.3979 -0.9172
vn -0.4943 0.0152 -0.8692
vn -0.4921 -0.1617 -0.8554
vn -0.1548 -0.4593 -0.8747
vn -0.3247 -0.3683 -0.8712
vn -0.2475 -0.4508 -0.8577
vn -0.5049 -0.1058 -0.8567
vn -0.5792 -0.0304 -0.8146
vn -0.4951 -0.2364 -0.8361
vn -0.5432 0.0601 -0.8375
vn -0.3575 -0.4035 -0.8423
vn -0.4274 0.2756 -0.8610
vn -0.5046 0.1559 -0.8491
vn -0.5068 0.2202 -0.8335
vn -0.4797 0.2547 -0.8396
vn -0.2410 0.3941 -0.8869
vn -0.5823 0.1324 -0.8021
vn -0.1431 0.4414 -0.8858
vn -0.3438 0.4061 -0.8467
vn 0.1103 0.2943 -0.9493
vn 0.1467 0.2843 -0.9474
vn 0.1168 0.2209 -0.9683
vn -0.1241 0.4766 -0.8703
vn -0.0680 0.4648 -0.8828
vn 0.2765 0.2244 -0.9344
vn -0.2650 0.4481 -0.8538
vn -0.5491 0.1825 -0.8156
vn -0.4740 0.3893 -0.7898
vn -0.4009 0.4103 -0.8191
vn -0.4627 0.3339 -0.8212
vn -0.5084 0.3137 -0.8020
vn 0.0457 0.4540 -0.8898
vn 0.1804 0.3557 -0.9170
vn 0.0812 0.4399 -0.8944
vn 0.2954 0.3167 -0.9014
vn 0.3160 0.1536 -0.9363
vn 0.3826 0.0952 -0.9190
vn 0.1457 0.4558 -0.8781
vn 0.3768 -0.0138 -0.9262
vn -0.2181 0.5361 -0.8155
vn -0.0836 0.5176 -0.8515
vn 0.3681 -0.1265 -0.9211
vn -0.0435 0.5573 -0.8292
vn -0.3441 0.4792 -0.8075
vn -0.1621 0.5586 -0.8135
vn -0.2811 0.5297 -0.8002
vn -0.3032 0.5230 -0.7966
vn -0.3986 0.4941 -0.7726
vn -0.5709 0.2135 -0.7928
vn -0.5500 0.3117 -0.7748
vn -0.5350 0.3636 -0.7626
vn 0.2466 0.4493 -0.8587
vn 0.0851 0.5577 -0.8257
vn 0.1548 0.5661 -0.8097
vn -0.0767 0.6057 -0.7920
vn 0.1955 0.5600 -0.8051
vn -0.4269 0.5014 -0.7526
vn -0.4766 0.4601 -0.7491
vn -0.6465 0.0374 -0.7620
vn -0.1939 0.6408 -0.7428
vn -0.2717 0.6120 -0.7427
vn -0.1131 0.6512 -0.7504
vn -0.3511 0.5974 -0.7210
vn -0.3964 0.5286 -0.7507
vn -0.5559 0.4387 -0.7061
vn -0.0142 0.6622 -0.7492
vn -0.6493 0.2476 -0.7190
vn -0.3685 0.5964 -0.7131
vn -0.4594 0.5494 -0.6979
vn -0.4223 0.5857 -0.6918
vn -0.6240 0.3496 -0.6989
vn -0.5291 0.4817 -0.6986
vn -0.5175 0.5247 -0.6760
vn -0.1773 0.6716 -0.7194
vn 0.1043 0.6329 -0.7671
vn 0.0765 0.6847 -0.7248
vn 0.2905 0.5024 -0.8144
vn -0.2785 0.6411 -0.7152
vn 0.3719 0.3168 -0.8725
vn 0.3537 0.4107 -0.8404
vn 0.3671 0.2442 -0.8976
vn 0.2378 0.5803 -0.7789
vn 0.4159 0.2376 -0.8778
vn 0.4900 0.1685 -0.8553
vn 0.3789 0.4195 -0.8249
vn 0.3288 -0.2829 -0.9010
vn 0.4253 0.3127 -0.8493
vn 0.4960 0.2199 -0.8400
vn 0.2311 -0.3762 -0.8973
vn 0.1141 -0.3625 -0.9250
vn 0.1023 -0.3568 -0.9286
vn 0.3935 -0.2099 -0.8950
vn 0.4996 0.0379 -0.8654
vn 0.4784 -0.0620 -0.8760
vn 0.1064 -0.4683 -0.8772
vn 0.5366 0.0733 -0.8406
vn 0.4936 -0.1735 -0.8522
vn -0.1654 0.7154 -0.6788
vn -0.1182 0.7342 -0.6685
vn -0.0482 0.7144 -0.6981
vn 0.1669 0.6795 -0.7144
vn 0.1975 0.6945 -0.6919
vn -0.2758 0.7117 -0.6461
vn -0.6799 0.2391 -0.6932
vn -0.7223 0.1732 -0.6696
vn -0.7216 0.0885 -0.6867
vn -0.6113 0.4472 -0.6530
vn -0.3895 0.6868 -0.6136
vn -0.4818 0.6021 -0.6367
vn -0.4193 0.6570 -0.6265
vn 0.2976 0.6807 -0.6694
vn 0.3791 0.5834 -0.7183
vn 0.1298 0.7280 -0.6732
vn 0.0848 0.7755 -0.6257
vn -0.0113 0.7997 -0.6003
vn 0.5864 0.1460 -0.7968
vn 0.5660 0.2336 -0.7906
vn 0.4948 0.3146 -0.8101
vn 0.4770 0.4392 -0.7613
vn 0.4162 0.4356 -0.7982
vn 0.3871 0.5120 -0.7669
vn 0.3418 0.5617 -0.7534
vn 0.5210 0.3439 -0.7812
vn 0.6227 0.0151 -0.7823
vn 0.4956 0.4692 -0.7309
vn 0.4296 0.5740 -0.6971
vn 0.3797 0.6480 -0.6602
vn 0.6304 0.2912 -0.7196
vn 0.5850 0.4114 -0.6989
vn 0.6045 -0.0912 -0.7914
vn 0.5612 -0.1533 -0.8134
vn 0.4360 -0.3287 -0.8377
vn 0.3185 -0.3884 -0.8647
vn 0.2073 0.7702 -0.6032
vn 0.4699 0.5982 -0.6491
vn 0.5111 0.5409 -0.6680
vn 0.3923 0.6644 -0.6361
vn 0.2908 0.7695 -0.5685
vn 0.6892 0.1960 -0.6975
vn 0.3331 0.7253 -0.6025
vn 0.5682 0.5332 -0.6268
vn 0.5261 0.5847 -0.6176
vn 0.5778 -0.1978 -0.7919
vn 0.4796 -0.3249 -0.8151
vn 0.5399 -0.2983 -0.7871
vn 0.7089 0.1195 -0.6951
vn 0.6393 0.0075 -0.7689
vn 0.6106 0.5279 -0.5903
vn 0.6960 -0.1127 -0.7092
vn 0.2895 -0.5173 -0.8054
vn 0.3874 -0.4106 -0.8254
vn 0.2352 -0.4862 -0.8416
vn 0.7073 0.2883 -0.6454
vn 0.4837 -0.4154 -0.7704
vn 0.3825 -0.4908 -0.7828
vn 0.3974 -0.5040 -0.7668
vn 0.6013 -0.2937 -0.7430
vn 0.6906 -0.2754 -0.6687
vn 0.5299 0.6082 -0.5910
vn 0.7254 0.3825 -0.5722
vn 0.4142 0.7075 -0.5725
vn 0.4886 0.6714 -0.5571
vn 0.7612 -0.0687 -0.6449
vn 0.7547 0.1017 -0.6481
vn 0.5704 -0.4082 -0.7128
vn -0.5882 0.5647 -0.5789
vn -0.6159 0.4966 -0.6115
vn -0.6411 0.4355 -0.6319
vn -0.4233 0.7073 -0.5662
vn -0.4891 0.6719 -0.5562
vn 0.7387 -0.1948 -0.6453
vn 0.8358 0.2526 -0.4875
vn 0.8008 0.3035 -0.5163
vn 0.4722 -0.5105 -0.7186
vn 0.4741 0.7488 -0.4632
vn 0.7500 0.4554 -0.4797
vn 0.8358 0.1160 -0.5366
vn 0.6275 -0.4287 -0.6499
vn 0.5121 -0.5374 -0.6700
vn 0.5579 -0.4678 -0.6855
vn 0.8474 0.0098 -0.5309
vn 0.8492 0.0755 -0.5226
vn -0.6583 0.5092 -0.5544
vn 0.7505 0.5054 -0.4258
vn 0.6543 0.6031 -0.4562
vn 0.5525 0.6558 -0.5145
vn 0.8244 -0.1891 -0.5335
vn 0.8383 -0.0862 -0.5383
vn 0.9009 -0.0545 -0.4306
vn 0.5882 0.6981 -0.4082
vn -0.6975 0.4316 -0.5720
vn 0.8856 0.2013 -0.4185
vn 0.7569 -0.3742 -0.5357
vn 0.8256 -0.2438 -0.5089
vn 0.6792 -0.4769 -0.5579
vn 0.5881 -0.5323 -0.6089
vn 0.5052 -0.6210 -0.5993
vn 0.8626 0.2645 -0.4313
vn 0.8433 0.4023 -0.3564
vn 0.9170 0.1223 -0.3797
vn 0.9321 0.0110 -0.3620
vn 0.7529 -0.4299 -0.4983
vn 0.9028 0.3180 -0.2897
vn 0.8973 -0.1755 -0.4050
vn 0.7880 0.5309 -0.3119
vn 0.6953 0.6365 -0.3337
vn 0.8776 0.3756 -0.2978
vn 0.8046 -0.3641 -0.4691
vn 0.8848 -0.3023 -0.3546
vn 0.9496 0.2229 -0.2202
vn 0.9562 0.1591 -0.2456
vn 0.9140 -0.2208 -0.3405
vn 0.8606 0.4756 -0.1824
vn 0.9695 -0.1307 -0.2074
vn 0.9807 0.0107 -0.1954
vn 0.9394 0.2978 -0.1696
vn 0.8924 0.4406 -0.0973
vn -0.3780 -0.0841 0.9220
vn -0.2897 -0.1285 0.9484
vn -0.2138 -0.1184 0.9697
vn -0.3478 -0.0385 0.9368
vn -0.3757 -0.1160 0.9194
vn -0.2051 -0.1956 0.9590
vn -0.2572 -0.2295 0.9387
vn -0.3321 -0.2298 0.9148
vn -0.3883 -0.2003 0.8995
vn -0.2774 -0.0532 0.9593
vn -0.2150 -0.0277 0.9762
vn -0.1588 -0.1892 0.9690
vn -0.1318 -0.1455 0.9805
vn -0.3324 0.0233 0.9428
vn -0.2868 0.0606 0.9561
vn -0.4370 -0.0805 0.8959
vn -0.2473 -0.2999 0.9214
vn -0.2752 -0.3225 0.9057
vn -0.3174 -0.2966 0.9007
vn -0.1719 -0.2908 0.9412
vn -0.3779 -0.3226 0.8678
vn -0.4437 -0.2240 0.8677
vn -0.4789 -0.1460 0.8657
vn -0.4949 -0.1957 0.8466
vn -0.3344 -0.3873 0.8592
vn -0.2985 -0.3521 0.8871
vn -0.2334 -0.4048 0.8841
vn -0.1590 -0.3723 0.9144
vn -0.4613 -0.3386 0.8201
vn -0.5245 -0.2226 0.8218
vn -0.2795 -0.4578 0.8440
vn -0.0740 -0.2941 0.9529
vn -0.0640 -0.2706 0.9606
vn -0.0829 -0.3610 0.9289
vn -0.3421 -0.4318 0.8346
vn -0.3825 -0.4599 0.8013
vn -0.4460 -0.4035 0.7989
vn -0.2346 -0.4671 0.8525
vn -0.1736 -0.4564 0.8727
vn -0.0491 -0.1123 0.9925
vn -0.1569 -0.0207 0.9874
vn -0.0251 -0.2277 0.9734
vn -0.4644 0.0177 0.8854
vn -0.3935 0.0567 0.9176
vn -0.5519 -0.1563 0.8192
vn -0.5114 -0.0399 0.8584
vn -0.5052 -0.0662 0.8605
vn -0.5567 -0.0934 0.8254
vn -0.5901 -0.2314 0.7735
vn -0.5173 -0.3166 0.7951
vn -0.1876 0.0927 0.9779
vn -0.1526 0.0334 0.9877
vn -0.4105 0.0934 0.9071
vn -0.3874 0.0885 0.9177
vn -0.3155 0.1696 0.9336
vn -0.5531 0.0390 0.8322
vn -0.5966 -0.0168 0.8024
vn -0.5593 -0.3413 0.7555
vn -0.5215 -0.4184 0.7437
vn -0.4076 -0.4824 0.7754
vn -0.4882 0.1083 0.8660
vn -0.4490 0.1575 0.8796
vn -0.3854 0.2041 0.8999
vn -0.2896 0.1671 0.9424
vn -0.2364 0.1535 0.9595
vn 0.0093 -0.0036 1.0000
vn -0.0604 0.0266 0.9978
vn -0.6745 -0.1223 0.7281
vn -0.6728 -0.0071 0.7397
vn -0.6390 -0.2929 0.7113
vn -0.5887 0.1106 0.8008
vn -0.5752 0.1613 0.8019
vn -0.4429 0.2253 0.8678
vn -0.2772 0.2142 0.9366
vn -0.1832 0.2260 0.9568
vn -0.5523 0.2213 0.8037
vn -0.5184 0.2564 0.8158
vn -0.3520 0.2747 0.8948
vn -0.1198 0.2232 0.9674
vn -0.0939 0.1821 0.9788
vn -0.0073 0.1082 0.9941
vn -0.0392 0.0437 0.9983
vn -0.1143 0.1451 0.9828
vn 0.0437 -0.2137 0.9759
vn 0.0630 0.0376 0.9973
vn 0.1001 -0.0861 0.9913
vn -0.2365 0.3271 0.9149
vn -0.2921 0.3180 0.9020
vn 0.0436 -0.3462 0.9371
vn -0.0731 -0.4605 0.8847
vn -0.1215 -0.4386 0.8904
vn -0.1795 0.3167 0.9314
vn 0.0210 0.2152 0.9763
vn -0.4265 0.3285 0.8427
vn -0.1019 0.2725 0.9567
vn -0.0979 0.3261 0.9403
vn -0.4579 0.3069 0.8343
vn -0.3455 0.3365 0.8760
vn 0.0038 -0.4677 0.8839
vn -0.1180 -0.5270 0.8416
vn 0.1762 -0.1791 0.9679
vn -0.1364 -0.5087 0.8501
vn -0.2819 -0.5020 0.8176
vn -0.3540 -0.5151 0.7806
vn 0.1835 -0.1087 0.9770
vn 0.1845 -0.2776 0.9428
vn 0.1470 -0.3456 0.9268
vn -0.1738 -0.5575 0.8118
vn -0.2476 -0.5519 0.7963
vn -0.4567 -0.5005 0.7355
vn -0.1265 -0.5473 0.8273
vn -0.6738 -0.2038 0.7103
vn -0.7150 -0.1194 0.6888
vn 0.1597 0.0822 0.9837
vn 0.1567 0.1404 0.9776
vn 0.0849 -0.4974 0.8634
vn -0.7053 0.0549 0.7068
vn -0.6040 -0.4018 0.6883
vn -0.6435 -0.3592 0.6760
vn -0.6867 -0.2178 0.6935
vn -0.3313 -0.5965 0.7310
vn -0.4045 -0.5942 0.6952
vn 0.1595 -0.4530 0.8771
vn 0.1791 -0.3804 0.9073
vn -0.1104 -0.5742 0.8112
vn 0.0333 -0.5723 0.8193
vn -0.2489 -0.6193 0.7446
vn -0.1646 -0.6330 0.7564
vn -0.5631 -0.5086 0.6514
vn -0.5168 -0.5273 0.6744
vn -0.4361 -0.6092 0.6624
vn -0.7052 -0.3175 0.6340
vn -0.0862 -0.6240 0.7766
vn -0.0379 -0.6633 0.7474
vn -0.3313 -0.6366 0.6964
vn -0.4840 -0.6107 0.6267
vn -0.5109 -0.5906 0.6247
vn -0.6485 -0.4305 0.6277
vn -0.6261 0.1952 0.7549
vn -0.6929 0.1295 0.7093
vn -0.7570 0.0779 0.6488
vn -0.7768 -0.0982 0.6221
vn -0.4683 0.3245 0.8218
vn -0.5071 0.3384 0.7927
vn -0.5476 0.3344 0.7670
vn -0.7778 -0.2312 0.5845
vn -0.6191 0.2889 0.7303
vn -0.8056 0.0139 0.5923
vn -0.4509 0.3813 0.8070
vn -0.7080 0.2039 0.6761
vn -0.7265 0.1495 0.6707
vn -0.7784 -0.2668 0.5682
vn -0.7402 -0.3267 0.5876
vn -0.5379 -0.5821 0.6098
vn -0.3666 -0.6757 0.6396
vn -0.7342 -0.4025 0.5467
vn -0.1746 0.4226 0.8893
vn -0.1174 0.3890 0.9137
vn -0.0605 0.3844 0.9212
vn -0.0148 0.3607 0.9326
vn -0.3971 0.4249 0.8135
vn -0.3260 0.4256 0.8442
vn -0.2955 0.4052 0.8652
vn -0.2854 0.3716 0.8834
vn -0.7044 0.2835 0.6507
vn -0.6274 0.3102 0.7142
vn -0.2185 0.4847 0.8470
vn -0.6012 0.4199 0.6799
vn -0.3807 0.4680 0.7975
vn -0.4157 0.4659 0.7811
vn -0.1743 0.4626 0.8693
vn -0.4428 0.4694 0.7639
vn -0.5017 0.4151 0.7589
vn -0.7880 0.1745 0.5905
vn -0.3459 0.5169 0.7830
vn -0.2666 0.5555 0.7876
vn -0.4859 0.4774 0.7321
vn -0.5221 0.4947 0.6947
vn -0.7079 0.3423 0.6179
vn -0.6219 0.4194 0.6614
vn -0.1277 0.5217 0.8435
vn -0.0754 0.5061 0.8592
vn 0.0211 0.5049 0.8629
vn -0.8562 -0.0760 0.5111
vn -0.8613 -0.1861 0.4728
vn -0.6798 -0.4812 0.5535
vn -0.7810 0.2952 0.5504
vn -0.8733 0.0701 0.4822
vn -0.8365 0.1624 0.5233
vn -0.4266 0.5279 0.7344
vn -0.3460 0.5602 0.7526
vn -0.3015 0.5954 0.7447
vn -0.1048 0.4446 0.8896
vn -0.1763 0.5554 0.8127
vn -0.0984 0.5690 0.8164
vn -0.4711 0.5669 0.6758
vn -0.5623 0.4963 0.6615
vn -0.5089 0.5666 0.6481
vn -0.6103 0.4735 0.6350
vn -0.4226 0.5900 0.6880
vn -0.7137 0.4416 0.5437
vn -0.1834 0.6181 0.7644
vn -0.6536 0.4956 0.5720
vn -0.7501 0.3950 0.5304
vn -0.8049 -0.3648 0.4680
vn -0.7595 -0.4034 0.5103
vn -0.6073 -0.6025 0.5178
vn -0.8593 0.2049 0.4686
vn -0.2792 -0.7077 0.6490
vn -0.8903 -0.1398 0.4334
vn -0.2409 0.6411 0.7287
vn -0.5730 0.5631 0.5955
vn -0.3182 0.6594 0.6812
vn -0.3747 0.6136 0.6951
vn -0.4446 0.6269 0.6398
vn -0.3718 0.6764 0.6358
vn -0.8529 -0.3561 0.3818
vn -0.8827 -0.2765 0.3799
vn -0.4649 -0.6689 0.5800
vn -0.4020 -0.7071 0.5817
vn -0.7474 -0.4826 0.4565
vn -0.7076 -0.5011 0.4983
vn -0.6849 -0.5607 0.4654
vn -0.2206 -0.7170 0.6612
vn -0.1705 -0.6710 0.7216
vn -0.5273 -0.6511 0.5460
vn -0.0890 -0.6916 0.7167
vn -0.7819 -0.4493 0.4322
vn -0.9222 -0.0626 0.3816
vn -0.9248 0.0410 0.3782
vn -0.8257 0.3475 0.4444
vn 0.1510 -0.5852 0.7967
vn 0.2095 -0.4853 0.8488
vn 0.0474 -0.6762 0.7352
vn -0.9037 -0.1467 0.4022
vn -0.6559 -0.6226 0.4268
vn -0.1778 0.6611 0.7289
vn -0.9273 0.2030 0.3145
vn -0.5854 0.6137 0.5299
vn -0.6194 0.5807 0.5283
vn -0.7441 0.4987 0.4446
vn -0.6820 0.5459 0.4866
vn -0.7880 0.4727 0.3944
vn -0.4969 0.6717 0.5495
vn -0.6290 0.6305 0.4549
vn -0.8621 0.3556 0.3611
vn -0.7250 -0.5741 0.3804
vn -0.7921 -0.4810 0.3758
vn -0.8920 -0.2832 0.3524
vn -0.9570 -0.1414 0.2532
vn -0.9416 -0.2210 0.2540
vn -0.6001 -0.6847 0.4137
vn -0.5116 -0.7162 0.4747
vn -0.8449 -0.4485 0.2916
vn -0.7941 -0.5091 0.3319
vn -0.9689 0.0406 0.2440
vn -0.9545 0.1844 0.2342
vn -0.7367 0.5552 0.3862
vn -0.8207 0.4753 0.3170
vn -0.6012 -0.6964 0.3920
vn -0.6837 -0.6605 0.3103
vn -0.9145 -0.3681 0.1681
vn -0.7802 -0.5650 0.2685
vn -0.7430 -0.6099 0.2757
vn -0.7635 0.5545 0.3311
vn -0.8870 0.3976 0.2349
vn -0.9203 0.3461 0.1826
vn -0.8620 -0.4670 0.1971
vn -0.9473 -0.2958 0.1229
vn -0.9882 -0.1090 0.1072
vn -0.7622 0.5868 0.2735
vn -0.7669 -0.6157 0.1808
vn -0.9840 -0.1733 0.0402
vn -0.9996 0.0031 0.0295
vn -0.9623 0.1888 0.1959
vn -0.9663 0.2444 0.0804
vn -0.9975 0.0660 -0.0264
vn -0.9913 0.1315 -0.0085
vn -0.8158 0.5419 0.2021
vn -0.8124 -0.5787 0.0716
vn -0.9387 0.3359 0.0780
vn -0.8417 0.5296 0.1055
vn -0.8758 -0.4826 -0.0048
vn -0.9252 -0.3788 -0.0222
vn -0.9592 0.2686 -0.0883
vn -0.8953 0.4439 -0.0380
vn -0.9338 0.3499 -0.0749
vn -0.9740 -0.1985 -0.1092
vn -0.9504 -0.2534 -0.1806
vn -0.9773 -0.1610 -0.1380
vn -0.9864 0.0077 -0.1639
vn -0.9890 0.0900 -0.1175
vn -0.9791 0.1662 -0.1170
vn 0.0500 -0.9980 -0.0383
vn -0.0263 -0.9995 0.0171
vn -0.0546 -0.9851 -0.1634
vn -0.1078 -0.9904 -0.0865
vn 0.1181 -0.9893 -0.0855
vn 0.0720 -0.9763 -0.2041
vn 0.0477 -0.9589 -0.2797
vn -0.0282 -0.9660 -0.2570
vn -0.0850 -0.9611 -0.2627
vn -0.1000 -0.9619 -0.2543
vn 0.1979 -0.9614 -0.1911
vn 0.1860 -0.9391 -0.2889
vn 0.1019 -0.9914 0.0823
vn 0.1775 -0.9824 -0.0577
vn -0.1775 -0.9833 -0.0394
vn -0.0981 -0.9943 0.0419
vn -0.1406 -0.9473 -0.2878
vn -0.2107 -0.9664 -0.1472
vn -0.2232 -0.9490 -0.2227
vn -0.0689 -0.9846 0.1604
vn -0.1098 -0.9869 0.1186
vn -0.2807 -0.9560 -0.0847
vn -0.2739 -0.9617 0.0110
vn -0.0212 -0.9685 0.2482
vn -0.2027 -0.9669 0.1548
vn -0.1281 -0.9735 0.1896
vn 0.0757 -0.9667 0.2446
vn 0.1196 -0.9762 0.1809
vn 0.2645 -0.9617 0.0715
vn 0.2927 -0.9538 -0.0671
vn 0.1753 -0.9783 0.1107
vn 0.2743 -0.9429 -0.1888
vn -0.2894 -0.9564 0.0393
vn -0.2852 -0.9503 0.1250
vn 0.1928 -0.9418 0.2752
vn 0.1422 -0.9437 0.2985
vn -0.0702 -0.9307 0.3589
vn -0.1117 -0.9306 0.3486
vn 0.0384 -0.9240 0.3805
vn 0.3680 -0.9280 0.0584
vn 0.2849 -0.9089 0.3045
vn 0.3238 -0.9258 0.1953
vn 0.3849 -0.9216 -0.0501
vn 0.3618 -0.9210 -0.1443
vn -0.1737 -0.9159 0.3617
vn -0.2541 -0.9374 0.2383
vn -0.2089 -0.9094 0.3596
vn 0.4140 -0.8909 0.1869
vn 0.4439 -0.8896 0.1080
vn 0.2601 -0.9074 -0.3302
vn 0.4418 -0.8961 0.0422
vn 0.4089 -0.9022 -0.1373
vn 0.3837 -0.8555 0.3476
vn 0.3279 -0.8770 0.3513
vn 0.1915 -0.8607 0.4718
vn 0.1347 -0.9126 0.3860
vn 0.1324 -0.8681 0.4784
vn 0.4924 -0.8704 0.0037
vn 0.5039 -0.8566 -0.1110
vn 0.4813 -0.8581 0.1788
vn 0.4426 -0.8350 0.3269
vn 0.2800 -0.8169 0.5043
vn 0.0453 -0.8524 0.5209
vn -0.0723 -0.8905 0.4491
vn 0.3778 -0.8892 -0.2580
vn 0.3393 -0.8953 -0.2887
vn 0.5065 -0.8003 0.3209
vn 0.4902 -0.8450 -0.2137
vn 0.4363 -0.8654 -0.2464
vn 0.1931 -0.8954 -0.4012
vn 0.0653 -0.8820 -0.4667
vn -0.1146 -0.9187 -0.3780
vn -0.0137 -0.9028 -0.4298
vn -0.2827 -0.9301 -0.2346
vn -0.2645 -0.9487 -0.1734
vn -0.3419 -0.9316 -0.1232
vn -0.2105 -0.9157 -0.3422
vn -0.3717 -0.9280 0.0277
vn -0.3740 -0.9203 0.1144
vn -0.3295 -0.9249 0.1896
vn -0.2845 -0.9245 0.2536
vn -0.2861 -0.8852 0.3668
vn -0.0915 -0.8722 0.4805
vn -0.3614 -0.9031 0.2320
vn -0.3401 -0.8794 0.3330
vn -0.3962 -0.9017 0.1730
vn -0.2113 -0.8737 0.4382
vn -0.0543 -0.8371 0.5443
vn -0.1640 -0.8270 0.5377
vn -0.2839 -0.9067 -0.3120
vn -0.4237 -0.8964 0.1302
vn -0.4021 -0.8683 0.2906
vn 0.1563 -0.8086 0.5673
vn 0.1267 -0.7998 0.5868
vn 0.3989 -0.7787 0.4842
vn 0.5411 -0.8190 0.1909
vn -0.2635 -0.8294 0.4926
vn -0.3227 -0.8444 0.4276
vn -0.4940 -0.8662 0.0748
vn -0.4948 -0.8690 -0.0006
vn -0.4393 -0.8847 -0.1558
vn -0.4702 -0.8801 -0.0658
vn -0.3535 -0.8939 -0.2755
vn -0.4571 -0.8701 0.1843
vn -0.4116 -0.8668 0.2815
vn -0.4967 -0.8529 0.1610
vn -0.4145 -0.8792 -0.2347
vn -0.1416 -0.8807 -0.4520
vn -0.0676 -0.8564 -0.5119
vn -0.3343 -0.8738 -0.3532
vn 0.2807 -0.8608 -0.4245
vn 0.1328 -0.8439 -0.5197
vn 0.1574 -0.8160 -0.5563
vn 0.3802 -0.8568 -0.3483
vn 0.6273 -0.7651 0.1454
vn 0.5912 -0.7767 0.2173
vn 0.5563 -0.8302 0.0348
vn 0.5499 -0.8145 -0.1849
vn -0.2427 -0.8529 -0.4622
vn -0.3060 -0.8413 -0.4455
vn 0.1041 -0.8405 -0.5317
vn 0.6298 -0.7756 0.0410
vn 0.6005 -0.7971 -0.0629
vn 0.5086 -0.8006 -0.3167
vn 0.4682 -0.7906 -0.3946
vn 0.3547 -0.8093 -0.4683
vn 0.4385 -0.7876 -0.4330
vn -0.1094 -0.8313 -0.5450
vn -0.1862 -0.8323 -0.5221
vn 0.6391 -0.7576 -0.1323
vn 0.5910 -0.7642 -0.2581
vn -0.0282 -0.7836 -0.6206
vn 0.0618 -0.7771 -0.6264
vn 0.1803 -0.7842 -0.5937
vn 0.0858 -0.7487 -0.6574
vn 0.2931 -0.7497 -0.5934
vn 0.5188 -0.7284 0.4476
vn 0.6108 -0.7369 0.2897
vn 0.5396 -0.7702 0.3401
vn 0.2907 -0.7728 0.5641
vn 0.0596 -0.7662 0.6398
vn -0.0450 -0.8031 0.5942
vn -0.0514 -0.7866 0.6153
vn -0.2229 -0.7862 0.5763
vn -0.4579 -0.8281 0.3234
vn -0.4095 -0.8383 0.3599
vn -0.5009 -0.8344 0.2300
vn -0.5091 -0.8409 0.1835
vn -0.3567 -0.8014 0.4801
vn -0.2863 -0.7974 0.5312
vn 0.2728 -0.7337 0.6223
vn 0.4063 -0.7368 0.5404
vn -0.2533 -0.7559 0.6037
vn -0.5604 -0.8243 0.0806
vn -0.4014 -0.7719 0.4931
vn -0.4825 -0.7794 0.3996
vn -0.5763 -0.8138 -0.0745
vn -0.1581 -0.7296 0.6653
vn 0.4870 -0.7014 0.5205
vn 0.1687 -0.7147 0.6788
vn 0.3796 -0.6910 0.6152
vn -0.0889 -0.7240 0.6841
vn -0.5863 -0.7850 0.2003
vn -0.5797 -0.7548 0.3070
vn -0.2206 -0.7170 0.6612
vn -0.4640 -0.7391 0.4883
vn -0.3404 -0.7429 0.5764
vn -0.2792 -0.7077 0.6490
vn -0.6360 -0.7715 0.0174
vn -0.0379 -0.6633 0.7474
vn 0.0474 -0.6762 0.7352
vn 0.1253 -0.6957 0.7073
vn 0.1642 -0.6682 0.7256
vn 0.2969 -0.6797 0.6707
vn -0.4020 -0.7071 0.5817
vn 0.5352 -0.6926 0.4835
vn -0.0890 -0.6916 0.7167
vn -0.1080 -0.6886 0.7170
vn 0.4477 -0.6600 0.6033
vn -0.5116 -0.7162 0.4747
vn 0.7202 -0.6937 -0.0099
vn 0.6643 -0.6485 0.3716
vn 0.6447 -0.6084 0.4629
vn 0.2218 -0.6154 0.7564
vn 0.2983 -0.6326 0.7147
vn -0.1705 -0.6710 0.7216
vn -0.1646 -0.6330 0.7564
vn 0.5024 -0.6374 0.5842
vn -0.3666 -0.6757 0.6396
vn -0.4649 -0.6689 0.5800
vn 0.4125 -0.6228 0.6648
vn 0.7546 -0.6248 0.2004
vn -0.6012 -0.6964 0.3920
vn 0.1510 -0.5852 0.7967
vn -0.6730 -0.7307 0.1144
vn -0.6394 -0.7235 0.2602
vn -0.6001 -0.6847 0.4137
vn -0.5273 -0.6511 0.5460
vn 0.3836 -0.5558 0.7375
vn 0.6150 -0.5641 0.5509
vn 0.5059 -0.5740 0.6439
vn 0.5867 -0.5209 0.6201
vn 0.4461 -0.5481 0.7075
vn 0.7819 -0.6228 0.0271
vn 0.7116 -0.6610 -0.2381
vn 0.4795 -0.7310 -0.4855
vn 0.5149 -0.7378 -0.4365
vn 0.6209 -0.7000 -0.3529
vn 0.3580 -0.7319 -0.5798
vn 0.4316 -0.7244 -0.5376
vn 0.7990 -0.5934 -0.0974
vn 0.7585 -0.5226 0.3894
vn -0.7047 -0.6771 0.2120
vn -0.6837 -0.6605 0.3103
vn -0.7209 -0.6929 0.0145
vn 0.8379 -0.5326 0.1195
vn 0.8250 -0.5096 0.2443
vn 0.3780 -0.6985 -0.6076
vn 0.8324 -0.5310 -0.1584
vn -0.7430 -0.6099 0.2757
vn -0.7669 -0.6157 0.1808
vn -0.7256 -0.6746 0.1358
vn -0.7816 -0.6235 0.0193
vn -0.8124 -0.5787 0.0716
vn 0.7879 -0.5133 -0.3402
vn 0.6304 -0.6304 -0.4531
vn 0.7062 -0.5357 -0.4630
vn 0.5951 -0.6073 -0.5264
vn 0.5370 -0.6412 -0.5481
vn 0.5052 -0.6210 -0.5993
vn 0.4616 -0.6263 -0.6282
vn 0.5989 -0.5680 -0.5645
vn 0.9179 -0.3956 -0.0317
vn 0.9062 -0.3969 0.1456
vn 0.8497 -0.4574 -0.2622
vn 0.5881 -0.5323 -0.6089
vn 0.6792 -0.4769 -0.5579
vn 0.5121 -0.5374 -0.6700
vn 0.9010 -0.3662 -0.2328
vn 0.7529 -0.4299 -0.4983
vn 0.8046 -0.3641 -0.4691
vn 0.8848 -0.3023 -0.3546
vn 0.9661 -0.2238 -0.1289
vn 0.9695 -0.1307 -0.2074
vn 0.9140 -0.2208 -0.3405
vn 0.0474 0.9791 -0.1980
vn -0.0115 0.9352 -0.3539
vn -0.0953 0.9697 -0.2251
vn -0.0852 0.9502 -0.2997
vn -0.0729 0.9878 -0.1378
vn 0.0690 0.9288 -0.3640
vn 0.1770 0.9607 -0.2139
vn 0.1359 0.9414 -0.3088
vn 0.1460 0.9852 -0.0894
vn 0.0985 0.9938 -0.0517
vn 0.2502 0.9260 -0.2828
vn -0.0474 0.9971 0.0598
vn -0.0831 0.9926 -0.0889
vn 0.0664 0.9975 0.0247
vn -0.0838 0.9965 0.0016
vn -0.1581 0.9822 -0.1013
vn -0.1834 0.9594 -0.2143
vn 0.1948 0.9808 -0.0117
vn 0.1531 0.9842 0.0885
vn 0.2732 0.9619 0.0052
vn 0.2884 0.9439 -0.1607
vn 0.3360 0.9395 -0.0668
vn 0.0475 0.9837 0.1736
vn -0.0970 0.9077 -0.4083
vn -0.1649 0.9030 -0.3967
vn -0.2262 0.9109 -0.3450
vn -0.1097 0.9024 -0.4167
vn -0.2559 0.9384 -0.2323
vn -0.2532 0.9238 -0.2873
vn -0.3069 0.9438 -0.1229
vn -0.2176 0.9760 0.0042
vn -0.1369 0.9906 0.0057
vn -0.1257 0.8922 -0.4338
vn 0.0758 0.8514 -0.5190
vn -0.0259 0.8435 -0.5365
vn 0.0806 0.9052 -0.4174
vn 0.1803 0.9008 -0.3950
vn 0.2452 0.8616 -0.4444
vn -0.3069 0.9083 -0.2841
vn -0.3116 0.9333 -0.1783
vn -0.3223 0.9465 -0.0137
vn -0.2806 0.9592 0.0338
vn -0.3319 0.9423 -0.0433
vn -0.2968 0.8663 -0.4018
vn -0.1630 0.8557 -0.4911
vn -0.2824 0.8310 -0.4792
vn -0.3721 0.9099 -0.1831
vn -0.0791 0.8129 -0.5769
vn -0.0976 0.8294 -0.5501
vn -0.1492 0.8072 -0.5712
vn -0.3580 0.8685 -0.3429
vn 0.1674 0.8225 -0.5436
vn -0.3281 0.8510 -0.4100
vn -0.4142 0.8755 -0.2489
vn -0.2354 0.7861 -0.5715
vn -0.3743 0.8404 -0.3920
vn -0.4168 0.8462 -0.3319
vn -0.4269 0.8872 -0.1750
vn -0.4370 0.8853 -0.1591
vn -0.3643 0.9311 0.0167
vn -0.4350 0.8994 -0.0434
vn -0.2829 0.9548 0.0909
vn -0.1974 0.9636 0.1802
vn -0.1143 0.9831 0.1428
vn -0.3429 0.7947 -0.5009
vn 0.0005 0.9759 0.2183
vn -0.0503 0.9715 0.2318
vn -0.5025 0.8277 -0.2497
vn -0.5001 0.8060 -0.3167
vn -0.5068 0.8579 -0.0848
vn -0.5545 0.8219 -0.1305
vn -0.4283 0.7893 -0.4400
vn -0.4699 0.7909 -0.3919
vn -0.4600 0.8861 0.0569
vn -0.2869 0.9383 0.1929
vn -0.3593 0.9170 0.1733
vn -0.4936 0.8697 0.0002
vn 0.0716 0.9645 0.2541
vn -0.1071 0.9608 0.2558
vn -0.4535 0.8755 0.1665
vn -0.2885 0.7533 -0.5910
vn -0.5343 0.8076 -0.2496
vn -0.6040 0.7740 -0.1899
vn -0.2685 0.9234 0.2743
vn -0.1865 0.7653 -0.6161
vn -0.0113 0.7997 -0.6003
vn 0.0848 0.7755 -0.6257
vn -0.3777 0.7432 -0.5522
vn -0.4965 0.7617 -0.4163
vn -0.5611 0.7427 -0.3655
vn -0.1182 0.7342 -0.6685
vn -0.4233 0.7073 -0.5662
vn -0.4820 0.7281 -0.4874
vn -0.6107 0.7915 -0.0230
vn -0.5229 0.8497 0.0673
vn -0.5131 0.8403 0.1747
vn -0.6486 0.7168 -0.2560
vn -0.3864 0.8837 0.2642
vn -0.3096 0.8907 0.3329
vn -0.4409 0.8752 0.1990
vn -0.1787 0.9200 0.3489
vn -0.1108 0.9374 0.3302
vn 0.1861 0.9626 0.1970
vn 0.2680 0.9473 0.1754
vn -0.6307 0.7760 0.0035
vn -0.6068 0.7840 0.1310
vn -0.5100 0.7118 -0.4830
vn 0.0127 0.9251 0.3794
vn -0.0763 0.9230 0.3772
vn -0.7022 0.6989 -0.1360
vn -0.6383 0.6807 -0.3596
vn -0.2758 0.7117 -0.6461
vn -0.2714 0.8666 0.4188
vn -0.2936 0.8696 0.3971
vn -0.5757 0.6581 -0.4851
vn -0.4891 0.6719 -0.5562
vn -0.3895 0.6868 -0.6136
vn -0.1654 0.7154 -0.6788
vn -0.0482 0.7144 -0.6981
vn 0.2849 0.8432 -0.4559
vn 0.3217 0.8690 -0.3759
vn 0.3804 0.8657 -0.3255
vn 0.4009 0.9051 -0.1418
vn 0.3765 0.9255 0.0398
vn -0.1316 0.8998 0.4160
vn 0.3616 0.9226 0.1340
vn 0.1941 0.9517 0.2378
vn 0.1604 0.9030 0.3986
vn 0.3312 0.8265 -0.4551
vn 0.2607 0.9305 0.2572
vn -0.0777 0.8922 0.4448
vn 0.0936 0.9022 0.4211
vn -0.4683 0.8193 0.3308
vn -0.4285 0.8329 0.3501
vn -0.5447 0.7862 0.2920
vn -0.5899 0.7768 0.2205
vn -0.3907 0.8033 0.4495
vn -0.6935 0.7199 0.0288
vn -0.0287 0.8745 0.4842
vn -0.2154 0.8340 0.5080
vn -0.1742 0.8589 0.4817
vn -0.1374 0.8413 0.5227
vn -0.2889 0.8388 0.4614
vn -0.3287 0.8172 0.4734
vn 0.0871 0.8972 0.4330
vn -0.6720 0.7226 0.1622
vn -0.7387 0.6629 0.1217
vn -0.7426 0.6645 -0.0839
vn -0.4455 0.7658 0.4637
vn -0.5990 0.7365 0.3143
vn -0.6654 0.7055 0.2439
vn -0.4958 0.7483 0.4406
vn -0.5478 0.7393 0.3916
vn -0.4037 0.7839 0.4717
vn 0.2910 0.9064 0.3062
vn -0.0819 0.8280 0.5547
vn 0.4036 0.8764 0.2626
vn 0.4609 0.8873 0.0159
vn -0.2053 0.8127 0.5453
vn 0.2767 0.8570 0.4347
vn 0.4397 0.8853 0.1516
vn 0.0614 0.8204 0.5685
vn 0.1034 0.8366 0.5379
vn 0.4386 0.8428 -0.3121
vn 0.3867 0.8413 0.3777
vn -0.0466 0.8095 0.5853
vn 0.4908 0.8581 -0.1509
vn 0.5119 0.8574 -0.0530
vn 0.4939 0.8451 -0.2045
vn 0.1642 0.8070 0.5673
vn -0.3662 0.7421 0.5614
vn -0.1199 0.7962 0.5930
vn -0.1818 0.7708 0.6105
vn -0.2955 0.7938 0.5316
vn -0.3452 0.7594 0.5516
vn -0.2874 0.7551 0.5893
vn 0.3853 0.8105 -0.4412
vn 0.5183 0.8441 0.1373
vn 0.4927 0.8355 0.2432
vn 0.2908 0.7695 -0.5685
vn 0.2073 0.7702 -0.6032
vn 0.5373 0.8424 0.0408
vn 0.4981 0.8084 -0.3138
vn 0.4566 0.7752 -0.4366
vn 0.1298 0.7280 -0.6732
vn 0.3663 0.7968 0.4806
vn 0.0399 0.7626 0.6457
vn 0.5481 0.8056 -0.2250
vn 0.6271 0.7780 0.0375
vn 0.5953 0.7954 0.1138
vn 0.6180 0.7774 -0.1168
vn 0.5561 0.8079 0.1951
vn 0.5187 0.7929 0.3198
vn 0.4787 0.7770 0.4088
vn 0.5766 0.7874 -0.2183
vn 0.2534 0.7505 0.6103
vn 0.3093 0.7359 0.6024
vn 0.1279 0.7525 0.6461
vn -0.0704 0.7582 0.6482
vn -0.1112 0.7426 0.6604
vn -0.3849 0.7219 0.5751
vn -0.4127 0.7312 0.5431
vn -0.4388 0.7180 0.5404
vn 0.1872 0.7496 0.6348
vn -0.2604 0.6977 0.6674
vn -0.5763 0.6946 0.4306
vn -0.4969 0.6717 0.5495
vn -0.5169 0.6792 0.5211
vn -0.1817 0.7149 0.6752
vn -0.2317 0.6895 0.6863
vn -0.1229 0.6917 0.7117
vn 0.0044 0.6982 0.7159
vn 0.3762 0.7325 0.5674
vn -0.6773 0.6513 0.3420
vn -0.4267 0.6857 0.5897
vn -0.3718 0.6764 0.6358
vn -0.3182 0.6594 0.6812
vn 0.4228 0.7247 0.5441
vn 0.4623 0.7267 0.5081
vn -0.0839 0.6801 0.7283
vn -0.7071 0.6445 0.2911
vn -0.6290 0.6305 0.4549
vn 0.6344 0.7234 0.2722
vn 0.5756 0.7579 0.3071
vn 0.6709 0.7223 0.1677
vn -0.1778 0.6611 0.7289
vn -0.2409 0.6411 0.7287
vn -0.5854 0.6137 0.5299
vn 0.6692 0.7370 0.0949
vn -0.0848 0.6718 0.7359
vn -0.4446 0.6269 0.6398
vn -0.7984 0.6020 -0.0098
vn -0.8204 0.5540 -0.1418
vn 0.6057 0.7353 -0.3041
vn 0.6325 0.7434 -0.2177
vn 0.4142 0.7075 -0.5725
vn 0.4741 0.7488 -0.4632
vn 0.5882 0.6981 -0.4082
vn 0.6196 0.6747 0.4011
vn 0.6492 0.6696 0.3607
vn 0.6768 0.7161 -0.1710
vn 0.6853 0.6985 0.2063
vn 0.7281 0.6777 -0.1030
vn -0.7007 0.6240 -0.3459
vn -0.7190 0.6333 -0.2864
vn -0.7671 0.5873 -0.2580
vn -0.7694 0.6240 -0.1366
vn -0.7622 0.5868 0.2735
vn -0.6593 0.5959 -0.4584
vn -0.6168 0.6121 -0.4949
vn -0.8158 0.5419 0.2021
vn -0.7980 0.5899 0.1234
vn -0.7367 0.5552 0.3862
vn -0.7635 0.5545 0.3311
vn -0.8417 0.5296 0.1055
vn 0.7868 0.6103 0.0925
vn 0.4886 0.6714 -0.5571
vn 0.5525 0.6558 -0.5145
vn -0.5882 0.5647 -0.5789
vn -0.4818 0.6021 -0.6367
vn 0.6953 0.6365 -0.3337
vn -0.7724 0.5223 -0.3614
vn -0.7255 0.5318 -0.4368
vn -0.8074 0.5192 -0.2802
vn -0.6583 0.5092 -0.5544
vn -0.7158 0.4874 -0.5001
vn 0.6543 0.6031 -0.4562
vn 0.7633 0.5995 0.2408
vn 0.7925 0.5835 -0.1776
vn -0.8207 0.4753 0.3170
vn -0.8953 0.4439 -0.0380
vn -0.7672 0.4801 -0.4254
vn 0.8345 0.5488 -0.0496
vn -0.7403 0.4939 -0.4561
vn -0.8654 0.4288 -0.2592
vn -0.9043 0.4171 -0.0912
vn 0.7880 0.5309 -0.3119
vn -0.7934 0.4207 -0.4399
vn -0.9387 0.3359 0.0780
vn -0.9245 0.3223 -0.2035
vn -0.9338 0.3499 -0.0749
vn 0.8606 0.4756 -0.1824
vn -0.9592 0.2686 -0.0883
vn 0.8977 -0.1269 0.4220
vn 0.8605 0.0333 0.5083
vn 0.7747 -0.1480 0.6148
vn 0.8348 -0.2230 0.5034
vn 0.7651 0.0282 0.6433
vn 0.8116 0.1175 0.5723
vn 0.8910 0.0770 0.4474
vn 0.9472 -0.0152 0.3203
vn 0.8730 -0.2989 0.3853
vn 0.7950 -0.3131 0.5196
vn 0.8092 -0.3719 0.4548
vn 0.7175 -0.3223 0.6175
vn 0.6543 -0.0494 0.7546
vn 0.7065 -0.1408 0.6936
vn 0.6162 -0.2098 0.7591
vn 0.6585 -0.1748 0.7320
vn 0.6995 -0.4216 0.5770
vn 0.5713 -0.3413 0.7464
vn 0.6237 -0.3596 0.6940
vn 0.5691 -0.1562 0.8073
vn 0.6084 0.1363 0.7818
vn 0.6032 0.0322 0.7969
vn 0.7431 0.1188 0.6585
vn 0.5251 -0.0520 0.8495
vn 0.5249 -0.1201 0.8427
vn 0.6371 0.2201 0.7387
vn 0.8099 0.2758 0.5176
vn 0.8358 0.2645 0.4812
vn 0.7396 0.2308 0.6322
vn 0.6820 0.2294 0.6944
vn 0.8814 0.2234 0.4162
vn 0.5015 0.0320 0.8646
vn 0.4953 0.1283 0.8592
vn 0.5415 0.1612 0.8251
vn 0.6719 0.3083 0.6734
vn 0.4969 -0.2928 0.8169
vn 0.5428 -0.3442 0.7661
vn 0.4700 -0.1708 0.8660
vn 0.7078 0.3641 0.6053
vn 0.4966 0.3139 0.8092
vn 0.4915 0.2157 0.8438
vn 0.3700 -0.0490 0.9277
vn 0.3834 -0.1795 0.9060
vn 0.4258 -0.2833 0.8593
vn 0.3813 0.1160 0.9172
vn 0.4252 0.1519 0.8922
vn 0.5873 0.4035 0.7017
vn 0.5433 0.3955 0.7406
vn 0.3904 0.2804 0.8769
vn 0.3725 -0.2866 0.8827
vn 0.2932 0.0298 0.9556
vn 0.4885 -0.4132 0.7685
vn 0.4213 -0.3867 0.8204
vn 0.5254 -0.4424 0.7267
vn 0.5891 -0.4625 0.6626
vn 0.6181 -0.3978 0.6780
vn 0.2995 -0.2743 0.9138
vn 0.3290 -0.1637 0.9300
vn 0.2376 -0.0597 0.9695
vn 0.3101 0.2402 0.9199
vn 0.3801 0.3482 0.8569
vn 0.2379 0.1443 0.9605
vn 0.2616 0.2626 0.9288
vn 0.3405 0.2947 0.8929
vn 0.1762 -0.1791 0.9679
vn 0.1835 -0.1087 0.9770
vn 0.1597 0.0822 0.9837
vn 0.6411 0.4095 0.6491
vn 0.4582 0.4175 0.7847
vn 0.2687 -0.3757 0.8870
vn 0.3860 -0.4555 0.8022
vn 0.1845 -0.2776 0.9428
vn 0.4298 -0.4719 0.7698
vn 0.4721 -0.4919 0.7315
vn 0.1567 0.1404 0.9776
vn 0.2931 -0.4792 0.8273
vn 0.1001 -0.0861 0.9913
vn 0.0630 0.0376 0.9973
vn 0.1791 -0.3804 0.9073
vn 0.2357 0.4412 0.8659
vn 0.2151 0.3563 0.9093
vn 0.1029 0.2618 0.9596
vn 0.1618 0.2826 0.9455
vn 0.0210 0.2152 0.9763
vn 0.1470 -0.3456 0.9268
vn 0.3400 0.4741 0.8122
vn 0.4845 0.5076 0.7125
vn 0.2095 -0.4853 0.8488
vn 0.1595 -0.4530 0.8771
vn 0.3097 -0.5297 0.7896
vn 0.3591 -0.5352 0.7646
vn 0.3836 -0.5558 0.7375
vn 0.4461 -0.5481 0.7075
vn 0.5059 -0.5740 0.6439
vn 0.5867 -0.5209 0.6201
vn 0.6150 -0.5641 0.5509
vn 0.2588 0.5035 0.8243
vn 0.3816 0.5589 0.7362
vn 0.1602 0.4512 0.8779
vn 0.0652 0.4003 0.9141
vn 0.3267 0.5219 0.7880
vn -0.0148 0.3607 0.9326
vn 0.6596 0.4912 0.5690
vn 0.5854 0.5291 0.6143
vn 0.5611 0.5792 0.5913
vn 0.5333 0.5925 0.6038
vn 0.7318 0.4607 0.5022
vn 0.4394 0.5983 0.6700
vn 0.4755 0.6226 0.6215
vn 0.3277 0.5861 0.7410
vn 0.1930 0.5742 0.7956
vn 0.1329 0.6049 0.7852
vn 0.1024 0.5243 0.8454
vn 0.0211 0.5049 0.8629
vn -0.0605 0.3844 0.9212
vn 0.2657 0.6513 0.7107
vn 0.2015 0.6575 0.7260
vn 0.3544 0.6629 0.6595
vn 0.0413 0.5683 0.8218
vn 0.1509 0.6314 0.7606
vn 0.7636 0.4835 0.4279
vn 0.8299 0.3892 0.3998
vn 0.8735 0.3323 0.3557
vn 0.5499 0.6493 0.5254
vn 0.6419 0.5904 0.4892
vn 0.5783 0.6418 0.5036
vn 0.4228 0.7247 0.5441
vn 0.3762 0.7325 0.5674
vn 0.4623 0.7267 0.5081
vn 0.0007 0.6076 0.7943
vn 0.2534 0.7505 0.6103
vn 0.1872 0.7496 0.6348
vn 0.3093 0.7359 0.6024
vn 0.0539 0.6992 0.7129
vn -0.0675 0.6132 0.7871
vn -0.0984 0.5690 0.8164
vn -0.0754 0.5061 0.8592
vn 0.0044 0.6982 0.7159
vn 0.1279 0.7525 0.6461
vn 0.0399 0.7626 0.6457
vn 0.6196 0.6747 0.4011
vn 0.6492 0.6696 0.3607
vn -0.0839 0.6801 0.7283
vn -0.0848 0.6718 0.7359
vn 0.2218 -0.6154 0.7564
vn 0.7976 0.5007 0.3363
vn 0.8225 0.4556 0.3403
vn 0.9456 0.1604 0.2832
vn 0.1510 -0.5852 0.7967
vn -0.1834 0.6181 0.7644
vn 0.2983 -0.6326 0.7147
vn 0.4787 0.7770 0.4088
vn 0.8710 0.3864 0.3033
vn -0.1229 0.6917 0.7117
vn -0.1778 0.6611 0.7289
vn 0.7633 0.5995 0.2408
vn 0.9093 0.3226 0.2629
vn 0.8890 0.4132 0.1973
vn 0.8277 0.5115 0.2308
vn 0.7585 -0.5226 0.3894
vn 0.6447 -0.6084 0.4629
vn 0.9548 -0.1626 0.2487
vn 0.9014 -0.3182 0.2935
vn 0.8424 -0.3952 0.3664
vn 0.6344 0.7234 0.2722
vn 0.6853 0.6985 0.2063
vn 0.9679 0.2225 0.1171
vn 0.9813 -0.0871 0.1716
vn 0.9910 0.0354 0.1294
vn 0.8250 -0.5096 0.2443
vn 0.9360 -0.3089 0.1689
vn 0.7868 0.6103 0.0925
vn 0.8787 0.4621 0.1199
vn 0.9062 -0.3969 0.1456
vn 0.9132 0.4064 -0.0301
vn 0.8345 0.5488 -0.0496
vn 0.9984 -0.0552 -0.0108
vn 0.9704 0.2370 -0.0461
vn 0.9976 0.0438 -0.0540
vn 0.9507 -0.3098 0.0128
vn 0.8924 0.4406 -0.0973
vn 0.9179 -0.3956 -0.0317
vn 0.9661 -0.2238 -0.1289
vn 0.9695 -0.1307 -0.2074
vn 0.9654 0.2205 -0.1393
vn 0.9807 0.0107 -0.1954
vn 0.9394 0.2978 -0.1696
vn 0.9562 0.1591 -0.2456
vn 0.9496 0.2229 -0.2202
vn 0.8606 0.4756 -0.1824
vn -0.9145 -0.2107 -0.3455
vn -0.8504 -0.1935 -0.4892
vn -0.8839 -0.2182 -0.4137
vn -0.9227 -0.0259 -0.3845
vn -0.9028 0.0002 -0.4301
vn -0.8510 -0.0292 -0.5244
vn -0.8852 -0.3137 -0.3434
vn -0.8321 -0.3785 -0.4054
vn -0.9175 -0.3104 -0.2486
vn -0.9504 -0.2534 -0.1806
vn -0.9541 -0.0967 -0.2835
vn -0.9248 -0.1054 -0.3654
vn -0.8602 -0.3728 -0.3480
vn -0.7718 -0.3332 -0.5416
vn -0.7810 -0.2348 -0.5787
vn -0.7938 -0.1444 -0.5907
vn -0.7971 -0.4108 -0.4425
vn -0.8117 0.0266 -0.5835
vn -0.9568 0.0472 -0.2868
vn -0.8754 0.1562 -0.4574
vn -0.9297 0.1027 -0.3538
vn -0.9864 0.0077 -0.1639
vn -0.9773 -0.1610 -0.1380
vn -0.9583 -0.1767 -0.2245
vn -0.9740 -0.1985 -0.1092
vn -0.8568 -0.4493 -0.2531
vn -0.9280 -0.3561 -0.1098
vn -0.8975 -0.4187 -0.1382
vn -0.7128 -0.4069 -0.5713
vn -0.7526 -0.4193 -0.5077
vn -0.7353 -0.2613 -0.6253
vn -0.6891 -0.1826 -0.7013
vn -0.6973 -0.1702 -0.6963
vn -0.6812 -0.3073 -0.6645
vn -0.7431 -0.5043 -0.4398
vn -0.6581 -0.3798 -0.6501
vn -0.7012 -0.0001 -0.7130
vn -0.6658 -0.0841 -0.7414
vn -0.6575 -0.0241 -0.7530
vn -0.7216 0.0885 -0.6867
vn -0.6730 -0.5424 -0.5028
vn -0.6606 -0.4613 -0.5923
vn -0.6510 -0.4170 -0.6343
vn -0.6072 -0.3561 -0.7103
vn -0.7119 -0.6047 -0.3571
vn -0.7653 -0.5821 -0.2746
vn -0.8030 -0.5457 -0.2396
vn -0.7066 -0.5617 -0.4303
vn -0.8539 -0.4813 -0.1981
vn -0.6169 -0.5494 -0.5635
vn -0.6901 -0.6208 -0.3721
vn -0.5975 -0.4598 -0.6569
vn -0.5539 -0.3193 -0.7690
vn -0.5759 -0.2138 -0.7891
vn -0.6499 -0.1753 -0.7395
vn -0.5992 -0.5625 -0.5696
vn -0.5803 -0.1370 -0.8028
vn -0.5354 -0.4600 -0.7083
vn -0.6219 -0.6651 -0.4133
vn -0.5128 -0.5947 -0.6192
vn -0.5143 -0.5310 -0.6735
vn -0.7723 0.1598 -0.6148
vn -0.4690 -0.4473 -0.7616
vn -0.4931 -0.2688 -0.8274
vn -0.4930 -0.4840 -0.7230
vn -0.4951 -0.2364 -0.8361
vn -0.5792 -0.0304 -0.8146
vn -0.4385 -0.4109 -0.7993
vn -0.4372 -0.3460 -0.8302
vn -0.4921 -0.1617 -0.8554
vn -0.4451 -0.2464 -0.8609
vn -0.5049 -0.1058 -0.8567
vn -0.6465 0.0374 -0.7620
vn -0.5338 -0.6711 -0.5144
vn -0.5690 -0.7158 -0.4048
vn -0.4437 -0.5512 -0.7066
vn -0.3936 -0.5236 -0.7556
vn -0.4433 -0.6342 -0.6335
vn -0.3973 -0.2958 -0.8687
vn -0.4440 -0.6930 -0.5680
vn -0.6359 -0.7035 -0.3173
vn -0.7213 -0.6549 -0.2253
vn -0.3575 -0.4035 -0.8423
vn -0.3403 -0.4479 -0.8268
vn -0.3442 -0.5262 -0.7776
vn -0.4761 -0.7242 -0.4989
vn -0.3561 -0.6161 -0.7026
vn -0.3944 -0.6421 -0.6574
vn -0.5181 -0.7481 -0.4145
vn -0.6418 -0.7437 -0.1873
vn -0.5625 -0.7678 -0.3066
vn -0.3992 -0.7140 -0.5751
vn -0.7798 -0.6143 -0.1205
vn -0.7676 -0.6279 -0.1288
vn -0.4081 -0.7227 -0.5578
vn -0.3549 -0.6711 -0.6509
vn -0.3544 -0.7625 -0.5412
vn -0.4479 -0.7744 -0.4468
vn -0.3901 -0.7591 -0.5211
vn -0.2893 -0.5896 -0.7541
vn -0.3281 -0.6931 -0.6419
vn -0.2791 -0.5109 -0.8131
vn -0.4585 -0.8164 -0.3512
vn -0.3065 -0.7511 -0.5847
vn -0.2841 -0.6822 -0.6738
vn -0.3795 -0.8154 -0.4371
vn -0.6863 -0.7188 -0.1113
vn -0.5431 -0.8198 -0.1818
vn -0.5905 -0.7920 -0.1551
vn -0.2379 -0.6764 -0.6971
vn -0.2336 -0.6511 -0.7221
vn -0.8758 -0.4826 -0.0048
vn -0.4436 -0.8524 -0.2769
vn -0.4911 -0.8488 -0.1957
vn -0.3060 -0.8413 -0.4455
vn -0.2904 -0.7989 -0.5268
vn -0.2196 -0.5986 -0.7704
vn -0.2227 -0.5465 -0.8073
vn -0.2325 -0.7632 -0.6029
vn -0.2882 -0.8391 -0.4613
vn -0.3343 -0.8738 -0.3532
vn -0.9252 -0.3788 -0.0222
vn -0.3535 -0.8939 -0.2755
vn -0.1729 -0.6812 -0.7114
vn -0.1860 -0.7223 -0.6660
vn -0.3247 -0.3683 -0.8712
vn -0.2475 -0.4508 -0.8577
vn -0.1885 -0.5577 -0.8084
vn -0.1617 -0.6201 -0.7676
vn -0.2427 -0.8529 -0.4622
vn -0.1862 -0.8323 -0.5221
vn -0.1692 -0.7717 -0.6130
vn -0.4145 -0.8792 -0.2347
vn -0.1543 -0.5302 -0.8337
vn -0.5763 -0.8138 -0.0745
vn -0.4393 -0.8847 -0.1558
vn -0.8124 -0.5787 0.0716
vn -0.7816 -0.6235 0.0193
vn -0.7611 -0.6475 -0.0394
vn -0.7209 -0.6929 0.0145
vn -0.6360 -0.7715 0.0174
vn -0.1209 -0.7484 -0.6521
vn -0.4702 -0.8801 -0.0658
vn -0.1075 -0.6940 -0.7119
vn -0.1094 -0.8313 -0.5450
vn -0.0798 -0.6130 -0.7861
vn -0.2126 -0.3803 -0.9001
vn -0.1548 -0.4593 -0.8747
vn -0.0522 -0.6860 -0.7257
vn -0.0610 -0.7443 -0.6651
vn -0.0485 -0.5927 -0.8040
vn -0.0951 -0.4538 -0.8860
vn -0.0282 -0.7836 -0.6206
vn 0.0359 -0.5371 -0.8428
vn -0.0468 -0.4173 -0.9076
vn 0.0238 -0.4265 -0.9042
vn 0.0370 -0.6569 -0.7530
vn 0.0587 -0.7097 -0.7020
vn 0.0858 -0.6409 -0.7628
vn 0.0618 -0.7771 -0.6264
vn 0.0858 -0.7487 -0.6574
vn 0.1282 -0.6376 -0.7597
vn 0.1160 -0.5626 -0.8185
vn 0.1064 -0.4683 -0.8772
vn -0.7223 0.1732 -0.6696
vn 0.1797 -0.7103 -0.6806
vn 0.1803 -0.7842 -0.5937
vn 0.2361 -0.6276 -0.7419
vn 0.2221 -0.5314 -0.8175
vn 0.2311 -0.3762 -0.8973
vn 0.2352 -0.4862 -0.8416
vn -0.8340 0.2444 -0.4947
vn 0.2895 -0.5173 -0.8054
vn 0.3524 -0.5799 -0.7346
vn -0.7577 0.2311 -0.6104
vn -0.6799 0.2391 -0.6932
vn -0.7536 0.3136 -0.5776
vn -0.7043 0.3752 -0.6026
vn -0.6240 0.3496 -0.6989
vn -0.7721 0.3241 -0.5466
vn 0.2931 -0.7497 -0.5934
vn 0.3941 -0.6320 -0.6673
vn 0.3780 -0.6985 -0.6076
vn 0.3825 -0.4908 -0.7828
vn 0.3974 -0.5040 -0.7668
vn 0.3580 -0.7319 -0.5798
vn -0.6975 0.4316 -0.5720
vn -0.6411 0.4355 -0.6319
vn 0.4722 -0.5105 -0.7186
vn 0.5121 -0.5374 -0.6700
vn 0.4616 -0.6263 -0.6282
vn -0.7934 0.4207 -0.4399
vn -0.8290 0.3438 -0.4411
vn -0.7608 0.4324 -0.4839
vn -0.8614 0.2911 -0.4162
vn -0.9101 0.2946 -0.2913
vn -0.7672 0.4801 -0.4254
vn -0.7158 0.4874 -0.5001
vn -0.7403 0.4939 -0.4561
vn -0.6583 0.5092 -0.5544
vn -0.9189 0.2257 -0.3236
vn -0.9561 0.1646 -0.2424
vn -0.8654 0.4288 -0.2592
vn -0.9245 0.3223 -0.2035
vn -0.9791 0.1662 -0.1170
vn -0.9592 0.2686 -0.0883
vn -0.9890 0.0900 -0.1175
vn 0.9562 0.1591 -0.2456
vn 0.9132 0.4064 -0.0301
vn 0.9654 0.2205 -0.1393
vn 0.2908 0.7695 -0.5685
vn 0.3923 0.6644 -0.6361
vn 0.3331 0.7253 -0.6025
f 615/615/615 628/628/628 636/636/636
f 603/603/603 616/616/616 615/615/615
f 857/857/857 830/830/830 939/939/939
f 939/939/939 830/830/830 940/940/940
f 1203/1203/1203 1213/1213/1213 1199/1199/1199
f 1165/1165/1165 1182/1182/1182 1183/1183/1183
f 153/153/153 24/24/24 150/150/150
f 1459/1459/1459 1458/1458/1458 1473/1473/1473
f 1159/1159/1159 1161/1161/1161 1167/1167/1167
f 24/24/24 153/153/153 25/25/25
f 1159/1159/1159 1167/1167/1167 1174/1174/1174
f 89/89/89 97/97/97 99/99/99
f 725/725/725 759/759/759 758/758/758
f 748/748/748 759/759/759 725/725/725
f 1461/1461/1461 1465/1465/1465 1460/1460/1460
f 1460/1460/1460 1473/1473/1473 1458/1458/1458
f 1192/1192/1192 1178/1178/1178 1247/1247/1247
f 1192/1192/1192 1247/1247/1247 1253/1253/1253
f 1463/1463/1463 1465/1465/1465 1461/1461/1461
f 939/939/939 999/999/999 857/857/857
f 989/989/989 1015/1015/1015 979/979/979
f 857/857/857 999/999/999 1000/1000/1000
f 826/826/826 839/839/839 840/840/840
f 839/839/839 837/837/837 923/923/923
f 120/120/120 141/141/141 116/116/116
f 120/120/120 146/146/146 141/141/141
f 989/989/989 1023/1023/1023 1015/1015/1015
f 166/166/166 175/175/175 146/146/146
f 97/97/97 89/89/89 85/85/85
f 1165/1165/1165 1183/1183/1183 1185/1185/1185
f 85/85/85 89/89/89 46/46/46
f 1153/1153/1153 1164/1164/1164 1161/1161/1161
f 28/28/28 46/46/46 27/27/27
f 1182/1182/1182 1199/1199/1199 1213/1213/1213
f 99/99/99 97/97/97 116/116/116
f 1178/1178/1178 1172/1172/1172 1190/1190/1190
f 1461/1461/1461 1462/1462/1462 1463/1463/1463
f 1178/1178/1178 1190/1190/1190 1247/1247/1247
f 1174/1174/1174 1172/1172/1172 1159/1159/1159
f 603/603/603 585/585/585 604/604/604
f 604/604/604 585/585/585 606/606/606
f 839/839/839 826/826/826 837/837/837
f 923/923/923 837/837/837 922/922/922
f 636/636/636 629/629/629 615/615/615
f 615/615/615 629/629/629 609/609/609
f 708/708/708 710/710/710 685/685/685
f 603/603/603 615/615/615 609/609/609
f 586/586/586 624/624/624 606/606/606
f 644/644/644 624/624/624 586/586/586
f 198/198/198 202/202/202 166/166/166
f 202/202/202 175/175/175 166/166/166
f 1233/1233/1233 1234/1234/1234 1219/1219/1219
f 1218/1218/1218 1233/1233/1233 1219/1219/1219
f 830/830/830 857/857/857 856/856/856
f 979/979/979 974/974/974 947/947/947
f 949/949/949 923/923/923 946/946/946
f 946/946/946 923/923/923 922/922/922
f 947/947/947 974/974/974 949/949/949
f 826/826/826 840/840/840 830/830/830
f 989/989/989 979/979/979 947/947/947
f 700/700/700 783/783/783 780/780/780
f 996/996/996 1003/1003/1003 1055/1055/1055
f 1173/1173/1173 1194/1194/1194 1175/1175/1175
f 150/150/150 156/156/156 196/196/196
f 1155/1155/1155 1146/1146/1146 1152/1152/1152
f 89/89/89 100/100/100 46/46/46
f 1147/1147/1147 1165/1165/1165 1164/1164/1164
f 1147/1147/1147 1162/1162/1162 1165/1165/1165
f 1182/1182/1182 1163/1163/1163 1188/1188/1188
f 636/636/636 627/627/627 669/669/669
f 1015/1015/1015 1016/1016/1016 1005/1005/1005
f 948/948/948 939/939/939 940/940/940
f 979/979/979 1015/1015/1015 1005/1005/1005
f 939/939/939 948/948/948 999/999/999
f 945/945/945 839/839/839 923/923/923
f 841/841/841 840/840/840 839/839/839
f 604/604/604 614/614/614 603/603/603
f 617/617/617 614/614/614 604/604/604
f 606/606/606 617/617/617 604/604/604
f 949/949/949 945/945/945 923/923/923
f 1199/1199/1199 1182/1182/1182 1188/1188/1188
f 141/141/141 144/144/144 116/116/116
f 141/141/141 146/146/146 149/149/149
f 1199/1199/1199 1188/1188/1188 1203/1203/1203
f 116/116/116 143/143/143 99/99/99
f 1220/1220/1220 1233/1233/1233 1218/1218/1218
f 202/202/202 204/204/204 175/175/175
f 1203/1203/1203 1219/1219/1219 1213/1213/1213
f 146/146/146 175/175/175 176/176/176
f 1219/1219/1219 1203/1203/1203 1218/1218/1218
f 214/214/214 216/216/216 153/153/153
f 197/197/197 214/214/214 153/153/153
f 1466/1466/1466 1460/1460/1460 1465/1465/1465
f 1253/1253/1253 1194/1194/1194 1192/1192/1192
f 26/26/26 106/106/106 24/24/24
f 1161/1161/1161 1159/1159/1159 1160/1160/1160
f 1152/1152/1152 1159/1159/1159 1172/1172/1172
f 628/628/628 627/627/627 636/636/636
f 700/700/700 688/688/688 685/685/685
f 624/624/624 639/639/639 606/606/606
f 639/639/639 624/624/624 640/640/640
f 624/624/624 685/685/685 640/640/640
f 735/735/735 748/748/748 725/725/725
f 735/735/735 759/759/759 748/748/748
f 1473/1473/1473 1460/1460/1460 1475/1475/1475
f 685/685/685 710/710/710 700/700/700
f 636/636/636 669/669/669 714/714/714
f 710/710/710 783/783/783 700/700/700
f 106/106/106 156/156/156 150/150/150
f 26/26/26 103/103/103 106/106/106
f 145/145/145 99/99/99 143/143/143
f 773/773/773 759/759/759 765/765/765
f 1476/1476/1476 1466/1466/1466 1465/1465/1465
f 1194/1194/1194 1173/1173/1173 1193/1193/1193
f 1466/1466/1466 1476/1476/1476 1477/1477/1477
f 1193/1193/1193 1173/1173/1173 1192/1192/1192
f 1194/1194/1194 1193/1193/1193 1192/1192/1192
f 726/726/726 735/735/735 725/725/725
f 1473/1473/1473 1475/1475/1475 1478/1478/1478
f 735/735/735 765/765/765 759/759/759
f 1460/1460/1460 1474/1474/1474 1475/1475/1475
f 1466/1466/1466 1474/1474/1474 1460/1460/1460
f 196/196/196 215/215/215 214/214/214
f 214/214/214 215/215/215 219/219/219
f 214/214/214 197/197/197 196/196/196
f 1173/1173/1173 1155/1155/1155 1152/1152/1152
f 940/940/940 941/941/941 996/996/996
f 979/979/979 984/984/984 976/976/976
f 606/606/606 639/639/639 626/626/626
f 1005/1005/1005 984/984/984 979/979/979
f 618/618/618 626/626/626 617/617/617
f 186/186/186 185/185/185 146/146/146
f 1200/1200/1200 1218/1218/1218 1212/1212/1212
f 1218/1218/1218 1200/1200/1200 1220/1220/1220
f 202/202/202 225/225/225 201/201/201
f 1166/1166/1166 1182/1182/1182 1165/1165/1165
f 1166/1166/1166 1151/1151/1151 1182/1182/1182
f 1165/1165/1165 1151/1151/1151 1166/1166/1166
f 144/144/144 143/143/143 116/116/116
f 1182/1182/1182 1151/1151/1151 1163/1163/1163
f 100/100/100 89/89/89 101/101/101
f 100/100/100 101/101/101 46/46/46
f 1151/1151/1151 1165/1165/1165 1162/1162/1162
f 1147/1147/1147 1151/1151/1151 1162/1162/1162
f 99/99/99 145/145/145 101/101/101
f 99/99/99 101/101/101 89/89/89
f 1203/1203/1203 1200/1200/1200 1212/1212/1212
f 176/176/176 185/185/185 186/186/186
f 146/146/146 176/176/176 186/186/186
f 1203/1203/1203 1188/1188/1188 1200/1200/1200
f 1218/1218/1218 1203/1203/1203 1212/1212/1212
f 141/141/141 149/149/149 144/144/144
f 185/185/185 149/149/149 146/146/146
f 1159/1159/1159 1152/1152/1152 1145/1145/1145
f 1192/1192/1192 1173/1173/1173 1178/1178/1178
f 196/196/196 197/197/197 153/153/153
f 196/196/196 153/153/153 150/150/150
f 1152/1152/1152 1172/1172/1172 1173/1173/1173
f 1173/1173/1173 1172/1172/1172 1178/1178/1178
f 103/103/103 27/27/27 101/101/101
f 27/27/27 103/103/103 26/26/26
f 1153/1153/1153 1161/1161/1161 1144/1144/1144
f 1147/1147/1147 1164/1164/1164 1153/1153/1153
f 1147/1147/1147 1153/1153/1153 1144/1144/1144
f 46/46/46 101/101/101 27/27/27
f 1160/1160/1160 1145/1145/1145 1161/1161/1161
f 1144/1144/1144 1161/1161/1161 1145/1145/1145
f 1159/1159/1159 1145/1145/1145 1160/1160/1160
f 106/106/106 150/150/150 24/24/24
f 191/191/191 176/176/176 175/175/175
f 616/616/616 622/622/622 615/615/615
f 614/614/614 622/622/622 616/616/616
f 627/627/627 628/628/628 615/615/615
f 685/685/685 639/639/639 640/640/640
f 685/685/685 688/688/688 639/639/639
f 615/615/615 622/622/622 627/627/627
f 617/617/617 606/606/606 618/618/618
f 618/618/618 606/606/606 626/626/626
f 943/943/943 839/839/839 945/945/945
f 603/603/603 614/614/614 616/616/616
f 669/669/669 726/726/726 714/714/714
f 725/725/725 714/714/714 726/726/726
f 699/699/699 688/688/688 700/700/700
f 1055/1055/1055 999/999/999 996/996/996
f 1016/1016/1016 1032/1032/1032 1005/1005/1005
f 948/948/948 996/996/996 999/999/999
f 204/204/204 201/201/201 175/175/175
f 191/191/191 175/175/175 201/201/201
f 1230/1230/1230 1235/1235/1235 1220/1220/1220
f 1503/1503/1503 1504/1504/1504 1505/1505/1505
f 1235/1235/1235 1233/1233/1233 1220/1220/1220
f 976/976/976 945/945/945 974/974/974
f 949/949/949 974/974/974 945/945/945
f 830/830/830 942/942/942 941/941/941
f 830/830/830 941/941/941 940/940/940
f 943/943/943 841/841/841 839/839/839
f 943/943/943 942/942/942 841/841/841
f 942/942/942 840/840/840 841/841/841
f 830/830/830 840/840/840 942/942/942
f 979/979/979 976/976/976 974/974/974
f 940/940/940 996/996/996 948/948/948
f 3/3/3 17/17/17 16/16/16
f 16/16/16 159/159/159 23/23/23
f 897/897/897 833/833/833 842/842/842
f 1221/1221/1221 1236/1236/1236 1240/1240/1240
f 117/117/117 140/140/140 139/139/139
f 130/130/130 140/140/140 117/117/117
f 1202/1202/1202 1216/1216/1216 1204/1204/1204
f 323/323/323 370/370/370 365/365/365
f 321/321/321 365/365/365 367/367/367
f 23/23/23 19/19/19 16/16/16
f 1184/1184/1184 1202/1202/1202 1186/1186/1186
f 647/647/647 707/707/707 645/645/645
f 407/407/407 415/415/415 515/515/515
f 897/897/897 842/842/842 885/885/885
f 853/853/853 825/825/825 855/855/855
f 580/580/580 579/579/579 577/577/577
f 1221/1221/1221 1240/1240/1240 1232/1232/1232
f 981/981/981 964/964/964 958/958/958
f 7/7/7 3/3/3 16/16/16
f 347/347/347 321/321/321 367/367/367
f 370/370/370 380/380/380 397/397/397
f 370/370/370 323/323/323 314/314/314
f 7/7/7 16/16/16 19/19/19
f 7/7/7 19/19/19 23/23/23
f 41/41/41 44/44/44 29/29/29
f 1186/1186/1186 1202/1202/1202 1204/1204/1204
f 5/5/5 1/1/1 3/3/3
f 1445/1445/1445 1450/1450/1450 1452/1452/1452
f 662/662/662 715/715/715 716/716/716
f 637/637/637 715/715/715 662/662/662
f 717/717/717 716/716/716 715/715/715
f 707/707/707 647/647/647 706/706/706
f 1449/1449/1449 1443/1443/1443 1446/1446/1446
f 407/407/407 397/397/397 380/380/380
f 1445/1445/1445 1441/1441/1441 1450/1450/1450
f 1443/1443/1443 1450/1450/1450 1441/1441/1441
f 715/715/715 745/745/745 717/717/717
f 1449/1449/1449 1450/1450/1450 1443/1443/1443
f 829/829/829 820/820/820 824/824/824
f 927/927/927 897/897/897 885/885/885
f 842/842/842 833/833/833 831/831/831
f 833/833/833 829/829/829 831/831/831
f 829/829/829 824/824/824 831/831/831
f 958/958/958 964/964/964 927/927/927
f 825/825/825 853/853/853 821/821/821
f 820/820/820 825/825/825 821/821/821
f 601/601/601 613/613/613 598/598/598
f 601/601/601 598/598/598 587/587/587
f 576/576/576 587/587/587 598/598/598
f 645/645/645 581/581/581 647/647/647
f 581/581/581 580/580/580 577/577/577
f 842/842/842 831/831/831 885/885/885
f 575/575/575 587/587/587 576/576/576
f 577/577/577 579/579/579 575/575/575
f 117/117/117 107/107/107 130/130/130
f 1216/1216/1216 1221/1221/1221 1232/1232/1232
f 96/96/96 107/107/107 117/117/117
f 96/96/96 117/117/117 98/98/98
f 853/853/853 906/906/906 854/854/854
f 981/981/981 985/985/985 1006/1006/1006
f 854/854/854 906/906/906 905/905/905
f 854/854/854 821/821/821 853/853/853
f 958/958/958 985/985/985 981/981/981
f 1236/1236/1236 1242/1242/1242 1240/1240/1240
f 164/164/164 140/140/140 130/130/130
f 178/178/178 164/164/164 179/179/179
f 140/140/140 164/164/164 178/178/178
f 1185/1185/1185 1183/1183/1183 1202/1202/1202
f 1183/1183/1183 1201/1201/1201 1202/1202/1202
f 26/26/26 1/1/1 27/27/27
f 102/102/102 97/97/97 98/98/98
f 949/949/949 946/946/946 947/947/947
f 1201/1201/1201 1183/1183/1183 1182/1182/1182
f 1185/1185/1185 1184/1184/1184 1165/1165/1165
f 85/85/85 46/46/46 86/86/86
f 1241/1241/1241 1219/1219/1219 1234/1234/1234
f 1456/1456/1456 1461/1461/1461 1460/1460/1460
f 1181/1181/1181 1172/1172/1172 1174/1174/1174
f 153/153/153 16/16/16 25/25/25
f 644/644/644 685/685/685 624/624/624
f 725/725/725 667/667/667 714/714/714
f 1460/1460/1460 1458/1458/1458 1454/1454/1454
f 636/636/636 714/714/714 667/667/667
f 725/725/725 758/758/758 734/734/734
f 837/837/837 828/828/828 829/829/829
f 837/837/837 829/829/829 838/838/838
f 828/828/828 837/837/837 826/826/826
f 947/947/947 946/946/946 922/922/922
f 586/586/586 606/606/606 585/585/585
f 588/588/588 585/585/585 603/603/603
f 922/922/922 837/837/837 838/838/838
f 605/605/605 603/603/603 609/609/609
f 603/603/603 605/605/605 587/587/587
f 588/588/588 603/603/603 587/587/587
f 146/146/146 165/165/165 166/166/166
f 146/146/146 120/120/120 118/118/118
f 1219/1219/1219 1222/1222/1222 1213/1213/1213
f 102/102/102 116/116/116 97/97/97
f 116/116/116 118/118/118 120/120/120
f 1201/1201/1201 1182/1182/1182 1214/1214/1214
f 1214/1214/1214 1182/1182/1182 1213/1213/1213
f 871/871/871 857/857/857 1000/1000/1000
f 1000/1000/1000 906/906/906 871/871/871
f 947/947/947 964/964/964 989/989/989
f 857/857/857 871/871/871 856/856/856
f 1017/1017/1017 1023/1023/1023 989/989/989
f 1172/1172/1172 1191/1191/1191 1190/1190/1190
f 1172/1172/1172 1181/1181/1181 1191/1191/1191
f 154/154/154 153/153/153 159/159/159
f 16/16/16 153/153/153 154/154/154
f 1187/1187/1187 1181/1181/1181 1174/1174/1174
f 1164/1164/1164 1177/1177/1177 1169/1169/1169
f 1164/1164/1164 1169/1169/1169 1161/1161/1161
f 1165/1165/1165 1184/1184/1184 1164/1164/1164
f 28/28/28 45/45/45 46/46/46
f 1161/1161/1161 1168/1168/1168 1167/1167/1167
f 1161/1161/1161 1180/1180/1180 1179/1179/1179
f 1161/1161/1161 1179/1179/1179 1168/1168/1168
f 2/2/2 26/26/26 24/24/24
f 667/667/667 629/629/629 636/636/636
f 708/708/708 685/685/685 687/687/687
f 644/644/644 687/687/687 685/685/685
f 1455/1455/1455 1456/1456/1456 1460/1460/1460
f 1454/1454/1454 1455/1455/1455 1460/1460/1460
f 1462/1462/1462 1461/1461/1461 1456/1456/1456
f 1190/1190/1190 1251/1251/1251 1247/1247/1247
f 747/747/747 734/734/734 758/758/758
f 667/667/667 725/725/725 734/734/734
f 1455/1455/1455 1446/1446/1446 1448/1448/1448
f 370/370/370 397/397/397 404/404/404
f 515/515/515 513/513/513 407/407/407
f 1455/1455/1455 1454/1454/1454 1446/1446/1446
f 1446/1446/1446 1451/1451/1451 1449/1449/1449
f 1446/1446/1446 1454/1454/1454 1451/1451/1451
f 365/365/365 370/370/370 387/387/387
f 16/16/16 154/154/154 155/155/155
f 16/16/16 155/155/155 159/159/159
f 365/365/365 382/382/382 367/367/367
f 586/586/586 585/585/585 581/581/581
f 645/645/645 586/586/586 581/581/581
f 610/610/610 613/613/613 601/601/601
f 629/629/629 631/631/631 613/613/613
f 587/587/587 602/602/602 601/601/601
f 668/668/668 667/667/667 715/715/715
f 1451/1451/1451 1454/1454/1454 1449/1449/1449
f 1454/1454/1454 1450/1450/1450 1449/1449/1449
f 715/715/715 746/746/746 745/745/745
f 707/707/707 695/695/695 645/645/645
f 631/631/631 637/637/637 613/613/613
f 668/668/668 715/715/715 637/637/637
f 1452/1452/1452 1450/1450/1450 1453/1453/1453
f 982/982/982 964/964/964 981/981/981
f 1017/1017/1017 981/981/981 1006/1006/1006
f 855/855/855 856/856/856 853/853/853
f 140/140/140 178/178/178 177/177/177
f 829/829/829 828/828/828 820/820/820
f 820/820/820 828/828/828 826/826/826
f 927/927/927 964/964/964 951/951/951
f 927/927/927 951/951/951 897/897/897
f 826/826/826 825/825/825 820/820/820
f 951/951/951 947/947/947 897/897/897
f 1185/1185/1185 1202/1202/1202 1184/1184/1184
f 29/29/29 28/28/28 1/1/1
f 44/44/44 28/28/28 29/29/29
f 362/362/362 366/366/366 395/395/395
f 1216/1216/1216 1215/1215/1215 1221/1221/1221
f 1215/1215/1215 1214/1214/1214 1221/1221/1221
f 1236/1236/1236 1221/1221/1221 1214/1214/1214
f 139/139/139 118/118/118 117/117/117
f 1458/1458/1458 1459/1459/1459 1450/1450/1450
f 644/644/644 686/686/686 687/687/687
f 637/637/637 667/667/667 668/668/668
f 629/629/629 667/667/667 631/631/631
f 397/397/397 514/514/514 404/404/404
f 397/397/397 513/513/513 514/514/514
f 922/922/922 838/838/838 897/897/897
f 838/838/838 829/829/829 833/833/833
f 827/827/827 830/830/830 825/825/825
f 830/830/830 855/855/855 825/825/825
f 830/830/830 856/856/856 855/855/855
f 947/947/947 922/922/922 897/897/897
f 826/826/826 830/830/830 827/827/827
f 826/826/826 827/827/827 825/825/825
f 118/118/118 116/116/116 117/117/117
f 102/102/102 117/117/117 116/116/116
f 906/906/906 1000/1000/1000 1004/1004/1004
f 198/198/198 166/166/166 177/177/177
f 981/981/981 989/989/989 982/982/982
f 906/906/906 853/853/853 871/871/871
f 981/981/981 1017/1017/1017 989/989/989
f 165/165/165 140/140/140 166/166/166
f 1214/1214/1214 1222/1222/1222 1236/1236/1236
f 1222/1222/1222 1219/1219/1219 1236/1236/1236
f 1222/1222/1222 1214/1214/1214 1213/1213/1213
f 140/140/140 165/165/165 146/146/146
f 17/17/17 25/25/25 16/16/16
f 365/365/365 387/387/387 382/382/382
f 24/24/24 4/4/4 2/2/2
f 367/367/367 382/382/382 386/386/386
f 3/3/3 24/24/24 25/25/25
f 370/370/370 404/404/404 405/405/405
f 1164/1164/1164 1186/1186/1186 1177/1177/1177
f 1164/1164/1164 1184/1184/1184 1186/1186/1186
f 1169/1169/1169 1180/1180/1180 1161/1161/1161
f 745/745/745 746/746/746 747/747/747
f 1458/1458/1458 1450/1450/1450 1454/1454/1454
f 746/746/746 715/715/715 747/747/747
f 734/734/734 747/747/747 715/715/715
f 747/747/747 758/758/758 768/768/768
f 745/745/745 747/747/747 768/768/768
f 708/708/708 687/687/687 709/709/709
f 709/709/709 687/687/687 707/707/707
f 715/715/715 667/667/667 734/734/734
f 1450/1450/1450 1459/1459/1459 1453/1453/1453
f 405/405/405 388/388/388 370/370/370
f 155/155/155 154/154/154 159/159/159
f 407/407/407 513/513/513 397/397/397
f 1456/1456/1456 1455/1455/1455 1448/1448/1448
f 579/579/579 587/587/587 575/575/575
f 588/588/588 587/587/587 585/585/585
f 585/585/585 587/587/587 579/579/579
f 579/579/579 580/580/580 585/585/585
f 581/581/581 585/585/585 580/580/580
f 838/838/838 833/833/833 897/897/897
f 686/686/686 644/644/644 645/645/645
f 609/609/609 629/629/629 630/630/630
f 630/630/630 629/629/629 613/613/613
f 686/686/686 695/695/695 687/687/687
f 687/687/687 695/695/695 707/707/707
f 637/637/637 631/631/631 667/667/667
f 645/645/645 695/695/695 686/686/686
f 601/601/601 609/609/609 610/610/610
f 602/602/602 609/609/609 601/601/601
f 605/605/605 609/609/609 602/602/602
f 605/605/605 602/602/602 587/587/587
f 613/613/613 609/609/609 630/630/630
f 609/609/609 613/613/613 610/610/610
f 644/644/644 586/586/586 645/645/645
f 388/388/388 387/387/387 370/370/370
f 140/140/140 146/146/146 118/118/118
f 140/140/140 118/118/118 139/139/139
f 117/117/117 102/102/102 98/98/98
f 166/166/166 140/140/140 177/177/177
f 1214/1214/1214 1215/1215/1215 1201/1201/1201
f 1201/1201/1201 1215/1215/1215 1216/1216/1216
f 856/856/856 871/871/871 853/853/853
f 989/989/989 964/964/964 982/982/982
f 964/964/964 947/947/947 951/951/951
f 1242/1242/1242 1236/1236/1236 1219/1219/1219
f 1219/1219/1219 1241/1241/1241 1242/1242/1242
f 1/1/1 2/2/2 3/3/3
f 4/4/4 24/24/24 3/3/3
f 2/2/2 4/4/4 3/3/3
f 28/28/28 27/27/27 1/1/1
f 1/1/1 26/26/26 2/2/2
f 366/366/366 347/347/347 367/367/367
f 3/3/3 25/25/25 17/17/17
f 85/85/85 65/65/65 97/97/97
f 65/65/65 85/85/85 84/84/84
f 65/65/65 84/84/84 44/44/44
f 1202/1202/1202 1201/1201/1201 1216/1216/1216
f 96/96/96 98/98/98 97/97/97
f 96/96/96 97/97/97 65/65/65
f 44/44/44 46/46/46 45/45/45
f 44/44/44 45/45/45 28/28/28
f 396/396/396 374/374/374 395/395/395
f 395/395/395 374/374/374 362/362/362
f 44/44/44 84/84/84 85/85/85
f 44/44/44 85/85/85 86/86/86
f 86/86/86 46/46/46 44/44/44
f 814/814/814 801/801/801 811/811/811
f 1062/1062/1062 1088/1088/1088 1080/1080/1080
f 1223/1223/1223 1258/1258/1258 1244/1244/1244
f 1113/1113/1113 1119/1119/1119 1262/1262/1262
f 801/801/801 814/814/814 799/799/799
f 1113/1113/1113 1114/1114/1114 1119/1119/1119
f 213/213/213 235/235/235 222/222/222
f 272/272/272 266/266/266 257/257/257
f 1112/1112/1112 1105/1105/1105 1114/1114/1114
f 1075/1075/1075 1044/1044/1044 1087/1087/1087
f 786/786/786 766/766/766 791/791/791
f 1223/1223/1223 1209/1209/1209 1129/1129/1129
f 1141/1141/1141 1129/1129/1129 1209/1209/1209
f 237/237/237 224/224/224 240/240/240
f 1129/1129/1129 1141/1141/1141 1131/1131/1131
f 1248/1248/1248 1258/1258/1258 1223/1223/1223
f 1096/1096/1096 1080/1080/1080 1088/1088/1088
f 1115/1115/1115 1105/1105/1105 1107/1107/1107
f 227/227/227 235/235/235 213/213/213
f 1105/1105/1105 1115/1115/1115 1116/1116/1116
f 217/217/217 210/210/210 203/203/203
f 217/217/217 224/224/224 237/237/237
f 1141/1141/1141 1170/1170/1170 1137/1137/1137
f 1118/1118/1118 1117/1117/1117 1105/1105/1105
f 217/217/217 203/203/203 192/192/192
f 1128/1128/1128 1125/1125/1125 1131/1131/1131
f 1123/1123/1123 1107/1107/1107 1125/1125/1125
f 1262/1262/1262 1119/1119/1119 1198/1198/1198
f 1262/1262/1262 1198/1198/1198 1263/1263/1263
f 1114/1114/1114 1105/1105/1105 1117/1117/1117
f 235/235/235 257/257/257 242/242/242
f 1010/1010/1010 1062/1062/1062 1060/1060/1060
f 1061/1061/1061 1087/1087/1087 1044/1044/1044
f 1075/1075/1075 1048/1048/1048 1044/1044/1044
f 1008/1008/1008 1048/1048/1048 1075/1075/1075
f 755/755/755 779/779/779 785/785/785
f 1209/1209/1209 1205/1205/1205 1141/1141/1141
f 1244/1244/1244 1258/1258/1258 1267/1267/1267
f 1223/1223/1223 1244/1244/1244 1243/1243/1243
f 248/248/248 249/249/249 269/269/269
f 1223/1223/1223 1243/1243/1243 1209/1209/1209
f 1131/1131/1131 1132/1132/1132 1128/1128/1128
f 1115/1115/1115 1107/1107/1107 1123/1123/1123
f 227/227/227 211/211/211 228/228/228
f 210/210/210 228/228/228 211/211/211
f 1123/1123/1123 1125/1125/1125 1128/1128/1128
f 1205/1205/1205 1170/1170/1170 1141/1141/1141
f 212/212/212 224/224/224 193/193/193
f 240/240/240 224/224/224 212/212/212
f 1137/1137/1137 1128/1128/1128 1132/1132/1132
f 1137/1137/1137 1132/1132/1132 1131/1131/1131
f 224/224/224 217/217/217 193/193/193
f 1131/1131/1131 1141/1141/1141 1137/1137/1137
f 259/259/259 257/257/257 266/266/266
f 235/235/235 242/242/242 222/222/222
f 188/188/188 213/213/213 194/194/194
f 211/211/211 227/227/227 213/213/213
f 211/211/211 213/213/213 188/188/188
f 1116/1116/1116 1118/1118/1118 1105/1105/1105
f 766/766/766 696/696/696 755/755/755
f 704/704/704 779/779/779 755/755/755
f 786/786/786 757/757/757 756/756/756
f 801/801/801 799/799/799 800/800/800
f 766/766/766 786/786/786 756/756/756
f 782/782/782 799/799/799 779/779/779
f 696/696/696 766/766/766 689/689/689
f 778/778/778 766/766/766 755/755/755
f 800/800/800 799/799/799 782/782/782
f 756/756/756 712/712/712 766/766/766
f 689/689/689 766/766/766 712/712/712
f 249/249/249 270/270/270 269/269/269
f 1209/1209/1209 1243/1243/1243 1227/1227/1227
f 1227/1227/1227 1205/1205/1205 1209/1209/1209
f 248/248/248 240/240/240 212/212/212
f 249/249/249 248/248/248 212/212/212
f 1060/1060/1060 1062/1062/1062 1053/1053/1053
f 1008/1008/1008 1075/1075/1075 1062/1062/1062
f 1010/1010/1010 1060/1060/1060 1054/1054/1054
f 1062/1062/1062 1080/1080/1080 1053/1053/1053
f 1267/1267/1267 1258/1258/1258 1268/1268/1268
f 264/264/264 256/256/256 267/267/267
f 1265/1265/1265 1103/1103/1103 1111/1111/1111
f 273/273/273 268/268/268 276/276/276
f 1278/1278/1278 1277/1277/1277 1283/1283/1283
f 1259/1259/1259 1133/1133/1133 1250/1250/1250
f 267/267/267 277/277/277 281/281/281
f 1275/1275/1275 1260/1260/1260 1277/1277/1277
f 1109/1109/1109 1103/1103/1103 1110/1110/1110
f 253/253/253 245/245/245 265/265/265
f 265/265/265 245/245/245 264/264/264
f 246/246/246 241/241/241 264/264/264
f 1133/1133/1133 1109/1109/1109 1250/1250/1250
f 1270/1270/1270 1250/1250/1250 1110/1110/1110
f 1271/1271/1271 1250/1250/1250 1270/1270/1270
f 265/265/265 275/275/275 279/279/279
f 1288/1288/1288 1290/1290/1290 1287/1287/1287
f 1271/1271/1271 1269/1269/1269 1250/1250/1250
f 1286/1286/1286 1288/1288/1288 1281/1281/1281
f 1279/1279/1279 1271/1271/1271 1270/1270/1270
f 268/268/268 253/253/253 279/279/279
f 1264/1264/1264 1270/1270/1270 1110/1110/1110
f 1264/1264/1264 1110/1110/1110 1103/1103/1103
f 278/278/278 268/268/268 279/279/279
f 1110/1110/1110 1250/1250/1250 1109/1109/1109
f 279/279/279 253/253/253 265/265/265
f 264/264/264 275/275/275 265/265/265
f 813/813/813 817/817/817 807/807/807
f 1284/1284/1284 1285/1285/1285 1282/1282/1282
f 818/818/818 817/817/817 813/813/813
f 816/816/816 818/818/818 813/813/813
f 1284/1284/1284 1273/1273/1273 1276/1276/1276
f 1264/1264/1264 1103/1103/1103 1265/1265/1265
f 1264/1264/1264 1265/1265/1265 1273/1273/1273
f 818/818/818 816/816/816 819/819/819
f 268/268/268 278/278/278 276/276/276
f 1273/1273/1273 1284/1284/1284 1282/1282/1282
f 1282/1282/1282 1270/1270/1270 1273/1273/1273
f 1269/1269/1269 1277/1277/1277 1260/1260/1260
f 1282/1282/1282 1279/1279/1279 1270/1270/1270
f 1285/1285/1285 1286/1286/1286 1281/1281/1281
f 1279/1279/1279 1285/1285/1285 1281/1281/1281
f 1282/1282/1282 1285/1285/1285 1279/1279/1279
f 1270/1270/1270 1264/1264/1264 1273/1273/1273
f 274/274/274 264/264/264 267/267/267
f 275/275/275 264/264/264 274/274/274
f 274/274/274 267/267/267 280/280/280
f 1289/1289/1289 1283/1283/1283 1277/1277/1277
f 281/281/281 280/280/280 267/267/267
f 1269/1269/1269 1259/1259/1259 1250/1250/1250
f 1269/1269/1269 1260/1260/1260 1259/1259/1259
f 1280/1280/1280 1277/1277/1277 1269/1269/1269
f 1291/1291/1291 1289/1289/1289 1290/1290/1290
f 1290/1290/1290 1289/1289/1289 1277/1277/1277
f 1500/1500/1500 1501/1501/1501 1502/1502/1502
f 1287/1287/1287 1277/1277/1277 1280/1280/1280
f 1112/1112/1112 1114/1114/1114 1113/1113/1113
f 1113/1113/1113 1262/1262/1262 1272/1272/1272
f 815/815/815 799/799/799 814/814/814
f 1062/1062/1062 1075/1075/1075 1092/1092/1092
f 1258/1258/1258 1248/1248/1248 1261/1261/1261
f 793/793/793 785/785/785 779/779/779
f 809/809/809 793/793/793 799/799/799
f 793/793/793 779/779/779 799/799/799
f 766/766/766 778/778/778 790/790/790
f 766/766/766 790/790/790 791/791/791
f 1088/1088/1088 1062/1062/1062 1092/1092/1092
f 778/778/778 755/755/755 785/785/785
f 236/236/236 217/217/217 237/237/237
f 1129/1129/1129 1131/1131/1131 1125/1125/1125
f 236/236/236 241/241/241 228/228/228
f 1129/1129/1129 1125/1125/1125 1107/1107/1107
f 1129/1129/1129 1107/1107/1107 1108/1108/1108
f 1104/1104/1104 1129/1129/1129 1108/1108/1108
f 217/217/217 236/236/236 210/210/210
f 210/210/210 236/236/236 228/228/228
f 1224/1224/1224 1248/1248/1248 1223/1223/1223
f 1249/1249/1249 1248/1248/1248 1224/1224/1224
f 240/240/240 248/248/248 269/269/269
f 240/240/240 269/269/269 263/263/263
f 1130/1130/1130 1223/1223/1223 1129/1129/1129
f 236/236/236 240/240/240 263/263/263
f 1223/1223/1223 1130/1130/1130 1224/1224/1224
f 237/237/237 240/240/240 236/236/236
f 235/235/235 227/227/227 251/251/251
f 257/257/257 251/251/251 258/258/258
f 235/235/235 251/251/251 257/257/257
f 1105/1105/1105 1112/1112/1112 1106/1106/1106
f 245/245/245 228/228/228 246/246/246
f 228/228/228 245/245/245 227/227/227
f 1107/1107/1107 1104/1104/1104 1108/1108/1108
f 246/246/246 228/228/228 241/241/241
f 1105/1105/1105 1104/1104/1104 1107/1107/1107
f 1276/1276/1276 1273/1273/1273 1265/1265/1265
f 809/809/809 813/813/813 807/807/807
f 1260/1260/1260 1275/1275/1275 1274/1274/1274
f 1255/1255/1255 1260/1260/1260 1224/1224/1224
f 1277/1277/1277 1274/1274/1274 1275/1275/1275
f 264/264/264 241/241/241 256/256/256
f 271/271/271 277/277/277 267/267/267
f 277/277/277 271/271/271 269/269/269
f 1259/1259/1259 1260/1260/1260 1255/1255/1255
f 271/271/271 267/267/267 263/263/263
f 1133/1133/1133 1255/1255/1255 1225/1225/1225
f 1259/1259/1259 1255/1255/1255 1133/1133/1133
f 1111/1111/1111 1103/1103/1103 1106/1106/1106
f 245/245/245 246/246/246 264/264/264
f 1109/1109/1109 1104/1104/1104 1103/1103/1103
f 807/807/807 793/793/793 809/809/809
f 799/799/799 813/813/813 809/809/809
f 790/790/790 808/808/808 791/791/791
f 1272/1272/1272 1276/1276/1276 1265/1265/1265
f 257/257/257 273/273/273 272/272/272
f 1111/1111/1111 1106/1106/1106 1113/1113/1113
f 1106/1106/1106 1112/1112/1112 1113/1113/1113
f 799/799/799 816/816/816 813/813/813
f 815/815/815 816/816/816 799/799/799
f 1113/1113/1113 1266/1266/1266 1111/1111/1111
f 1265/1265/1265 1111/1111/1111 1266/1266/1266
f 778/778/778 807/807/807 808/808/808
f 1266/1266/1266 1113/1113/1113 1272/1272/1272
f 1266/1266/1266 1272/1272/1272 1265/1265/1265
f 1261/1261/1261 1248/1248/1248 1260/1260/1260
f 1261/1261/1261 1260/1260/1260 1274/1274/1274
f 1278/1278/1278 1274/1274/1274 1277/1277/1277
f 1260/1260/1260 1249/1249/1249 1224/1224/1224
f 1260/1260/1260 1248/1248/1248 1249/1249/1249
f 1096/1096/1096 1088/1088/1088 1101/1101/1101
f 790/790/790 778/778/778 808/808/808
f 778/778/778 785/785/785 807/807/807
f 785/785/785 793/793/793 807/807/807
f 1292/1292/1292 1278/1278/1278 1283/1283/1283
f 1101/1101/1101 1088/1088/1088 1092/1092/1092
f 1274/1274/1274 1258/1258/1258 1261/1261/1261
f 267/267/267 256/256/256 262/262/262
f 1109/1109/1109 1133/1133/1133 1130/1130/1130
f 236/236/236 262/262/262 256/256/256
f 1130/1130/1130 1129/1129/1129 1104/1104/1104
f 1109/1109/1109 1130/1130/1130 1104/1104/1104
f 256/256/256 241/241/241 236/236/236
f 1255/1255/1255 1224/1224/1224 1225/1225/1225
f 1224/1224/1224 1133/1133/1133 1225/1225/1225
f 269/269/269 271/271/271 263/263/263
f 267/267/267 262/262/262 236/236/236
f 1130/1130/1130 1133/1133/1133 1224/1224/1224
f 236/236/236 263/263/263 267/267/267
f 251/251/251 252/252/252 253/253/253
f 227/227/227 252/252/252 251/251/251
f 1106/1106/1106 1103/1103/1103 1105/1105/1105
f 268/268/268 251/251/251 253/253/253
f 268/268/268 273/273/273 257/257/257
f 258/258/258 268/268/268 257/257/257
f 251/251/251 268/268/268 258/258/258
f 245/245/245 253/253/253 227/227/227
f 227/227/227 253/253/253 252/252/252
f 1103/1103/1103 1104/1104/1104 1105/1105/1105
f 762/762/762 765/765/765 753/753/753
f 699/699/699 781/781/781 782/782/782
f 641/641/641 713/713/713 711/711/711
f 1189/1189/1189 1211/1211/1211 1210/1210/1210
f 1117/1117/1117 1140/1140/1140 1138/1138/1138
f 1154/1154/1154 1138/1138/1138 1155/1155/1155
f 711/711/711 750/750/750 733/733/733
f 1156/1156/1156 1154/1154/1154 1176/1176/1176
f 812/812/812 804/804/804 805/805/805
f 238/238/238 218/218/218 243/243/243
f 239/239/239 226/226/226 225/225/225
f 1126/1126/1126 1144/1144/1144 1145/1145/1145
f 1145/1145/1145 1152/1152/1152 1140/1140/1140
f 1003/1003/1003 1056/1056/1056 1055/1055/1055
f 1005/1005/1005 1032/1032/1032 1037/1037/1037
f 201/201/201 176/176/176 191/191/191
f 1210/1210/1210 1220/1220/1220 1200/1200/1200
f 1230/1230/1230 1220/1220/1220 1210/1210/1210
f 1229/1229/1229 1230/1230/1230 1210/1210/1210
f 986/986/986 983/983/983 942/942/942
f 983/983/983 941/941/941 942/942/942
f 983/983/983 1003/1003/1003 996/996/996
f 941/941/941 983/983/983 996/996/996
f 1013/1013/1013 984/984/984 1005/1005/1005
f 144/144/144 149/149/149 143/143/143
f 143/143/143 149/149/149 151/151/151
f 145/145/145 148/148/148 101/101/101
f 145/145/145 143/143/143 147/147/147
f 1148/1148/1148 1151/1151/1151 1147/1147/1147
f 189/189/189 185/185/185 176/176/176
f 199/199/199 176/176/176 201/201/201
f 190/190/190 176/176/176 199/199/199
f 1200/1200/1200 1189/1189/1189 1210/1210/1210
f 1171/1171/1171 1188/1188/1188 1163/1163/1163
f 1171/1171/1171 1200/1200/1200 1188/1188/1188
f 184/184/184 149/149/149 185/185/185
f 775/775/775 773/773/773 765/765/765
f 784/784/784 783/783/783 792/792/792
f 735/735/735 753/753/753 765/765/765
f 1474/1474/1474 1483/1483/1483 1475/1475/1475
f 753/753/753 735/735/735 726/726/726
f 208/208/208 215/215/215 196/196/196
f 1194/1194/1194 1195/1195/1195 1175/1175/1175
f 642/642/642 639/639/639 643/643/643
f 688/688/688 643/643/643 639/639/639
f 625/625/625 623/623/623 614/614/614
f 614/614/614 623/623/623 622/622/622
f 632/632/632 625/625/625 614/614/614
f 635/635/635 627/627/627 622/622/622
f 617/617/617 632/632/632 614/614/614
f 642/642/642 626/626/626 639/639/639
f 945/945/945 980/980/980 977/977/977
f 977/977/977 943/943/943 945/945/945
f 977/977/977 942/942/942 943/943/943
f 942/942/942 977/977/977 986/986/986
f 980/980/980 945/945/945 976/976/976
f 641/641/641 711/711/711 669/669/669
f 780/780/780 701/701/701 700/700/700
f 627/627/627 635/635/635 669/669/669
f 635/635/635 641/641/641 669/669/669
f 784/784/784 780/780/780 783/783/783
f 643/643/643 688/688/688 698/698/698
f 699/699/699 700/700/700 701/701/701
f 688/688/688 699/699/699 698/698/698
f 1140/1140/1140 1146/1146/1146 1138/1138/1138
f 156/156/156 161/161/161 196/196/196
f 1154/1154/1154 1155/1155/1155 1175/1175/1175
f 1144/1144/1144 1126/1126/1126 1134/1134/1134
f 158/158/158 101/101/101 157/157/157
f 733/733/733 753/753/753 726/726/726
f 792/792/792 780/780/780 784/784/784
f 726/726/726 669/669/669 733/733/733
f 711/711/711 733/733/733 669/669/669
f 733/733/733 762/762/762 753/753/753
f 805/805/805 804/804/804 792/792/792
f 804/804/804 780/780/780 792/792/792
f 634/634/634 641/641/641 635/635/635
f 701/701/701 780/780/780 699/699/699
f 699/699/699 780/780/780 781/781/781
f 220/220/220 218/218/218 238/238/238
f 765/765/765 762/762/762 775/775/775
f 1231/1231/1231 1226/1226/1226 1254/1254/1254
f 226/226/226 199/199/199 225/225/225
f 1226/1226/1226 1229/1229/1229 1211/1211/1211
f 1231/1231/1231 1229/1229/1229 1226/1226/1226
f 997/997/997 976/976/976 998/998/998
f 983/983/983 988/988/988 1002/1002/1002
f 182/182/182 149/149/149 183/183/183
f 1151/1151/1151 1135/1135/1135 1143/1143/1143
f 151/151/151 149/149/149 152/152/152
f 152/152/152 149/149/149 182/182/182
f 1163/1163/1163 1143/1143/1143 1142/1142/1142
f 148/148/148 143/143/143 152/152/152
f 1135/1135/1135 1147/1147/1147 1134/1134/1134
f 148/148/148 157/157/157 101/101/101
f 1147/1147/1147 1135/1135/1135 1148/1148/1148
f 103/103/103 158/158/158 106/106/106
f 1126/1126/1126 1145/1145/1145 1140/1140/1140
f 158/158/158 161/161/161 156/156/156
f 1134/1134/1134 1147/1147/1147 1144/1144/1144
f 103/103/103 101/101/101 158/158/158
f 185/185/185 183/183/183 184/184/184
f 149/149/149 184/184/184 183/183/183
f 1163/1163/1163 1142/1142/1142 1171/1171/1171
f 147/147/147 143/143/143 148/148/148
f 147/147/147 148/148/148 145/145/145
f 1148/1148/1148 1135/1135/1135 1151/1151/1151
f 158/158/158 156/156/156 106/106/106
f 1143/1143/1143 1163/1163/1163 1151/1151/1151
f 143/143/143 151/151/151 152/152/152
f 1175/1175/1175 1195/1195/1195 1176/1176/1176
f 218/218/218 220/220/220 219/219/219
f 218/218/218 219/219/219 215/215/215
f 1175/1175/1175 1176/1176/1176 1154/1154/1154
f 1466/1466/1466 1482/1482/1482 1474/1474/1474
f 1481/1481/1481 1482/1482/1482 1466/1466/1466
f 1482/1482/1482 1483/1483/1483 1474/1474/1474
f 775/775/775 777/777/777 773/773/773
f 1196/1196/1196 1176/1176/1176 1195/1195/1195
f 1477/1477/1477 1481/1481/1481 1466/1466/1466
f 1146/1146/1146 1140/1140/1140 1152/1152/1152
f 208/208/208 218/218/218 215/215/215
f 1175/1175/1175 1155/1155/1155 1173/1173/1173
f 1146/1146/1146 1155/1155/1155 1138/1138/1138
f 976/976/976 997/997/997 980/980/980
f 997/997/997 977/977/977 980/980/980
f 987/987/987 986/986/986 977/977/977
f 976/976/976 1013/1013/1013 1012/1012/1012
f 988/988/988 983/983/983 986/986/986
f 1013/1013/1013 976/976/976 984/984/984
f 998/998/998 976/976/976 1012/1012/1012
f 622/622/622 634/634/634 635/635/635
f 625/625/625 634/634/634 623/623/623
f 633/633/633 632/632/632 626/626/626
f 626/626/626 632/632/632 617/617/617
f 632/632/632 634/634/634 625/625/625
f 633/633/633 626/626/626 642/642/642
f 643/643/643 698/698/698 642/642/642
f 622/622/622 623/623/623 634/634/634
f 225/225/225 199/199/199 201/201/201
f 1189/1189/1189 1200/1200/1200 1171/1171/1171
f 189/189/189 183/183/183 185/185/185
f 190/190/190 199/199/199 189/189/189
f 176/176/176 190/190/190 189/189/189
f 1013/1013/1013 1005/1005/1005 1037/1037/1037
f 983/983/983 1002/1002/1002 1003/1003/1003
f 1211/1211/1211 1229/1229/1229 1210/1210/1210
f 1038/1038/1038 1013/1013/1013 1037/1037/1037
f 1053/1053/1053 1080/1080/1080 1057/1057/1057
f 1057/1057/1057 1080/1080/1080 1086/1086/1086
f 1008/1008/1008 1062/1062/1062 1010/1010/1010
f 1044/1044/1044 1042/1042/1042 1061/1061/1061
f 1137/1137/1137 1149/1149/1149 1128/1128/1128
f 192/192/192 193/193/193 217/217/217
f 1137/1137/1137 1170/1170/1170 1149/1149/1149
f 181/181/181 192/192/192 180/180/180
f 1121/1121/1121 1119/1119/1119 1114/1114/1114
f 1198/1198/1198 1119/1119/1119 1197/1197/1197
f 242/242/242 257/257/257 259/259/259
f 1116/1116/1116 1115/1115/1115 1118/1118/1118
f 1120/1120/1120 1114/1114/1114 1117/1117/1117
f 222/222/222 221/221/221 213/213/213
f 801/801/801 800/800/800 802/802/802
f 755/755/755 696/696/696 697/697/697
f 755/755/755 697/697/697 704/704/704
f 1009/1009/1009 1044/1044/1044 1048/1048/1048
f 1009/1009/1009 1048/1048/1048 1008/1008/1008
f 779/779/779 705/705/705 782/782/782
f 704/704/704 705/705/705 779/779/779
f 689/689/689 712/712/712 690/690/690
f 249/249/249 212/212/212 250/250/250
f 1205/1205/1205 1227/1227/1227 1226/1226/1226
f 1206/1206/1206 1149/1149/1149 1205/1205/1205
f 1170/1170/1170 1205/1205/1205 1149/1149/1149
f 1205/1205/1205 1226/1226/1226 1206/1206/1206
f 1054/1054/1054 1060/1060/1060 1053/1053/1053
f 1227/1227/1227 1243/1243/1243 1228/1228/1228
f 254/254/254 249/249/249 250/250/250
f 1227/1227/1227 1228/1228/1228 1226/1226/1226
f 207/207/207 194/194/194 213/213/213
f 1118/1118/1118 1115/1115/1115 1117/1117/1117
f 1121/1121/1121 1114/1114/1114 1120/1120/1120
f 207/207/207 213/213/213 221/221/221
f 180/180/180 210/210/210 188/188/188
f 1115/1115/1115 1123/1123/1123 1124/1124/1124
f 210/210/210 180/180/180 203/203/203
f 180/180/180 192/192/192 203/203/203
f 210/210/210 211/211/211 188/188/188
f 1126/1126/1126 1115/1115/1115 1124/1124/1124
f 802/802/802 806/806/806 801/801/801
f 712/712/712 756/756/756 711/711/711
f 757/757/757 711/711/711 756/756/756
f 1119/1119/1119 1158/1158/1158 1157/1157/1157
f 221/221/221 222/222/222 229/229/229
f 1121/1121/1121 1120/1120/1120 1119/1119/1119
f 1120/1120/1120 1158/1158/1158 1119/1119/1119
f 222/222/222 242/242/242 229/229/229
f 1158/1158/1158 1120/1120/1120 1157/1157/1157
f 810/810/810 811/811/811 801/801/801
f 242/242/242 259/259/259 260/260/260
f 806/806/806 810/810/810 801/801/801
f 1197/1197/1197 1119/1119/1119 1157/1157/1157
f 207/207/207 208/208/208 196/196/196
f 207/207/207 196/196/196 161/161/161
f 208/208/208 221/221/221 218/218/218
f 221/221/221 229/229/229 218/218/218
f 1154/1154/1154 1139/1139/1139 1138/1138/1138
f 208/208/208 209/209/209 221/221/221
f 207/207/207 161/161/161 195/195/195
f 1010/1010/1010 988/988/988 986/986/986
f 692/692/692 697/697/697 633/633/633
f 634/634/634 689/689/689 670/670/670
f 670/670/670 689/689/689 641/641/641
f 205/205/205 200/200/200 199/199/199
f 200/200/200 189/189/189 199/199/199
f 199/199/199 226/226/226 223/223/223
f 223/223/223 206/206/206 199/199/199
f 206/206/206 205/205/205 199/199/199
f 1189/1189/1189 1208/1208/1208 1211/1211/1211
f 1171/1171/1171 1150/1150/1150 1189/1189/1189
f 1150/1150/1150 1149/1149/1149 1189/1189/1189
f 1254/1254/1254 1226/1226/1226 1243/1243/1243
f 1053/1053/1053 1003/1003/1003 1002/1002/1002
f 1003/1003/1003 1053/1053/1053 1056/1056/1056
f 1053/1053/1053 1057/1057/1057 1056/1056/1056
f 1226/1226/1226 1211/1211/1211 1208/1208/1208
f 1057/1057/1057 1076/1076/1076 1056/1056/1056
f 1076/1076/1076 1057/1057/1057 1077/1077/1077
f 157/157/157 148/148/148 160/160/160
f 161/161/161 158/158/158 194/194/194
f 1140/1140/1140 1117/1117/1117 1127/1127/1127
f 1140/1140/1140 1127/1127/1127 1126/1126/1126
f 1142/1142/1142 1150/1150/1150 1171/1171/1171
f 183/183/183 187/187/187 182/182/182
f 1135/1135/1135 1136/1136/1136 1143/1143/1143
f 1143/1143/1143 1123/1123/1123 1142/1142/1142
f 182/182/182 181/181/181 152/152/152
f 804/804/804 803/803/803 780/780/780
f 750/750/750 762/762/762 733/733/733
f 642/642/642 698/698/698 692/692/692
f 1176/1176/1176 1196/1196/1196 1156/1156/1156
f 218/218/218 229/229/229 243/243/243
f 762/762/762 774/774/774 775/775/775
f 1012/1012/1012 1011/1011/1011 998/998/998
f 1002/1002/1002 1007/1007/1007 1053/1053/1053
f 1012/1012/1012 1013/1013/1013 1058/1058/1058
f 1010/1010/1010 1007/1007/1007 988/988/988
f 1007/1007/1007 1002/1002/1002 988/988/988
f 713/713/713 641/641/641 712/712/712
f 634/634/634 670/670/670 641/641/641
f 633/633/633 642/642/642 692/692/692
f 997/997/997 1001/1001/1001 977/977/977
f 1008/1008/1008 977/977/977 1001/1001/1001
f 987/987/987 977/977/977 1008/1008/1008
f 1011/1011/1011 997/997/997 998/998/998
f 632/632/632 689/689/689 634/634/634
f 691/691/691 689/689/689 632/632/632
f 632/632/632 696/696/696 691/691/691
f 633/633/633 696/696/696 632/632/632
f 1115/1115/1115 1122/1122/1122 1117/1117/1117
f 1134/1134/1134 1126/1126/1126 1124/1124/1124
f 782/782/782 780/780/780 800/800/800
f 713/713/713 712/712/712 711/711/711
f 641/641/641 690/690/690 712/712/712
f 689/689/689 690/690/690 641/641/641
f 699/699/699 705/705/705 698/698/698
f 699/699/699 782/782/782 705/705/705
f 244/244/244 242/242/242 243/243/243
f 774/774/774 776/776/776 775/775/775
f 711/711/711 757/757/757 750/750/750
f 757/757/757 774/774/774 750/750/750
f 226/226/226 250/250/250 212/212/212
f 1206/1206/1206 1226/1226/1226 1207/1207/1207
f 1059/1059/1059 1042/1042/1042 1043/1043/1043
f 1011/1011/1011 1044/1044/1044 1009/1009/1009
f 1042/1042/1042 1044/1044/1044 1011/1011/1011
f 1054/1054/1054 1014/1014/1014 1010/1010/1010
f 148/148/148 180/180/180 188/188/188
f 1128/1128/1128 1149/1149/1149 1142/1142/1142
f 192/192/192 181/181/181 182/182/182
f 1126/1126/1126 1127/1127/1127 1115/1115/1115
f 158/158/158 157/157/157 194/194/194
f 1127/1127/1127 1122/1122/1122 1115/1115/1115
f 157/157/157 188/188/188 194/194/194
f 1120/1120/1120 1117/1117/1117 1138/1138/1138
f 207/207/207 195/195/195 194/194/194
f 161/161/161 194/194/194 195/195/195
f 1117/1117/1117 1122/1122/1122 1127/1127/1127
f 152/152/152 181/181/181 180/180/180
f 1123/1123/1123 1143/1143/1143 1136/1136/1136
f 1123/1123/1123 1128/1128/1128 1142/1142/1142
f 1135/1135/1135 1134/1134/1134 1123/1123/1123
f 188/188/188 160/160/160 148/148/148
f 1124/1124/1124 1123/1123/1123 1134/1134/1134
f 160/160/160 188/188/188 157/157/157
f 1135/1135/1135 1123/1123/1123 1136/1136/1136
f 152/152/152 180/180/180 148/148/148
f 1197/1197/1197 1157/1157/1157 1196/1196/1196
f 242/242/242 260/260/260 261/261/261
f 242/242/242 261/261/261 243/243/243
f 804/804/804 810/810/810 806/806/806
f 803/803/803 802/802/802 780/780/780
f 781/781/781 780/780/780 782/782/782
f 803/803/803 804/804/804 802/802/802
f 802/802/802 804/804/804 806/806/806
f 750/750/750 774/774/774 762/762/762
f 802/802/802 800/800/800 780/780/780
f 1120/1120/1120 1154/1154/1154 1156/1156/1156
f 1139/1139/1139 1154/1154/1154 1120/1120/1120
f 207/207/207 221/221/221 209/209/209
f 208/208/208 207/207/207 209/209/209
f 1138/1138/1138 1139/1139/1139 1120/1120/1120
f 1196/1196/1196 1157/1157/1157 1156/1156/1156
f 229/229/229 244/244/244 243/243/243
f 242/242/242 244/244/244 229/229/229
f 1157/1157/1157 1120/1120/1120 1156/1156/1156
f 1007/1007/1007 1054/1054/1054 1053/1053/1053
f 1059/1059/1059 1012/1012/1012 1058/1058/1058
f 1042/1042/1042 1012/1012/1012 1043/1043/1043
f 1007/1007/1007 1014/1014/1014 1054/1054/1054
f 1010/1010/1010 1014/1014/1014 1007/1007/1007
f 997/997/997 1009/1009/1009 1008/1008/1008
f 1012/1012/1012 1059/1059/1059 1043/1043/1043
f 705/705/705 692/692/692 698/698/698
f 691/691/691 696/696/696 689/689/689
f 1008/1008/1008 1010/1010/1010 987/987/987
f 1010/1010/1010 986/986/986 987/987/987
f 1042/1042/1042 1011/1011/1011 1012/1012/1012
f 697/697/697 696/696/696 633/633/633
f 697/697/697 692/692/692 704/704/704
f 705/705/705 704/704/704 692/692/692
f 1009/1009/1009 997/997/997 1011/1011/1011
f 1001/1001/1001 997/997/997 1008/1008/1008
f 212/212/212 193/193/193 189/189/189
f 200/200/200 205/205/205 189/189/189
f 205/205/205 212/212/212 189/189/189
f 192/192/192 183/183/183 189/189/189
f 1142/1142/1142 1149/1149/1149 1150/1150/1150
f 187/187/187 183/183/183 192/192/192
f 187/187/187 192/192/192 182/182/182
f 189/189/189 193/193/193 192/192/192
f 1228/1228/1228 1243/1243/1243 1226/1226/1226
f 223/223/223 212/212/212 206/206/206
f 1207/1207/1207 1208/1208/1208 1189/1189/1189
f 212/212/212 205/205/205 206/206/206
f 1207/1207/1207 1189/1189/1189 1149/1149/1149
f 1206/1206/1206 1207/1207/1207 1149/1149/1149
f 226/226/226 212/212/212 223/223/223
f 1207/1207/1207 1226/1226/1226 1208/1208/1208
f 969/969/969 955/955/955 970/970/970
f 924/924/924 957/957/957 925/925/925
f 1344/1344/1344 1350/1350/1350 1348/1348/1348
f 1356/1356/1356 1345/1345/1345 1346/1346/1346
f 330/330/330 339/339/339 331/331/331
f 337/337/337 329/329/329 327/327/327
f 1381/1381/1381 1383/1383/1383 1367/1367/1367
f 954/954/954 969/969/969 972/972/972
f 230/230/230 129/129/129 171/171/171
f 902/902/902 909/909/909 916/916/916
f 955/955/955 969/969/969 954/954/954
f 972/972/972 969/969/969 1025/1025/1025
f 909/909/909 930/930/930 916/916/916
f 934/934/934 930/930/930 909/909/909
f 115/115/115 129/129/129 92/92/92
f 115/115/115 114/114/114 129/129/129
f 129/129/129 114/114/114 135/135/135
f 534/534/534 488/488/488 533/533/533
f 1366/1366/1366 1381/1381/1381 1367/1367/1367
f 435/435/435 410/410/410 488/488/488
f 435/435/435 411/411/411 410/410/410
f 915/915/915 924/924/924 925/925/925
f 890/890/890 902/902/902 913/913/913
f 728/728/728 674/674/674 673/673/673
f 731/731/731 674/674/674 728/728/728
f 1078/1078/1078 1084/1084/1084 1068/1068/1068
f 523/523/523 484/484/484 526/526/526
f 484/484/484 521/521/521 526/526/526
f 1063/1063/1063 930/930/930 1068/1068/1068
f 131/131/131 113/113/113 81/81/81
f 1348/1348/1348 1334/1334/1334 1344/1344/1344
f 1334/1334/1334 1348/1348/1348 1342/1342/1342
f 339/339/339 330/330/330 351/351/351
f 410/410/410 399/399/399 419/419/419
f 1345/1345/1345 1350/1350/1350 1336/1336/1336
f 1350/1350/1350 1344/1344/1344 1336/1336/1336
f 769/769/769 728/728/728 737/737/737
f 743/743/743 728/728/728 769/769/769
f 1382/1382/1382 1373/1373/1373 1383/1383/1383
f 925/925/925 965/965/965 955/955/955
f 1401/1401/1401 1400/1400/1400 1427/1427/1427
f 1382/1382/1382 1400/1400/1400 1401/1401/1401
f 1427/1427/1427 1382/1382/1382 1401/1401/1401
f 1400/1400/1400 1382/1382/1382 1383/1383/1383
f 728/728/728 743/743/743 731/731/731
f 1348/1348/1348 1366/1366/1366 1367/1367/1367
f 1351/1351/1351 1367/1367/1367 1383/1383/1383
f 1373/1373/1373 1351/1351/1351 1383/1383/1383
f 767/767/767 770/770/770 738/738/738
f 135/135/135 171/171/171 129/129/129
f 428/428/428 426/426/426 449/449/449
f 934/934/934 1069/1069/1069 1068/1068/1068
f 520/520/520 526/526/526 521/521/521
f 123/123/123 74/74/74 72/72/72
f 337/337/337 338/338/338 329/329/329
f 349/349/349 326/326/326 329/329/329
f 428/428/428 357/357/357 426/426/426
f 428/428/428 420/420/420 357/357/357
f 74/74/74 123/123/123 81/81/81
f 81/81/81 113/113/113 91/91/91
f 326/326/326 349/349/349 330/330/330
f 399/399/399 339/339/339 351/351/351
f 399/399/399 351/351/351 400/400/400
f 1324/1324/1324 1346/1346/1346 1345/1345/1345
f 337/337/337 352/352/352 350/350/350
f 329/329/329 350/350/350 349/349/349
f 1359/1359/1359 1349/1349/1349 1331/1331/1331
f 338/338/338 337/337/337 350/350/350
f 350/350/350 329/329/329 338/338/338
f 488/488/488 504/504/504 517/517/517
f 488/488/488 410/410/410 467/467/467
f 1333/1333/1333 1342/1342/1342 1348/1348/1348
f 533/533/533 488/488/488 517/517/517
f 1348/1348/1348 1367/1367/1367 1351/1351/1351
f 410/410/410 419/419/419 467/467/467
f 1033/1033/1033 969/969/969 970/970/970
f 1025/1025/1025 1033/1033/1033 1041/1041/1041
f 1025/1025/1025 969/969/969 1033/1033/1033
f 1069/1069/1069 1078/1078/1078 1068/1068/1068
f 1069/1069/1069 934/934/934 1078/1078/1078
f 934/934/934 1068/1068/1068 930/930/930
f 1047/1047/1047 1025/1025/1025 1041/1041/1041
f 955/955/955 965/965/965 970/970/970
f 929/929/929 902/902/902 916/916/916
f 913/913/913 902/902/902 929/929/929
f 449/449/449 447/447/447 428/428/428
f 420/420/420 353/353/353 357/357/357
f 131/131/131 114/114/114 113/113/113
f 131/131/131 135/135/135 114/114/114
f 232/232/232 171/171/171 135/135/135
f 493/493/493 520/520/520 484/484/484
f 231/231/231 171/171/171 247/247/247
f 230/230/230 231/231/231 247/247/247
f 171/171/171 231/231/231 230/230/230
f 478/478/478 493/493/493 484/484/484
f 520/520/520 521/521/521 484/484/484
f 449/449/449 478/478/478 461/461/461
f 478/478/478 484/484/484 480/480/480
f 171/171/171 232/232/232 247/247/247
f 478/478/478 480/480/480 461/461/461
f 480/480/480 484/484/484 461/461/461
f 889/889/889 896/896/896 880/880/880
f 878/878/878 889/889/889 880/880/880
f 674/674/674 653/653/653 673/673/673
f 673/673/673 665/665/665 678/678/678
f 56/56/56 55/55/55 33/33/33
f 297/297/297 304/304/304 303/303/303
f 391/391/391 411/411/411 412/412/412
f 500/500/500 412/412/412 417/417/417
f 471/471/471 477/477/477 458/458/458
f 971/971/971 968/968/968 952/952/952
f 1022/1022/1022 971/971/971 1026/1026/1026
f 968/968/968 971/971/971 1022/1022/1022
f 59/59/59 58/58/58 76/76/76
f 343/343/343 342/342/342 324/324/324
f 453/453/453 471/471/471 458/458/458
f 122/122/122 121/121/121 92/92/92
f 94/94/94 92/92/92 76/76/76
f 375/375/375 378/378/378 354/354/354
f 430/430/430 424/424/424 378/378/378
f 507/507/507 435/435/435 488/488/488
f 722/722/722 721/721/721 737/737/737
f 722/722/722 737/737/737 680/680/680
f 728/728/728 680/680/680 737/737/737
f 728/728/728 673/673/673 680/680/680
f 1400/1400/1400 1435/1435/1435 1427/1427/1427
f 738/738/738 730/730/730 767/767/767
f 730/730/730 754/754/754 767/767/767
f 719/719/719 738/738/738 737/737/737
f 737/737/737 721/721/721 719/719/719
f 1383/1383/1383 1395/1395/1395 1405/1405/1405
f 1400/1400/1400 1383/1383/1383 1405/1405/1405
f 738/738/738 719/719/719 730/730/730
f 95/95/95 114/114/114 92/92/92
f 935/935/935 1079/1079/1079 934/934/934
f 122/122/122 129/129/129 136/136/136
f 1362/1362/1362 1349/1349/1349 1364/1364/1364
f 1349/1349/1349 1362/1362/1362 1346/1346/1346
f 305/305/305 326/326/326 330/330/330
f 1358/1358/1358 1346/1346/1346 1362/1362/1362
f 1359/1359/1359 1364/1364/1364 1349/1349/1349
f 331/331/331 310/310/310 330/330/330
f 305/305/305 330/330/330 311/311/311
f 1358/1358/1358 1356/1356/1356 1346/1346/1346
f 311/311/311 330/330/330 310/310/310
f 342/342/342 353/353/353 352/352/352
f 81/81/81 91/91/91 77/77/77
f 72/72/72 66/66/66 55/55/55
f 74/74/74 66/66/66 72/72/72
f 328/328/328 327/327/327 329/329/329
f 337/337/337 327/327/327 324/324/324
f 1348/1348/1348 1352/1352/1352 1366/1366/1366
f 1366/1366/1366 1378/1378/1378 1381/1381/1381
f 767/767/767 754/754/754 771/771/771
f 507/507/507 488/488/488 534/534/534
f 399/399/399 340/340/340 339/339/339
f 1355/1355/1355 1357/1357/1357 1350/1350/1350
f 340/340/340 399/399/399 410/410/410
f 1345/1345/1345 1355/1355/1355 1350/1350/1350
f 1350/1350/1350 1352/1352/1352 1348/1348/1348
f 1350/1350/1350 1353/1353/1353 1352/1352/1352
f 1350/1350/1350 1357/1357/1357 1353/1353/1353
f 909/909/909 926/926/926 934/934/934
f 926/926/926 935/935/935 934/934/934
f 1027/1027/1027 1025/1025/1025 1047/1047/1047
f 1027/1027/1027 1047/1047/1047 1026/1026/1026
f 890/890/890 887/887/887 902/902/902
f 924/924/924 915/915/915 913/913/913
f 913/913/913 889/889/889 890/890/890
f 888/888/888 909/909/909 902/902/902
f 908/908/908 909/909/909 888/888/888
f 902/902/902 887/887/887 901/901/901
f 888/888/888 902/902/902 901/901/901
f 114/114/114 115/115/115 92/92/92
f 425/425/425 426/426/426 357/357/357
f 426/426/426 454/454/454 449/449/449
f 454/454/454 458/458/458 449/449/449
f 91/91/91 113/113/113 78/78/78
f 343/343/343 357/357/357 353/353/353
f 77/77/77 91/91/91 78/78/78
f 425/425/425 357/357/357 358/358/358
f 92/92/92 129/129/129 122/122/122
f 95/95/95 113/113/113 114/114/114
f 479/479/479 493/493/493 478/478/478
f 173/173/173 137/137/137 230/230/230
f 449/449/449 479/479/479 478/478/478
f 525/525/525 520/520/520 493/493/493
f 1079/1079/1079 1078/1078/1078 934/934/934
f 479/479/479 525/525/525 493/493/493
f 458/458/458 459/459/459 449/449/449
f 230/230/230 137/137/137 129/129/129
f 479/479/479 449/449/449 459/459/459
f 129/129/129 137/137/137 136/136/136
f 954/954/954 952/952/952 915/915/915
f 887/887/887 888/888/888 901/901/901
f 892/892/892 908/908/908 888/888/888
f 893/893/893 914/914/914 915/915/915
f 878/878/878 887/887/887 889/889/889
f 122/122/122 136/136/136 137/137/137
f 477/477/477 479/479/479 459/459/459
f 458/458/458 477/477/477 459/459/459
f 133/133/133 122/122/122 137/137/137
f 453/453/453 425/425/425 430/430/430
f 95/95/95 92/92/92 94/94/94
f 453/453/453 458/458/458 454/454/454
f 425/425/425 453/453/453 426/426/426
f 453/453/453 454/454/454 426/426/426
f 912/912/912 926/926/926 908/908/908
f 1026/1026/1026 971/971/971 1027/1027/1027
f 496/496/496 479/479/479 477/477/477
f 133/133/133 137/137/137 173/173/173
f 496/496/496 525/525/525 479/479/479
f 340/340/340 391/391/391 318/318/318
f 1368/1368/1368 1370/1370/1370 1353/1353/1353
f 1355/1355/1355 1368/1368/1368 1357/1357/1357
f 56/56/56 62/62/62 67/67/67
f 305/305/305 303/303/303 304/304/304
f 1345/1345/1345 1361/1361/1361 1360/1360/1360
f 318/318/318 310/310/310 331/331/331
f 1363/1363/1363 1361/1361/1361 1345/1345/1345
f 1428/1428/1428 1406/1406/1406 1405/1405/1405
f 678/678/678 719/719/719 721/721/721
f 1372/1372/1372 1366/1366/1366 1370/1370/1370
f 740/740/740 764/764/764 754/754/754
f 740/740/740 754/754/754 730/730/730
f 1378/1378/1378 1390/1390/1390 1381/1381/1381
f 1406/1406/1406 1400/1400/1400 1405/1405/1405
f 678/678/678 722/722/722 680/680/680
f 678/678/678 721/721/721 722/722/722
f 678/678/678 680/680/680 673/673/673
f 1406/1406/1406 1428/1428/1428 1400/1400/1400
f 731/731/731 676/676/676 674/674/674
f 1400/1400/1400 1428/1428/1428 1435/1435/1435
f 764/764/764 772/772/772 754/754/754
f 1366/1366/1366 1372/1372/1372 1378/1378/1378
f 1383/1383/1383 1381/1381/1381 1395/1395/1395
f 1381/1381/1381 1390/1390/1390 1395/1395/1395
f 971/971/971 954/954/954 972/972/972
f 954/954/954 971/971/971 952/952/952
f 972/972/972 1025/1025/1025 971/971/971
f 908/908/908 926/926/926 909/909/909
f 971/971/971 1025/1025/1025 1027/1027/1027
f 914/914/914 893/893/893 913/913/913
f 914/914/914 913/913/913 915/915/915
f 913/913/913 893/893/893 896/896/896
f 889/889/889 913/913/913 896/896/896
f 887/887/887 890/890/890 889/889/889
f 954/954/954 915/915/915 925/925/925
f 954/954/954 925/925/925 955/955/955
f 327/327/327 328/328/328 297/297/297
f 55/55/55 56/56/56 72/72/72
f 72/72/72 56/56/56 71/71/71
f 297/297/297 328/328/328 329/329/329
f 58/58/58 66/66/66 74/74/74
f 297/297/297 324/324/324 327/327/327
f 66/66/66 58/58/58 55/55/55
f 67/67/67 62/62/62 73/73/73
f 304/304/304 326/326/326 305/305/305
f 311/311/311 303/303/303 305/305/305
f 1356/1356/1356 1358/1358/1358 1363/1363/1363
f 297/297/297 329/329/329 304/304/304
f 67/67/67 71/71/71 56/56/56
f 329/329/329 326/326/326 304/304/304
f 78/78/78 113/113/113 79/79/79
f 78/78/78 79/79/79 76/76/76
f 378/378/378 358/358/358 354/354/354
f 343/343/343 354/354/354 357/357/357
f 354/354/354 358/358/358 357/357/357
f 95/95/95 94/94/94 76/76/76
f 424/424/424 425/425/425 358/358/358
f 430/430/430 425/425/425 424/424/424
f 378/378/378 424/424/424 358/358/358
f 76/76/76 79/79/79 95/95/95
f 79/79/79 113/113/113 95/95/95
f 77/77/77 58/58/58 81/81/81
f 342/342/342 352/352/352 337/337/337
f 81/81/81 58/58/58 74/74/74
f 324/324/324 342/342/342 337/337/337
f 58/58/58 77/77/77 76/76/76
f 76/76/76 77/77/77 78/78/78
f 343/343/343 353/353/353 342/342/342
f 1353/1353/1353 1357/1357/1357 1368/1368/1368
f 411/411/411 417/417/417 412/412/412
f 391/391/391 410/410/410 411/411/411
f 500/500/500 417/417/417 507/507/507
f 1352/1352/1352 1370/1370/1370 1366/1366/1366
f 417/417/417 411/411/411 418/418/418
f 411/411/411 435/435/435 418/418/418
f 1352/1352/1352 1353/1353/1353 1370/1370/1370
f 417/417/417 418/418/418 435/435/435
f 417/417/417 435/435/435 507/507/507
f 1363/1363/1363 1345/1345/1345 1356/1356/1356
f 303/303/303 311/311/311 310/310/310
f 1355/1355/1355 1345/1345/1345 1360/1360/1360
f 391/391/391 340/340/340 410/410/410
f 331/331/331 339/339/339 318/318/318
f 318/318/318 339/339/339 340/340/340
f 1052/1052/1052 1094/1094/1094 1090/1090/1090
f 1094/1094/1094 1095/1095/1095 1090/1090/1090
f 489/489/489 519/519/519 469/469/469
f 1495/1495/1495 1487/1487/1487 1488/1488/1488
f 1464/1464/1464 1488/1488/1488 1487/1487/1487
f 527/527/527 519/519/519 489/489/489
f 527/527/527 489/489/489 512/512/512
f 465/465/465 429/429/429 469/469/469
f 549/549/549 564/564/564 561/561/561
f 1299/1299/1299 1294/1294/1294 1300/1300/1300
f 1318/1318/1318 1305/1305/1305 1300/1300/1300
f 1083/1083/1083 1081/1081/1081 1097/1097/1097
f 422/422/422 469/469/469 429/429/429
f 1298/1298/1298 1310/1310/1310 1294/1294/1294
f 465/465/465 423/423/423 429/429/429
f 455/455/455 469/469/469 422/422/422
f 540/540/540 547/547/547 527/527/527
f 1083/1083/1083 1097/1097/1097 1094/1094/1094
f 1094/1094/1094 1052/1052/1052 1083/1083/1083
f 547/547/547 540/540/540 560/560/560
f 1495/1495/1495 1485/1485/1485 1487/1487/1487
f 524/524/524 527/527/527 512/512/512
f 1495/1495/1495 1484/1484/1484 1485/1485/1485
f 560/560/560 563/563/563 547/547/547
f 1310/1310/1310 1312/1312/1312 1464/1464/1464
f 469/469/469 455/455/455 470/470/470
f 469/469/469 470/470/470 489/489/489
f 1485/1485/1485 1484/1484/1484 1464/1464/1464
f 489/489/489 468/468/468 512/512/512
f 470/470/470 455/455/455 489/489/489
f 1485/1485/1485 1464/1464/1464 1487/1487/1487
f 468/468/468 489/489/489 455/455/455
f 1306/1306/1306 1309/1309/1309 1300/1300/1300
f 1306/1306/1306 1300/1300/1300 1294/1294/1294
f 498/498/498 529/529/529 509/509/509
f 427/427/427 486/486/486 433/433/433
f 498/498/498 509/509/509 486/486/486
f 1310/1310/1310 1308/1308/1308 1294/1294/1294
f 427/427/427 465/465/465 466/466/466
f 423/423/423 465/465/465 427/427/427
f 427/427/427 498/498/498 486/486/486
f 1308/1308/1308 1307/1307/1307 1294/1294/1294
f 498/498/498 427/427/427 466/466/466
f 1294/1294/1294 1307/1307/1307 1306/1306/1306
f 1300/1300/1300 1309/1309/1309 1318/1318/1318
f 549/549/549 561/561/561 553/553/553
f 1385/1385/1385 1429/1429/1429 1404/1404/1404
f 1341/1341/1341 1385/1385/1385 1404/1404/1404
f 544/544/544 549/549/549 553/553/553
f 1051/1051/1051 1090/1090/1090 1074/1074/1074
f 1052/1052/1052 1090/1090/1090 1051/1051/1051
f 1430/1430/1430 1429/1429/1429 1385/1385/1385
f 529/529/529 498/498/498 535/535/535
f 536/536/536 529/529/529 535/535/535
f 535/535/535 549/549/549 544/544/544
f 1341/1341/1341 1339/1339/1339 1385/1385/1385
f 1318/1318/1318 1339/1339/1339 1341/1341/1341
f 511/511/511 537/537/537 531/531/531
f 1303/1303/1303 1302/1302/1302 1316/1316/1316
f 1301/1301/1301 1318/1318/1318 1302/1302/1302
f 572/572/572 571/571/571 555/555/555
f 1311/1311/1311 1303/1303/1303 1314/1314/1314
f 551/551/551 531/531/531 537/537/537
f 558/558/558 572/572/572 555/555/555
f 1281/1281/1281 1280/1280/1280 1269/1269/1269
f 1281/1281/1281 1269/1269/1269 1271/1271/1271
f 1288/1288/1288 1280/1280/1280 1281/1281/1281
f 1280/1280/1280 1288/1288/1288 1287/1287/1287
f 1279/1279/1279 1281/1281/1281 1271/1271/1271
f 571/571/571 569/569/569 555/555/555
f 1314/1314/1314 1303/1303/1303 1315/1315/1315
f 555/555/555 554/554/554 551/551/551
f 1316/1316/1316 1315/1315/1315 1303/1303/1303
f 555/555/555 569/569/569 554/554/554
f 1317/1317/1317 1315/1315/1315 1302/1302/1302
f 1315/1315/1315 1316/1316/1316 1302/1302/1302
f 1414/1414/1414 1302/1302/1302 1319/1319/1319
f 550/550/550 532/532/532 531/531/531
f 551/551/551 550/550/550 531/531/531
f 554/554/554 550/550/550 551/551/551
f 554/554/554 565/565/565 550/550/550
f 554/554/554 570/570/570 565/565/565
f 569/569/569 570/570/570 554/554/554
f 1314/1314/1314 1494/1494/1494 1311/1311/1311
f 555/555/555 551/551/551 537/537/537
f 573/573/573 572/572/572 558/558/558
f 566/566/566 559/559/559 557/557/557
f 566/566/566 573/573/573 558/558/558
f 566/566/566 574/574/574 573/573/573
f 557/557/557 559/559/559 558/558/558
f 566/566/566 558/558/558 559/559/559
f 1497/1497/1497 1314/1314/1314 1499/1499/1499
f 1497/1497/1497 1494/1494/1494 1314/1314/1314
f 555/555/555 537/537/537 538/538/538
f 555/555/555 538/538/538 556/556/556
f 1498/1498/1498 1494/1494/1494 1497/1497/1497
f 557/557/557 555/555/555 556/556/556
f 557/557/557 558/558/558 555/555/555
f 1496/1496/1496 1495/1495/1495 1488/1488/1488
f 547/547/547 519/519/519 527/527/527
f 519/519/519 547/547/547 548/548/548
f 562/562/562 547/547/547 563/563/563
f 1090/1090/1090 1098/1098/1098 1074/1074/1074
f 547/547/547 562/562/562 548/548/548
f 1095/1095/1095 1099/1099/1099 1102/1102/1102
f 1095/1095/1095 1094/1094/1094 1099/1099/1099
f 511/511/511 469/469/469 519/519/519
f 1464/1464/1464 1312/1312/1312 1488/1488/1488
f 1488/1488/1488 1312/1312/1312 1493/1493/1493
f 466/466/466 499/499/499 498/498/498
f 1310/1310/1310 1297/1297/1297 1312/1312/1312
f 1298/1298/1298 1297/1297/1297 1310/1310/1310
f 465/465/465 491/491/491 466/466/466
f 1298/1298/1298 1294/1294/1294 1297/1297/1297
f 1318/1318/1318 1341/1341/1341 1320/1320/1320
f 1404/1404/1404 1320/1320/1320 1341/1341/1341
f 543/543/543 564/564/564 549/549/549
f 1294/1294/1294 1299/1299/1299 1295/1295/1295
f 499/499/499 530/530/530 498/498/498
f 1305/1305/1305 1318/1318/1318 1299/1299/1299
f 1300/1300/1300 1305/1305/1305 1299/1299/1299
f 530/530/530 535/535/535 498/498/498
f 543/543/543 549/549/549 535/535/535
f 556/556/556 538/538/538 557/557/557
f 1498/1498/1498 1496/1496/1496 1494/1494/1494
f 1493/1493/1493 1496/1496/1496 1488/1488/1488
f 1496/1496/1496 1493/1493/1493 1494/1494/1494
f 567/567/567 557/557/557 562/562/562
f 557/557/557 567/567/567 566/566/566
f 566/566/566 567/567/567 568/568/568
f 548/548/548 538/538/538 519/519/519
f 548/548/548 557/557/557 538/538/538
f 548/548/548 562/562/562 557/557/557
f 511/511/511 531/531/531 510/510/510
f 1297/1297/1297 1296/1296/1296 1311/1311/1311
f 1303/1303/1303 1296/1296/1296 1304/1304/1304
f 1311/1311/1311 1296/1296/1296 1303/1303/1303
f 519/519/519 538/538/538 537/537/537
f 1312/1312/1312 1494/1494/1494 1493/1493/1493
f 1312/1312/1312 1311/1311/1311 1313/1313/1313
f 519/519/519 537/537/537 511/511/511
f 1297/1297/1297 1311/1311/1311 1312/1312/1312
f 1494/1494/1494 1312/1312/1312 1313/1313/1313
f 1494/1494/1494 1313/1313/1313 1311/1311/1311
f 1303/1303/1303 1293/1293/1293 1302/1302/1302
f 530/530/530 499/499/499 466/466/466
f 1293/1293/1293 1301/1301/1301 1302/1302/1302
f 532/532/532 530/530/530 531/531/531
f 1295/1295/1295 1299/1299/1299 1293/1293/1293
f 510/510/510 465/465/465 469/469/469
f 511/511/511 510/510/510 469/469/469
f 516/516/516 466/466/466 491/491/491
f 466/466/466 531/531/531 530/530/530
f 516/516/516 531/531/531 466/466/466
f 1304/1304/1304 1293/1293/1293 1303/1303/1303
f 1293/1293/1293 1294/1294/1294 1295/1295/1295
f 465/465/465 510/510/510 491/491/491
f 1296/1296/1296 1293/1293/1293 1304/1304/1304
f 1294/1294/1294 1296/1296/1296 1297/1297/1297
f 1294/1294/1294 1293/1293/1293 1296/1296/1296
f 510/510/510 516/516/516 491/491/491
f 531/531/531 516/516/516 510/510/510
f 1319/1319/1319 1318/1318/1318 1320/1320/1320
f 1095/1095/1095 1100/1100/1100 1090/1090/1090
f 1095/1095/1095 1102/1102/1102 1100/1100/1100
f 1404/1404/1404 1414/1414/1414 1319/1319/1319
f 1404/1404/1404 1319/1319/1319 1320/1320/1320
f 550/550/550 543/543/543 532/532/532
f 1301/1301/1301 1293/1293/1293 1299/1299/1299
f 532/532/532 543/543/543 530/530/530
f 543/543/543 535/535/535 530/530/530
f 550/550/550 564/564/564 543/543/543
f 550/550/550 565/565/565 564/564/564
f 1319/1319/1319 1302/1302/1302 1318/1318/1318
f 1299/1299/1299 1318/1318/1318 1301/1301/1301
f 482/482/482 461/461/461 484/484/484
f 437/437/437 419/419/419 413/413/413
f 1432/1432/1432 1385/1385/1385 1399/1399/1399
f 431/431/431 428/428/428 446/446/446
f 930/930/930 1063/1063/1063 916/916/916
f 1064/1064/1064 916/916/916 1063/1063/1063
f 1433/1433/1433 1399/1399/1399 1427/1427/1427
f 1427/1427/1427 1399/1399/1399 1382/1382/1382
f 924/924/924 913/913/913 929/929/929
f 925/925/925 966/966/966 965/965/965
f 957/957/957 966/966/966 925/925/925
f 1479/1479/1479 1471/1471/1471 1470/1470/1470
f 449/449/449 461/461/461 460/460/460
f 461/461/461 482/482/482 460/460/460
f 1471/1471/1471 1479/1479/1479 1480/1480/1480
f 135/135/135 131/131/131 168/168/168
f 449/449/449 460/460/460 446/446/446
f 1471/1471/1471 1468/1468/1468 1470/1470/1470
f 447/447/447 446/446/446 428/428/428
f 447/447/447 449/449/449 446/446/446
f 247/247/247 232/232/232 255/255/255
f 1068/1068/1068 1084/1084/1084 1082/1082/1082
f 1344/1344/1344 1328/1328/1328 1336/1336/1336
f 1336/1336/1336 1326/1326/1326 1345/1345/1345
f 1326/1326/1326 1336/1336/1336 1328/1328/1328
f 1335/1335/1335 1344/1344/1344 1334/1334/1334
f 1328/1328/1328 1344/1344/1344 1335/1335/1335
f 1349/1349/1349 1330/1330/1330 1331/1331/1331
f 349/349/349 394/394/394 330/330/330
f 1345/1345/1345 1326/1326/1326 1324/1324/1324
f 393/393/393 351/351/351 330/330/330
f 767/767/767 788/788/788 770/770/770
f 1337/1337/1337 1373/1373/1373 1382/1382/1382
f 737/737/737 738/738/738 769/769/769
f 738/738/738 770/770/770 769/769/769
f 1334/1334/1334 1342/1342/1342 1333/1333/1333
f 1348/1348/1348 1351/1351/1351 1333/1333/1333
f 541/541/541 533/533/533 517/517/517
f 1333/1333/1333 1351/1351/1351 1343/1343/1343
f 789/789/789 743/743/743 769/769/769
f 1399/1399/1399 1433/1433/1433 1432/1432/1432
f 924/924/924 929/929/929 957/957/957
f 1373/1373/1373 1343/1343/1343 1351/1351/1351
f 517/517/517 528/528/528 542/542/542
f 517/517/517 504/504/504 528/528/528
f 517/517/517 542/542/542 541/541/541
f 1374/1374/1374 1382/1382/1382 1399/1399/1399
f 1382/1382/1382 1374/1374/1374 1337/1337/1337
f 1337/1337/1337 1343/1343/1343 1373/1373/1373
f 957/957/957 929/929/929 967/967/967
f 770/770/770 788/788/788 787/787/787
f 787/787/787 769/769/769 770/770/770
f 1063/1063/1063 1068/1068/1068 1082/1082/1082
f 523/523/523 526/526/526 522/522/522
f 526/526/526 539/539/539 522/522/522
f 484/484/484 523/523/523 522/522/522
f 1490/1490/1490 1492/1492/1492 1479/1479/1479
f 1082/1082/1082 1084/1084/1084 1085/1085/1085
f 484/484/484 522/522/522 482/482/482
f 970/970/970 965/965/965 966/966/966
f 1033/1033/1033 1072/1072/1072 1041/1041/1041
f 970/970/970 966/966/966 1040/1040/1040
f 1040/1040/1040 1033/1033/1033 970/970/970
f 1331/1331/1331 1329/1329/1329 1359/1359/1359
f 1324/1324/1324 1325/1325/1325 1346/1346/1346
f 351/351/351 393/393/393 401/401/401
f 1349/1349/1349 1325/1325/1325 1330/1330/1330
f 1349/1349/1349 1347/1347/1347 1325/1325/1325
f 393/393/393 330/330/330 394/394/394
f 1349/1349/1349 1346/1346/1346 1347/1347/1347
f 393/393/393 394/394/394 401/401/401
f 1346/1346/1346 1325/1325/1325 1347/1347/1347
f 81/81/81 168/168/168 131/131/131
f 420/420/420 421/421/421 353/353/353
f 431/431/431 420/420/420 428/428/428
f 421/421/421 420/420/420 431/431/431
f 398/398/398 350/350/350 352/352/352
f 1359/1359/1359 1329/1329/1329 1365/1365/1365
f 353/353/353 421/421/421 352/352/352
f 123/123/123 168/168/168 81/81/81
f 123/123/123 170/170/170 168/168/168
f 352/352/352 421/421/421 422/422/422
f 352/352/352 422/422/422 398/398/398
f 488/488/488 467/467/467 503/503/503
f 488/488/488 503/503/503 504/504/504
f 1321/1321/1321 1334/1334/1334 1333/1333/1333
f 1340/1340/1340 1333/1333/1333 1343/1343/1343
f 399/399/399 400/400/400 413/413/413
f 400/400/400 351/351/351 413/413/413
f 351/351/351 401/401/401 413/413/413
f 419/419/419 437/437/437 467/467/467
f 399/399/399 413/413/413 419/419/419
f 1334/1334/1334 1328/1328/1328 1335/1335/1335
f 437/437/437 434/434/434 486/486/486
f 486/486/486 434/434/434 433/433/433
f 502/502/502 504/504/504 503/503/503
f 504/504/504 502/502/502 528/528/528
f 502/502/502 529/529/529 528/528/528
f 1472/1472/1472 1464/1464/1464 1484/1484/1484
f 1464/1464/1464 1472/1472/1472 1469/1469/1469
f 468/468/468 485/485/485 512/512/512
f 540/540/540 527/527/527 524/524/524
f 1081/1081/1081 1091/1091/1091 1097/1097/1097
f 522/522/522 524/524/524 512/512/512
f 1307/1307/1307 1308/1308/1308 1324/1324/1324
f 1469/1469/1469 1467/1467/1467 1464/1464/1464
f 1354/1354/1354 1464/1464/1464 1467/1467/1467
f 1310/1310/1310 1464/1464/1464 1354/1354/1354
f 1332/1332/1332 1310/1310/1310 1354/1354/1354
f 1318/1318/1318 1338/1338/1338 1339/1339/1339
f 1309/1309/1309 1327/1327/1327 1337/1337/1337
f 1309/1309/1309 1337/1337/1337 1318/1318/1318
f 544/544/544 528/528/528 536/536/536
f 528/528/528 529/529/529 536/536/536
f 535/535/535 544/544/544 536/536/536
f 1318/1318/1318 1337/1337/1337 1338/1338/1338
f 1339/1339/1339 1338/1338/1338 1385/1385/1385
f 509/509/509 487/487/487 486/486/486
f 487/487/487 437/437/437 486/486/486
f 509/509/509 529/529/529 502/502/502
f 1070/1070/1070 1071/1071/1071 1074/1074/1074
f 1065/1065/1065 1083/1083/1083 1052/1052/1052
f 552/552/552 540/540/540 524/524/524
f 1089/1089/1089 1067/1067/1067 1070/1070/1070
f 1374/1374/1374 1385/1385/1385 1338/1338/1338
f 796/796/796 795/795/795 798/798/798
f 1430/1430/1430 1385/1385/1385 1431/1431/1431
f 1386/1386/1386 1385/1385/1385 1374/1374/1374
f 413/413/413 401/401/401 427/427/427
f 1324/1324/1324 1326/1326/1326 1323/1323/1323
f 1329/1329/1329 1332/1332/1332 1365/1365/1365
f 1333/1333/1333 1340/1340/1340 1327/1327/1327
f 545/545/545 542/542/542 528/528/528
f 1327/1327/1327 1340/1340/1340 1343/1343/1343
f 1327/1327/1327 1343/1343/1343 1337/1337/1337
f 545/545/545 528/528/528 544/544/544
f 1328/1328/1328 1321/1321/1321 1326/1326/1326
f 413/413/413 434/434/434 437/437/437
f 1328/1328/1328 1334/1334/1334 1321/1321/1321
f 1327/1327/1327 1321/1321/1321 1333/1333/1333
f 503/503/503 467/467/467 502/502/502
f 467/467/467 437/437/437 502/502/502
f 1067/1067/1067 1072/1072/1072 1033/1033/1033
f 1065/1065/1065 1063/1063/1063 1081/1081/1081
f 1063/1063/1063 1082/1082/1082 1081/1081/1081
f 929/929/929 916/916/916 1066/1066/1066
f 966/966/966 957/957/957 1051/1051/1051
f 1065/1065/1065 1066/1066/1066 916/916/916
f 1064/1064/1064 1065/1065/1065 916/916/916
f 1064/1064/1064 1063/1063/1063 1065/1065/1065
f 1040/1040/1040 1067/1067/1067 1033/1033/1033
f 1040/1040/1040 966/966/966 1067/1067/1067
f 1468/1468/1468 1469/1469/1469 1470/1470/1470
f 169/169/169 168/168/168 170/170/170
f 432/432/432 421/421/421 431/431/431
f 1082/1082/1082 1085/1085/1085 1093/1093/1093
f 485/485/485 460/460/460 482/482/482
f 553/553/553 545/545/545 544/544/544
f 1484/1484/1484 1470/1470/1470 1469/1469/1469
f 398/398/398 422/422/422 429/429/429
f 422/422/422 421/421/421 432/432/432
f 432/432/432 455/455/455 422/422/422
f 350/350/350 423/423/423 349/349/349
f 423/423/423 394/394/394 349/349/349
f 1331/1331/1331 1308/1308/1308 1329/1329/1329
f 1330/1330/1330 1308/1308/1308 1331/1331/1331
f 398/398/398 429/429/429 350/350/350
f 1329/1329/1329 1310/1310/1310 1332/1332/1332
f 350/350/350 429/429/429 423/423/423
f 1310/1310/1310 1329/1329/1329 1308/1308/1308
f 460/460/460 468/468/468 446/446/446
f 1468/1468/1468 1354/1354/1354 1467/1467/1467
f 1354/1354/1354 1468/1468/1468 1457/1457/1457
f 455/455/455 432/432/432 431/431/431
f 1354/1354/1354 1457/1457/1457 1332/1332/1332
f 1468/1468/1468 1467/1467/1467 1469/1469/1469
f 431/431/431 446/446/446 455/455/455
f 446/446/446 468/468/468 455/455/455
f 1325/1325/1325 1308/1308/1308 1330/1330/1330
f 1309/1309/1309 1306/1306/1306 1321/1321/1321
f 437/437/437 487/487/487 509/509/509
f 1309/1309/1309 1321/1321/1321 1322/1322/1322
f 502/502/502 437/437/437 509/509/509
f 1309/1309/1309 1322/1322/1322 1327/1327/1327
f 1322/1322/1322 1321/1321/1321 1327/1327/1327
f 394/394/394 423/423/423 401/401/401
f 1325/1325/1325 1324/1324/1324 1308/1308/1308
f 401/401/401 423/423/423 427/427/427
f 1307/1307/1307 1323/1323/1323 1321/1321/1321
f 1326/1326/1326 1321/1321/1321 1323/1323/1323
f 1307/1307/1307 1321/1321/1321 1306/1306/1306
f 413/413/413 427/427/427 433/433/433
f 1307/1307/1307 1324/1324/1324 1323/1323/1323
f 1484/1484/1484 1469/1469/1469 1472/1472/1472
f 434/434/434 413/413/413 433/433/433
f 929/929/929 1066/1066/1066 967/967/967
f 1052/1052/1052 957/957/957 967/967/967
f 1051/1051/1051 957/957/957 1052/1052/1052
f 1052/1052/1052 967/967/967 1066/1066/1066
f 1070/1070/1070 966/966/966 1071/1071/1071
f 1074/1074/1074 1071/1071/1071 966/966/966
f 1074/1074/1074 966/966/966 1051/1051/1051
f 787/787/787 794/794/794 795/795/795
f 1337/1337/1337 1374/1374/1374 1338/1338/1338
f 788/788/788 794/794/794 787/787/787
f 1386/1386/1386 1399/1399/1399 1385/1385/1385
f 1399/1399/1399 1386/1386/1386 1374/1374/1374
f 787/787/787 795/795/795 769/769/769
f 769/769/769 795/795/795 796/796/796
f 769/769/769 796/796/796 798/798/798
f 797/797/797 769/769/769 798/798/798
f 797/797/797 789/789/789 769/769/769
f 1431/1431/1431 1432/1432/1432 1430/1430/1430
f 1385/1385/1385 1432/1432/1432 1431/1431/1431
f 1489/1489/1489 1490/1490/1490 1479/1479/1479
f 1479/1479/1479 1470/1470/1470 1489/1489/1489
f 1491/1491/1491 1490/1490/1490 1489/1489/1489
f 1091/1091/1091 1082/1082/1082 1093/1093/1093
f 468/468/468 460/460/460 485/485/485
f 485/485/485 482/482/482 522/522/522
f 485/485/485 522/522/522 512/512/512
f 1484/1484/1484 1489/1489/1489 1486/1486/1486
f 1489/1489/1489 1470/1470/1470 1486/1486/1486
f 1486/1486/1486 1470/1470/1470 1484/1484/1484
f 539/539/539 546/546/546 524/524/524
f 1070/1070/1070 1067/1067/1067 966/966/966
f 1052/1052/1052 1066/1066/1066 1065/1065/1065
f 1081/1081/1081 1082/1082/1082 1091/1091/1091
f 524/524/524 522/522/522 539/539/539
f 524/524/524 546/546/546 552/552/552
f 1073/1073/1073 1072/1072/1072 1067/1067/1067
f 1083/1083/1083 1065/1065/1065 1081/1081/1081
f 961/961/961 960/960/960 959/959/959
f 959/959/959 978/978/978 961/961/961
f 869/869/869 904/904/904 874/874/874
f 992/992/992 961/961/961 978/978/978
f 920/920/920 944/944/944 921/921/921
f 920/920/920 960/960/960 961/961/961
f 961/961/961 944/944/944 920/920/920
f 836/836/836 844/844/844 845/845/845
f 82/82/82 109/109/109 87/87/87
f 1434/1434/1434 1417/1417/1417 1416/1416/1416
f 732/732/732 760/760/760 739/739/739
f 761/761/761 760/760/760 732/732/732
f 320/320/320 381/381/381 309/309/309
f 48/48/48 68/68/68 21/21/21
f 600/600/600 619/619/619 599/599/599
f 589/589/589 600/600/600 599/599/599
f 591/591/591 589/589/589 592/592/592
f 1424/1424/1424 1417/1417/1417 1434/1434/1434
f 591/591/591 651/651/651 682/682/682
f 661/661/661 619/619/619 663/663/663
f 368/368/368 438/438/438 444/444/444
f 104/104/104 110/110/110 124/124/124
f 619/619/619 621/621/621 620/620/620
f 591/591/591 593/593/593 651/651/651
f 593/593/593 591/591/591 592/592/592
f 1423/1423/1423 1411/1411/1411 1424/1424/1424
f 865/865/865 869/869/869 874/874/874
f 865/865/865 864/864/864 869/869/869
f 865/865/865 845/845/845 864/864/864
f 920/920/920 959/959/959 960/960/960
f 864/864/864 845/845/845 844/844/844
f 836/836/836 845/845/845 847/847/847
f 835/835/835 836/836/836 850/850/850
f 60/60/60 50/50/50 32/32/32
f 11/11/11 6/6/6 10/10/10
f 332/332/332 322/322/322 333/333/333
f 319/319/319 389/389/389 320/320/320
f 319/319/319 320/320/320 308/308/308
f 1439/1439/1439 1440/1440/1440 1426/1426/1426
f 1420/1420/1420 1409/1409/1409 1410/1410/1410
f 1420/1420/1420 1421/1421/1421 1409/1409/1409
f 409/409/409 389/389/389 408/408/408
f 8/8/8 12/12/12 13/13/13
f 21/21/21 68/68/68 35/35/35
f 320/320/320 309/309/309 308/308/308
f 739/739/739 718/718/718 732/732/732
f 1411/1411/1411 1417/1417/1417 1424/1424/1424
f 718/718/718 663/663/663 732/732/732
f 1416/1416/1416 1417/1417/1417 1411/1411/1411
f 661/661/661 663/663/663 671/671/671
f 1411/1411/1411 1423/1423/1423 1422/1422/1422
f 682/682/682 693/693/693 703/703/703
f 1402/1402/1402 1403/1403/1403 1416/1416/1416
f 663/663/663 718/718/718 671/671/671
f 319/319/319 390/390/390 389/389/389
f 1439/1439/1439 1426/1426/1426 1419/1419/1419
f 1426/1426/1426 1420/1420/1420 1419/1419/1419
f 1409/1409/1409 1416/1416/1416 1403/1403/1403
f 506/506/506 409/409/409 505/505/505
f 409/409/409 408/408/408 505/505/505
f 390/390/390 408/408/408 389/389/389
f 1421/1421/1421 1416/1416/1416 1409/1409/1409
f 850/850/850 836/836/836 849/849/849
f 836/836/836 847/847/847 849/849/849
f 592/592/592 589/589/589 596/596/596
f 882/882/882 850/850/850 881/881/881
f 920/920/920 903/903/903 918/918/918
f 920/920/920 882/882/882 903/903/903
f 882/882/882 894/894/894 903/903/903
f 845/845/845 848/848/848 847/847/847
f 651/651/651 693/693/693 682/682/682
f 621/621/621 619/619/619 661/661/661
f 589/589/589 599/599/599 597/597/597
f 599/599/599 619/619/619 620/620/620
f 438/438/438 452/452/452 448/448/448
f 80/80/80 90/90/90 82/82/82
f 80/80/80 82/82/82 60/60/60
f 457/457/457 448/448/448 475/475/475
f 104/104/104 109/109/109 82/82/82
f 104/104/104 82/82/82 90/90/90
f 368/368/368 373/373/373 438/438/438
f 50/50/50 60/60/60 82/82/82
f 1029/1029/1029 1028/1028/1028 1024/1024/1024
f 167/167/167 162/162/162 124/124/124
f 162/162/162 138/138/138 124/124/124
f 904/904/904 937/937/937 874/874/874
f 1028/1028/1028 992/992/992 1024/1024/1024
f 874/874/874 937/937/937 931/931/931
f 104/104/104 124/124/124 109/109/109
f 475/475/475 483/483/483 457/457/457
f 1046/1046/1046 1028/1028/1028 1029/1029/1029
f 1045/1045/1045 1028/1028/1028 1046/1046/1046
f 492/492/492 483/483/483 518/518/518
f 15/15/15 21/21/21 18/18/18
f 287/287/287 288/288/288 301/301/301
f 301/301/301 288/288/288 298/298/298
f 293/293/293 284/284/284 287/287/287
f 13/13/13 12/12/12 15/15/15
f 15/15/15 18/18/18 13/13/13
f 21/21/21 35/35/35 18/18/18
f 299/299/299 301/301/301 298/298/298
f 309/309/309 301/301/301 299/299/299
f 309/309/309 299/299/299 308/308/308
f 332/332/332 356/356/356 346/346/346
f 40/40/40 32/32/32 11/11/11
f 356/356/356 373/373/373 368/368/368
f 20/20/20 10/10/10 8/8/8
f 40/40/40 11/11/11 31/31/31
f 31/31/31 11/11/11 10/10/10
f 332/332/332 292/292/292 322/322/322
f 321/321/321 314/314/314 323/323/323
f 374/374/374 377/377/377 376/376/376
f 415/415/415 381/381/381 414/414/414
f 381/381/381 406/406/406 414/414/414
f 314/314/314 313/313/313 370/370/370
f 22/22/22 7/7/7 23/23/23
f 380/380/380 370/370/370 313/313/313
f 6/6/6 3/3/3 7/7/7
f 53/53/53 44/44/44 41/41/41
f 362/362/362 363/363/363 366/366/366
f 598/598/598 613/613/613 611/611/611
f 706/706/706 647/647/647 683/683/683
f 611/611/611 613/613/613 637/637/637
f 1448/1448/1448 1446/1446/1446 1447/1447/1447
f 744/744/744 717/717/717 745/745/745
f 1442/1442/1442 1441/1441/1441 1445/1445/1445
f 885/885/885 886/886/886 927/927/927
f 820/820/820 822/822/822 824/824/824
f 820/820/820 821/821/821 822/822/822
f 581/581/581 577/577/577 582/582/582
f 831/831/831 824/824/824 832/832/832
f 885/885/885 831/831/831 886/886/886
f 440/440/440 374/374/374 441/441/441
f 1232/1232/1232 1237/1237/1237 1216/1216/1216
f 1204/1204/1204 1216/1216/1216 1217/1217/1217
f 1006/1006/1006 1018/1018/1018 1031/1031/1031
f 1232/1232/1232 1240/1240/1240 1237/1237/1237
f 365/365/365 321/321/321 323/323/323
f 380/380/380 313/313/313 315/315/315
f 380/380/380 315/315/315 371/371/371
f 12/12/12 7/7/7 15/15/15
f 7/7/7 22/22/22 15/15/15
f 362/362/362 374/374/374 361/361/361
f 53/53/53 54/54/54 44/44/44
f 440/440/440 377/377/377 374/374/374
f 363/363/363 348/348/348 366/366/366
f 366/366/366 348/348/348 347/347/347
f 6/6/6 5/5/5 3/3/3
f 41/41/41 29/29/29 30/30/30
f 30/30/30 29/29/29 1/1/1
f 30/30/30 1/1/1 5/5/5
f 362/362/362 348/348/348 363/363/363
f 1445/1445/1445 1434/1434/1434 1442/1442/1442
f 717/717/717 744/744/744 736/736/736
f 657/657/657 637/637/637 662/662/662
f 638/638/638 637/637/637 657/657/657
f 682/682/682 683/683/683 647/647/647
f 637/637/637 638/638/638 611/611/611
f 1444/1444/1444 1446/1446/1446 1443/1443/1443
f 407/407/407 371/371/371 381/381/381
f 407/407/407 380/380/380 371/371/371
f 1444/1444/1444 1447/1447/1447 1446/1446/1446
f 1443/1443/1443 1441/1441/1441 1438/1438/1438
f 414/414/414 508/508/508 415/415/415
f 744/744/744 751/751/751 736/736/736
f 407/407/407 381/381/381 415/415/415
f 927/927/927 921/921/921 928/928/928
f 921/921/921 927/927/927 886/886/886
f 831/831/831 832/832/832 834/834/834
f 823/823/823 822/822/822 821/821/821
f 886/886/886 898/898/898 921/921/921
f 854/854/854 843/843/843 821/821/821
f 821/821/821 843/843/843 823/823/823
f 950/950/950 927/927/927 928/928/928
f 958/958/958 927/927/927 950/950/950
f 576/576/576 598/598/598 594/594/594
f 581/581/581 583/583/583 647/647/647
f 582/582/582 577/577/577 583/583/583
f 581/581/581 582/582/582 583/583/583
f 575/575/575 576/576/576 577/577/577
f 1216/1216/1216 1237/1237/1237 1238/1238/1238
f 1216/1216/1216 1238/1238/1238 1239/1239/1239
f 105/105/105 107/107/107 96/96/96
f 1237/1237/1237 1240/1240/1240 1245/1245/1245
f 119/119/119 130/130/130 107/107/107
f 54/54/54 65/65/65 44/44/44
f 105/105/105 96/96/96 88/88/88
f 88/88/88 96/96/96 65/65/65
f 867/867/867 905/905/905 938/938/938
f 867/867/867 843/843/843 854/854/854
f 854/854/854 905/905/905 867/867/867
f 958/958/958 975/975/975 985/985/985
f 1006/1006/1006 985/985/985 1018/1018/1018
f 1018/1018/1018 1039/1039/1039 1031/1031/1031
f 376/376/376 377/377/377 356/356/356
f 376/376/376 356/356/356 360/360/360
f 389/389/389 383/383/383 320/320/320
f 372/372/372 309/309/309 381/381/381
f 8/8/8 7/7/7 9/9/9
f 657/657/657 662/662/662 663/663/663
f 475/475/475 476/476/476 483/483/483
f 105/105/105 87/87/87 109/109/109
f 126/126/126 124/124/124 138/138/138
f 1252/1252/1252 1256/1256/1256 1257/1257/1257
f 438/438/438 462/462/462 452/452/452
f 82/82/82 54/54/54 50/50/50
f 448/448/448 476/476/476 475/475/475
f 462/462/462 476/476/476 448/448/448
f 462/462/462 448/448/448 452/452/452
f 992/992/992 991/991/991 961/961/961
f 162/162/162 126/126/126 138/138/138
f 1030/1030/1030 1028/1028/1028 1045/1045/1045
f 910/910/910 937/937/937 904/904/904
f 910/910/910 904/904/904 869/869/869
f 1019/1019/1019 992/992/992 1030/1030/1030
f 992/992/992 1028/1028/1028 1030/1030/1030
f 321/321/321 292/292/292 284/284/284
f 321/321/321 322/322/322 292/292/292
f 321/321/321 284/284/284 294/294/294
f 294/294/294 284/284/284 293/293/293
f 8/8/8 9/9/9 12/12/12
f 301/301/301 293/293/293 287/287/287
f 377/377/377 373/373/373 356/356/356
f 438/438/438 377/377/377 439/439/439
f 377/377/377 438/438/438 373/373/373
f 54/54/54 42/42/42 50/50/50
f 32/32/32 5/5/5 11/11/11
f 6/6/6 11/11/11 5/5/5
f 360/360/360 332/332/332 361/361/361
f 42/42/42 32/32/32 50/50/50
f 360/360/360 356/356/356 332/332/332
f 364/364/364 361/361/361 332/332/332
f 1437/1437/1437 1423/1423/1423 1424/1424/1424
f 702/702/702 682/682/682 703/703/703
f 657/657/657 663/663/663 619/619/619
f 732/732/732 663/663/663 717/717/717
f 1437/1437/1437 1424/1424/1424 1445/1445/1445
f 1434/1434/1434 1445/1445/1445 1424/1424/1424
f 591/591/591 646/646/646 584/584/584
f 600/600/600 612/612/612 619/619/619
f 591/591/591 682/682/682 646/646/646
f 1438/1438/1438 1421/1421/1421 1420/1420/1420
f 389/389/389 409/409/409 406/406/406
f 389/389/389 406/406/406 392/392/392
f 1426/1426/1426 1438/1438/1438 1420/1420/1420
f 736/736/736 732/732/732 717/717/717
f 752/752/752 761/761/761 732/732/732
f 732/732/732 751/751/751 752/752/752
f 736/736/736 751/751/751 732/732/732
f 1434/1434/1434 1416/1416/1416 1436/1436/1436
f 835/835/835 822/822/822 836/836/836
f 824/824/824 822/822/822 835/835/835
f 844/844/844 846/846/846 852/852/852
f 852/852/852 864/864/864 844/844/844
f 589/589/589 595/595/595 600/600/600
f 590/590/590 595/595/595 589/589/589
f 589/589/589 591/591/591 584/584/584
f 589/589/589 584/584/584 577/577/577
f 898/898/898 882/882/882 920/920/920
f 851/851/851 835/835/835 850/850/850
f 576/576/576 590/590/590 589/589/589
f 578/578/578 576/576/576 589/589/589
f 577/577/577 578/578/578 589/589/589
f 362/362/362 333/333/333 348/348/348
f 333/333/333 347/347/347 348/348/348
f 362/362/362 361/361/361 364/364/364
f 7/7/7 8/8/8 6/6/6
f 463/463/463 438/438/438 464/464/464
f 464/464/464 438/438/438 474/474/474
f 440/440/440 464/464/464 474/474/474
f 65/65/65 54/54/54 82/82/82
f 374/374/374 376/376/376 360/360/360
f 374/374/374 360/360/360 361/361/361
f 42/42/42 41/41/41 30/30/30
f 1434/1434/1434 1436/1436/1436 1441/1441/1441
f 1441/1441/1441 1442/1442/1442 1434/1434/1434
f 1436/1436/1436 1416/1416/1416 1441/1441/1441
f 1438/1438/1438 1441/1441/1441 1416/1416/1416
f 15/15/15 22/22/22 21/21/21
f 314/314/314 293/293/293 313/313/313
f 48/48/48 21/21/21 22/22/22
f 577/577/577 584/584/584 583/583/583
f 886/886/886 831/831/831 883/883/883
f 886/886/886 883/883/883 898/898/898
f 834/834/834 835/835/835 831/831/831
f 985/985/985 992/992/992 1018/1018/1018
f 1018/1018/1018 1019/1019/1019 1039/1039/1039
f 109/109/109 119/119/119 107/107/107
f 119/119/119 126/126/126 130/130/130
f 921/921/921 898/898/898 920/920/920
f 868/868/868 867/867/867 869/869/869
f 975/975/975 991/991/991 985/985/985
f 843/843/843 868/868/868 869/869/869
f 843/843/843 867/867/867 868/868/868
f 54/54/54 53/53/53 41/41/41
f 54/54/54 41/41/41 42/42/42
f 440/440/440 439/439/439 377/377/377
f 362/362/362 332/332/332 333/333/333
f 333/333/333 322/322/322 347/347/347
f 42/42/42 30/30/30 32/32/32
f 32/32/32 30/30/30 5/5/5
f 362/362/362 364/364/364 332/332/332
f 105/105/105 109/109/109 107/107/107
f 1246/1246/1246 1252/1252/1252 1237/1237/1237
f 1245/1245/1245 1246/1246/1246 1237/1237/1237
f 124/124/124 126/126/126 119/119/119
f 1238/1238/1238 1237/1237/1237 1252/1252/1252
f 109/109/109 124/124/124 119/119/119
f 65/65/65 82/82/82 87/87/87
f 474/474/474 438/438/438 440/440/440
f 440/440/440 438/438/438 439/439/439
f 463/463/463 476/476/476 462/462/462
f 87/87/87 105/105/105 88/88/88
f 65/65/65 87/87/87 88/88/88
f 438/438/438 463/463/463 462/462/462
f 1444/1444/1444 1443/1443/1443 1440/1440/1440
f 320/320/320 383/383/383 381/381/381
f 389/389/389 381/381/381 383/383/383
f 1426/1426/1426 1440/1440/1440 1443/1443/1443
f 371/371/371 309/309/309 372/372/372
f 372/372/372 381/381/381 371/371/371
f 406/406/406 409/409/409 414/414/414
f 1438/1438/1438 1416/1416/1416 1421/1421/1421
f 414/414/414 409/409/409 508/508/508
f 752/752/752 751/751/751 761/761/761
f 381/381/381 389/389/389 392/392/392
f 392/392/392 406/406/406 381/381/381
f 315/315/315 309/309/309 371/371/371
f 1438/1438/1438 1426/1426/1426 1443/1443/1443
f 294/294/294 293/293/293 321/321/321
f 9/9/9 7/7/7 12/12/12
f 321/321/321 293/293/293 314/314/314
f 347/347/347 322/322/322 321/321/321
f 10/10/10 6/6/6 8/8/8
f 313/313/313 301/301/301 315/315/315
f 315/315/315 301/301/301 309/309/309
f 313/313/313 293/293/293 301/301/301
f 595/595/595 594/594/594 600/600/600
f 590/590/590 594/594/594 595/595/595
f 583/583/583 584/584/584 646/646/646
f 598/598/598 611/611/611 600/600/600
f 594/594/594 598/598/598 600/600/600
f 831/831/831 850/850/850 882/882/882
f 831/831/831 851/851/851 850/850/850
f 831/831/831 835/835/835 851/851/851
f 834/834/834 832/832/832 835/835/835
f 835/835/835 832/832/832 824/824/824
f 577/577/577 576/576/576 578/578/578
f 576/576/576 594/594/594 590/590/590
f 662/662/662 716/716/716 663/663/663
f 706/706/706 683/683/683 702/702/702
f 663/663/663 716/716/716 717/717/717
f 619/619/619 612/612/612 611/611/611
f 583/583/583 646/646/646 647/647/647
f 647/647/647 646/646/646 682/682/682
f 611/611/611 612/612/612 600/600/600
f 683/683/683 682/682/682 702/702/702
f 638/638/638 657/657/657 619/619/619
f 611/611/611 638/638/638 619/619/619
f 869/869/869 867/867/867 910/910/910
f 843/843/843 869/869/869 864/864/864
f 975/975/975 958/958/958 961/961/961
f 961/961/961 991/991/991 975/975/975
f 1039/1039/1039 1030/1030/1030 1049/1049/1049
f 126/126/126 162/162/162 130/130/130
f 1256/1256/1256 1252/1252/1252 1246/1246/1246
f 1018/1018/1018 992/992/992 1019/1019/1019
f 985/985/985 991/991/991 992/992/992
f 938/938/938 910/910/910 867/867/867
f 164/164/164 130/130/130 163/163/163
f 1039/1039/1039 1019/1019/1019 1030/1030/1030
f 162/162/162 163/163/163 130/130/130
f 822/822/822 823/823/823 836/836/836
f 823/823/823 843/843/843 836/836/836
f 898/898/898 883/883/883 882/882/882
f 883/883/883 831/831/831 882/882/882
f 944/944/944 961/961/961 950/950/950
f 846/846/846 864/864/864 852/852/852
f 846/846/846 843/843/843 864/864/864
f 958/958/958 950/950/950 961/961/961
f 844/844/844 836/836/836 843/843/843
f 843/843/843 846/846/846 844/844/844
f 950/950/950 921/921/921 944/944/944
f 928/928/928 921/921/921 950/950/950
f 973/973/973 990/990/990 956/956/956
f 1407/1407/1407 1389/1389/1389 1396/1396/1396
f 879/879/879 849/849/849 878/878/878
f 866/866/866 878/878/878 849/849/849
f 858/858/858 873/873/873 866/866/866
f 858/858/858 870/870/870 873/873/873
f 918/918/918 917/917/917 956/956/956
f 658/658/658 653/653/653 654/654/654
f 597/597/597 652/652/652 650/650/650
f 597/597/597 650/650/650 596/596/596
f 472/472/472 494/494/494 495/495/495
f 379/379/379 444/444/444 443/443/443
f 443/443/443 456/456/456 450/450/450
f 956/956/956 990/990/990 994/994/994
f 865/865/865 884/884/884 875/875/875
f 132/132/132 172/172/172 127/127/127
f 1035/1035/1035 990/990/990 1020/1020/1020
f 307/307/307 300/300/300 306/306/306
f 300/300/300 302/302/302 306/306/306
f 39/39/39 49/49/49 31/31/31
f 40/40/40 49/49/49 52/52/52
f 1396/1396/1396 1389/1389/1389 1393/1393/1393
f 1407/1407/1407 1413/1413/1413 1398/1398/1398
f 659/659/659 666/666/666 658/658/658
f 1407/1407/1407 1398/1398/1398 1389/1389/1389
f 672/672/672 723/723/723 659/659/659
f 1379/1379/1379 1377/1377/1377 1392/1392/1392
f 385/385/385 316/316/316 317/317/317
f 1379/1379/1379 1393/1393/1393 1388/1388/1388
f 915/915/915 917/917/917 919/919/919
f 911/911/911 908/908/908 891/891/891
f 83/83/83 76/76/76 92/92/92
f 93/93/93 83/83/83 92/92/92
f 1379/1379/1379 1380/1380/1380 1370/1370/1370
f 1387/1387/1387 1391/1391/1391 1372/1372/1372
f 653/653/653 665/665/665 673/673/673
f 652/652/652 653/653/653 674/674/674
f 1405/1405/1405 1425/1425/1425 1428/1428/1428
f 1405/1405/1405 1395/1395/1395 1413/1413/1413
f 678/678/678 679/679/679 719/719/719
f 679/679/679 666/666/666 719/719/719
f 678/678/678 665/665/665 658/658/658
f 893/893/893 880/880/880 896/896/896
f 676/676/676 652/652/652 674/674/674
f 675/675/675 652/652/652 676/676/676
f 729/729/729 740/740/740 730/730/730
f 1378/1378/1378 1391/1391/1391 1390/1390/1390
f 1391/1391/1391 1378/1378/1378 1372/1372/1372
f 501/501/501 436/436/436 500/500/500
f 1370/1370/1370 1384/1384/1384 1372/1372/1372
f 729/729/729 749/749/749 764/764/764
f 729/729/729 764/764/764 740/740/740
f 1384/1384/1384 1387/1387/1387 1372/1372/1372
f 720/720/720 719/719/719 666/666/666
f 729/729/729 730/730/730 719/719/719
f 1390/1390/1390 1398/1398/1398 1395/1395/1395
f 1034/1034/1034 1026/1026/1026 1050/1050/1050
f 1034/1034/1034 1022/1022/1022 1026/1026/1026
f 908/908/908 911/911/911 912/912/912
f 935/935/935 926/926/926 912/912/912
f 911/911/911 935/935/935 912/912/912
f 133/133/133 173/173/173 134/134/134
f 133/133/133 121/121/121 122/122/122
f 173/173/173 234/234/234 174/174/174
f 471/471/471 481/481/481 477/477/477
f 481/481/481 496/496/496 477/477/477
f 899/899/899 915/915/915 919/919/919
f 899/899/899 893/893/893 915/915/915
f 878/878/878 877/877/877 873/873/873
f 873/873/873 887/887/887 878/878/878
f 892/892/892 891/891/891 908/908/908
f 952/952/952 956/956/956 953/953/953
f 952/952/952 968/968/968 956/956/956
f 891/891/891 892/892/892 888/888/888
f 334/334/334 343/343/343 324/324/324
f 55/55/55 58/58/58 38/38/38
f 343/343/343 344/344/344 354/354/354
f 51/51/51 58/58/58 59/59/59
f 282/282/282 297/297/297 286/286/286
f 38/38/38 33/33/33 55/55/55
f 442/442/442 450/450/450 430/430/430
f 108/108/108 93/93/93 92/92/92
f 450/450/450 451/451/451 430/430/430
f 430/430/430 451/451/451 453/453/453
f 64/64/64 59/59/59 76/76/76
f 378/378/378 375/375/375 430/430/430
f 341/341/341 391/391/391 385/385/385
f 1355/1355/1355 1369/1369/1369 1368/1368/1368
f 403/403/403 391/391/391 412/412/412
f 1360/1360/1360 1369/1369/1369 1355/1355/1355
f 341/341/341 318/318/318 391/391/391
f 412/412/412 500/500/500 436/436/436
f 412/412/412 416/416/416 403/403/403
f 1368/1368/1368 1369/1369/1369 1379/1379/1379
f 1379/1379/1379 1370/1370/1370 1368/1368/1368
f 302/302/302 303/303/303 310/310/310
f 56/56/56 33/33/33 57/57/57
f 62/62/62 56/56/56 37/37/37
f 1375/1375/1375 1360/1360/1360 1361/1361/1361
f 310/310/310 318/318/318 317/317/317
f 1363/1363/1363 1371/1371/1371 1361/1361/1361
f 1375/1375/1375 1361/1361/1361 1371/1371/1371
f 879/879/879 893/893/893 895/895/895
f 873/873/873 877/877/877 866/866/866
f 878/878/878 880/880/880 879/879/879
f 659/659/659 723/723/723 666/666/666
f 1415/1415/1415 1405/1405/1405 1413/1413/1413
f 132/132/132 174/174/174 172/172/172
f 174/174/174 233/233/233 172/172/172
f 127/127/127 112/112/112 128/128/128
f 456/456/456 453/453/453 450/450/450
f 132/132/132 127/127/127 128/128/128
f 108/108/108 112/112/112 127/127/127
f 953/953/953 956/956/956 917/917/917
f 875/875/875 884/884/884 891/891/891
f 873/873/873 870/870/870 876/876/876
f 870/870/870 875/875/875 876/876/876
f 289/289/289 302/302/302 300/300/300
f 33/33/33 34/34/34 37/37/37
f 289/289/289 286/286/286 290/290/290
f 76/76/76 83/83/83 49/49/49
f 379/379/379 443/443/443 375/375/375
f 336/336/336 343/343/343 335/335/335
f 295/295/295 336/336/336 335/335/335
f 51/51/51 39/39/39 38/38/38
f 336/336/336 359/359/359 344/344/344
f 39/39/39 59/59/59 49/49/49
f 741/741/741 763/763/763 749/749/749
f 416/416/416 402/402/402 403/403/403
f 1398/1398/1398 1391/1391/1391 1389/1389/1389
f 741/741/741 729/729/729 723/723/723
f 1388/1388/1388 1393/1393/1393 1389/1389/1389
f 402/402/402 385/385/385 403/403/403
f 879/879/879 880/880/880 893/893/893
f 866/866/866 877/877/877 878/878/878
f 675/675/675 650/650/650 652/652/652
f 917/917/917 915/915/915 952/952/952
f 899/899/899 919/919/919 917/917/917
f 899/899/899 917/917/917 895/895/895
f 899/899/899 895/895/895 893/893/893
f 723/723/723 720/720/720 666/666/666
f 1398/1398/1398 1413/1413/1413 1395/1395/1395
f 666/666/666 679/679/679 678/678/678
f 720/720/720 723/723/723 719/719/719
f 723/723/723 729/729/729 719/719/719
f 1405/1405/1405 1415/1415/1415 1425/1425/1425
f 675/675/675 681/681/681 650/650/650
f 677/677/677 650/650/650 681/681/681
f 658/658/658 660/660/660 653/653/653
f 653/653/653 660/660/660 665/665/665
f 666/666/666 678/678/678 658/658/658
f 658/658/658 665/665/665 660/660/660
f 132/132/132 133/133/133 134/134/134
f 174/174/174 132/132/132 173/173/173
f 496/496/496 472/472/472 495/495/495
f 496/496/496 481/481/481 472/472/472
f 173/173/173 132/132/132 134/134/134
f 495/495/495 494/494/494 496/496/496
f 471/471/471 453/453/453 472/472/472
f 471/471/471 472/472/472 481/481/481
f 494/494/494 497/497/497 496/496/496
f 92/92/92 121/121/121 112/112/112
f 108/108/108 92/92/92 112/112/112
f 453/453/453 451/451/451 450/450/450
f 83/83/83 93/93/93 108/108/108
f 442/442/442 430/430/430 375/375/375
f 133/133/133 132/132/132 128/128/128
f 133/133/133 112/112/112 121/121/121
f 128/128/128 112/112/112 133/133/133
f 456/456/456 472/472/472 453/453/453
f 968/968/968 973/973/973 956/956/956
f 917/917/917 952/952/952 953/953/953
f 888/888/888 873/873/873 876/876/876
f 887/887/887 873/873/873 888/888/888
f 875/875/875 888/888/888 876/876/876
f 968/968/968 990/990/990 973/973/973
f 875/875/875 891/891/891 888/888/888
f 1020/1020/1020 1022/1022/1022 1034/1034/1034
f 1034/1034/1034 1050/1050/1050 1035/1035/1035
f 1035/1035/1035 1020/1020/1020 1034/1034/1034
f 234/234/234 233/233/233 174/174/174
f 907/907/907 891/891/891 884/884/884
f 1021/1021/1021 1020/1020/1020 968/968/968
f 1020/1020/1020 990/990/990 968/968/968
f 891/891/891 907/907/907 911/911/911
f 936/936/936 911/911/911 907/907/907
f 1021/1021/1021 1022/1022/1022 1020/1020/1020
f 1021/1021/1021 968/968/968 1022/1022/1022
f 297/297/297 282/282/282 285/285/285
f 335/335/335 334/334/334 295/295/295
f 325/325/325 295/295/295 334/334/334
f 325/325/325 334/334/334 324/324/324
f 58/58/58 51/51/51 38/38/38
f 325/325/325 324/324/324 295/295/295
f 285/285/285 324/324/324 297/297/297
f 295/295/295 324/324/324 285/285/285
f 303/303/303 289/289/289 290/290/290
f 62/62/62 37/37/37 63/63/63
f 302/302/302 289/289/289 303/303/303
f 33/33/33 37/37/37 57/57/57
f 37/37/37 56/56/56 57/57/57
f 290/290/290 286/286/286 297/297/297
f 290/290/290 297/297/297 303/303/303
f 379/379/379 375/375/375 359/359/359
f 443/443/443 450/450/450 442/442/442
f 76/76/76 49/49/49 64/64/64
f 442/442/442 375/375/375 443/443/443
f 344/344/344 343/343/343 336/336/336
f 39/39/39 51/51/51 59/59/59
f 343/343/343 334/334/334 335/335/335
f 59/59/59 64/64/64 49/49/49
f 344/344/344 359/359/359 354/354/354
f 359/359/359 375/375/375 354/354/354
f 436/436/436 416/416/416 412/412/412
f 1379/1379/1379 1388/1388/1388 1380/1380/1380
f 1389/1389/1389 1370/1370/1370 1388/1388/1388
f 1384/1384/1384 1370/1370/1370 1389/1389/1389
f 1377/1377/1377 1379/1379/1379 1369/1369/1369
f 1387/1387/1387 1389/1389/1389 1391/1391/1391
f 1390/1390/1390 1391/1391/1391 1398/1398/1398
f 1388/1388/1388 1370/1370/1370 1380/1380/1380
f 741/741/741 749/749/749 729/729/729
f 1387/1387/1387 1384/1384/1384 1389/1389/1389
f 1376/1376/1376 1360/1360/1360 1375/1375/1375
f 63/63/63 37/37/37 69/69/69
f 69/69/69 75/75/75 63/63/63
f 302/302/302 310/310/310 306/306/306
f 317/317/317 341/341/341 385/385/385
f 385/385/385 391/391/391 403/403/403
f 306/306/306 310/310/310 316/316/316
f 310/310/310 317/317/317 316/316/316
f 1376/1376/1376 1377/1377/1377 1360/1360/1360
f 1360/1360/1360 1377/1377/1377 1369/1369/1369
f 317/317/317 318/318/318 341/341/341
f 124/124/124 142/142/142 167/167/167
f 1412/1412/1412 1422/1422/1422 1407/1407/1407
f 963/963/963 956/956/956 993/993/993
f 895/895/895 918/918/918 903/903/903
f 13/13/13 18/18/18 34/34/34
f 1419/1419/1419 1394/1394/1394 1418/1418/1418
f 346/346/346 345/345/345 332/332/332
f 368/368/368 355/355/355 356/356/356
f 345/345/345 356/356/356 355/355/355
f 345/345/345 346/346/346 356/356/356
f 292/292/292 332/332/332 296/296/296
f 448/448/448 444/444/444 438/438/438
f 104/104/104 90/90/90 110/110/110
f 312/312/312 319/319/319 308/308/308
f 319/319/319 312/312/312 384/384/384
f 1419/1419/1419 1420/1420/1420 1394/1394/1394
f 308/308/308 307/307/307 306/306/306
f 35/35/35 70/70/70 47/47/47
f 306/306/306 312/312/312 308/308/308
f 1409/1409/1409 1392/1392/1392 1394/1394/1394
f 1403/1403/1403 1392/1392/1392 1409/1409/1409
f 384/384/384 390/390/390 319/319/319
f 1410/1410/1410 1394/1394/1394 1420/1420/1420
f 1410/1410/1410 1409/1409/1409 1394/1394/1394
f 291/291/291 284/284/284 292/292/292
f 8/8/8 13/13/13 14/14/14
f 284/284/284 283/283/283 287/287/287
f 36/36/36 35/35/35 47/47/47
f 299/299/299 300/300/300 308/308/308
f 300/300/300 307/307/307 308/308/308
f 298/298/298 288/288/288 289/289/289
f 36/36/36 18/18/18 35/35/35
f 289/289/289 299/299/299 298/298/298
f 593/593/593 648/648/648 651/651/651
f 651/651/651 648/648/648 664/664/664
f 693/693/693 651/651/651 684/684/684
f 592/592/592 648/648/648 593/593/593
f 650/650/650 592/592/592 596/596/596
f 1036/1036/1036 1046/1046/1046 1029/1029/1029
f 110/110/110 125/125/125 124/124/124
f 483/483/483 492/492/492 457/457/457
f 845/845/845 865/865/865 863/863/863
f 959/959/959 962/962/962 978/978/978
f 932/932/932 959/959/959 920/920/920
f 920/920/920 918/918/918 932/932/932
f 900/900/900 874/874/874 931/931/931
f 1024/1024/1024 992/992/992 995/995/995
f 963/963/963 992/992/992 978/978/978
f 142/142/142 124/124/124 125/125/125
f 1036/1036/1036 1029/1029/1029 1024/1024/1024
f 457/457/457 492/492/492 494/494/494
f 443/443/443 448/448/448 457/457/457
f 865/865/865 874/874/874 884/884/884
f 993/993/993 995/995/995 992/992/992
f 993/993/993 992/992/992 963/963/963
f 874/874/874 900/900/900 884/884/884
f 978/978/978 962/962/962 963/963/963
f 1036/1036/1036 1024/1024/1024 995/995/995
f 20/20/20 8/8/8 33/33/33
f 332/332/332 345/345/345 296/296/296
f 287/287/287 286/286/286 288/288/288
f 291/291/291 285/285/285 284/284/284
f 33/33/33 8/8/8 14/14/14
f 287/287/287 283/283/283 286/286/286
f 60/60/60 61/61/61 80/80/80
f 32/32/32 61/61/61 60/60/60
f 368/368/368 444/444/444 445/445/445
f 43/43/43 32/32/32 40/40/40
f 32/32/32 43/43/43 52/52/52
f 61/61/61 32/32/32 52/52/52
f 355/355/355 368/368/368 336/336/336
f 661/661/661 671/671/671 656/656/656
f 684/684/684 694/694/694 693/693/693
f 1412/1412/1412 1408/1408/1408 1422/1422/1422
f 1411/1411/1411 1422/1422/1422 1408/1408/1408
f 621/621/621 655/655/655 620/620/620
f 661/661/661 656/656/656 621/621/621
f 684/684/684 651/651/651 664/664/664
f 655/655/655 621/621/621 656/656/656
f 727/727/727 739/739/739 742/742/742
f 1392/1392/1392 1403/1403/1403 1402/1402/1402
f 1397/1397/1397 1392/1392/1392 1402/1402/1402
f 505/505/505 408/408/408 490/490/490
f 408/408/408 416/416/416 490/490/490
f 1408/1408/1408 1396/1396/1396 1411/1411/1411
f 718/718/718 727/727/727 671/671/671
f 724/724/724 671/671/671 727/727/727
f 1397/1397/1397 1411/1411/1411 1396/1396/1396
f 1397/1397/1397 1416/1416/1416 1411/1411/1411
f 1402/1402/1402 1416/1416/1416 1397/1397/1397
f 599/599/599 620/620/620 608/608/608
f 718/718/718 739/739/739 727/727/727
f 859/859/859 849/849/849 858/858/858
f 894/894/894 895/895/895 903/903/903
f 847/847/847 848/848/848 858/858/858
f 849/849/849 860/860/860 850/850/850
f 849/849/849 847/847/847 858/858/858
f 845/845/845 863/863/863 858/858/858
f 959/959/959 933/933/933 962/962/962
f 933/933/933 959/959/959 932/932/932
f 848/848/848 845/845/845 858/858/858
f 932/932/932 918/918/918 933/933/933
f 597/597/597 599/599/599 607/607/607
f 607/607/607 599/599/599 608/608/608
f 596/596/596 589/589/589 597/597/597
f 648/648/648 649/649/649 650/650/650
f 649/649/649 648/648/648 592/592/592
f 882/882/882 881/881/881 894/894/894
f 881/881/881 861/861/861 860/860/860
f 860/860/860 861/861/861 850/850/850
f 592/592/592 650/650/650 649/649/649
f 850/850/850 861/861/861 881/881/881
f 1392/1392/1392 1397/1397/1397 1379/1379/1379
f 402/402/402 416/416/416 408/408/408
f 741/741/741 742/742/742 763/763/763
f 1379/1379/1379 1397/1397/1397 1393/1393/1393
f 490/490/490 416/416/416 436/436/436
f 385/385/385 390/390/390 384/384/384
f 1394/1394/1394 1377/1377/1377 1376/1376/1376
f 384/384/384 312/312/312 385/385/385
f 1376/1376/1376 1375/1375/1375 1394/1394/1394
f 316/316/316 385/385/385 312/312/312
f 390/390/390 402/402/402 408/408/408
f 390/390/390 385/385/385 402/402/402
f 1392/1392/1392 1377/1377/1377 1394/1394/1394
f 659/659/659 656/656/656 672/672/672
f 671/671/671 672/672/672 656/656/656
f 1412/1412/1412 1407/1407/1407 1408/1408/1408
f 677/677/677 664/664/664 648/648/648
f 655/655/655 656/656/656 658/658/658
f 658/658/658 656/656/656 659/659/659
f 723/723/723 727/727/727 742/742/742
f 741/741/741 723/723/723 742/742/742
f 1393/1393/1393 1397/1397/1397 1396/1396/1396
f 724/724/724 723/723/723 671/671/671
f 671/671/671 723/723/723 672/672/672
f 723/723/723 724/724/724 727/727/727
f 1396/1396/1396 1408/1408/1408 1407/1407/1407
f 296/296/296 295/295/295 292/292/292
f 39/39/39 31/31/31 10/10/10
f 296/296/296 336/336/336 295/295/295
f 295/295/295 285/285/285 291/291/291
f 38/38/38 20/20/20 33/33/33
f 292/292/292 295/295/295 291/291/291
f 39/39/39 20/20/20 38/38/38
f 39/39/39 10/10/10 20/20/20
f 368/368/368 359/359/359 336/336/336
f 345/345/345 336/336/336 296/296/296
f 49/49/49 40/40/40 31/31/31
f 355/355/355 336/336/336 345/345/345
f 52/52/52 43/43/43 40/40/40
f 37/37/37 36/36/36 47/47/47
f 1375/1375/1375 1418/1418/1418 1394/1394/1394
f 306/306/306 316/316/316 312/312/312
f 47/47/47 70/70/70 37/37/37
f 69/69/69 37/37/37 70/70/70
f 286/286/286 289/289/289 288/288/288
f 34/34/34 14/14/14 13/13/13
f 285/285/285 282/282/282 284/284/284
f 282/282/282 283/283/283 284/284/284
f 282/282/282 286/286/286 283/283/283
f 33/33/33 14/14/14 34/34/34
f 299/299/299 289/289/289 300/300/300
f 18/18/18 36/36/36 34/34/34
f 34/34/34 36/36/36 37/37/37
f 167/167/167 127/127/127 172/172/172
f 473/473/473 494/494/494 472/472/472
f 884/884/884 900/900/900 907/907/907
f 956/956/956 994/994/994 995/995/995
f 994/994/994 990/990/990 995/995/995
f 993/993/993 956/956/956 995/995/995
f 1036/1036/1036 990/990/990 1035/1035/1035
f 907/907/907 931/931/931 936/936/936
f 995/995/995 990/990/990 1036/1036/1036
f 900/900/900 931/931/931 907/907/907
f 369/369/369 379/379/379 359/359/359
f 49/49/49 83/83/83 52/52/52
f 108/108/108 127/127/127 111/111/111
f 894/894/894 879/879/879 895/895/895
f 879/879/879 881/881/881 860/860/860
f 894/894/894 881/881/881 879/879/879
f 849/849/849 862/862/862 860/860/860
f 654/654/654 655/655/655 658/658/658
f 650/650/650 677/677/677 648/648/648
f 664/664/664 677/677/677 684/684/684
f 607/607/607 652/652/652 597/597/597
f 607/607/607 608/608/608 652/652/652
f 652/652/652 608/608/608 653/653/653
f 879/879/879 860/860/860 862/862/862
f 608/608/608 620/620/620 653/653/653
f 620/620/620 655/655/655 654/654/654
f 653/653/653 620/620/620 654/654/654
f 863/863/863 865/865/865 872/872/872
f 863/863/863 872/872/872 870/870/870
f 863/863/863 870/870/870 858/858/858
f 933/933/933 918/918/918 962/962/962
f 865/865/865 875/875/875 872/872/872
f 870/870/870 872/872/872 875/875/875
f 918/918/918 956/956/956 962/962/962
f 956/956/956 963/963/963 962/962/962
f 849/849/849 859/859/859 866/866/866
f 895/895/895 917/917/917 918/918/918
f 879/879/879 862/862/862 849/849/849
f 866/866/866 859/859/859 858/858/858
f 90/90/90 83/83/83 108/108/108
f 110/110/110 90/90/90 108/108/108
f 448/448/448 443/443/443 444/444/444
f 457/457/457 456/456/456 443/443/443
f 369/369/369 368/368/368 379/379/379
f 369/369/369 359/359/359 368/368/368
f 83/83/83 90/90/90 80/80/80
f 61/61/61 52/52/52 80/80/80
f 80/80/80 52/52/52 83/83/83
f 445/445/445 379/379/379 368/368/368
f 445/445/445 444/444/444 379/379/379
f 142/142/142 127/127/127 167/167/167
f 125/125/125 127/127/127 142/142/142
f 108/108/108 111/111/111 110/110/110
f 457/457/457 472/472/472 456/456/456
f 127/127/127 110/110/110 111/111/111
f 457/457/457 494/494/494 473/473/473
f 127/127/127 125/125/125 110/110/110
f 457/457/457 473/473/473 472/472/472
