# Shopkeeper / Body  (local frame of part 'Body', bbox-centred; -Z = front)
v -0.42881 0.56771 -1.41976
v -0.41943 0.71229 -1.32307
v -0.21823 0.64757 -1.40851
v -0.21571 0.50457 -1.49571
v -0.44788 0.43617 -1.48464
v -0.22462 0.39374 -1.54185
v -0.46117 0.30763 -1.53029
v -0.05241 0.47421 -1.57641
v -0.07245 0.57215 -1.52179
v 0.02083 0.60547 -1.51632
v -0.03333 0.74598 -1.41831
v -0.08096 0.73924 -1.40402
v -0.07508 0.29699 -1.62875
v -0.00985 0.34061 -1.63025
v -0.22399 0.22039 -1.59101
v -0.65289 0.29668 -1.53320
v -0.67137 0.42157 -1.48584
v -0.61180 0.54515 -1.43647
v -0.53633 0.56490 -1.42388
v -0.69102 0.57168 -1.39179
v -0.62756 0.72624 -1.30855
v -0.55028 0.72379 -1.32785
v -0.74964 0.32903 -1.48575
v 0.06695 0.39147 -1.60205
v -0.03475 0.20508 -1.65288
v -0.53571 0.89509 -1.18001
v -0.37682 0.79993 -1.25065
v -0.18925 0.76509 -1.32192
v -0.46134 0.92892 -1.14407
v -0.03277 0.87842 -1.29694
v 0.05252 0.75264 -1.40452
v -0.72760 0.50251 -1.41034
v 0.03395 0.87929 -1.29373
v -0.33903 0.91264 -1.13419
v -0.16359 0.87669 -1.21575
v -0.43057 1.04191 -1.01110
v -0.49148 1.03323 -1.00645
v -0.17996 0.95477 -1.10832
v -0.13669 0.98509 -1.08483
v -0.03472 0.99408 -1.15793
v -0.29326 1.04277 -0.95677
v 0.03025 1.03458 -1.09976
v -0.57365 0.90999 -1.13523
v -0.64015 0.77512 -1.24736
v -0.03029 1.11370 -0.97181
v -0.20872 1.10153 -0.85497
v -0.12667 1.09083 -0.90213
v -0.41172 1.14160 -0.83780
v -0.35639 1.12196 -0.87839
v 0.02759 1.13042 -0.93809
v -0.25142 1.14269 -0.77598
v -0.29977 1.20735 -0.70172
v -0.10571 1.17676 -0.70214
v -0.18269 1.18772 -0.65166
v 0.19238 0.60922 -1.44179
v -0.78032 0.64439 -1.23468
v -0.73114 0.75769 -1.15752
v -0.91522 0.72919 -1.07358
v -0.86067 0.81552 -1.01143
v -0.97094 0.88458 -0.92516
v -1.06915 0.76046 -1.00797
v -0.75442 0.94425 -0.89730
v -0.86749 1.00180 -0.82082
v -1.15330 0.61633 -1.08368
v -0.97593 0.60828 -1.14529
v -0.70360 1.01532 -0.81126
v -0.74576 1.10269 -0.70862
v -0.70482 0.83279 -1.08473
v -0.67546 0.89751 -1.01524
v -1.19119 0.48478 -1.14550
v -1.05432 0.46270 -1.20075
v -0.61234 0.96286 -0.95851
v -0.54969 1.03223 -0.87684
v -0.84593 0.47656 -1.31429
v -0.94208 0.97186 -0.80897
v -0.84269 1.05634 -0.73564
v -1.02739 0.88330 -0.87800
v -0.51643 1.07623 -0.79876
v -1.13827 0.73482 -0.97626
v -1.07724 0.33232 -1.24902
v -0.86542 0.37840 -1.35592
v -1.25910 0.50733 -1.07614
v -1.23554 0.30958 -1.19827
v -1.22043 0.61243 -1.01601
v -1.30128 0.32338 -1.15003
v -0.88153 0.27177 -1.38956
v -0.02718 1.19392 -0.79626
v -1.10361 0.21725 -1.27137
v -0.70231 0.17974 -1.54317
v -1.31079 0.38618 -1.09843
v -1.30686 0.20923 -1.17857
v -0.23379 0.14336 -1.60093
v -0.48524 0.11539 -1.56563
v -0.78237 0.16537 -1.50102
v -0.89913 0.10056 -1.41563
v -1.13315 0.06237 -1.27783
v -0.49885 0.04680 -1.56826
v 0.05660 0.21556 -1.64639
v -0.20950 0.01280 -1.61314
v -0.04052 0.05281 -1.65163
v -0.74227 0.08272 -1.52768
v 0.20952 0.43048 -1.53011
v 0.43854 0.51489 -1.44911
v 0.36023 0.72226 -1.32377
v 0.41431 0.66321 -1.36272
v 0.62327 0.55425 -1.43164
v 0.57899 0.71156 -1.34041
v 0.52515 0.80984 -1.26572
v 0.35043 0.84372 -1.21185
v 0.47532 0.94026 -1.13904
v 0.31980 1.01928 -0.99866
v 0.35308 1.13235 -0.86577
v 0.43574 1.08551 -0.94701
v 0.61956 0.38637 -1.50226
v 0.45169 0.40053 -1.49707
v 0.19124 1.17043 -0.69840
v 0.16566 0.85228 -1.24109
v 0.18295 0.71873 -1.36399
v 0.22667 1.00898 -1.01765
v 0.45935 0.28941 -1.53075
v 0.32788 1.20137 -0.72863
v 0.68097 0.38604 -1.49041
v 0.63733 0.21371 -1.53994
v 0.21542 0.22552 -1.58985
v 0.13489 0.97521 -1.09786
v 0.12336 1.07947 -0.92434
v 0.48070 0.11570 -1.55793
v 0.02505 0.06548 -1.65373
v -0.67360 0.04926 -1.54938
v 0.21942 0.05997 -1.60818
v 0.73269 0.29235 -1.49441
v -0.30523 -0.14133 -1.58869
v -1.28851 0.04718 -1.19439
v 0.65551 0.02742 -1.53698
v 0.51797 -0.04683 -1.55365
v -0.83287 -0.06901 -1.45568
v 0.05336 -0.06191 -1.63423
v 0.71763 0.07904 -1.52056
v -1.21129 -0.09227 -1.22233
v -0.54948 -0.18313 -1.53774
v -0.72051 -0.09979 -1.50891
v 0.01088 -0.10246 -1.62882
v 0.36222 -0.21418 -1.56227
v -0.09068 -0.24383 -1.58913
v -0.32827 -0.30209 -1.55039
v -0.90605 -0.19349 -1.39216
v -1.35378 0.22273 -1.11546
v 0.62396 -0.18721 -1.50374
v -0.57493 -0.35633 -1.47968
v -0.71040 -0.27147 -1.46285
v -0.92466 -0.32222 -1.34341
v -1.14069 -0.22187 -1.23760
v -0.37487 -0.40294 -1.50595
v 0.09890 -0.33759 -1.55971
v -1.28297 -0.11590 -1.16325
v -0.12964 -0.40333 -1.53298
v -1.32436 -0.02098 -1.15081
v 0.74375 -0.11247 -1.47638
v 0.39209 -0.39028 -1.50135
v 0.58038 -0.30704 -1.48124
v -0.74832 -0.42183 -1.38573
v 0.01044 -0.43626 -1.51913
v 0.31653 -0.42766 -1.49724
v -1.40390 0.02643 -1.04934
v -0.86770 -0.42633 -1.32474
v -1.10471 -0.40155 -1.18810
v -0.50023 -0.44713 -1.45415
v -1.50607 -0.02900 -0.91211
v -1.58306 0.08569 -0.80392
v -1.41900 0.13931 -1.01415
v -1.53797 0.25746 -0.81379
v -1.67535 0.18874 -0.69469
v -1.66814 0.30588 -0.66912
v -1.60599 0.45354 -0.65638
v -1.51186 0.42135 -0.75624
v -1.47308 0.42577 -0.79689
v -1.53617 0.59377 -0.62039
v -1.41192 0.57607 -0.73855
v -1.43967 0.72589 -0.58410
v -1.33017 0.69014 -0.70226
v -1.21927 0.81326 -0.64990
v -1.30781 0.86719 -0.52941
v -1.36299 0.43444 -0.93703
v -1.28522 0.58274 -0.90069
v -1.39990 0.28296 -0.98821
v -1.18293 0.73822 -0.82974
v -1.69407 0.07326 -0.67462
v -1.54208 -0.12996 -0.84759
v -1.29092 -0.32527 -1.06836
v -1.44223 -0.22674 -0.94823
v -0.27350 -0.45492 -1.48979
v -1.39248 -0.36643 -0.93528
v -1.18312 -0.43638 -1.09844
v -1.53385 -0.28320 -0.79629
v -1.67625 -0.08686 -0.66140
v -1.28957 -0.43514 -0.99706
v -1.45526 -0.42318 -0.80649
v -1.81686 -0.10531 0.02932
v -1.74482 -0.33367 0.08347
v -1.74375 -0.25323 0.28364
v -1.76098 -0.08647 0.34728
v -1.83439 -0.01744 0.02205
v -1.68211 -0.21043 0.53561
v -1.72490 0.02249 0.55624
v -1.67367 -0.10879 0.62324
v -1.64608 -0.35730 0.49141
v -1.66339 -0.41361 0.35508
v -1.67639 -0.43756 0.22975
v -1.69646 0.05073 0.63544
v -1.74792 0.07620 0.41290
v -1.81179 -0.12311 -0.06602
v -1.74822 -0.31826 -0.13789
v -1.71546 0.22354 0.57530
v -1.78494 0.11947 0.21797
v -1.83783 0.09020 0.05251
v -1.83751 0.03125 -0.06742
v -1.83889 0.16769 -0.06667
v -1.83040 0.25544 0.02333
v -1.54642 -0.31619 0.72249
v -1.70109 -0.43215 0.02020
v -1.68041 0.19980 0.65353
v -1.55361 -0.44044 0.59295
v -1.72328 0.23601 0.40499
v -1.76052 0.27625 0.18144
v -1.74937 -0.20163 -0.34408
v -1.76203 -0.14305 -0.33814
v -1.68893 -0.42382 -0.23284
v -1.66489 -0.38130 -0.43057
v -1.70478 -0.27462 -0.43725
v -1.68973 -0.11229 -0.61962
v -1.71208 -0.02862 -0.60926
v -1.79439 0.00770 -0.23226
v -1.75249 0.12417 -0.39526
v -1.72437 0.08794 -0.60989
v -1.78449 0.20199 -0.19416
v -1.73474 0.16880 -0.46116
v -1.71096 0.23655 -0.62315
v -1.80718 0.32049 -0.06886
v -1.73489 0.34701 -0.21108
v -1.70040 0.31641 -0.43399
v -1.68668 0.35776 -0.57168
v -1.67794 0.36137 0.56128
v -1.67474 0.37953 0.39402
v -1.76069 0.45463 -0.02907
v -1.77878 0.39957 0.03488
v -1.58985 -0.35526 -0.64603
v -1.67625 -0.08686 -0.66140
v -1.69407 0.07326 -0.67462
v -1.63547 -0.43951 -0.41526
v -1.64350 0.45310 -0.41613
v -1.72674 0.35030 0.20761
v -1.68779 0.55462 0.05298
v -1.62390 0.49607 -0.57508
v -1.61843 0.49193 0.54461
v -1.62364 0.49059 0.35577
v -1.67535 0.18874 -0.69469
v -1.66814 0.30588 -0.66912
v -1.65464 0.50761 0.17897
v -1.64967 0.51650 -0.20668
v -1.64094 0.35345 0.64057
v -1.54254 0.61858 -0.37520
v -1.53234 0.64741 -0.53691
v -1.63821 0.64967 0.00195
v -1.71300 0.51773 -0.07519
v -1.69063 0.46997 -0.17155
v -1.60599 0.45354 -0.65638
v -1.53776 0.61847 0.34896
v -1.54146 0.62242 0.50149
v -1.54201 0.66607 -0.19397
v -1.60971 0.67063 -0.06597
v -1.54563 0.66565 0.15589
v -1.51944 0.62492 0.56332
v -1.43250 0.75985 0.44991
v -1.43530 0.73963 0.32682
v -1.49803 0.67620 -0.42085
v -1.38442 0.82020 -0.48057
v -1.42122 0.75857 -0.35088
v -1.53617 0.59377 -0.62039
v -1.41411 0.76412 0.52034
v -1.51680 0.78534 0.00985
v -1.42876 0.78541 -0.17908
v -1.55875 0.50733 0.62597
v -1.42825 0.77510 0.18739
v -1.40308 0.81809 0.12554
v -1.44307 0.83762 -0.07104
v -1.28940 0.87393 0.28530
v -1.22556 0.95403 0.40354
v -1.29537 0.87637 0.49116
v -1.28475 0.87947 -0.31666
v -1.43967 0.72589 -0.58410
v -1.21116 0.96794 -0.43167
v -1.39036 0.89969 -0.00005
v -1.29916 0.89517 -0.15772
v -1.30781 0.86719 -0.52941
v -1.28314 0.97277 -0.04420
v -1.54208 -0.12996 -0.84759
v -1.50210 -0.09170 0.87022
v -1.58298 0.09790 0.76691
v -1.40848 0.04667 0.99353
v -1.40425 0.21353 0.96439
v -1.32361 0.13819 1.11786
v -1.32447 0.31075 1.06806
v -1.36763 0.36637 0.93282
v -1.25771 0.46956 1.05744
v -1.32533 0.48284 0.89647
v -1.15033 0.69781 0.96608
v -1.18645 0.60795 1.02260
v -1.24733 0.63307 0.84126
v -1.05751 0.83645 0.88791
v -1.16784 0.74846 0.79038
v -1.28793 0.26959 1.13236
v -1.06636 0.86837 0.71824
v -1.53405 0.29885 0.76057
v -1.44594 0.49998 0.72428
v -1.33450 0.67967 0.66568
v -1.40958 -0.11562 0.97673
v -1.29355 -0.00363 1.13467
v -1.18971 0.51630 1.08706
v -1.25062 0.28880 1.15259
v -1.44425 0.66649 0.59596
v -1.46762 -0.25473 0.86566
v -1.23776 0.80781 0.60190
v -1.27463 0.14272 1.16051
v -1.27683 -0.08327 1.13036
v -1.05791 0.74926 0.98734
v -1.32028 -0.24206 1.03308
v -1.13183 0.60856 1.05933
v -1.38433 -0.35085 0.91584
v -1.42684 -0.42859 0.80725
v -1.09719 -0.33460 1.18310
v -1.29841 -0.42617 0.95654
v -1.12730 -0.02260 1.23633
v -0.94387 -0.18270 1.33408
v -0.85512 -0.00813 1.41113
v -0.74178 -0.03119 1.48177
v -0.76029 0.11980 1.48533
v -0.71198 0.13252 1.56716
v -0.74251 0.26947 1.49063
v -0.70691 0.38112 1.56875
v -0.74290 0.37989 1.44323
v -0.69308 0.41922 1.54687
v -0.81205 0.39572 1.35889
v -0.77220 0.25727 1.45885
v -0.68417 0.44740 1.45652
v -0.70684 0.52067 1.38671
v -0.87678 0.30563 1.34381
v -0.82774 0.52246 1.26443
v -0.89526 0.14103 1.37482
v -0.67030 -0.03217 1.57770
v -0.65866 -0.13749 1.55421
v -0.76965 0.67455 1.18524
v -0.66570 0.66513 1.30975
v -0.70389 -0.18979 1.46351
v -0.66232 -0.40852 1.44750
v -0.64924 -0.42406 1.54152
v -0.69748 -0.34227 1.41461
v -0.63379 -0.52299 1.50637
v -0.67428 -0.45875 1.36854
v -0.63239 -0.55308 1.35634
v -0.65822 -0.67088 1.50854
v -0.61869 -0.54242 1.53839
v -0.62915 -0.66692 1.56647
v -0.66042 -0.79844 1.49516
v -0.62560 -0.82152 1.57070
v -0.61751 -0.41947 1.57848
v -0.64192 -0.86433 1.50364
v -0.61189 -0.14311 1.59356
v -0.65904 -0.79295 1.19599
v -0.65900 -0.67744 1.29186
v -0.65239 -0.54326 1.30342
v -0.69631 -0.64884 1.23008
v -0.70035 -0.74173 1.15208
v -0.65188 -0.84336 1.14151
v -0.68333 -0.54046 1.28010
v -0.99543 -0.27946 1.27525
v -1.11361 0.08247 1.24325
v -0.69430 -0.83080 1.05957
v -1.12069 -0.43707 1.10687
v -1.08927 0.23513 1.23168
v -1.06696 0.38138 1.19373
v -1.54653 -0.54285 0.38045
v -0.83528 -0.31277 1.35731
v -0.88718 -0.42873 1.27384
v -1.44041 -0.53233 0.63371
v -1.47562 -0.64728 0.44402
v -1.39296 -0.65408 0.60437
v -1.31803 -0.54442 0.79317
v -1.30476 -0.64739 0.74204
v -1.51222 -0.67123 0.27558
v -1.59760 -0.53955 0.16553
v -1.13416 -0.66258 0.91682
v -1.15467 -0.54380 0.96546
v -1.55288 -0.65421 0.09585
v -1.60707 -0.54364 -0.03144
v -1.59023 -0.54643 -0.20773
v -0.94975 -0.65245 1.07606
v -1.03122 -0.54499 1.06767
v -0.89400 -0.54019 1.16687
v -1.54069 -0.67040 -0.13324
v -1.50163 -0.71763 0.10648
v -0.72322 -0.44334 1.34829
v -0.97722 0.59699 1.11806
v -1.49295 -0.66158 -0.38761
v -1.54665 -0.54578 -0.39374
v -1.04118 0.51067 1.14274
v -1.48802 -0.54766 -0.54213
v -1.56047 -0.43630 -0.61061
v -1.53385 -0.28320 -0.79629
v -1.45526 -0.42318 -0.80649
v -0.27087 -1.20517 0.55329
v -0.19779 -1.11797 0.79924
v -0.29666 -1.16191 0.67007
v 0.03693 -1.20386 0.60683
v -0.06654 -1.23927 0.48260
v -0.10049 -1.13969 0.76707
v -0.50845 -1.15269 0.58641
v -0.41513 -1.22424 0.39423
v -0.24639 -1.26662 0.28021
v -0.08288 -1.27703 0.28144
v 0.18206 -1.26105 0.34829
v -0.43425 -1.25438 0.16371
v 0.30878 -1.17357 0.63153
v 0.37944 -1.22189 0.42367
v 0.17575 -1.14989 0.73168
v -0.01364 -1.08344 0.88530
v -0.03941 -1.29411 0.11655
v 0.22310 -1.28250 0.14355
v -0.27380 -1.28347 0.03950
v -0.63227 -1.19977 0.26085
v -0.71891 -1.15915 0.34791
v -0.65424 -1.13733 0.51261
v -0.36533 -1.05562 0.87454
v -0.48076 -1.06415 0.81090
v -0.65906 -1.07986 0.66666
v -0.71309 -1.11913 0.51064
v -0.70981 -1.19045 0.15123
v -0.63378 -1.21909 -0.00736
v -0.92187 -1.08775 0.32381
v -0.76230 -1.07380 0.59099
v -0.48910 -1.25078 -0.08493
v -0.04256 -1.29696 -0.07989
v -0.28770 -1.27949 -0.12545
v -0.94169 -1.10812 0.12331
v 0.16109 -1.28974 -0.12928
v -0.63449 -1.21267 -0.16810
v -0.90517 -1.12895 -0.00550
v -0.96048 -1.00893 0.53419
v -1.02045 -1.02555 0.38767
v -0.69217 -0.99398 0.81934
v -0.85432 -1.01206 0.64918
v -0.84447 -0.96638 0.75229
v -0.53785 -1.00866 0.88412
v -0.90381 -1.12363 -0.15666
v -0.79976 -1.15411 -0.24305
v -1.10973 -1.02402 0.12835
v -1.11366 -0.99073 0.32138
v 0.50901 -1.22046 0.29246
v -0.13156 -1.02121 0.98298
v 0.41550 -1.26184 0.05304
v 0.34302 -1.27371 -0.07056
v 0.40684 -1.12955 0.70241
v 0.30204 -1.08353 0.84167
v 0.15851 -1.03870 0.95144
v 0.54600 -1.15205 0.55105
v 0.61833 -1.16425 0.43303
v 0.61689 -1.19890 0.24836
v 0.66907 -1.19860 0.08596
v 0.64019 -1.07500 0.68682
v 0.54156 -1.23413 -0.10882
v -0.13960 -0.93450 1.11296
v -0.34867 -0.93610 1.07222
v -0.20095 -0.90905 1.18398
v -0.53593 -0.90546 1.11501
v -0.57494 -0.92034 1.00643
v 0.08448 -0.93822 1.10980
v 0.14851 -0.90829 1.19434
v 0.38813 -0.91739 1.10826
v 0.52616 -0.90580 1.12746
v 0.42963 -0.93442 1.04924
v -0.02282 -0.90536 1.31725
v 0.12203 -0.90475 1.47702
v 0.33749 -0.90547 1.36694
v 0.56229 -0.90438 1.50101
v -0.07908 -0.90500 1.39037
v -0.20096 -0.90517 1.44644
v -0.03706 -0.90367 1.51022
v -0.28536 -0.90157 1.52436
v 0.05662 -0.89272 1.54323
v -0.28122 -0.90764 1.40385
v -0.38711 -0.90617 1.38121
v -0.35836 -0.90613 1.48608
v -0.55907 -0.90604 1.47671
v -0.59480 -0.89667 1.52250
v -0.55446 -0.87977 1.56389
v 0.60140 -0.89588 1.09506
v 0.59868 -0.91861 0.99478
v 0.37254 -0.90623 1.43694
v 0.34686 -0.90266 1.51853
v 0.58308 -0.86898 1.56734
v 0.27067 -0.90744 1.45748
v 0.03326 -0.91553 1.41121
v -0.66042 -0.88470 1.00807
v -0.61768 -0.88660 1.10742
v 0.37682 -1.02980 0.91513
v 0.59327 -1.01800 0.83685
v -0.00378 -0.95453 1.44259
v -0.64119 -0.92981 0.95438
v -0.22069 -0.86543 1.57542
v -0.77584 -0.93399 0.86283
v 0.81595 -1.10008 0.41382
v 0.87494 -1.02129 0.59077
v 0.86468 -1.11868 0.19097
v 0.77282 -0.99468 0.75455
v -0.93562 -0.90714 0.77616
v 0.61908 -0.88210 1.49676
v -1.13252 -0.86525 0.63437
v -0.92540 -0.83251 0.89922
v -0.32675 -0.95562 1.43616
v -1.20595 -0.88900 0.46456
v 0.77201 -1.16645 -0.02843
v -1.10768 -1.02810 -0.11903
v -0.69430 -0.83080 1.05957
v 0.86856 -0.89547 0.85264
v 0.67155 -0.86821 1.02631
v 1.09203 -0.97083 0.39299
v 1.08129 -1.01741 0.16335
v 1.05030 -0.96138 0.50669
v 1.07040 -1.03206 0.03254
v 0.92346 -1.09947 -0.14938
v 1.07158 -0.90398 0.62251
v 0.97670 -0.87896 0.78183
v 0.88095 -0.82105 0.95137
v 0.68122 -0.80922 1.10046
v 1.29115 -0.88027 0.20537
v -1.13295 -0.78266 0.77361
v -1.30808 -0.89416 0.10382
v -1.26423 -0.92883 -0.10400
v -1.34244 -0.83583 0.29475
v 1.28313 -0.90138 0.04789
v 1.27564 -0.82768 0.46146
v 1.07533 -0.79526 0.81574
v 0.64829 -0.84233 1.16239
v 1.24284 -0.78761 0.61527
v 1.37312 -0.77798 0.36808
v -0.64192 -0.86433 1.50364
v 0.85558 -0.72168 1.08396
v 0.30768 -0.95496 1.44501
v -1.37561 -0.82702 0.19905
v -1.31698 -0.73447 0.60708
v -0.98121 -0.73558 0.97489
v -0.70035 -0.74173 1.15208
v -1.40208 -0.72973 0.45351
v 1.22551 -0.70379 0.77672
v 1.42813 -0.77888 0.12778
v 1.03331 -0.67122 1.00445
v 1.21752 -0.66094 0.83654
v 1.35342 -0.70272 0.58997
v 1.45149 -0.76291 -0.08703
v 1.28783 -0.89345 -0.14106
v -1.39208 -0.82691 -0.10472
v 1.50105 -0.67993 0.25907
v -1.22667 -0.70004 0.78026
v -1.13416 -0.66258 0.91682
v 0.69780 -0.67138 1.21564
v -0.65188 -0.84336 1.14151
v -0.94975 -0.65245 1.07606
v 0.83492 -0.65550 1.15339
v 1.43080 -0.65431 0.51990
v -1.50163 -0.71763 0.10648
v 1.33613 -0.65123 0.69186
v 1.49839 -0.66123 0.32566
v 1.54413 -0.66302 0.01267
v -1.51222 -0.67123 0.27558
v -0.62560 -0.82152 1.57070
v -1.39296 -0.65408 0.60437
v -1.30476 -0.64739 0.74204
v -0.69631 -0.64884 1.23008
v -1.54069 -0.67040 -0.13324
v -1.48516 -0.72962 -0.17562
v -1.47562 -0.64728 0.44402
v 0.14117 -1.17366 -0.68731
v 0.40314 -1.20825 -0.47889
v 0.20365 -1.23132 -0.48770
v 0.45824 -1.15454 -0.62496
v 0.36875 -1.13032 -0.73313
v 0.14233 -1.10368 -0.85060
v -0.05057 -1.22795 -0.53105
v -0.10439 -1.15287 -0.74622
v 0.12400 -1.27474 -0.29605
v 0.38084 -1.25348 -0.25699
v -0.20815 -1.26481 -0.32791
v -0.05596 -1.28565 -0.23185
v -0.37195 -1.21513 -0.48110
v -0.30862 -1.15669 -0.69348
v -0.30062 -1.12583 -0.77139
v -0.06874 -1.08359 -0.89774
v -0.19366 -1.05858 -0.93020
v 0.01062 -1.06418 -0.93526
v -0.49827 -1.15365 -0.61384
v 0.39833 -1.04959 -0.89089
v 0.53633 -1.10327 -0.71215
v -0.50813 -1.08041 -0.78944
v -0.52178 -1.20727 -0.39751
v -0.47373 -1.24353 -0.22596
v -0.64922 -1.13674 -0.54830
v 0.56070 -1.21740 -0.24733
v 0.64087 -1.17430 -0.37849
v 0.66956 -1.12034 -0.55686
v -0.66466 -1.17920 -0.35816
v -0.48222 -1.04050 -0.88022
v -0.26406 -1.02323 -0.97769
v -0.67011 -1.08296 -0.68057
v 0.16265 -0.99094 -1.04263
v -0.03865 -0.98609 -1.05957
v 0.39779 -0.98075 -1.00504
v -0.87140 -1.09932 -0.39813
v -0.80746 -1.04955 -0.63982
v -0.92604 -1.03901 -0.52792
v -0.73794 -1.00113 -0.80523
v -0.67331 -0.96993 -0.90416
v -0.32902 -0.96268 -1.05522
v -0.63607 -0.91093 -1.01496
v -0.50229 -0.91464 -1.06876
v 0.62661 -0.97624 -0.90975
v -0.06266 -0.90172 -1.16844
v 0.80023 -1.03658 -0.65552
v 0.73522 -1.15681 -0.30312
v 0.17944 -0.89868 -1.16187
v 0.37151 -0.92161 -1.09515
v 0.84253 -1.06504 -0.52394
v 0.85817 -0.96944 -0.74730
v 0.55660 -0.89247 -1.06642
v -0.31013 -0.83457 -1.21566
v -0.48202 -0.85304 -1.15232
v -0.94966 -0.94791 -0.72062
v -0.89523 -0.91166 -0.83918
v 0.85063 -0.90352 -0.87185
v 0.94825 -0.97983 -0.62424
v 1.04046 -0.99956 -0.41217
v 1.03118 -1.02743 -0.30509
v 0.99419 -0.87765 -0.78183
v 0.32618 -0.80314 -1.23992
v 0.82722 -0.83654 -0.98598
v 0.55154 -0.82280 -1.15082
v -0.25541 -0.78983 -1.26941
v 0.11915 -0.76450 -1.30588
v -0.88033 -0.82102 -0.98499
v -0.09857 -0.73760 -1.33113
v -0.68684 -0.79411 -1.13501
v -0.47975 -0.75229 -1.25769
v -0.64070 -0.72561 -1.22555
v 0.81626 -0.74877 -1.09523
v -1.09284 -0.95402 -0.51588
v -1.10704 -0.99368 -0.35233
v -1.01950 -0.86157 -0.80502
v -1.11544 -0.85769 -0.70105
v -0.87461 -0.73718 -1.08815
v 1.13242 -0.86694 -0.63051
v 1.09864 -1.01322 -0.12835
v 1.16116 -0.94876 -0.32756
v 0.43479 -0.68706 -1.31523
v 0.21485 -0.68471 -1.36104
v 0.64230 -0.71577 -1.21818
v 1.25228 -0.84982 -0.46034
v 1.08572 -0.73505 -0.89950
v 1.06418 -0.66776 -0.99186
v -0.21981 -0.67551 -1.36911
v 1.16488 -0.74648 -0.79863
v 0.08212 -0.66137 -1.38791
v 0.96410 -0.66795 -1.07205
v 1.25525 -0.74029 -0.68942
v 1.32974 -0.82396 -0.34941
v 1.33837 -0.74924 -0.53306
v 0.32881 -0.65418 -1.36178
v -0.48570 -0.66038 -1.33001
v 0.84207 -0.65168 -1.16459
v 0.65043 -0.65478 -1.26103
v -1.22497 -0.85054 -0.55040
v -1.12394 -0.73833 -0.87794
v -1.10919 -0.67250 -0.96821
v -1.21733 -0.94202 -0.26350
v -1.24499 -0.89169 -0.39349
v -0.89111 -0.67192 -1.13969
v -0.70108 -0.65690 -1.25451
v -1.30350 -0.73942 -0.64301
v -1.26859 -0.66984 -0.79469
v -1.40240 -0.74306 -0.43788
v -1.41416 -0.76796 -0.32865
v -1.01843 -0.63327 -1.07613
v 1.44491 -0.71944 -0.34974
v 1.20070 -0.64674 -0.87516
v 1.32674 -0.65999 -0.70078
v 1.43716 -0.65838 -0.50615
v -1.40518 -0.65280 -0.60521
v -1.49295 -0.66158 -0.38761
v 1.50429 -0.65926 -0.32360
v 1.54054 -0.64486 -0.20366
v -0.06404 -0.57071 -1.42208
v 0.01366 -0.53017 -1.44417
v -0.27350 -0.45492 -1.48979
v -0.36944 -0.54042 -1.40491
v 0.01044 -0.43626 -1.51913
v 0.19850 -0.53731 -1.42812
v -0.50023 -0.44713 -1.45415
v -0.61279 -0.54055 -1.34049
v 0.31653 -0.42766 -1.49724
v 0.43907 -0.54993 -1.37548
v 0.62763 -0.54004 -1.31894
v 0.50114 -0.44092 -1.44631
v 0.65840 -0.41722 -1.40699
v 0.84750 -0.45484 -1.29167
v 0.80172 -0.53912 -1.23806
v 0.96212 -0.54120 -1.13860
v -0.74832 -0.42183 -1.38573
v -0.77167 -0.54391 -1.27037
v -0.86770 -0.42633 -1.32474
v -0.93064 -0.53788 -1.18460
v 1.06879 -0.42808 -1.17104
v 1.26850 -0.42527 -1.00121
v -1.10471 -0.40155 -1.18810
v -1.10740 -0.53735 -1.05298
v -1.18312 -0.43638 -1.09844
v -1.28957 -0.43514 -0.99706
v -1.28726 -0.54186 -0.86553
v 0.39209 -0.39028 -1.50135
v -1.45526 -0.42318 -0.80649
v -1.41509 -0.53773 -0.69287
v 1.07693 -0.55460 -1.04212
v 1.40229 -0.41902 -0.85559
v 1.26723 -0.54386 -0.86330
v 1.36248 -0.54972 -0.73409
v 1.50655 -0.42259 -0.70059
v 1.46528 -0.54219 -0.57113
v 1.60825 -0.43479 -0.47574
v 1.53687 -0.54244 -0.40277
v 0.87505 -0.35093 -1.33586
v -1.56047 -0.43630 -0.61061
v -1.48802 -0.54766 -0.54213
v 0.58038 -0.30704 -1.48124
v 1.66471 -0.42158 -0.32585
v 1.58197 -0.53710 -0.25288
v -1.54665 -0.54578 -0.39374
v -1.63547 -0.43951 -0.41526
v 1.58486 -0.38483 -0.59810
v 1.20228 -0.33012 -1.11857
v 1.68852 -0.44054 -0.09096
v 1.59579 -0.55154 -0.05233
v 1.00138 -0.29216 -1.28295
v -1.39248 -0.36643 -0.93528
v 1.69643 -0.42156 0.12112
v 1.58683 -0.54141 0.18822
v 0.74375 -0.11247 -1.47638
v 0.62396 -0.18721 -1.50374
v -1.58985 -0.35526 -0.64603
v 1.07319 0.92464 -0.62005
v 1.23189 0.80848 -0.64410
v 1.10254 0.83118 -0.77133
v 1.01786 0.91449 -0.72415
v 0.89116 1.02572 -0.61038
v 1.03748 0.97710 -0.55124
v 0.89033 1.07216 -0.47801
v 0.76579 1.10585 -0.52215
v 0.73836 1.15034 -0.39669
v 1.26361 0.90048 -0.52791
v 0.63739 1.16893 -0.44045
v 0.59174 1.20141 -0.33937
v 0.46960 1.23268 -0.31265
v 0.54092 1.25754 -0.21287
v 0.68690 1.23366 -0.27002
v 1.07786 1.05547 -0.43667
v 0.92301 1.14625 -0.37296
v 1.23010 0.95272 -0.48085
v 0.78002 1.20877 -0.30846
v 0.99439 1.11471 -0.34662
v 1.39133 0.79090 -0.55489
v 1.18868 0.99355 -0.41564
v 1.33341 0.87405 -0.46271
v 1.33257 0.67999 -0.70353
v 1.49603 0.63446 -0.61698
v 1.18095 0.72978 -0.83373
v 0.82710 1.19104 -0.29152
v 1.28535 0.56518 -0.89727
v 1.47501 0.71874 -0.53001
v 1.43699 0.53541 -0.73439
v 1.57392 0.55963 -0.58976
v 1.00825 0.90351 -0.85534
v 1.06683 0.81316 -0.94229
v 0.91854 0.95374 -0.86531
v 0.87509 1.01500 -0.80017
v 0.86757 1.03981 -0.73950
v 0.76706 1.09460 -0.72161
v 0.75283 1.12511 -0.63814
v 0.99756 0.80776 -0.98613
v 1.21130 0.67700 -0.87023
v 1.19873 0.61551 -1.02422
v 1.11513 0.66134 -1.05908
v 1.54100 0.63117 -0.52466
v 1.21626 0.49532 -1.10755
v 1.60368 0.42135 -0.66413
v 1.29434 0.40296 -1.07231
v 1.36745 0.35998 -0.95542
v 0.82949 0.85242 -0.98147
v 1.48953 0.38538 -0.78233
v 1.62897 0.46699 -0.58094
v 0.61515 1.20086 -0.53885
v 0.69798 1.00002 -0.83837
v 0.55578 1.02854 -0.87620
v 0.62916 0.92725 -1.00630
v 0.48815 1.02950 -1.01559
v 0.55964 0.92604 -1.12499
v 0.68841 0.84337 -1.08234
v 0.41449 1.13385 -0.85302
v 0.43574 1.08551 -0.94701
v 0.51262 0.93931 -1.13802
v 0.59920 0.82695 -1.22603
v 0.79121 0.75929 -1.11170
v 0.56830 1.12008 -0.66814
v 0.90672 0.74475 -1.05841
v 0.47895 1.11423 -0.72922
v 0.32788 1.20137 -0.72863
v 0.76632 0.67526 -1.21349
v 0.66434 0.66368 -1.33986
v 0.97767 0.60514 -1.13842
v 0.85810 0.50148 -1.28077
v 0.57899 0.71156 -1.34041
v 0.73198 0.56543 -1.35341
v 0.52515 0.80984 -1.26572
v 0.47532 0.94026 -1.13904
v 0.35308 1.13235 -0.86577
v 1.03545 0.49057 -1.18136
v 0.72561 0.44626 -1.43788
v 0.62327 0.55425 -1.43164
v 1.17303 0.48293 -1.13865
v 0.67861 1.15415 -0.64435
v 0.68097 0.38604 -1.49041
v 1.03780 0.40859 -1.21966
v 0.86212 0.33837 -1.35939
v 1.22825 0.30727 -1.18106
v 1.29804 0.25666 -1.14470
v 1.52752 0.29118 -0.78767
v 1.66239 0.29895 -0.65904
v 0.73269 0.29235 -1.49441
v 1.07771 0.23639 -1.25731
v 1.41118 0.18351 -0.97593
v 1.69488 0.29521 -0.57788
v 1.33583 0.18128 -1.10992
v 0.87703 0.15134 -1.39960
v 1.56121 0.10964 -0.80101
v 1.40897 0.06664 -1.00165
v 1.43586 0.74892 -0.37184
v 1.67903 0.16272 -0.67137
v 1.55542 0.59894 -0.39231
v 1.43507 0.78557 -0.19535
v 1.56530 0.65057 -0.18429
v 1.56283 0.74803 -0.03817
v 1.46767 0.83637 -0.05773
v 1.30718 0.89853 -0.17320
v 1.33349 0.95369 -0.04353
v 1.67266 0.59553 -0.06308
v 1.65740 0.49539 -0.22826
v 1.43082 0.88139 -0.00835
v 1.30730 0.87189 -0.32681
v 1.09223 1.02537 -0.28550
v 1.64334 0.44230 -0.42329
v 1.69215 0.31669 -0.43881
v 1.71683 0.39562 -0.19793
v 1.77998 0.41194 -0.03023
v 1.69821 0.56960 0.00487
v 1.80764 0.31500 -0.06526
v 1.27297 0.99547 0.01875
v 1.76300 0.24860 -0.21360
v 1.50088 0.80551 0.02920
v 1.60978 0.67228 0.05054
v 1.71283 0.18902 -0.58666
v 1.83031 0.19638 -0.07215
v 1.79103 0.09571 -0.20798
v 1.31243 0.07300 -1.14365
v 1.73637 0.08291 -0.44972
v 1.11430 0.08953 -1.26107
v 1.25753 0.10940 -1.19102
v 1.60086 0.02680 -0.76080
v 1.48808 -0.09417 -0.89707
v 0.71763 0.07904 -1.52056
v 0.85863 0.02908 -1.42220
v 1.83530 0.20335 0.02315
v 1.79844 0.33504 0.04574
v 1.72045 0.49709 0.06142
v 1.68768 0.05798 -0.65581
v 1.31055 -0.05853 -1.12156
v 1.83889 0.06854 -0.04993
v 1.76287 -0.15136 -0.29688
v 1.13128 -0.11130 -1.24242
v 1.69588 -0.03980 -0.60869
v 1.75989 -0.07881 -0.35040
v 1.60765 -0.17498 -0.70649
v 1.44592 -0.23500 -0.91030
v 1.25369 -0.09671 -1.16311
v 1.51650 -0.27212 -0.79861
v 0.74375 -0.11247 -1.47638
v 0.91145 -0.20884 -1.36185
v 1.71327 -0.20776 -0.44097
v 1.34751 -0.27439 -1.00598
v 1.83651 0.02277 0.00956
v 1.80021 -0.15563 -0.05221
v 1.00138 -0.29216 -1.28295
v 1.66439 -0.31927 -0.48030
v 1.20228 -0.33012 -1.11857
v 1.58486 -0.38483 -0.59810
v 1.72464 -0.32475 -0.25616
v 1.50655 -0.42259 -0.70059
v 1.40229 -0.41902 -0.85559
v 1.65468 0.50839 0.18291
v 1.26850 -0.42527 -1.00121
v 0.87505 -0.35093 -1.33586
v 1.72754 0.37018 0.17047
v 1.69870 0.31055 0.37930
v 1.61879 0.49082 0.38215
v 1.66888 0.37949 0.53456
v 1.56155 0.59568 0.50183
v 1.61002 0.49240 0.56953
v 1.54451 0.61427 0.35015
v 1.47588 0.71571 0.49104
v 1.58539 0.62242 0.16142
v 1.51970 0.63752 0.55346
v 1.72903 0.16860 0.40841
v 1.69332 0.28288 0.58094
v 1.71584 0.13491 0.56987
v 1.76756 0.24674 0.17346
v 1.76671 -0.10616 0.28194
v 1.79369 0.06804 0.17801
v 1.72594 -0.36438 -0.13417
v 1.70331 0.00829 0.58821
v 1.78523 -0.17814 0.11031
v 1.66471 -0.42158 -0.32585
v 1.60825 -0.43479 -0.47574
v 0.66418 -0.39253 1.43296
v 0.70052 -0.42968 1.36887
v 0.69725 -0.31022 1.42423
v 0.68403 -0.23814 1.46052
v 0.65616 -0.17703 1.54068
v 0.68610 -0.03987 1.55772
v 0.75264 -0.00619 1.47833
v 0.63000 -0.13878 1.57858
v 0.74091 0.09842 1.49986
v 0.69102 0.09269 1.57773
v 0.70601 0.28826 1.57430
v 0.64073 -0.42838 1.54712
v 0.74993 0.23453 1.48420
v 0.71248 0.38753 1.56012
v 0.62694 -0.54579 1.50653
v 0.61236 -0.54299 1.54034
v 0.63722 -0.66707 1.55098
v 0.65497 -0.68337 1.49502
v 0.65213 -0.82233 1.51198
v 0.61137 -0.79498 1.57811
v 0.73310 0.40990 1.43926
v 0.65733 -0.68159 1.27676
v 0.62898 -0.54213 1.35465
v 0.64829 -0.84233 1.16239
v 0.68122 -0.80922 1.10046
v 0.65540 -0.53679 1.30255
v 0.67155 -0.86821 1.02631
v 0.61908 -0.88210 1.49676
v 0.69780 -0.67138 1.21564
v 0.58308 -0.86898 1.56734
v 0.85690 0.33309 1.35330
v 0.87131 0.21519 1.38052
v 0.87025 0.08819 1.40110
v 0.81717 0.48823 1.30388
v 0.68962 0.45497 1.44840
v 0.83492 -0.65550 1.15339
v 0.86027 -0.54268 1.19078
v 1.03331 -0.67122 1.00445
v 1.05176 -0.54220 1.06271
v 1.18625 -0.54205 0.94513
v 1.21752 -0.66094 0.83654
v 1.32585 -0.54091 0.78836
v 1.33613 -0.65123 0.69186
v 1.43012 -0.53720 0.63667
v 1.43080 -0.65431 0.51990
v 1.52207 -0.54160 0.43377
v 1.49839 -0.66123 0.32566
v 1.58683 -0.54141 0.18822
v 1.04368 -0.42852 1.18151
v 1.27642 -0.43763 0.97660
v 1.41626 -0.42234 0.82724
v 1.49363 -0.43294 0.70101
v 1.47804 -0.32018 0.81578
v 1.49922 -0.21232 0.83726
v 1.60166 -0.29381 0.62763
v 1.64476 -0.10863 0.65627
v 1.66662 -0.17125 0.57910
v 1.70331 0.00829 0.58821
v 1.62810 -0.40070 0.46406
v 1.72447 -0.25885 0.33045
v 0.86663 -0.42524 1.29216
v 1.76671 -0.10616 0.28194
v 1.61355 -0.45094 0.41220
v 1.67919 -0.41622 0.25552
v 1.78523 -0.17814 0.11031
v 1.73756 -0.33269 0.11812
v 1.50105 -0.67993 0.25907
v 1.69643 -0.42156 0.12112
v 1.54413 -0.66302 0.01267
v 1.80021 -0.15563 -0.05221
v 1.72594 -0.36438 -0.13417
v 1.68852 -0.44054 -0.09096
v 1.66471 -0.42158 -0.32585
v 0.64736 0.43240 1.54921
v -0.25383 1.28018 0.14368
v -0.54674 1.25224 -0.01885
v -0.49899 1.24095 0.09702
v -0.66137 1.20024 0.07241
v -0.72534 1.17732 0.16284
v -0.20700 1.29107 0.03166
v -0.04938 1.28134 0.25815
v -0.35255 1.26007 0.31069
v -0.10094 1.24537 0.43890
v 0.00350 1.25208 0.53170
v -0.01826 1.22419 0.67366
v 0.07604 1.29679 0.09425
v 0.09955 1.27106 0.31522
v -0.12549 1.29571 -0.10156
v -0.43646 1.26125 -0.18217
v -0.50227 1.24034 -0.11623
v -0.64258 1.23187 -0.24700
v -0.41364 1.24606 0.23248
v 0.09680 1.29696 -0.10351
v -0.28931 1.27124 -0.23787
v -0.50124 1.25403 0.17131
v -0.61385 1.23718 0.20837
v -0.01638 1.28700 -0.24398
v -0.22682 1.25533 -0.48401
v 0.22751 1.26505 0.29717
v 0.49645 1.23718 0.43559
v 0.26447 1.27923 0.15843
v 0.24126 1.24375 0.53590
v 0.32547 1.27919 0.04109
v 0.53779 1.25793 0.18284
v 0.44938 1.27072 -0.01783
v 0.33558 1.27351 -0.16966
v 0.18453 1.26879 -0.33530
v 0.45176 1.24614 -0.42878
v 0.06412 1.22648 -0.56199
v -0.50329 1.21608 0.34781
v -0.61060 1.18685 0.32201
v 0.47179 1.22987 0.30385
v 0.55221 1.23955 0.05997
v 0.62490 1.21867 0.11500
v 0.59095 1.25574 -0.02717
v 0.72671 1.23872 -0.01643
v 0.02715 1.21268 0.69473
v 0.57542 1.23128 -0.13827
v 0.12443 1.24143 -0.47678
v 0.21479 1.25584 -0.48891
v 0.35675 1.22458 -0.44951
v -0.50486 1.21963 -0.31004
v -0.47667 1.23926 -0.43566
v -0.34405 1.22894 -0.43039
v 0.54092 1.25754 -0.21287
v 0.46960 1.23268 -0.31265
v -0.20675 1.26060 0.42242
v 0.83700 1.15479 0.09897
v 0.85042 1.14440 0.19370
v 0.19124 1.17043 -0.69840
v 0.26539 1.23456 -0.61018
v -0.13167 1.23934 -0.48425
v -0.29977 1.20735 -0.70172
v 0.01082 1.25662 -0.50957
v -0.00443 1.23991 -0.63609
v -0.31898 1.21673 -0.67207
v 0.61515 1.20086 -0.53885
v 0.57769 1.19612 -0.56790
v 0.81794 1.15613 -0.20487
v 0.11091 1.15151 -0.76636
v 0.67127 1.23727 0.23214
v 0.68690 1.23366 -0.27002
v -0.17946 1.23507 0.49297
v -0.14819 1.17006 0.67700
v -0.09577 1.18077 0.67040
v -0.02895 1.17583 0.81458
v 0.02866 1.16440 0.83616
v -0.22819 1.15815 0.70566
v -0.26335 1.23358 0.58107
v -0.33254 1.23142 0.40010
v -0.51018 1.23142 0.43759
v -0.88300 1.12347 0.09523
v -0.56136 1.21608 -0.51039
v -0.71261 1.12775 0.46809
v -0.74062 1.14152 0.36731
v 0.09893 1.22329 0.52345
v 0.18100 1.20099 0.58929
v 0.10485 1.14895 0.74830
v 0.13562 1.09762 0.84848
v 0.23969 1.11956 0.78748
v 0.53353 1.22286 0.26962
v 0.64468 1.17884 0.35293
v 0.65394 1.15999 0.44284
v -0.72782 1.22448 -0.01619
v -0.43724 1.15795 0.60219
v -0.33740 1.21175 0.48225
v -0.34908 1.19733 0.69986
v -0.32225 1.17618 0.74922
v -0.11204 1.11582 0.82905
v -0.92472 1.09711 0.20385
v -0.36346 1.20181 -0.52854
v -0.56737 1.13071 -0.64480
v -0.70255 1.18762 -0.10455
v -0.71715 1.17916 -0.18267
v -0.92190 1.10339 -0.14625
v -0.91473 1.10329 -0.23868
v 0.00960 1.12444 0.93033
v 0.85018 1.17697 0.32243
v 0.80733 1.20117 0.27029
v -0.73858 1.20988 0.25977
v 0.81104 1.16712 -0.11046
v 0.31066 1.21914 0.48346
v 0.42234 1.20273 0.47527
v 0.51142 1.13074 0.63378
v 0.46114 1.12121 0.69634
v 0.59477 1.11730 0.64487
v 0.31268 1.21090 0.67245
v 0.35284 1.19796 -0.56054
v 0.46715 1.17321 -0.57121
v 0.67861 1.15415 -0.64435
v 0.61376 1.20003 0.50282
v 0.64783 1.17197 0.58851
v 0.71676 1.14768 0.59588
v -0.19129 1.08201 0.86684
v 0.84035 1.21309 -0.00771
v 0.78178 1.09467 0.51272
v 0.79710 1.12154 0.40232
v 0.90274 1.06582 0.45418
v 1.01091 1.10591 0.32744
v 0.96682 1.12201 0.36452
v 0.82710 1.19104 -0.29152
v 0.78002 1.20877 -0.30846
v 1.02322 1.06915 -0.18269
v 0.32788 1.20137 -0.72863
v 0.47895 1.11423 -0.72922
v 0.56830 1.12008 -0.66814
v 1.04286 1.07411 -0.12058
v 1.09277 1.02810 0.27571
v 1.09223 1.02537 -0.28550
v 0.99439 1.11471 -0.34662
v 0.75283 1.12511 -0.63814
v -0.41172 1.14160 -0.83780
v 0.65643 1.01724 0.80035
v 0.02416 1.18976 -0.80556
v -0.02718 1.19392 -0.79626
v 0.21971 1.08969 -0.87643
v 0.31980 1.01928 -0.99866
v 0.12336 1.07947 -0.92434
v -0.03029 1.11370 -0.97181
v 0.02759 1.13042 -0.93809
v -0.54543 1.10173 -0.71381
v -0.41997 1.15690 -0.65018
v 0.76706 1.09460 -0.72161
v -0.51643 1.07623 -0.79876
v -0.64269 1.18404 -0.54537
v -0.73032 1.13790 -0.63087
v -0.65952 1.16184 -0.62600
v -0.82761 1.08523 0.45921
v -0.87365 1.08549 0.41812
v -0.86251 1.13601 -0.10692
v -0.37629 1.10611 0.88158
v -0.41839 1.12905 0.83746
v -1.08796 1.02498 0.12173
v -0.88941 1.17745 0.00715
v -0.93125 1.16271 -0.03419
v -1.11766 1.07741 -0.02916
v -1.11810 1.06791 0.02322
v -0.30979 1.02736 0.95309
v -0.89852 1.01827 0.58325
v -0.96181 1.02747 0.47411
v -0.74576 1.10269 -0.70862
v -0.70360 1.01532 -0.81126
v -1.12160 0.99174 0.25106
v -1.09761 1.00662 -0.27454
v -1.09824 1.01848 -0.15354
v -0.10571 1.17676 -0.70214
v -0.18269 1.18772 -0.65166
v -0.84269 1.05634 -0.73564
v -0.75988 1.20334 -0.27803
v -0.76895 1.19746 -0.31057
v -0.90886 1.13621 -0.37499
v -0.92076 1.14230 -0.33136
v -1.04274 1.07676 -0.36804
v -1.07406 1.04082 -0.44380
v -0.84230 1.17587 0.27693
v -0.92675 1.13225 0.34700
v -1.02446 1.08259 0.31969
v -1.05208 1.06405 0.39185
v -0.54919 1.11472 0.65323
v -0.47703 1.10701 0.72987
v -0.55755 1.06075 0.77470
v -0.66340 1.04967 0.74162
v -1.24410 1.00274 0.00437
v -0.65706 1.17324 -0.35737
v -0.76718 1.11982 -0.43667
v -0.71761 1.12435 -0.50744
v -0.87263 1.03614 -0.58998
v -0.96057 1.02688 -0.50258
v -0.66893 1.17349 0.55779
v -0.55825 1.20774 0.50766
v -0.71115 1.12728 0.65000
v -0.80183 1.08280 0.69226
v -0.59004 0.99649 0.88614
v -0.13224 1.04653 0.95308
v 0.56137 1.02070 0.85820
v 0.55578 1.02854 -0.87620
v 0.23485 1.02792 0.95384
v 0.32156 1.00947 0.98173
v 0.13023 1.00821 1.01669
v -0.03678 1.06089 1.02615
v 0.88585 1.03062 0.57287
v 0.85551 1.04627 0.72064
v -0.44262 1.02084 1.01159
v -0.48199 1.03862 0.97714
v -0.52847 0.99699 1.00633
v -1.21116 0.96794 -0.43167
v -1.29916 0.89517 -0.15772
v -1.22556 0.95403 0.40354
v -1.28940 0.87393 0.28530
v -1.29981 0.89731 0.12346
v -1.28314 0.97277 -0.04420
v -0.84017 1.05989 0.64665
v -1.15619 0.98902 0.44110
v -1.09490 0.92774 0.54896
v -0.20646 0.95954 1.06341
v -0.74658 0.95647 0.85614
v -0.97066 0.96792 -0.64636
v -0.94208 0.97186 -0.80897
v 0.35148 1.13960 0.82548
v 0.39356 1.15450 0.78947
v 0.45924 1.07684 0.91403
v 0.40624 1.06053 0.95465
v 0.72867 0.99261 0.81246
v 0.83163 1.01643 0.78530
v -1.05431 0.90078 0.66009
v -1.06636 0.86837 0.71824
v -0.13849 0.93100 1.12876
v -1.28475 0.87947 -0.31666
v -1.20314 0.95441 -0.48931
v -1.11436 0.91466 -0.58528
v 0.22667 1.00898 -1.01765
v -1.39036 0.89969 -0.00005
v -0.86457 1.02286 0.76412
v -0.96161 0.95528 0.78115
v 0.03353 0.97280 1.15114
v -0.65842 0.90000 0.99868
v 0.28850 0.94599 1.06658
v 1.09333 1.02374 0.22517
v 1.02599 1.07359 0.11716
v 1.16817 0.99797 0.12045
v 1.07661 1.05105 0.41580
v 1.16620 1.00908 0.38790
v 1.08406 0.94804 0.53480
v 0.51952 0.98153 1.04349
v 0.69200 0.90712 0.96249
v 0.36070 0.87682 1.14654
v 1.06038 1.12393 0.00478
v 0.93756 1.18058 -0.02496
v 1.01713 1.14182 -0.03811
v 1.19012 1.04750 -0.04642
v 0.46418 0.95974 1.08727
v 0.99662 0.95032 0.63309
v 1.03105 0.89768 0.72290
v -0.92728 0.94261 0.84640
v -0.34420 0.90865 1.10942
v 1.27297 0.99547 0.01875
v 1.30718 0.89853 -0.17320
v -0.04174 0.91510 1.21983
v 0.64352 0.90413 1.00467
v -0.53636 0.90865 1.13771
v 0.94980 0.95786 0.80680
v -1.23776 0.80781 0.60190
v -1.29537 0.87637 0.49116
v -0.83760 0.85643 0.94669
v 0.15433 0.88895 1.17066
v -1.40308 0.81809 0.12554
v 0.17702 0.79792 1.26155
v 0.01545 0.87395 1.27156
v 1.27079 0.91162 0.21393
v 1.32623 0.85389 0.31272
v 1.29372 0.91510 0.12631
v 1.18364 0.98855 -0.14868
v 1.33349 0.95369 -0.04353
v 1.26588 0.91131 0.48163
v 0.85407 0.84264 0.95850
v -1.05751 0.83645 0.88791
v -0.20308 0.84788 1.20229
v -0.38158 0.79428 1.22722
v -0.59133 0.89611 1.10865
v 0.51792 0.85125 1.20155
v 1.00765 0.83480 0.93581
v 1.13538 0.79663 0.76105
v 0.58773 0.86871 1.15498
v -0.50848 0.86401 1.18594
v -0.72116 0.78991 1.09906
v -1.51680 0.78534 0.00985
v -1.07909 0.86209 -0.74611
v 1.34616 0.85898 0.44696
v 1.25428 0.79145 0.61648
v 0.76024 0.75964 1.10816
v 0.70278 0.77860 1.13433
v -1.30781 0.86719 -0.52941
v 1.08471 0.80417 0.90955
v -0.62695 0.80002 1.20495
v 1.47732 0.75043 0.15113
v -1.05791 0.74926 0.98734
v -0.91221 0.73304 1.03997
v -0.60778 0.76769 1.25517
v 0.04753 0.78831 1.34335
v 0.93589 0.70873 1.05684
v -1.21927 0.81326 -0.64990
v -1.02739 0.88330 -0.87800
v 1.50088 0.80551 0.02920
v 1.43082 0.88139 -0.00835
v 1.32784 0.83012 0.53238
v 1.45121 0.70435 0.56268
v 1.46476 0.71464 0.34123
v -0.76965 0.67455 1.18524
v 1.47588 0.71571 0.49104
v 1.16321 0.64493 1.02257
v 0.79639 0.61026 1.22878
v 1.36438 0.64514 0.68007
v 1.22015 0.67364 0.83778
v 0.63979 0.74255 1.26189
v 1.51970 0.63752 0.55346
v -1.18293 0.73822 -0.82974
v -1.13827 0.73482 -0.97626
v -0.66570 0.66513 1.30975
v -0.97722 0.59699 1.11806
v 1.21212 0.60348 1.00407
v -1.13183 0.60856 1.05933
v 1.58539 0.62242 0.16142
v 1.54451 0.61427 0.35015
v 1.60978 0.67228 0.05054
v -0.15213 0.11208 1.62488
v -0.22177 0.25442 1.57077
v -0.28824 0.14614 1.59852
v -0.41730 0.23569 1.55878
v -0.43401 0.13925 1.59681
v -0.52214 0.24078 1.56422
v -0.25655 0.36258 1.55202
v -0.18522 0.01010 1.61566
v -0.44175 0.36520 1.54853
v -0.17744 0.37184 1.56542
v -0.53073 0.36841 1.55931
v -0.19416 -0.14442 1.60627
v -0.46385 0.02156 1.60098
v -0.61981 0.22751 1.58764
v -0.07122 -0.41817 1.59368
v -0.19249 -0.30799 1.59700
v -0.55532 -0.40220 1.59721
v 0.07426 -0.27035 1.59963
v -0.55723 -0.05500 1.60560
v -0.61379 0.12319 1.61223
v 0.34651 -0.21184 1.59762
v 0.18329 -0.09055 1.60997
v 0.56748 -0.41206 1.59531
v 0.22913 0.11412 1.60745
v 0.56591 -0.11441 1.60240
v 0.43726 0.12428 1.59785
v 0.62480 0.11865 1.60843
v 0.65256 0.24566 1.59168
v -0.61189 -0.14311 1.59356
v -0.01344 0.03644 1.64565
v 0.01188 0.12183 1.65373
v -0.06032 0.16053 1.64625
v 0.04969 0.19671 1.64022
v -0.06051 0.39082 1.60083
v 0.02966 0.38250 1.60914
v -0.67684 0.22412 1.58922
v -0.64614 0.36618 1.58887
v -0.54356 -0.54119 1.56734
v 0.06925 -0.53589 1.56581
v -0.43817 -0.56780 1.57008
v -0.11909 -0.58256 1.57211
v 0.55956 -0.54356 1.56688
v 0.11517 -0.57542 1.57006
v -0.08442 -0.67335 1.59306
v -0.54841 -0.68085 1.59501
v -0.54867 -0.81723 1.59522
v 0.56425 -0.67430 1.59383
v 0.54116 -0.81797 1.59400
v -0.07572 -0.82044 1.59328
v 0.61137 -0.79498 1.57811
v -0.61751 -0.41947 1.57848
v -0.62560 -0.82152 1.57070
v -0.70691 0.38112 1.56875
v 0.24411 0.24949 1.56642
v 0.19953 0.37662 1.55592
v 0.42461 0.34420 1.54931
v 0.47931 0.24158 1.55811
v 0.65850 0.33409 1.59365
v 0.64389 0.38940 1.58643
v -0.62915 -0.66692 1.56647
v 0.63000 -0.13878 1.57858
v 0.70601 0.28826 1.57430
v 0.69102 0.09269 1.57773
v -0.22069 -0.86543 1.57542
v 0.42891 0.38684 1.53262
v 0.58308 -0.86898 1.56734
v -0.67030 -0.03217 1.57770
v -0.71198 0.13252 1.56716
v 0.71248 0.38753 1.56012
v -0.61869 -0.54242 1.53839
v -0.55446 -0.87977 1.56389
v 0.61236 -0.54299 1.54034
v 0.64073 -0.42838 1.54712
v 0.63722 -0.66707 1.55098
v -0.62607 0.41379 1.55853
v -0.69308 0.41922 1.54687
v 0.04502 0.45540 1.56338
v -0.05203 0.49238 1.54044
v 0.01849 0.63907 1.46518
v -0.08766 0.63637 1.44515
v -0.03080 0.73590 1.39449
v 0.08375 0.64288 1.44019
v -0.50169 0.39223 1.53571
v -0.23193 0.42163 1.50588
v 0.22354 0.43749 1.49725
v 0.22252 0.64424 1.37915
v 0.43879 0.43301 1.46266
v 0.43999 0.57733 1.38946
v 0.54801 0.44543 1.46175
v 0.62925 0.46659 1.45653
v 0.55737 0.72946 1.30293
v 0.37477 0.72415 1.29096
v 0.66726 0.63166 1.34232
v 0.68962 0.45497 1.44840
v -0.20100 0.58601 1.42507
v -0.43004 0.55789 1.39859
v -0.46201 0.42899 1.46180
v -0.58478 0.64577 1.35362
v -0.61380 0.46106 1.45397
v -0.43813 0.64803 1.34169
v -0.21845 0.71649 1.32460
v -0.70684 0.52067 1.38671
v -0.50848 0.86401 1.18594
v -0.38158 0.79428 1.22722
v -0.66570 0.66513 1.30975
v -0.60778 0.76769 1.25517
v 0.04753 0.78831 1.34335
v 0.17702 0.79792 1.26155
v 0.01545 0.87395 1.27156
v 0.63979 0.74255 1.26189
v -0.68417 0.44740 1.45652
v 0.64736 0.43240 1.54921
v -0.10792 0.75953 1.33815
v 0.36070 0.87682 1.14654
v 0.51792 0.85125 1.20155
v -0.20308 0.84788 1.20229
v -0.53636 0.90865 1.13771
v 0.46418 0.95974 1.08727
v -0.34420 0.90865 1.10942
v -0.04174 0.91510 1.21983
v 0.58773 0.86871 1.15498
v 0.68610 -0.03987 1.55772
v 0.73310 0.40990 1.43926
v 0.81717 0.48823 1.30388
v -0.74290 0.37989 1.44323
v 0.79639 0.61026 1.22878
v 0.98771 0.56863 1.14144
v 1.02618 0.46048 1.18739
v 1.21388 0.40037 1.14374
v 1.09154 0.31555 1.21788
v 1.08545 0.24954 1.24063
v 1.27150 0.21533 1.16871
v 1.10202 0.08428 1.26041
v 1.13170 0.59958 1.07480
v 1.13839 0.02300 1.24265
v 1.27552 0.02720 1.16662
v 0.87131 0.21519 1.38052
v 0.85690 0.33309 1.35330
v 0.87025 0.08819 1.40110
v 0.97751 -0.09478 1.33411
v 1.00765 0.83480 0.93581
v 0.93589 0.70873 1.05684
v 1.29531 0.34729 1.10673
v 0.75264 -0.00619 1.47833
v 1.24904 0.47682 1.07759
v 1.28455 -0.04806 1.14514
v 0.88973 -0.27215 1.34546
v 0.68403 -0.23814 1.46052
v 1.16321 0.64493 1.02257
v 1.05565 -0.26079 1.25051
v 1.32986 0.07319 1.12166
v 0.69725 -0.31022 1.42423
v 0.86663 -0.42524 1.29216
v 1.33370 0.24106 1.10035
v 0.70052 -0.42968 1.36887
v 1.20130 -0.26593 1.14146
v 1.04368 -0.42852 1.18151
v 1.19944 -0.38540 1.08767
v 1.34922 -0.25296 1.00612
v 1.21212 0.60348 1.00407
v 1.34782 -0.36553 0.95270
v 1.49922 -0.21232 0.83726
v 1.42199 -0.03416 0.97591
v 1.64476 -0.10863 0.65627
v 1.58331 0.03829 0.76203
v 1.41904 0.15309 0.96481
v 1.55930 0.17230 0.77220
v 1.67657 0.09082 0.65418
v 1.66975 0.25456 0.64214
v 1.53224 0.28714 0.76366
v 1.60348 0.42942 0.63337
v 1.46318 0.46170 0.73823
v 1.54367 0.55590 0.60656
v 1.45121 0.70435 0.56268
v 1.36438 0.64514 0.68007
v 1.38334 0.31758 0.94791
v 1.34402 0.43724 0.91964
v 1.51970 0.63752 0.55346
v 1.29420 0.55393 0.87831
v 1.61002 0.49240 0.56953
v 1.22015 0.67364 0.83778
v 1.47804 -0.32018 0.81578
v 1.69332 0.28288 0.58094
v 1.27642 -0.43763 0.97660
v 1.70331 0.00829 0.58821
v 1.71584 0.13491 0.56987
v 1.41626 -0.42234 0.82724
v 0.42891 0.38684 1.53262
v 0.64736 0.43240 1.54921
v 0.62925 0.46659 1.45653
v 0.54801 0.44543 1.46175
v 0.68962 0.45497 1.44840
vt 0.75665 0.68531
vt 0.73659 0.68528
vt 0.74722 0.71398
vt 0.76640 0.71495
vt 0.77339 0.68332
vt 0.78006 0.71387
vt 0.78877 0.68167
vt 0.77314 0.73807
vt 0.76086 0.73531
vt 0.75725 0.74760
vt 0.73824 0.74025
vt 0.73798 0.73349
vt 0.79340 0.73474
vt 0.78895 0.74341
vt 0.80042 0.71364
vt 0.78968 0.65660
vt 0.77536 0.65412
vt 0.76072 0.66124
vt 0.75773 0.67095
vt 0.75634 0.64997
vt 0.73625 0.65681
vt 0.73705 0.66739
vt 0.78483 0.64349
vt 0.78282 0.75365
vt 0.80381 0.73981
vt 0.71130 0.66629
vt 0.72299 0.68992
vt 0.73012 0.71707
vt 0.70460 0.67574
vt 0.71785 0.73966
vt 0.73652 0.75186
vt 0.76417 0.64521
vt 0.71730 0.74876
vt 0.70339 0.69318
vt 0.71174 0.71944
vt 0.68359 0.67680
vt 0.68482 0.66820
vt 0.69592 0.71555
vt 0.69100 0.72163
vt 0.69676 0.73831
vt 0.67596 0.69620
vt 0.68797 0.74711
vt 0.70694 0.65976
vt 0.72786 0.65337
vt 0.66976 0.73730
vt 0.66004 0.70680
vt 0.66467 0.72013
vt 0.65897 0.67488
vt 0.66359 0.68412
vt 0.66485 0.74604
vt 0.64949 0.69862
vt 0.63829 0.68883
vt 0.63698 0.71898
vt 0.63184 0.70652
vt 0.75251 0.77237
vt 0.74038 0.63160
vt 0.72361 0.63617
vt 0.72299 0.60675
vt 0.70898 0.61237
vt 0.69777 0.59336
vt 0.71811 0.58235
vt 0.68558 0.62393
vt 0.67617 0.60476
vt 0.73929 0.57411
vt 0.74090 0.60081
vt 0.67058 0.62861
vt 0.65469 0.61880
vt 0.71071 0.63760
vt 0.69868 0.63963
vt 0.75671 0.57158
vt 0.76015 0.59178
vt 0.68703 0.64703
vt 0.67272 0.65380
vt 0.76256 0.62463
vt 0.67904 0.59301
vt 0.66301 0.60531
vt 0.69490 0.58282
vt 0.66088 0.65570
vt 0.71966 0.57027
vt 0.77651 0.58970
vt 0.77492 0.62283
vt 0.75192 0.55917
vt 0.77778 0.56697
vt 0.73698 0.56080
vt 0.77497 0.55652
vt 0.78774 0.62102
vt 0.64559 0.73443
vt 0.79011 0.58593
vt 0.80201 0.64957
vt 0.76635 0.55264
vt 0.78801 0.55584
vt 0.80928 0.71202
vt 0.81065 0.67764
vt 0.80242 0.63788
vt 0.80740 0.61765
vt 0.80766 0.58001
vt 0.81828 0.67518
vt 0.80287 0.75175
vt 0.82441 0.71453
vt 0.82066 0.73818
vt 0.81189 0.64296
vt 0.77609 0.77449
vt 0.76334 0.80802
vt 0.73342 0.79736
vt 0.74216 0.80513
vt 0.75870 0.83535
vt 0.73611 0.82953
vt 0.72072 0.82199
vt 0.71286 0.79619
vt 0.69814 0.81497
vt 0.67856 0.79162
vt 0.65693 0.79645
vt 0.66836 0.80887
vt 0.78121 0.83400
vt 0.77869 0.80949
vt 0.63778 0.77021
vt 0.71468 0.76885
vt 0.73654 0.77131
vt 0.68108 0.77778
vt 0.79301 0.81009
vt 0.63815 0.79131
vt 0.78107 0.84326
vt 0.80298 0.83571
vt 0.80118 0.77455
vt 0.69166 0.76398
vt 0.66649 0.76224
vt 0.81462 0.81248
vt 0.81956 0.74695
vt 0.81632 0.65177
vt 0.82080 0.77438
vt 0.79288 0.85091
vt 0.84168 0.69980
vt 0.80656 0.55581
vt 0.82593 0.83797
vt 0.83469 0.81737
vt 0.82777 0.62562
vt 0.83439 0.75023
vt 0.81973 0.84778
vt 0.82407 0.56392
vt 0.84439 0.66483
vt 0.83261 0.64220
vt 0.83888 0.74406
vt 0.85444 0.79403
vt 0.85547 0.72888
vt 0.86092 0.69426
vt 0.84135 0.61070
vt 0.78495 0.54591
vt 0.85293 0.83329
vt 0.86543 0.65691
vt 0.85328 0.63883
vt 0.85678 0.60301
vt 0.84078 0.57072
vt 0.87350 0.68545
vt 0.86844 0.75542
vt 0.82528 0.55053
vt 0.87552 0.72157
vt 0.81341 0.54693
vt 0.84429 0.85217
vt 0.87726 0.79842
vt 0.86796 0.82674
vt 0.87214 0.62729
vt 0.88121 0.74190
vt 0.88184 0.78722
vt 0.80586 0.52993
vt 0.87117 0.60712
vt 0.86381 0.56731
vt 0.87860 0.66519
vt 0.80963 0.50411
vt 0.79277 0.48712
vt 0.79167 0.52717
vt 0.77179 0.49682
vt 0.77703 0.46813
vt 0.76176 0.46900
vt 0.74280 0.47799
vt 0.74958 0.49768
vt 0.75024 0.50614
vt 0.72337 0.48553
vt 0.72864 0.51089
vt 0.70397 0.49601
vt 0.71150 0.51940
vt 0.69118 0.52996
vt 0.68097 0.50922
vt 0.75413 0.53232
vt 0.73423 0.54110
vt 0.77402 0.52979
vt 0.71010 0.54979
vt 0.79108 0.46124
vt 0.82109 0.49141
vt 0.85057 0.53657
vt 0.83526 0.51040
vt 0.88184 0.69931
vt 0.85380 0.51131
vt 0.86702 0.54919
vt 0.84028 0.48349
vt 0.81284 0.45796
vt 0.86490 0.52735
vt 0.85987 0.48944
vt 0.49170 0.53661
vt 0.46592 0.54937
vt 0.47894 0.57406
vt 0.49855 0.57851
vt 0.50139 0.53399
vt 0.48797 0.60709
vt 0.51367 0.60344
vt 0.50070 0.61602
vt 0.47032 0.60631
vt 0.46105 0.58922
vt 0.45570 0.57283
vt 0.51783 0.61333
vt 0.51730 0.58421
vt 0.48800 0.52444
vt 0.46326 0.51889
vt 0.53477 0.60283
vt 0.51929 0.55784
vt 0.51351 0.53604
vt 0.50551 0.52151
vt 0.52034 0.51963
vt 0.53074 0.52978
vt 0.47885 0.63904
vt 0.45220 0.54367
vt 0.53356 0.61353
vt 0.46159 0.62567
vt 0.53478 0.58133
vt 0.53640 0.55126
vt 0.47296 0.48726
vt 0.48027 0.48693
vt 0.44730 0.50799
vt 0.44740 0.47819
vt 0.46145 0.47497
vt 0.47777 0.44387
vt 0.48906 0.44428
vt 0.50015 0.49906
vt 0.51166 0.47321
vt 0.50404 0.44210
vt 0.52329 0.50091
vt 0.51636 0.46266
vt 0.52250 0.43747
vt 0.53716 0.51728
vt 0.54078 0.49596
vt 0.53543 0.46377
vt 0.53859 0.44275
vt 0.54950 0.60066
vt 0.55140 0.57923
vt 0.55295 0.52089
vt 0.54721 0.52966
vt 0.44409 0.44366
vt 0.47984 0.43630
vt 0.50111 0.43145
vt 0.43922 0.48145
vt 0.55403 0.46368
vt 0.54558 0.55417
vt 0.56718 0.53102
vt 0.55737 0.43936
vt 0.56480 0.59921
vt 0.56517 0.57428
vt 0.51584 0.42576
vt 0.53149 0.42810
vt 0.56509 0.54966
vt 0.56346 0.49363
vt 0.55001 0.61151
vt 0.57880 0.46626
vt 0.57994 0.44167
vt 0.57928 0.52324
vt 0.56131 0.51382
vt 0.55663 0.49974
vt 0.55219 0.42668
vt 0.58302 0.57425
vt 0.58175 0.59507
vt 0.58615 0.49280
vt 0.58283 0.51350
vt 0.58789 0.54661
vt 0.58269 0.60377
vt 0.60252 0.59068
vt 0.60215 0.57281
vt 0.58728 0.45815
vt 0.60925 0.44563
vt 0.60261 0.46657
vt 0.57279 0.42932
vt 0.60326 0.60086
vt 0.60149 0.52373
vt 0.60701 0.49245
vt 0.56876 0.61149
vt 0.60731 0.55259
vt 0.61385 0.54358
vt 0.61178 0.50984
vt 0.62724 0.56997
vt 0.63786 0.58964
vt 0.62353 0.60098
vt 0.62625 0.46815
vt 0.59417 0.43174
vt 0.63868 0.44848
vt 0.62311 0.51919
vt 0.62885 0.49223
vt 0.61953 0.43625
vt 0.63868 0.50969
vt 0.46840 0.40099
vt 0.50658 0.65480
vt 0.52551 0.63442
vt 0.52432 0.67278
vt 0.54284 0.66694
vt 0.53665 0.69107
vt 0.55543 0.68287
vt 0.56096 0.66327
vt 0.57520 0.68445
vt 0.57586 0.65985
vt 0.60686 0.67767
vt 0.59416 0.68393
vt 0.59692 0.65574
vt 0.62918 0.67147
vt 0.61506 0.65242
vt 0.55167 0.69313
vt 0.63612 0.64717
vt 0.54829 0.63333
vt 0.57335 0.63081
vt 0.59903 0.62689
vt 0.50588 0.67389
vt 0.52139 0.69795
vt 0.58286 0.69269
vt 0.55470 0.69801
vt 0.59106 0.61119
vt 0.48824 0.65973
vt 0.61992 0.62171
vt 0.53818 0.69941
vt 0.51252 0.70055
vt 0.61819 0.68634
vt 0.49251 0.68967
vt 0.59674 0.69340
vt 0.47781 0.67369
vt 0.46654 0.65967
vt 0.48400 0.72812
vt 0.46914 0.68714
vt 0.52188 0.72491
vt 0.50490 0.75671
vt 0.52793 0.77149
vt 0.52656 0.79202
vt 0.54580 0.78751
vt 0.54887 0.80142
vt 0.56511 0.78736
vt 0.57974 0.79919
vt 0.57889 0.78002
vt 0.58492 0.79639
vt 0.57981 0.76374
vt 0.56293 0.78103
vt 0.58967 0.78360
vt 0.59787 0.77569
vt 0.56694 0.75689
vt 0.59616 0.75020
vt 0.54592 0.76094
vt 0.52881 0.80987
vt 0.51512 0.81104
vt 0.61857 0.74584
vt 0.61833 0.76989
vt 0.50604 0.79741
vt 0.47796 0.80517
vt 0.47927 0.81957
vt 0.48540 0.79594
vt 0.46605 0.81927
vt 0.46905 0.79549
vt 0.45713 0.79978
vt 0.44818 0.82545
vt 0.46497 0.82520
vt 0.45105 0.83430
vt 0.43274 0.82866
vt 0.43261 0.84132
vt 0.48093 0.82654
vt 0.42507 0.83299
vt 0.51574 0.82038
vt 0.42314 0.78644
vt 0.44030 0.79508
vt 0.45637 0.79241
vt 0.44198 0.78361
vt 0.42851 0.77606
vt 0.41518 0.78082
vt 0.45612 0.78761
vt 0.49219 0.74691
vt 0.53455 0.72524
vt 0.41449 0.76714
vt 0.47000 0.72011
vt 0.55312 0.72391
vt 0.57136 0.71961
vt 0.44252 0.60093
vt 0.48899 0.77338
vt 0.47323 0.76127
vt 0.44840 0.64041
vt 0.42990 0.61554
vt 0.43183 0.64258
vt 0.44932 0.66991
vt 0.43508 0.66697
vt 0.42327 0.59054
vt 0.43877 0.56888
vt 0.43599 0.70361
vt 0.45217 0.70464
vt 0.42196 0.56282
vt 0.43373 0.54056
vt 0.42850 0.51494
vt 0.43982 0.73973
vt 0.45359 0.72814
vt 0.45558 0.75307
vt 0.41362 0.52972
vt 0.41227 0.56724
vt 0.47122 0.78767
vt 0.60184 0.71776
vt 0.40616 0.49157
vt 0.42203 0.48719
vt 0.58825 0.71467
vt 0.41508 0.46447
vt 0.43342 0.45012
vt 0.44799 0.41722
vt 0.42733 0.41657
vt 0.29298 0.18926
vt 0.30377 0.15549
vt 0.30359 0.17809
vt 0.26861 0.15969
vt 0.26960 0.18149
vt 0.29237 0.15178
vt 0.31770 0.20371
vt 0.29534 0.21762
vt 0.27240 0.21698
vt 0.25790 0.20445
vt 0.23863 0.17714
vt 0.28176 0.24369
vt 0.24581 0.13551
vt 0.22580 0.15349
vt 0.26464 0.13433
vt 0.29306 0.13060
vt 0.24347 0.21859
vt 0.22196 0.19589
vt 0.25929 0.24446
vt 0.30661 0.24872
vt 0.32102 0.24620
vt 0.32655 0.22310
vt 0.32587 0.15904
vt 0.33230 0.17546
vt 0.33877 0.20616
vt 0.33226 0.22790
vt 0.30655 0.26669
vt 0.28887 0.27752
vt 0.33972 0.26540
vt 0.34344 0.22285
vt 0.27059 0.27427
vt 0.23126 0.23942
vt 0.24998 0.26287
vt 0.32747 0.28892
vt 0.21018 0.22925
vt 0.27845 0.29484
vt 0.31500 0.29987
vt 0.36000 0.24536
vt 0.35502 0.26672
vt 0.35504 0.19070
vt 0.35799 0.22357
vt 0.36588 0.21080
vt 0.34432 0.17071
vt 0.30479 0.31638
vt 0.28901 0.31692
vt 0.34566 0.30330
vt 0.36039 0.28226
vt 0.20570 0.15766
vt 0.31187 0.12728
vt 0.19905 0.19079
vt 0.19773 0.20937
vt 0.24165 0.11897
vt 0.26091 0.11043
vt 0.28218 0.10826
vt 0.21884 0.12529
vt 0.20455 0.13291
vt 0.19294 0.15381
vt 0.17771 0.16734
vt 0.21894 0.10048
vt 0.17722 0.19828
vt 0.32344 0.11046
vt 0.34095 0.13190
vt 0.33440 0.10686
vt 0.36283 0.14099
vt 0.35942 0.15749
vt 0.30170 0.09283
vt 0.30160 0.07753
vt 0.27309 0.06746
vt 0.26167 0.05329
vt 0.26476 0.07094
vt 0.32605 0.07770
vt 0.32347 0.04876
vt 0.29642 0.04285
vt 0.28506 0.00999
vt 0.33626 0.07384
vt 0.35141 0.07742
vt 0.34052 0.05780
vt 0.36417 0.07593
vt 0.33395 0.04693
vt 0.35616 0.08828
vt 0.36487 0.09843
vt 0.36887 0.08515
vt 0.38734 0.10091
vt 0.39344 0.09822
vt 0.39291 0.09034
vt 0.25204 0.04984
vt 0.24464 0.06192
vt 0.29758 0.03257
vt 0.30544 0.02650
vt 0.28809 0.00045
vt 0.30833 0.03886
vt 0.32709 0.06290
vt 0.36966 0.16393
vt 0.37114 0.14809
vt 0.25941 0.09432
vt 0.23363 0.08517
vt 0.33271 0.06245
vt 0.36198 0.16951
vt 0.36212 0.06420
vt 0.36835 0.19187
vt 0.18442 0.11790
vt 0.18989 0.09083
vt 0.16537 0.13929
vt 0.21062 0.07922
vt 0.37873 0.21542
vt 0.27970 0.00498
vt 0.38929 0.24844
vt 0.38992 0.19946
vt 0.36270 0.08808
vt 0.38319 0.27444
vt 0.16048 0.17144
vt 0.32821 0.33115
vt 0.37923 0.16013
vt 0.20762 0.05535
vt 0.23969 0.04971
vt 0.15491 0.09409
vt 0.14120 0.12294
vt 0.16659 0.08400
vt 0.13387 0.13916
vt 0.13730 0.17224
vt 0.17168 0.06624
vt 0.19186 0.05406
vt 0.21307 0.03854
vt 0.24406 0.03628
vt 0.11990 0.09669
vt 0.40352 0.23198
vt 0.36742 0.32538
vt 0.34699 0.34536
vt 0.38677 0.30697
vt 0.11041 0.11698
vt 0.13834 0.06483
vt 0.18348 0.03716
vt 0.25108 0.03618
vt 0.15196 0.04685
vt 0.12016 0.06556
vt 0.39822 0.10374
vt 0.22478 0.01801
vt 0.30361 0.03682
vt 0.38369 0.32155
vt 0.41218 0.26818
vt 0.40602 0.19416
vt 0.39173 0.14793
vt 0.40976 0.29453
vt 0.16409 0.02337
vt 0.09674 0.09082
vt 0.20038 0.00942
vt 0.16882 0.01339
vt 0.13663 0.03532
vt 0.07818 0.11563
vt 0.09673 0.13909
vt 0.36327 0.36016
vt 0.09475 0.06285
vt 0.41801 0.23910
vt 0.42133 0.21387
vt 0.25064 0.01035
vt 0.37881 0.14732
vt 0.41562 0.17770
vt 0.23182 0.00591
vt 0.12153 0.03402
vt 0.39525 0.34741
vt 0.14485 0.02033
vt 0.09961 0.05316
vt 0.07008 0.09052
vt 0.41153 0.32784
vt 0.40322 0.09402
vt 0.42483 0.27589
vt 0.42667 0.25068
vt 0.40318 0.13597
vt 0.38360 0.38352
vt 0.37144 0.38108
vt 0.42182 0.30367
vt 0.17512 0.29060
vt 0.16570 0.24807
vt 0.18315 0.26397
vt 0.15047 0.25987
vt 0.15103 0.27858
vt 0.16324 0.30927
vt 0.20284 0.28797
vt 0.19293 0.31625
vt 0.20279 0.24955
vt 0.18238 0.22615
vt 0.23000 0.27819
vt 0.22277 0.25637
vt 0.23453 0.30764
vt 0.21474 0.32647
vt 0.20863 0.33492
vt 0.17882 0.33137
vt 0.18763 0.34559
vt 0.16883 0.32973
vt 0.23702 0.33293
vt 0.13616 0.29471
vt 0.13670 0.26375
vt 0.22596 0.35476
vt 0.25334 0.31053
vt 0.26010 0.28809
vt 0.25498 0.33831
vt 0.16647 0.21155
vt 0.15016 0.21943
vt 0.13497 0.23662
vt 0.26888 0.31809
vt 0.21721 0.36392
vt 0.19038 0.35768
vt 0.24810 0.35590
vt 0.14615 0.33136
vt 0.16339 0.34966
vt 0.12672 0.30870
vt 0.28566 0.34093
vt 0.26366 0.36373
vt 0.28249 0.36150
vt 0.24582 0.37816
vt 0.23281 0.38503
vt 0.19022 0.37383
vt 0.22114 0.39699
vt 0.20480 0.39172
vt 0.11183 0.28005
vt 0.15626 0.36696
vt 0.11427 0.23778
vt 0.14605 0.20403
vt 0.13392 0.34625
vt 0.12127 0.32233
vt 0.11973 0.21987
vt 0.10066 0.24393
vt 0.10487 0.30493
vt 0.17482 0.39609
vt 0.19609 0.40254
vt 0.27189 0.38873
vt 0.25839 0.39922
vt 0.09062 0.25922
vt 0.10061 0.22295
vt 0.10645 0.19177
vt 0.11515 0.18061
vt 0.08184 0.23773
vt 0.11134 0.34647
vt 0.08237 0.27521
vt 0.09678 0.31685
vt 0.16463 0.39994
vt 0.12508 0.37333
vt 0.24633 0.41937
vt 0.14347 0.39643
vt 0.21643 0.42132
vt 0.18659 0.42011
vt 0.20439 0.43213
vt 0.07177 0.29060
vt 0.30020 0.37737
vt 0.31251 0.35843
vt 0.27308 0.40858
vt 0.29014 0.40513
vt 0.23791 0.43610
vt 0.07805 0.20921
vt 0.11993 0.15498
vt 0.09867 0.17216
vt 0.09043 0.35073
vt 0.10854 0.37537
vt 0.07843 0.32048
vt 0.07693 0.17954
vt 0.05812 0.24554
vt 0.05000 0.25946
vt 0.15061 0.41542
vt 0.05775 0.22685
vt 0.11863 0.39178
vt 0.05439 0.27736
vt 0.05572 0.20633
vt 0.07555 0.15958
vt 0.05845 0.18054
vt 0.09568 0.36707
vt 0.17980 0.43538
vt 0.05890 0.29935
vt 0.07121 0.32710
vt 0.31227 0.39768
vt 0.27872 0.43383
vt 0.27062 0.44785
vt 0.33052 0.35941
vt 0.32508 0.37898
vt 0.23535 0.44840
vt 0.20721 0.44600
vt 0.31528 0.42228
vt 0.30080 0.44209
vt 0.34173 0.40603
vt 0.35068 0.39205
vt 0.25311 0.45590
vt 0.05842 0.14848
vt 0.04269 0.23399
vt 0.04277 0.20183
vt 0.04473 0.16813
vt 0.33099 0.43345
vt 0.35872 0.41343
vt 0.05032 0.13898
vt 0.05374 0.11987
vt 0.12581 0.41669
vt 0.11395 0.41510
vt 0.13831 0.45272
vt 0.15782 0.44541
vt 0.10466 0.43049
vt 0.09660 0.39533
vt 0.16551 0.47049
vt 0.18872 0.46002
vt 0.07357 0.39864
vt 0.07648 0.36573
vt 0.06083 0.34209
vt 0.05897 0.37368
vt 0.04410 0.35508
vt 0.03523 0.32178
vt 0.04882 0.31657
vt 0.03976 0.28986
vt 0.19756 0.48784
vt 0.21124 0.46607
vt 0.21581 0.49139
vt 0.23491 0.47100
vt 0.01924 0.28709
vt 0.00979 0.24723
vt 0.25287 0.49955
vt 0.26459 0.47183
vt 0.26922 0.49286
vt 0.28958 0.49051
vt 0.29932 0.46540
vt 0.06263 0.39416
vt 0.32435 0.48415
vt 0.32804 0.45680
vt 0.03568 0.26732
vt 0.00545 0.21618
vt 0.02774 0.22813
vt 0.02734 0.20310
vt 0.00559 0.18587
vt 0.02740 0.17270
vt 0.01132 0.14614
vt 0.03158 0.14392
vt 0.02108 0.32923
vt 0.35352 0.46980
vt 0.34959 0.44423
vt 0.03808 0.37837
vt 0.01462 0.11976
vt 0.03681 0.11925
vt 0.37156 0.43299
vt 0.38173 0.45473
vt 0.00133 0.16454
vt 0.00038 0.27122
vt 0.02945 0.08437
vt 0.05026 0.08990
vt 0.00634 0.31275
vt 0.30726 0.49955
vt 0.04083 0.05050
vt 0.06617 0.05331
vt 0.00401 0.37394
vt 0.02134 0.38429
vt 0.35555 0.48531
vt 0.82133 0.24473
vt 0.84349 0.25458
vt 0.83879 0.22949
vt 0.82355 0.22780
vt 0.79858 0.23027
vt 0.81070 0.24996
vt 0.78722 0.24638
vt 0.77667 0.22996
vt 0.76331 0.24316
vt 0.83293 0.27146
vt 0.75563 0.22888
vt 0.74282 0.23745
vt 0.72779 0.23010
vt 0.72682 0.24870
vt 0.74587 0.25540
vt 0.80230 0.26839
vt 0.77923 0.26375
vt 0.82418 0.27456
vt 0.75839 0.25924
vt 0.78594 0.27326
vt 0.85160 0.27765
vt 0.81475 0.27936
vt 0.83706 0.28424
vt 0.86358 0.25550
vt 0.87360 0.27793
vt 0.85554 0.22889
vt 0.76252 0.26552
vt 0.87914 0.23020
vt 0.86202 0.28624
vt 0.88377 0.25998
vt 0.88342 0.28620
vt 0.83101 0.21137
vt 0.84657 0.20690
vt 0.82144 0.20251
vt 0.80985 0.20581
vt 0.80380 0.21185
vt 0.79082 0.20439
vt 0.78209 0.21332
vt 0.84491 0.19574
vt 0.86364 0.22720
vt 0.87479 0.20924
vt 0.86782 0.19862
vt 0.87323 0.29146
vt 0.88989 0.20206
vt 0.89982 0.28023
vt 0.90095 0.21191
vt 0.90499 0.23034
vt 0.82969 0.17888
vt 0.90230 0.25866
vt 0.89433 0.29085
vt 0.75876 0.21339
vt 0.79962 0.18222
vt 0.78937 0.16360
vt 0.81097 0.15627
vt 0.79336 0.14121
vt 0.81354 0.13613
vt 0.82675 0.15354
vt 0.76945 0.15222
vt 0.78071 0.14362
vt 0.80998 0.12997
vt 0.83070 0.12889
vt 0.84271 0.16021
vt 0.76933 0.18742
vt 0.84838 0.17765
vt 0.76747 0.17293
vt 0.74949 0.15841
vt 0.85460 0.14632
vt 0.85608 0.12239
vt 0.86939 0.17552
vt 0.88026 0.14745
vt 0.84651 0.11337
vt 0.87036 0.12725
vt 0.82965 0.11618
vt 0.80721 0.12547
vt 0.76507 0.14455
vt 0.88553 0.17619
vt 0.88630 0.11687
vt 0.86954 0.10722
vt 0.89041 0.19493
vt 0.77446 0.20375
vt 0.89313 0.10595
vt 0.89559 0.17192
vt 0.90146 0.13861
vt 0.91125 0.19518
vt 0.91762 0.20465
vt 0.91350 0.26102
vt 0.91358 0.28499
vt 0.90611 0.11052
vt 0.91699 0.17126
vt 0.92561 0.23142
vt 0.91337 0.29586
vt 0.92599 0.21101
vt 0.92505 0.13481
vt 0.93414 0.26238
vt 0.93901 0.22832
vt 0.85061 0.30430
vt 0.92818 0.28518
vt 0.87267 0.30979
vt 0.84042 0.32716
vt 0.86178 0.33697
vt 0.84764 0.35611
vt 0.83305 0.34752
vt 0.81960 0.32118
vt 0.81151 0.34032
vt 0.87042 0.35898
vt 0.88380 0.33708
vt 0.82418 0.35184
vt 0.82880 0.30111
vt 0.79701 0.29078
vt 0.89342 0.31178
vt 0.90863 0.31323
vt 0.89628 0.34451
vt 0.89381 0.36887
vt 0.87292 0.36944
vt 0.90557 0.36626
vt 0.80002 0.34505
vt 0.91414 0.34585
vt 0.83508 0.36217
vt 0.85553 0.37256
vt 0.92480 0.29651
vt 0.91906 0.36749
vt 0.93193 0.34938
vt 0.93791 0.20520
vt 0.93539 0.31576
vt 0.93480 0.17381
vt 0.93355 0.19574
vt 0.94341 0.27007
vt 0.95765 0.24618
vt 0.93269 0.10443
vt 0.94011 0.12965
vt 0.91694 0.37993
vt 0.90132 0.38056
vt 0.88046 0.37912
vt 0.93940 0.28795
vt 0.95305 0.20671
vt 0.93330 0.37257
vt 0.96184 0.33909
vt 0.95893 0.17624
vt 0.95017 0.29451
vt 0.95348 0.33105
vt 0.96671 0.27755
vt 0.97453 0.24121
vt 0.95736 0.19685
vt 0.97893 0.26004
vt 0.95716 0.10998
vt 0.97014 0.13956
vt 0.96945 0.31785
vt 0.97957 0.22169
vt 0.93783 0.38129
vt 0.96067 0.37488
vt 0.98131 0.15679
vt 0.98376 0.31077
vt 0.98677 0.19492
vt 0.99315 0.29067
vt 0.98340 0.34479
vt 0.99869 0.27171
vt 0.99859 0.24385
vt 0.87308 0.39718
vt 0.99962 0.21431
vt 0.98858 0.13621
vt 0.89242 0.39828
vt 0.89485 0.43066
vt 0.86990 0.42749
vt 0.88303 0.45259
vt 0.85306 0.44347
vt 0.86644 0.45574
vt 0.85208 0.42023
vt 0.83457 0.43938
vt 0.85675 0.39141
vt 0.84497 0.45045
vt 0.91271 0.43779
vt 0.89484 0.46154
vt 0.91399 0.46286
vt 0.90804 0.40114
vt 0.94960 0.42421
vt 0.92979 0.40505
vt 0.98823 0.36279
vt 0.92960 0.46881
vt 0.96136 0.39981
vt 0.99691 0.33322
vt 0.99962 0.30928
vt 0.91788 0.93183
vt 0.90860 0.93592
vt 0.91547 0.91970
vt 0.92008 0.91002
vt 0.92979 0.90148
vt 0.92968 0.88211
vt 0.91796 0.87703
vt 0.93521 0.89635
vt 0.92108 0.86281
vt 0.93165 0.86407
vt 0.93150 0.83763
vt 0.93159 0.93612
vt 0.91948 0.84394
vt 0.93097 0.82420
vt 0.92807 0.95262
vt 0.93230 0.95199
vt 0.93364 0.96929
vt 0.92694 0.97178
vt 0.92918 0.99024
vt 0.93806 0.98709
vt 0.91743 0.81909
vt 0.90192 0.97242
vt 0.91099 0.95359
vt 0.88968 0.99509
vt 0.88173 0.99037
vt 0.90505 0.95323
vt 0.87403 0.99955
vt 0.92847 0.99955
vt 0.89340 0.97025
vt 0.93807 0.99838
vt 0.90026 0.82976
vt 0.90097 0.84621
vt 0.90215 0.86358
vt 0.89984 0.80696
vt 0.92046 0.81132
vt 0.87687 0.96327
vt 0.87933 0.94668
vt 0.84767 0.96010
vt 0.85250 0.94070
vt 0.83105 0.93775
vt 0.81799 0.95553
vt 0.80544 0.93621
vt 0.79529 0.95386
vt 0.78272 0.93634
vt 0.77129 0.95640
vt 0.75536 0.94041
vt 0.74626 0.96186
vt 0.72431 0.94724
vt 0.86440 0.92216
vt 0.82740 0.91788
vt 0.80268 0.91403
vt 0.78466 0.91638
vt 0.79688 0.89788
vt 0.79682 0.88144
vt 0.76905 0.89579
vt 0.76766 0.86782
vt 0.75879 0.87834
vt 0.75524 0.85186
vt 0.75124 0.91483
vt 0.72965 0.89669
vt 0.88847 0.92806
vt 0.71948 0.87574
vt 0.74703 0.92407
vt 0.72585 0.92243
vt 0.70020 0.89109
vt 0.70609 0.91391
vt 0.73882 0.96698
vt 0.70970 0.92782
vt 0.70810 0.97295
vt 0.67969 0.89331
vt 0.67668 0.92816
vt 0.68463 0.93884
vt 0.65540 0.94694
vt 0.93303 0.81366
vt 0.25533 0.68139
vt 0.29125 0.65663
vt 0.28591 0.67383
vt 0.30608 0.67024
vt 0.31406 0.68287
vt 0.24910 0.66498
vt 0.23049 0.69910
vt 0.26801 0.70569
vt 0.23779 0.72564
vt 0.22537 0.73899
vt 0.22846 0.75877
vt 0.21417 0.67558
vt 0.21243 0.70840
vt 0.23848 0.64557
vt 0.27724 0.63248
vt 0.28591 0.64216
vt 0.30242 0.62268
vt 0.27560 0.69423
vt 0.21074 0.64635
vt 0.25868 0.62449
vt 0.28594 0.68481
vt 0.29943 0.68996
vt 0.22431 0.62478
vt 0.25001 0.58807
vt 0.19662 0.70655
vt 0.16466 0.72800
vt 0.19111 0.68606
vt 0.19625 0.74103
vt 0.18284 0.66910
vt 0.15757 0.69151
vt 0.16707 0.66102
vt 0.18046 0.63768
vt 0.19852 0.61206
vt 0.16471 0.60003
vt 0.21266 0.57701
vt 0.28694 0.71070
vt 0.30003 0.70732
vt 0.16605 0.70913
vt 0.15437 0.67349
vt 0.14567 0.68221
vt 0.14944 0.66062
vt 0.13311 0.66336
vt 0.22347 0.76215
vt 0.15014 0.64380
vt 0.20547 0.59006
vt 0.19404 0.58924
vt 0.17616 0.59520
vt 0.28603 0.61292
vt 0.28156 0.59482
vt 0.26526 0.59500
vt 0.15469 0.63241
vt 0.16272 0.61696
vt 0.25073 0.72247
vt 0.11910 0.68260
vt 0.11827 0.69603
vt 0.19658 0.55642
vt 0.18734 0.57174
vt 0.23802 0.58777
vt 0.25832 0.55555
vt 0.22004 0.58511
vt 0.22146 0.56664
vt 0.26056 0.55997
vt 0.14375 0.58513
vt 0.14802 0.58056
vt 0.11835 0.63544
vt 0.20581 0.54578
vt 0.14209 0.69960
vt 0.13654 0.62423
vt 0.24751 0.73318
vt 0.24472 0.76058
vt 0.23861 0.75954
vt 0.23028 0.77840
vt 0.22406 0.78192
vt 0.25403 0.76439
vt 0.25803 0.74447
vt 0.26614 0.71937
vt 0.28701 0.72327
vt 0.33358 0.67381
vt 0.29172 0.58404
vt 0.31296 0.72810
vt 0.31588 0.71412
vt 0.21352 0.73933
vt 0.20416 0.74962
vt 0.21366 0.77226
vt 0.21059 0.78787
vt 0.19829 0.77944
vt 0.15826 0.70491
vt 0.14519 0.71815
vt 0.14451 0.73098
vt 0.31297 0.65682
vt 0.27972 0.74847
vt 0.26726 0.73118
vt 0.26807 0.76066
vt 0.26552 0.76786
vt 0.24133 0.78285
vt 0.33902 0.68906
vt 0.26766 0.58007
vt 0.29302 0.56150
vt 0.31105 0.64331
vt 0.31292 0.63232
vt 0.33874 0.63695
vt 0.33777 0.62404
vt 0.22667 0.79533
vt 0.12148 0.71423
vt 0.12643 0.70654
vt 0.31416 0.69696
vt 0.12030 0.64915
vt 0.18703 0.73466
vt 0.17366 0.73470
vt 0.16365 0.75892
vt 0.16978 0.76728
vt 0.15402 0.76119
vt 0.18886 0.76037
vt 0.17572 0.57853
vt 0.16141 0.57720
vt 0.13508 0.56930
vt 0.15147 0.73859
vt 0.14795 0.75066
vt 0.14002 0.75285
vt 0.25086 0.78899
vt 0.11952 0.66560
vt 0.12915 0.74336
vt 0.12698 0.72774
vt 0.11400 0.73712
vt 0.10177 0.71775
vt 0.10762 0.72194
vt 0.11837 0.62162
vt 0.12452 0.61891
vt 0.09105 0.64150
vt 0.17945 0.55441
vt 0.15842 0.55308
vt 0.14807 0.56252
vt 0.08988 0.65096
vt 0.08801 0.71211
vt 0.07986 0.62744
vt 0.09507 0.61571
vt 0.12544 0.56973
vt 0.27233 0.53445
vt 0.14628 0.78656
vt 0.21759 0.54156
vt 0.22375 0.54266
vt 0.19162 0.52890
vt 0.17835 0.50998
vt 0.20281 0.52114
vt 0.22251 0.51517
vt 0.21589 0.52107
vt 0.29081 0.55063
vt 0.27489 0.56136
vt 0.12289 0.55718
vt 0.28764 0.53781
vt 0.30167 0.57843
vt 0.31261 0.56561
vt 0.30393 0.56689
vt 0.32714 0.72767
vt 0.33231 0.72186
vt 0.33075 0.64258
vt 0.27252 0.78728
vt 0.27676 0.78030
vt 0.36042 0.67816
vt 0.33216 0.65975
vt 0.33724 0.65434
vt 0.36096 0.65519
vt 0.36155 0.66248
vt 0.26530 0.80201
vt 0.33695 0.74620
vt 0.34415 0.73075
vt 0.31524 0.55365
vt 0.31124 0.53392
vt 0.36532 0.69701
vt 0.36231 0.61810
vt 0.36205 0.63555
vt 0.23458 0.55482
vt 0.24380 0.56213
vt 0.32821 0.54917
vt 0.31641 0.61808
vt 0.31758 0.61374
vt 0.33493 0.60424
vt 0.33605 0.61027
vt 0.35193 0.60460
vt 0.35683 0.59349
vt 0.32632 0.69967
vt 0.33683 0.70939
vt 0.34943 0.70628
vt 0.35285 0.71644
vt 0.29323 0.75627
vt 0.28520 0.76694
vt 0.29525 0.77433
vt 0.30751 0.76974
vt 0.37841 0.65975
vt 0.30504 0.60518
vt 0.31924 0.59316
vt 0.31315 0.58327
vt 0.33395 0.56971
vt 0.34460 0.58239
vt 0.30561 0.73999
vt 0.29287 0.73293
vt 0.31131 0.75296
vt 0.32240 0.75927
vt 0.30024 0.79166
vt 0.24449 0.80219
vt 0.15799 0.79373
vt 0.14717 0.52996
vt 0.19940 0.80574
vt 0.18925 0.81062
vt 0.21207 0.81421
vt 0.23245 0.81044
vt 0.11617 0.75437
vt 0.12337 0.77353
vt 0.28148 0.80738
vt 0.28555 0.80172
vt 0.29172 0.80740
vt 0.37553 0.59439
vt 0.39059 0.63407
vt 0.37713 0.72026
vt 0.39001 0.70349
vt 0.39052 0.67960
vt 0.38445 0.65272
vt 0.32794 0.75380
vt 0.36739 0.72477
vt 0.36288 0.74380
vt 0.25425 0.82103
vt 0.31934 0.78848
vt 0.34802 0.56023
vt 0.34312 0.53704
vt 0.18493 0.78292
vt 0.18018 0.77783
vt 0.17272 0.79757
vt 0.17885 0.80348
vt 0.13748 0.78938
vt 0.12585 0.78331
vt 0.35873 0.76046
vt 0.36098 0.76977
vt 0.24648 0.83144
vt 0.38953 0.61095
vt 0.37505 0.58574
vt 0.36695 0.56850
vt 0.18925 0.50588
vt 0.40034 0.66032
vt 0.33096 0.77052
vt 0.34389 0.77518
vt 0.22519 0.83180
vt 0.31053 0.81110
vt 0.19339 0.82555
vt 0.08678 0.70508
vt 0.09497 0.68827
vt 0.07564 0.69156
vt 0.09381 0.73159
vt 0.08204 0.72978
vt 0.09038 0.75320
vt 0.16531 0.81970
vt 0.14096 0.81421
vt 0.18487 0.84061
vt 0.09220 0.67053
vt 0.10754 0.66467
vt 0.09715 0.66397
vt 0.07368 0.66573
vt 0.17187 0.82685
vt 0.10160 0.76627
vt 0.09711 0.78087
vt 0.34015 0.78443
vt 0.27125 0.82898
vt 0.06261 0.67677
vt 0.05021 0.64738
vt 0.23452 0.84392
vt 0.14716 0.81988
vt 0.29444 0.82929
vt 0.11105 0.78902
vt 0.38420 0.75543
vt 0.38792 0.73538
vt 0.33278 0.80492
vt 0.20980 0.84170
vt 0.40655 0.68116
vt 0.20708 0.85996
vt 0.22775 0.85360
vt 0.06135 0.70843
vt 0.05418 0.72502
vt 0.05735 0.69590
vt 0.06935 0.64929
vt 0.05273 0.66841
vt 0.06824 0.74648
vt 0.11995 0.81734
vt 0.35881 0.79432
vt 0.25539 0.84620
vt 0.27729 0.85173
vt 0.30149 0.82585
vt 0.16372 0.84884
vt 0.10151 0.81298
vt 0.08126 0.79137
vt 0.15547 0.84132
vt 0.29169 0.83894
vt 0.32121 0.83032
vt 0.42135 0.66415
vt 0.36517 0.54346
vt 0.05632 0.74437
vt 0.06544 0.77196
vt 0.12997 0.84292
vt 0.13785 0.84505
vt 0.39089 0.57784
vt 0.09108 0.81076
vt 0.30858 0.84383
vt 0.02777 0.70713
vt 0.36160 0.81278
vt 0.34558 0.82404
vt 0.30743 0.85260
vt 0.22361 0.86935
vt 0.10716 0.83922
vt 0.38362 0.55667
vt 0.35692 0.52519
vt 0.02658 0.68694
vt 0.03811 0.67812
vt 0.05824 0.75726
vt 0.03851 0.76774
vt 0.03127 0.73562
vt 0.33092 0.84857
vt 0.03493 0.75726
vt 0.07558 0.83491
vt 0.12178 0.86935
vt 0.04642 0.78870
vt 0.06674 0.80853
vt 0.14634 0.86364
vt 0.02674 0.77012
vt 0.38318 0.52811
vt 0.37730 0.50720
vt 0.31816 0.86580
vt 0.35809 0.84305
vt 0.06744 0.83467
vt 0.37519 0.83141
vt 0.00780 0.71479
vt 0.01612 0.74153
vt 0.00646 0.69650
vt 0.61893 0.09222
vt 0.63715 0.08293
vt 0.62399 0.07301
vt 0.63609 0.05502
vt 0.62378 0.05226
vt 0.63675 0.04032
vt 0.65070 0.07880
vt 0.60709 0.08666
vt 0.65193 0.05184
vt 0.65070 0.09051
vt 0.65183 0.03868
vt 0.58878 0.08435
vt 0.60990 0.04749
vt 0.63478 0.02648
vt 0.55571 0.09961
vt 0.56946 0.08335
vt 0.56042 0.03194
vt 0.57229 0.12102
vt 0.60129 0.03396
vt 0.62229 0.02698
vt 0.57741 0.15953
vt 0.59284 0.13770
vt 0.55241 0.18876
vt 0.61669 0.14583
vt 0.58734 0.19107
vt 0.61637 0.17522
vt 0.61418 0.20127
vt 0.62887 0.20650
vt 0.59119 0.02566
vt 0.60920 0.11103
vt 0.61883 0.11506
vt 0.62369 0.10564
vt 0.62712 0.12086
vt 0.65051 0.10754
vt 0.64875 0.11947
vt 0.63435 0.01842
vt 0.65057 0.02246
vt 0.54352 0.03230
vt 0.54057 0.11841
vt 0.53982 0.04710
vt 0.53619 0.09169
vt 0.53657 0.18708
vt 0.53560 0.12456
vt 0.52501 0.09587
vt 0.52668 0.03123
vt 0.51083 0.03036
vt 0.52080 0.18629
vt 0.50419 0.18203
vt 0.50766 0.09604
vt 0.50625 0.19236
vt 0.55862 0.02292
vt 0.51048 0.01915
vt 0.65287 0.01410
vt 0.63327 0.14958
vt 0.64874 0.14418
vt 0.64310 0.17592
vt 0.63057 0.18219
vt 0.63898 0.20812
vt 0.64517 0.20666
vt 0.52886 0.01949
vt 0.58385 0.20039
vt 0.63352 0.21484
vt 0.61053 0.21111
vt 0.50278 0.07552
vt 0.64843 0.17704
vt 0.49734 0.18779
vt 0.60433 0.01749
vt 0.62378 0.01215
vt 0.64543 0.21651
vt 0.54371 0.02090
vt 0.50274 0.02867
vt 0.53622 0.19552
vt 0.54937 0.20056
vt 0.52146 0.19803
vt 0.65657 0.02522
vt 0.65820 0.01617
vt 0.65828 0.12249
vt 0.66400 0.10949
vt 0.68260 0.12070
vt 0.68440 0.10592
vt 0.69688 0.11502
vt 0.68406 0.13022
vt 0.65579 0.04300
vt 0.65987 0.08247
vt 0.65854 0.14910
vt 0.68693 0.15134
vt 0.65818 0.17979
vt 0.67741 0.18186
vt 0.65815 0.19534
vt 0.65975 0.20730
vt 0.69713 0.20085
vt 0.69941 0.17478
vt 0.68352 0.21531
vt 0.65838 0.21625
vt 0.68152 0.08864
vt 0.68198 0.05559
vt 0.66510 0.04966
vt 0.69474 0.03451
vt 0.66986 0.02834
vt 0.69484 0.05533
vt 0.70134 0.08724
vt 0.68105 0.01550
vt 0.72701 0.04712
vt 0.71672 0.06453
vt 0.70013 0.02291
vt 0.71348 0.03226
vt 0.70499 0.12661
vt 0.71061 0.14734
vt 0.71849 0.12255
vt 0.70039 0.21363
vt 0.66912 0.01811
vt 0.65154 0.20768
vt 0.70367 0.10390
vt 0.72484 0.17556
vt 0.71656 0.19751
vt 0.72276 0.09017
vt 0.73495 0.04350
vt 0.73594 0.19156
vt 0.73594 0.07126
vt 0.72647 0.11459
vt 0.72097 0.20869
vt 0.59477 0.21001
vt 0.65386 0.22389
vt 0.66995 0.24128
vt 0.66431 0.00678
vt 0.68779 0.23982
vt 0.68762 0.27142
vt 0.67290 0.27647
vt 0.66827 0.30478
vt 0.65525 0.28711
vt 0.64665 0.28689
vt 0.64739 0.31516
vt 0.62717 0.29315
vt 0.69392 0.29393
vt 0.62124 0.30095
vt 0.62643 0.32208
vt 0.63505 0.25191
vt 0.64989 0.24796
vt 0.61925 0.25492
vt 0.60157 0.27970
vt 0.72899 0.27928
vt 0.70843 0.26581
vt 0.66413 0.31826
vt 0.60334 0.23870
vt 0.67963 0.31149
vt 0.61844 0.32755
vt 0.57757 0.27549
vt 0.57345 0.24103
vt 0.70177 0.30033
vt 0.58542 0.30165
vt 0.63371 0.32988
vt 0.56529 0.24822
vt 0.55841 0.28309
vt 0.65304 0.32631
vt 0.55104 0.25765
vt 0.59052 0.32722
vt 0.56511 0.31274
vt 0.57662 0.33650
vt 0.59803 0.35475
vt 0.69802 0.30956
vt 0.58502 0.36413
vt 0.60938 0.38521
vt 0.62625 0.35719
vt 0.62853 0.41461
vt 0.64276 0.39232
vt 0.64850 0.35148
vt 0.65826 0.38429
vt 0.65318 0.41076
vt 0.67298 0.40588
vt 0.67217 0.37849
vt 0.69395 0.39431
vt 0.69411 0.36797
vt 0.71037 0.38659
vt 0.73104 0.37603
vt 0.71961 0.35703
vt 0.66808 0.34385
vt 0.68326 0.33833
vt 0.72290 0.38652
vt 0.69924 0.33305
vt 0.70430 0.39941
vt 0.71637 0.32525
vt 0.59598 0.38946
vt 0.67873 0.41391
vt 0.57338 0.35742
vt 0.64517 0.42360
vt 0.66125 0.42254
vt 0.58133 0.38626
vt 0.89324 0.73857
vt 0.92037 0.73644
vt 0.91902 0.75090
vt 0.90883 0.74994
vt 0.92591 0.75090
vn -0.0872 0.5034 -0.8596
vn -0.0096 0.6060 -0.7954
vn -0.2173 0.5658 -0.7954
vn -0.2476 0.4372 -0.8646
vn -0.0945 0.3964 -0.9132
vn -0.2358 0.3407 -0.9101
vn -0.0949 0.2840 -0.9541
vn -0.2462 0.3803 -0.8915
vn -0.3306 0.4575 -0.8255
vn 0.1337 0.4993 -0.8560
vn -0.1935 0.6121 -0.7667
vn -0.3871 0.5851 -0.7126
vn -0.3057 0.2146 -0.9276
vn -0.0373 0.2742 -0.9610
vn -0.2307 0.1845 -0.9554
vn -0.0976 0.2507 -0.9631
vn -0.2455 0.3876 -0.8885
vn -0.0702 0.4665 -0.8817
vn 0.0790 0.4652 -0.8817
vn -0.5127 0.5039 -0.6952
vn -0.4032 0.6138 -0.6787
vn 0.0257 0.5785 -0.8152
vn -0.5681 0.3107 -0.7621
vn 0.3063 0.3084 -0.9006
vn -0.1427 0.0854 -0.9861
vn -0.1805 0.7275 -0.6619
vn -0.0427 0.6809 -0.7311
vn -0.2580 0.6560 -0.7093
vn 0.1592 0.6946 -0.7016
vn -0.2220 0.7058 -0.6727
vn 0.3144 0.6041 -0.7322
vn -0.5962 0.4501 -0.6647
vn 0.2614 0.7012 -0.6633
vn -0.0121 0.7614 -0.6482
vn -0.2992 0.7291 -0.6156
vn 0.1090 0.7829 -0.6125
vn -0.4281 0.8096 -0.4016
vn -0.1829 0.8004 -0.5709
vn -0.3555 0.7845 -0.5082
vn -0.2822 0.7727 -0.5686
vn 0.0880 0.8329 -0.5464
vn 0.3113 0.7907 -0.5272
vn -0.5314 0.7197 -0.4467
vn -0.5704 0.6317 -0.5250
vn -0.3329 0.8288 -0.4498
vn -0.0838 0.8968 -0.4345
vn -0.3097 0.8588 -0.4081
vn -0.4542 0.8541 -0.2532
vn 0.2946 0.7744 -0.5599
vn 0.3744 0.8256 -0.4222
vn 0.2602 0.8467 -0.4642
vn 0.2491 0.8856 -0.3920
vn -0.2416 0.9216 -0.3039
vn 0.0231 0.9392 -0.3427
vn 0.2708 0.5246 -0.8071
vn -0.5180 0.5828 -0.6261
vn -0.4991 0.6637 -0.5571
vn -0.3158 0.6431 -0.6976
vn -0.2820 0.7045 -0.6513
vn -0.2135 0.7032 -0.6781
vn -0.3111 0.6341 -0.7079
vn -0.2353 0.7943 -0.5602
vn -0.1679 0.7764 -0.6074
vn -0.3790 0.5348 -0.7552
vn -0.3595 0.5540 -0.7509
vn -0.1152 0.8148 -0.5681
vn -0.0710 0.8189 -0.5695
vn -0.4346 0.7230 -0.5370
vn -0.3802 0.7710 -0.5110
vn -0.3489 0.4237 -0.8359
vn -0.3542 0.4308 -0.8300
vn -0.4349 0.8044 -0.4047
vn -0.4619 0.8336 -0.3028
vn -0.5202 0.4583 -0.7207
vn -0.5816 0.7870 -0.2056
vn -0.5013 0.8415 -0.2015
vn -0.6242 0.7365 -0.2607
vn -0.3793 0.8742 -0.3032
vn -0.6649 0.6444 -0.3777
vn -0.4179 0.3231 -0.8491
vn -0.5481 0.3748 -0.7477
vn -0.7432 0.4708 -0.4754
vn -0.3754 0.2657 -0.8879
vn -0.7626 0.5486 -0.3427
vn -0.6910 0.3045 -0.6556
vn -0.5695 0.2709 -0.7761
vn -0.3999 0.8697 -0.2892
vn -0.4409 0.2064 -0.8735
vn -0.2951 0.0750 -0.9525
vn -0.8146 0.3637 -0.4519
vn -0.6467 0.1174 -0.7537
vn -0.1975 0.1183 -0.9731
vn -0.1062 0.0955 -0.9897
vn -0.6081 0.0784 -0.7900
vn -0.5503 0.0879 -0.8303
vn -0.4738 0.0398 -0.8797
vn -0.1167 0.0244 -0.9929
vn 0.2464 0.1052 -0.9634
vn -0.1854 -0.0095 -0.9826
vn -0.1172 -0.0830 -0.9896
vn -0.4500 -0.0492 -0.8917
vn 0.2564 0.3664 -0.8944
vn 0.0775 0.4436 -0.8929
vn 0.1241 0.6324 -0.7646
vn 0.0450 0.5718 -0.8191
vn 0.1572 0.4586 -0.8746
vn 0.0989 0.5848 -0.8052
vn -0.0363 0.6401 -0.7674
vn 0.0487 0.7191 -0.6933
vn -0.0797 0.7238 -0.6854
vn -0.1681 0.7919 -0.5871
vn -0.2649 0.7919 -0.5502
vn 0.2231 0.8590 -0.4607
vn 0.0557 0.3090 -0.9494
vn 0.0944 0.3429 -0.9346
vn -0.0279 0.9287 -0.3697
vn 0.2790 0.7166 -0.6393
vn 0.2701 0.6179 -0.7384
vn 0.1012 0.8407 -0.5320
vn 0.1095 0.2455 -0.9632
vn 0.0684 0.9488 -0.3085
vn 0.3279 0.3226 -0.8879
vn 0.1000 0.1095 -0.9889
vn 0.2491 0.1845 -0.9507
vn 0.3437 0.7823 -0.5196
vn 0.3128 0.8517 -0.4205
vn 0.1306 0.0885 -0.9875
vn 0.0909 -0.0741 -0.9931
vn -0.2201 -0.0823 -0.9720
vn 0.2016 0.0397 -0.9787
vn 0.5424 0.2193 -0.8110
vn -0.1282 -0.1363 -0.9823
vn -0.5884 -0.0884 -0.8038
vn 0.2328 -0.1008 -0.9673
vn 0.1716 -0.0769 -0.9822
vn -0.5169 -0.1228 -0.8472
vn 0.1073 -0.1747 -0.9788
vn 0.4209 -0.0606 -0.9051
vn -0.5326 -0.1710 -0.8289
vn -0.2141 -0.2086 -0.9543
vn -0.3703 -0.2161 -0.9035
vn 0.0226 -0.2166 -0.9760
vn 0.1811 -0.2062 -0.9616
vn -0.0515 -0.2708 -0.9612
vn -0.1346 -0.2859 -0.9488
vn -0.4683 -0.1945 -0.8619
vn -0.8691 0.1553 -0.4697
vn 0.2935 -0.2548 -0.9214
vn -0.2650 -0.3429 -0.9012
vn -0.3481 -0.2961 -0.8895
vn -0.4650 -0.3138 -0.8279
vn -0.5649 -0.2422 -0.7888
vn -0.1515 -0.4234 -0.8932
vn 0.0487 -0.3191 -0.9465
vn -0.6365 -0.2353 -0.7345
vn -0.0523 -0.4225 -0.9049
vn -0.7151 -0.1571 -0.6812
vn 0.4420 -0.2115 -0.8717
vn 0.1936 -0.3957 -0.8978
vn 0.2990 -0.3038 -0.9046
vn -0.3515 -0.4850 -0.8008
vn 0.0058 -0.5264 -0.8502
vn 0.1479 -0.4985 -0.8542
vn -0.8378 -0.0185 -0.5456
vn -0.4081 -0.5032 -0.7617
vn -0.5446 -0.4375 -0.7156
vn -0.2001 -0.5696 -0.7972
vn -0.7963 -0.0325 -0.6040
vn -0.7715 0.0696 -0.6324
vn -0.8404 0.1233 -0.5278
vn -0.7511 0.2556 -0.6087
vn -0.7474 0.1031 -0.6564
vn -0.7560 0.2728 -0.5951
vn -0.6693 0.4147 -0.6165
vn -0.6408 0.4023 -0.6538
vn -0.7129 0.4226 -0.5596
vn -0.6285 0.5338 -0.5657
vn -0.6198 0.5491 -0.5607
vn -0.5476 0.6293 -0.5516
vn -0.5675 0.6418 -0.5157
vn -0.5005 0.7321 -0.4620
vn -0.4605 0.7219 -0.5165
vn -0.7548 0.4320 -0.4937
vn -0.7223 0.5593 -0.4068
vn -0.8241 0.2809 -0.4918
vn -0.6561 0.6789 -0.3295
vn -0.8383 -0.0527 -0.5426
vn -0.8109 -0.1420 -0.5677
vn -0.6578 -0.3365 -0.6738
vn -0.7500 -0.2440 -0.6147
vn -0.0974 -0.5919 -0.8001
vn -0.7057 -0.3906 -0.5911
vn -0.5524 -0.5502 -0.6262
vn -0.7973 -0.3065 -0.5199
vn -0.8590 -0.2113 -0.4664
vn -0.6040 -0.5520 -0.5750
vn -0.7010 -0.5209 -0.4871
vn -0.9713 -0.2210 0.0884
vn -0.9352 -0.3482 0.0639
vn -0.9438 -0.2671 0.1945
vn -0.9673 -0.0944 0.2353
vn -0.9825 -0.1490 0.1115
vn -0.8952 -0.2818 0.3452
vn -0.9673 -0.0949 0.2354
vn -0.8606 -0.2281 0.4554
vn -0.8638 -0.3754 0.3361
vn -0.8422 -0.4874 0.2307
vn -0.8120 -0.5656 0.1439
vn -0.8565 -0.0809 0.5098
vn -0.9809 0.0673 0.1827
vn -0.9685 -0.2296 -0.0963
vn -0.9389 -0.3340 -0.0830
vn -0.9629 0.1647 0.2137
vn -0.9710 0.1221 0.2054
vn -0.9652 -0.0135 0.2610
vn -0.9777 -0.0889 -0.1902
vn -0.9616 0.0779 -0.2632
vn -0.9544 0.2032 0.2187
vn -0.7992 -0.3269 0.5044
vn -0.8367 -0.5472 0.0208
vn -0.7694 0.1250 0.6265
vn -0.7310 -0.5718 0.3723
vn -0.9594 0.2476 0.1353
vn -0.9153 0.2829 0.2867
vn -0.9519 -0.2161 -0.2172
vn -0.9646 -0.1544 -0.2137
vn -0.8430 -0.5201 -0.1374
vn -0.8674 -0.4171 -0.2713
vn -0.9141 -0.2975 -0.2756
vn -0.8955 -0.2363 -0.3772
vn -0.9328 -0.1611 -0.3223
vn -0.9802 -0.0008 -0.1981
vn -0.9682 0.1271 -0.2157
vn -0.9622 -0.0362 -0.2699
vn -0.9302 0.1949 -0.3109
vn -0.9831 0.1557 -0.0961
vn -0.9369 0.1681 -0.3066
vn -0.8999 0.3035 -0.3131
vn -0.8940 0.3561 -0.2719
vn -0.9419 0.3235 -0.0910
vn -0.9370 0.3423 -0.0694
vn -0.9139 0.3670 0.1735
vn -0.9102 0.3987 0.1123
vn -0.8902 0.4431 -0.1058
vn -0.8775 0.3826 0.2893
vn -0.8253 -0.3826 -0.4153
vn -0.8590 -0.2113 -0.4664
vn -0.8383 -0.0527 -0.5426
vn -0.7808 -0.5759 -0.2422
vn -0.8862 0.4567 -0.0785
vn -0.9034 0.3659 0.2234
vn -0.7762 0.5036 0.3795
vn -0.8677 0.4719 -0.1561
vn -0.8600 0.4817 0.1681
vn -0.8494 0.5032 0.1592
vn -0.7474 0.1031 -0.6564
vn -0.7560 0.2728 -0.5951
vn -0.8202 0.5075 0.2641
vn -0.8191 0.5151 -0.2524
vn -0.6979 0.3437 0.6283
vn -0.7914 0.6047 -0.0898
vn -0.8022 0.5924 -0.0748
vn -0.7878 0.6045 0.1180
vn -0.8032 0.4772 -0.3567
vn -0.8128 0.4569 -0.3613
vn -0.6693 0.4147 -0.6165
vn -0.7878 0.6066 0.1063
vn -0.8175 0.5741 0.0452
vn -0.7289 0.6378 -0.2489
vn -0.7254 0.5946 -0.3467
vn -0.7185 0.6301 0.2947
vn -0.6755 0.5748 0.4618
vn -0.7528 0.6533 -0.0803
vn -0.7164 0.6945 0.0665
vn -0.7814 0.6160 0.0997
vn -0.7073 0.7063 0.0302
vn -0.7040 0.7091 -0.0393
vn -0.6285 0.5338 -0.5657
vn -0.6155 0.6714 0.4127
vn -0.6903 0.6958 0.1983
vn -0.6425 0.7227 -0.2548
vn -0.5923 0.4614 0.6605
vn -0.6675 0.7260 0.1654
vn -0.5951 0.7197 0.3575
vn -0.5922 0.6885 -0.4188
vn -0.6180 0.7850 0.0419
vn -0.6253 0.7777 -0.0648
vn -0.4851 0.7248 0.4892
vn -0.6152 0.7884 -0.0054
vn -0.5476 0.6293 -0.5516
vn -0.5997 0.7996 0.0318
vn -0.6160 0.7756 0.1379
vn -0.5486 0.7842 -0.2898
vn -0.4605 0.7219 -0.5165
vn -0.5255 0.7847 -0.3288
vn -0.8109 -0.1420 -0.5677
vn -0.7837 -0.0963 0.6137
vn -0.7480 0.0815 0.6587
vn -0.8149 0.0203 0.5792
vn -0.8171 0.2147 0.5351
vn -0.7572 0.0243 0.6527
vn -0.8452 0.2865 0.4512
vn -0.7864 0.3752 0.4907
vn -0.7346 0.4336 0.5220
vn -0.7483 0.4765 0.4615
vn -0.6757 0.6036 0.4231
vn -0.6261 0.5396 0.5628
vn -0.7009 0.5901 0.4006
vn -0.6228 0.6999 0.3495
vn -0.6623 0.6715 0.3323
vn -0.6366 0.2116 0.7416
vn -0.6015 0.7544 0.2629
vn -0.6959 0.3072 0.6491
vn -0.6377 0.4908 0.5936
vn -0.5596 0.6199 0.5500
vn -0.7535 -0.1351 0.6434
vn -0.6495 -0.1408 0.7472
vn -0.4410 0.4504 0.7763
vn -0.4676 0.2342 0.8524
vn -0.4837 0.5585 0.6739
vn -0.7542 -0.2619 0.6022
vn -0.4600 0.6956 0.5518
vn -0.5481 0.0280 0.8360
vn -0.6299 -0.2058 0.7489
vn -0.2801 0.6042 0.7460
vn -0.6736 -0.2791 0.6843
vn -0.3343 0.5063 0.7950
vn -0.6965 -0.3556 0.6232
vn -0.6756 -0.5247 0.5179
vn -0.5659 -0.3252 0.7576
vn -0.6127 -0.5092 0.6044
vn -0.5157 -0.0458 0.8556
vn -0.5060 -0.1812 0.8433
vn -0.5696 -0.0470 0.8205
vn -0.5328 -0.1637 0.8302
vn -0.6027 -0.0001 0.7980
vn -0.7768 -0.0622 0.6266
vn -0.8791 0.1102 0.4637
vn -0.6740 0.2985 0.6757
vn -0.8191 0.3276 0.4708
vn -0.4955 0.7588 0.4227
vn -0.6678 0.3626 0.6501
vn -0.6441 0.1971 0.7391
vn -0.4341 0.7681 0.4706
vn -0.5478 0.4568 0.7009
vn -0.5756 0.2952 0.7626
vn -0.5360 0.4820 0.6930
vn -0.5728 0.1284 0.8096
vn -0.5462 -0.1216 0.8288
vn -0.8305 -0.1106 0.5459
vn -0.5191 0.5981 0.6107
vn -0.5227 0.5620 0.6411
vn -0.5955 -0.2553 0.7617
vn -0.9833 -0.1348 0.1226
vn -0.8855 -0.1203 0.4488
vn -0.5844 -0.2906 0.7577
vn -0.9738 -0.1870 0.1296
vn -0.6446 -0.5503 0.5307
vn -0.9968 0.0451 0.0658
vn -0.9894 0.0810 0.1204
vn -0.8075 -0.0175 0.5895
vn -0.6942 0.0936 0.7137
vn -0.9998 -0.0042 0.0178
vn -0.6485 -0.1456 0.7472
vn -0.5621 -0.1062 0.8202
vn -0.8140 -0.5763 0.0728
vn -0.4052 -0.0622 0.9121
vn -0.9977 -0.0534 0.0423
vn -0.9973 0.0066 0.0732
vn -0.7302 -0.3751 0.5710
vn -0.5468 -0.3950 0.7382
vn -0.4922 -0.6089 0.6221
vn -0.9050 -0.4214 0.0587
vn -0.3955 -0.5238 0.7544
vn -0.5249 -0.2727 0.8063
vn -0.4905 0.0632 0.8692
vn -0.4936 -0.6918 0.5271
vn -0.5254 -0.5389 0.6585
vn -0.4562 0.2179 0.8628
vn -0.4041 0.3520 0.8442
vn -0.7920 -0.5551 0.2543
vn -0.4396 -0.3053 0.8447
vn -0.4338 -0.5088 0.7436
vn -0.6850 -0.6036 0.4079
vn -0.8064 -0.4975 0.3197
vn -0.7380 -0.5190 0.4314
vn -0.6569 -0.5301 0.5361
vn -0.6942 -0.4831 0.5335
vn -0.7876 -0.5871 0.1871
vn -0.8105 -0.5750 0.1120
vn -0.5824 -0.5309 0.6156
vn -0.5746 -0.5223 0.6301
vn -0.8437 -0.5317 0.0736
vn -0.8336 -0.5522 -0.0119
vn -0.8342 -0.5356 -0.1313
vn -0.5081 -0.4837 0.7127
vn -0.5233 -0.5095 0.6831
vn -0.4499 -0.5367 0.7138
vn -0.8058 -0.5866 -0.0811
vn -0.7382 -0.6707 0.0729
vn -0.3417 -0.5589 0.7555
vn -0.3811 0.5334 0.7552
vn -0.7897 -0.5564 -0.2584
vn -0.8016 -0.5409 -0.2547
vn -0.3379 0.4516 0.8258
vn -0.7713 -0.5296 -0.3530
vn -0.7404 -0.5673 -0.3605
vn -0.7973 -0.3065 -0.5199
vn -0.7010 -0.5209 -0.4871
vn -0.1130 -0.9514 0.2863
vn -0.0858 -0.8996 0.4283
vn -0.1274 -0.9258 0.3559
vn 0.0166 -0.9491 0.3145
vn -0.0263 -0.9701 0.2414
vn -0.0422 -0.9117 0.4086
vn -0.2179 -0.9234 0.3161
vn -0.1687 -0.9650 0.2008
vn -0.0961 -0.9860 0.1362
vn -0.0319 -0.9904 0.1348
vn 0.0759 -0.9826 0.1693
vn -0.1697 -0.9818 0.0849
vn 0.1359 -0.9336 0.3315
vn 0.1651 -0.9628 0.2138
vn 0.0771 -0.9181 0.3887
vn -0.0048 -0.8779 0.4788
vn -0.0145 -0.9981 0.0601
vn 0.0899 -0.9933 0.0732
vn -0.1044 -0.9942 0.0258
vn -0.2571 -0.9563 0.1390
vn -0.2993 -0.9349 0.1908
vn -0.2788 -0.9180 0.2819
vn -0.1642 -0.8632 0.4774
vn -0.2153 -0.8696 0.4443
vn -0.2893 -0.8822 0.3715
vn -0.3051 -0.9087 0.2847
vn -0.2887 -0.9537 0.0844
vn -0.2536 -0.9673 0.0032
vn -0.3932 -0.8998 0.1888
vn -0.3320 -0.8818 0.3350
vn -0.1913 -0.9809 -0.0359
vn -0.0157 -0.9993 -0.0336
vn -0.1096 -0.9924 -0.0564
vn -0.3972 -0.9147 0.0746
vn 0.0640 -0.9962 -0.0589
vn -0.2545 -0.9640 -0.0776
vn -0.3775 -0.9260 0.0043
vn -0.4226 -0.8492 0.3167
vn -0.4471 -0.8637 0.2325
vn -0.3129 -0.8300 0.4618
vn -0.3783 -0.8461 0.3754
vn -0.3802 -0.8167 0.4341
vn -0.2448 -0.8365 0.4903
vn -0.3779 -0.9227 -0.0763
vn -0.3304 -0.9362 -0.1196
vn -0.4923 -0.8667 0.0805
vn -0.4971 -0.8454 0.1956
vn 0.2230 -0.9634 0.1489
vn -0.0571 -0.8389 0.5413
vn 0.1748 -0.9840 0.0332
vn 0.1410 -0.9896 -0.0291
vn 0.1809 -0.9093 0.3748
vn 0.1347 -0.8805 0.4544
vn 0.0703 -0.8505 0.5213
vn 0.2433 -0.9262 0.2881
vn 0.2755 -0.9351 0.2230
vn 0.2734 -0.9532 0.1288
vn 0.2967 -0.9536 0.0507
vn 0.2880 -0.8827 0.3713
vn 0.2359 -0.9705 -0.0489
vn -0.0436 -0.8923 0.4494
vn -0.1199 -0.8915 0.4369
vn -0.0195 -0.9880 0.1533
vn -0.0441 -0.9961 0.0771
vn -0.2620 -0.8868 0.3807
vn 0.0288 -0.8799 0.4743
vn 0.0124 -0.9907 0.1358
vn 0.0821 -0.9551 0.2846
vn 0.0262 -0.9985 0.0490
vn 0.1536 -0.9046 0.3977
vn 0.0001 -1.0000 0.0059
vn -0.0013 -1.0000 0.0019
vn -0.0008 -1.0000 0.0035
vn 0.0644 -0.9964 0.0544
vn 0.0011 -1.0000 0.0044
vn 0.0049 -1.0000 0.0022
vn 0.0003 -0.9900 0.1408
vn 0.0066 -0.9596 0.2814
vn -0.0004 -0.8786 0.4775
vn 0.3203 -0.9167 -0.2391
vn 0.0027 -1.0000 -0.0003
vn -0.0360 -0.9966 0.0742
vn -0.0189 -0.9998 -0.0016
vn -0.3348 -0.9056 0.2604
vn -0.0082 -0.7344 0.6787
vn 0.4344 -0.8957 0.0950
vn 0.2975 -0.8357 0.4617
vn 0.2677 -0.9635 0.0045
vn -0.0014 -0.9746 0.2238
vn 0.2695 -0.6366 0.7226
vn -0.4179 -0.8910 0.1775
vn 0.7701 -0.3608 -0.5262
vn -0.3747 -0.7862 0.4915
vn -0.5619 -0.8252 0.0569
vn 0.1697 -0.8486 0.5011
vn 0.2697 -0.8464 0.4593
vn 0.0000 -1.0000 0.0036
vn -0.2970 -0.7889 0.5380
vn 0.0059 -0.5950 0.8037
vn -0.3550 -0.7937 0.4940
vn 0.3647 -0.9058 0.2156
vn 0.3942 -0.8610 0.3213
vn 0.3850 -0.9172 0.1026
vn 0.3511 -0.8376 0.4185
vn -0.4254 -0.7814 0.4566
vn 0.6378 -0.7697 0.0279
vn -0.5159 -0.7630 0.3894
vn -0.4307 -0.7297 0.5311
vn 0.0053 -1.0000 0.0011
vn -0.5515 -0.7833 0.2867
vn 0.3431 -0.9393 -0.0080
vn -0.4909 -0.8691 -0.0596
vn -0.4936 -0.6918 0.5271
vn 0.3997 -0.7781 0.4845
vn 0.4331 -0.7674 0.4727
vn 0.4884 -0.8458 0.2145
vn 0.4767 -0.8742 0.0921
vn 0.4733 -0.8355 0.2791
vn 0.4710 -0.8818 0.0251
vn 0.4103 -0.9092 -0.0711
vn 0.4886 -0.7974 0.3542
vn 0.4485 -0.7728 0.4491
vn 0.4105 -0.7275 0.5498
vn 0.6497 -0.5746 0.4978
vn 0.5849 -0.8017 0.1228
vn -0.5268 -0.7028 0.4781
vn -0.6097 -0.7897 0.0677
vn -0.5841 -0.8100 -0.0531
vn -0.6315 -0.7537 0.1821
vn 0.5765 -0.8163 0.0350
vn 0.5901 -0.7603 0.2715
vn 0.5009 -0.7202 0.4801
vn 0.9298 -0.3679 0.0091
vn 0.5813 -0.7265 0.3665
vn 0.6460 -0.7299 0.2236
vn -0.8140 -0.5763 0.0728
vn 0.4088 -0.6465 0.6441
vn -0.0339 -0.9990 0.0285
vn -0.6507 -0.7491 0.1244
vn -0.6265 -0.6751 0.3896
vn -0.4692 -0.6576 0.5894
vn -0.4922 -0.6089 0.6221
vn -0.6768 -0.6767 0.2897
vn 0.5934 -0.6455 0.4809
vn 0.6738 -0.7342 0.0838
vn 0.5209 -0.5655 0.6395
vn 0.6313 -0.5431 0.5536
vn 0.6610 -0.6530 0.3697
vn 0.6898 -0.7225 -0.0462
vn 0.5804 -0.8108 -0.0761
vn -0.6595 -0.7497 -0.0553
vn 0.7649 -0.6203 0.1735
vn -0.5925 -0.6277 0.5050
vn -0.5824 -0.5309 0.6156
vn 0.4971 -0.4994 0.7096
vn -0.9050 -0.4214 0.0587
vn -0.5081 -0.4837 0.7127
vn 0.4355 -0.4992 0.7491
vn 0.7660 -0.5336 0.3585
vn -0.7382 -0.6707 0.0729
vn 0.7147 -0.5132 0.4753
vn 0.7938 -0.5652 0.2246
vn 0.8183 -0.5746 0.0175
vn -0.7876 -0.5871 0.1871
vn -0.6485 -0.1456 0.7472
vn -0.7380 -0.5190 0.4314
vn -0.6942 -0.4831 0.5335
vn -0.5468 -0.3950 0.7382
vn -0.8058 -0.5866 -0.0811
vn -0.7243 -0.6817 -0.1029
vn -0.8064 -0.4975 0.3197
vn 0.0564 -0.9358 -0.3480
vn 0.1664 -0.9566 -0.2391
vn 0.0800 -0.9664 -0.2442
vn 0.1933 -0.9277 -0.3195
vn 0.1530 -0.9130 -0.3782
vn 0.0591 -0.8968 -0.4386
vn -0.0187 -0.9637 -0.2663
vn -0.0396 -0.9245 -0.3790
vn 0.0493 -0.9882 -0.1450
vn 0.1581 -0.9796 -0.1239
vn -0.0773 -0.9840 -0.1608
vn -0.0208 -0.9935 -0.1117
vn -0.1395 -0.9606 -0.2404
vn -0.1161 -0.9277 -0.3547
vn -0.1152 -0.9104 -0.3973
vn -0.0270 -0.8844 -0.4660
vn -0.0764 -0.8694 -0.4881
vn 0.0056 -0.8721 -0.4893
vn -0.1981 -0.9277 -0.3165
vn 0.1736 -0.8643 -0.4721
vn 0.2345 -0.8981 -0.3721
vn -0.2100 -0.8845 -0.4166
vn -0.2055 -0.9589 -0.1956
vn -0.1845 -0.9771 -0.1060
vn -0.2701 -0.9198 -0.2846
vn 0.2451 -0.9623 -0.1180
vn 0.2837 -0.9409 -0.1848
vn 0.2987 -0.9112 -0.2839
vn -0.2714 -0.9460 -0.1771
vn -0.2017 -0.8603 -0.4683
vn -0.1060 -0.8475 -0.5201
vn -0.2860 -0.8871 -0.3623
vn 0.0713 -0.8243 -0.5617
vn -0.0153 -0.8205 -0.5715
vn 0.1784 -0.8189 -0.5455
vn -0.3700 -0.9051 -0.2094
vn -0.3506 -0.8701 -0.3465
vn -0.4047 -0.8677 -0.2887
vn -0.3254 -0.8382 -0.4378
vn -0.2982 -0.8180 -0.4919
vn -0.1349 -0.8089 -0.5722
vn -0.2845 -0.7809 -0.5562
vn -0.2174 -0.7814 -0.5850
vn 0.2881 -0.8193 -0.4958
vn -0.0253 -0.7625 -0.6465
vn 0.3631 -0.8643 -0.3480
vn 0.3276 -0.9334 -0.1465
vn 0.0810 -0.7609 -0.6438
vn 0.1693 -0.7784 -0.6046
vn 0.3798 -0.8848 -0.2698
vn 0.3939 -0.8231 -0.4091
vn 0.2597 -0.7608 -0.5947
vn -0.1247 -0.7208 -0.6818
vn -0.2075 -0.7396 -0.6402
vn -0.4275 -0.8098 -0.4019
vn -0.4046 -0.7856 -0.4682
vn 0.3961 -0.7786 -0.4867
vn 0.4340 -0.8356 -0.3368
vn 0.4683 -0.8568 -0.2156
vn 0.4593 -0.8746 -0.1554
vn 0.4649 -0.7673 -0.4416
vn 0.1521 -0.6948 -0.7029
vn 0.3908 -0.7298 -0.5610
vn 0.2612 -0.7115 -0.6523
vn -0.1007 -0.6872 -0.7195
vn 0.0554 -0.6655 -0.7444
vn -0.4063 -0.7258 -0.5551
vn -0.0398 -0.6441 -0.7639
vn -0.3165 -0.7031 -0.6368
vn -0.2059 -0.6666 -0.7164
vn -0.2965 -0.6471 -0.7024
vn 0.3937 -0.6618 -0.6380
vn -0.4968 -0.8172 -0.2923
vn -0.4975 -0.8449 -0.1967
vn -0.4712 -0.7548 -0.4564
vn -0.5193 -0.7543 -0.4016
vn -0.4126 -0.6638 -0.6239
vn 0.5284 -0.7699 -0.3579
vn 0.4836 -0.8730 -0.0632
vn 0.5202 -0.8353 -0.1778
vn 0.2164 -0.5790 -0.7861
vn 0.1050 -0.5726 -0.8131
vn 0.3153 -0.6255 -0.7137
vn 0.5791 -0.7700 -0.2678
vn 0.5260 -0.6632 -0.5324
vn 0.5519 -0.5455 -0.6307
vn -0.0898 -0.5513 -0.8295
vn 0.5611 -0.6790 -0.4734
vn 0.0420 -0.5046 -0.8623
vn 0.4989 -0.5400 -0.6779
vn 0.6040 -0.6811 -0.4138
vn 0.6163 -0.7593 -0.2088
vn 0.6382 -0.6976 -0.3257
vn 0.1717 -0.4783 -0.8612
vn -0.2249 -0.5100 -0.8303
vn 0.4515 -0.4745 -0.7556
vn 0.3479 -0.4833 -0.8033
vn -0.5735 -0.7537 -0.3209
vn -0.5388 -0.6687 -0.5123
vn -0.5658 -0.5684 -0.5973
vn -0.5591 -0.8157 -0.1485
vn -0.5787 -0.7829 -0.2285
vn -0.4482 -0.5604 -0.6965
vn -0.3588 -0.5025 -0.7866
vn -0.6269 -0.6777 -0.3844
vn -0.6515 -0.5684 -0.5025
vn -0.6760 -0.6871 -0.2662
vn -0.6782 -0.7078 -0.1976
vn -0.5624 -0.4076 -0.7194
vn 0.6989 -0.6798 -0.2224
vn 0.6520 -0.4768 -0.5895
vn 0.6980 -0.5435 -0.4663
vn 0.7590 -0.5494 -0.3495
vn -0.7517 -0.5196 -0.4061
vn -0.7897 -0.5564 -0.2584
vn 0.7982 -0.5585 -0.2256
vn 0.8525 -0.5028 -0.1428
vn -0.0300 -0.3288 -0.9439
vn 0.0072 -0.5807 -0.8141
vn -0.0974 -0.5919 -0.8001
vn -0.1511 -0.5298 -0.8345
vn 0.0058 -0.5264 -0.8502
vn 0.0942 -0.5445 -0.8335
vn -0.2001 -0.5696 -0.7972
vn -0.2850 -0.5343 -0.7958
vn 0.1479 -0.4985 -0.8542
vn 0.2270 -0.4676 -0.8543
vn 0.3147 -0.5317 -0.7863
vn 0.2339 -0.5468 -0.8039
vn 0.3266 -0.4677 -0.8213
vn 0.3869 -0.5936 -0.7056
vn 0.3997 -0.5378 -0.7423
vn 0.4814 -0.5287 -0.6991
vn -0.3515 -0.4850 -0.8008
vn -0.3810 -0.5168 -0.7667
vn -0.4081 -0.5032 -0.7617
vn -0.4491 -0.5572 -0.6984
vn 0.5132 -0.5056 -0.6935
vn 0.6104 -0.5066 -0.6089
vn -0.5446 -0.4375 -0.7156
vn -0.5387 -0.5665 -0.6236
vn -0.5524 -0.5502 -0.6262
vn -0.6040 -0.5520 -0.5750
vn -0.6407 -0.5513 -0.5344
vn 0.1936 -0.3957 -0.8978
vn -0.7010 -0.5209 -0.4871
vn -0.6923 -0.5832 -0.4250
vn 0.5726 -0.4486 -0.6862
vn 0.6836 -0.4965 -0.5350
vn 0.6412 -0.5333 -0.5518
vn 0.7095 -0.5073 -0.4892
vn 0.7348 -0.5146 -0.4420
vn 0.7379 -0.5607 -0.3757
vn 0.7742 -0.5582 -0.2985
vn 0.7814 -0.5628 -0.2697
vn 0.4530 -0.3408 -0.8238
vn -0.7404 -0.5673 -0.3605
vn -0.7713 -0.5296 -0.3530
vn 0.2990 -0.3038 -0.9046
vn 0.8314 -0.5147 -0.2094
vn 0.7891 -0.5926 -0.1621
vn -0.8016 -0.5409 -0.2547
vn -0.7808 -0.5759 -0.2422
vn 0.8147 -0.4207 -0.3990
vn 0.6149 -0.3248 -0.7186
vn 0.8141 -0.5787 -0.0485
vn 0.8595 -0.5104 -0.0270
vn 0.5193 -0.2839 -0.8061
vn -0.7057 -0.3906 -0.5911
vn 0.8533 -0.5142 0.0859
vn 0.8118 -0.5693 0.1300
vn 0.4420 -0.2115 -0.8717
vn 0.2935 -0.2548 -0.9214
vn -0.8253 -0.3826 -0.4153
vn 0.4751 0.7993 -0.3679
vn 0.4819 0.7015 -0.5250
vn 0.6080 0.7314 -0.3088
vn 0.5889 0.7791 -0.2148
vn 0.4580 0.8597 -0.2263
vn 0.3706 0.8121 -0.4508
vn 0.2896 0.8657 -0.4083
vn 0.3881 0.9048 -0.1753
vn 0.1953 0.9001 -0.3895
vn 0.3891 0.6990 -0.6000
vn 0.3384 0.9352 -0.1041
vn 0.2134 0.9519 -0.2200
vn 0.1963 0.9703 -0.1416
vn 0.1046 0.9936 -0.0428
vn 0.1507 0.9766 -0.1537
vn 0.3283 0.8061 -0.4924
vn 0.2513 0.8518 -0.4596
vn 0.4893 0.7807 -0.3889
vn 0.1895 0.9443 -0.2691
vn 0.5203 0.8217 0.2327
vn 0.5518 0.6644 -0.5041
vn 0.6085 0.7871 0.1009
vn 0.6895 0.7230 0.0432
vn 0.5718 0.6137 -0.5445
vn 0.5741 0.5358 -0.6192
vn 0.6695 0.6571 -0.3463
vn 0.4112 0.8518 0.3245
vn 0.7239 0.5275 -0.4447
vn 0.7588 0.6345 -0.1469
vn 0.6093 0.4872 -0.6256
vn 0.7863 0.5094 -0.3497
vn 0.6500 0.7304 -0.2098
vn 0.5729 0.6892 -0.4437
vn 0.2417 0.7514 -0.6139
vn 0.3425 0.8169 -0.4640
vn 0.5907 0.8015 -0.0931
vn 0.1533 0.8348 -0.5287
vn 0.5743 0.8175 0.0441
vn 0.1733 0.6245 -0.7616
vn 0.7157 0.6116 -0.3372
vn 0.7312 0.5364 -0.4216
vn 0.3546 0.5476 -0.7579
vn 0.8302 0.5571 -0.0206
vn 0.5624 0.4329 -0.7044
vn 0.6580 0.3657 -0.6582
vn 0.8350 0.3576 -0.4183
vn 0.7874 0.3449 -0.5110
vn 0.2723 0.7235 -0.6344
vn 0.6966 0.3638 -0.6184
vn 0.8800 0.4300 -0.2017
vn 0.4184 0.9067 0.0527
vn 0.2036 0.8243 -0.5282
vn 0.4117 0.8433 -0.3455
vn 0.4738 0.7750 -0.4182
vn 0.4072 0.8128 -0.4166
vn 0.5172 0.7342 -0.4398
vn 0.4655 0.7249 -0.5078
vn 0.4521 0.8519 -0.2643
vn 0.2231 0.8590 -0.4607
vn 0.1729 0.7621 -0.6239
vn 0.4804 0.6783 -0.5560
vn 0.3878 0.6708 -0.6322
vn 0.0320 0.8684 -0.4949
vn 0.3031 0.6430 -0.7033
vn 0.2993 0.9040 -0.3052
vn 0.0684 0.9488 -0.3085
vn 0.5219 0.5972 -0.6091
vn 0.5367 0.5543 -0.6362
vn 0.3585 0.5322 -0.7669
vn 0.4860 0.4524 -0.7478
vn 0.0989 0.5848 -0.8052
vn 0.6695 0.4665 -0.5781
vn -0.0363 0.6401 -0.7674
vn -0.0797 0.7238 -0.6854
vn -0.2649 0.7919 -0.5502
vn 0.3609 0.4284 -0.8284
vn 0.5958 0.3714 -0.7121
vn 0.1572 0.4586 -0.8746
vn 0.3494 0.3979 -0.8483
vn 0.0557 0.8495 -0.5246
vn 0.3279 0.3226 -0.8879
vn 0.4314 0.3649 -0.8251
vn 0.5743 0.3024 -0.7608
vn 0.4152 0.2452 -0.8761
vn 0.7243 0.1808 -0.6654
vn 0.7063 0.2723 -0.6534
vn 0.7780 0.2506 -0.5761
vn 0.5424 0.2193 -0.8110
vn 0.4554 0.2079 -0.8657
vn 0.8007 0.1731 -0.5736
vn 0.9606 0.2533 -0.1143
vn 0.8518 0.0902 -0.5161
vn 0.5805 0.1255 -0.8046
vn 0.7584 0.0937 -0.6451
vn 0.8115 0.0487 -0.5824
vn 0.7349 0.6782 -0.0084
vn 0.8059 0.0552 -0.5895
vn 0.8192 0.5675 -0.0822
vn 0.6679 0.7126 -0.2147
vn 0.7407 0.6006 -0.3011
vn 0.7297 0.6540 -0.1995
vn 0.6344 0.6875 -0.3535
vn 0.5778 0.7816 -0.2352
vn 0.5664 0.7651 -0.3063
vn 0.7885 0.5252 -0.3202
vn 0.8481 0.4817 -0.2207
vn 0.6556 0.7534 0.0513
vn 0.6415 0.7670 -0.0179
vn 0.5310 0.8391 0.1181
vn 0.8991 0.4284 -0.0896
vn 0.9453 0.3099 -0.1016
vn 0.8703 0.3820 -0.3108
vn 0.9157 0.3861 -0.1115
vn 0.8430 0.5214 0.1322
vn 0.9118 0.2822 -0.2982
vn 0.5234 0.7777 0.3482
vn 0.9283 0.2422 -0.2820
vn 0.6604 0.6722 0.3347
vn 0.7193 0.5716 0.3947
vn 0.9807 0.1002 -0.1682
vn 0.9485 0.1125 -0.2963
vn 0.9617 0.0829 -0.2613
vn 0.7375 -0.0595 -0.6728
vn 0.9808 0.0672 -0.1833
vn 0.4645 0.0630 -0.8833
vn 0.5244 -0.0127 -0.8514
vn 0.7498 -0.0181 -0.6614
vn 0.7848 -0.0998 -0.6117
vn 0.4209 -0.0606 -0.9051
vn 0.5715 -0.0019 -0.8206
vn 0.9719 0.1156 0.2049
vn 0.8930 0.3059 0.3302
vn 0.8064 0.4376 0.3977
vn 0.8622 -0.0758 -0.5009
vn 0.7197 -0.1795 -0.6707
vn 0.9866 -0.0579 -0.1526
vn 0.9655 -0.1626 -0.2035
vn 0.5323 -0.1394 -0.8350
vn 0.9185 -0.1717 -0.3563
vn 0.9666 -0.0861 -0.2413
vn 0.8191 -0.2423 -0.5199
vn 0.7526 -0.2444 -0.6114
vn 0.6082 -0.2129 -0.7647
vn 0.7909 -0.2869 -0.5406
vn 0.4420 -0.2115 -0.8717
vn 0.4832 -0.2068 -0.8507
vn 0.9290 -0.2307 -0.2893
vn 0.6950 -0.2884 -0.6586
vn 0.9898 -0.1134 0.0862
vn 0.9642 -0.2581 -0.0612
vn 0.5193 -0.2839 -0.8061
vn 0.8820 -0.3378 -0.3286
vn 0.6149 -0.3248 -0.7186
vn 0.8147 -0.4207 -0.3990
vn 0.9242 -0.3410 -0.1718
vn 0.7348 -0.5146 -0.4420
vn 0.6836 -0.4965 -0.5350
vn 0.8313 0.4896 0.2634
vn 0.6104 -0.5066 -0.6089
vn 0.4530 -0.3408 -0.8238
vn 0.8780 0.3586 0.3171
vn 0.9327 0.3126 0.1801
vn 0.8720 0.4781 0.1049
vn 0.9330 0.3549 0.0592
vn 0.8452 0.5341 0.0198
vn 0.8283 0.4618 0.3173
vn 0.8016 0.5856 0.1206
vn 0.7739 0.6293 0.0715
vn 0.7583 0.5793 0.2991
vn 0.7168 0.5756 0.3935
vn 0.9726 0.1626 0.1662
vn 0.9379 0.2404 0.2500
vn 0.9759 0.0275 0.2164
vn 0.9198 0.2362 0.3134
vn 0.9708 -0.1136 0.2114
vn 0.9652 0.0530 0.2563
vn 0.9182 -0.3871 -0.0838
vn 0.9313 -0.1279 0.3411
vn 0.9643 -0.2287 0.1335
vn 0.8314 -0.5147 -0.2094
vn 0.7742 -0.5582 -0.2985
vn 0.9205 -0.1881 0.3424
vn 0.4321 -0.4971 0.7525
vn 0.5327 -0.2774 0.7995
vn 0.7085 -0.2395 0.6638
vn 0.8931 -0.0893 0.4409
vn 0.7473 -0.1380 0.6500
vn 0.4752 -0.1306 0.8701
vn 0.6153 -0.0790 0.7844
vn 0.7815 -0.0742 0.6194
vn 0.6408 -0.1226 0.7578
vn 0.6901 -0.0369 0.7228
vn 0.8486 -0.1333 0.5120
vn 0.7512 0.1022 0.6521
vn 0.7853 0.3334 0.5218
vn 0.9899 0.0153 0.1406
vn 0.7837 -0.0116 0.6210
vn 0.8254 0.0888 0.5576
vn 0.9988 0.0448 0.0192
vn 0.9741 -0.1627 0.1569
vn 0.5564 -0.0113 0.8308
vn 0.7679 0.4153 0.4877
vn 0.9832 -0.0742 0.1667
vn 0.9852 -0.1029 0.1372
vn 0.9298 -0.3679 0.0091
vn 0.6497 -0.5746 0.4978
vn 0.6206 -0.4710 0.6269
vn 0.4331 -0.7674 0.4727
vn 0.6378 -0.7697 0.0279
vn 0.4971 -0.4994 0.7096
vn 0.2695 -0.6366 0.7226
vn 0.5914 0.3077 0.7454
vn 0.5935 0.1894 0.7822
vn 0.5769 0.0591 0.8147
vn 0.5881 0.4453 0.6751
vn 0.4983 0.6722 0.5476
vn 0.4355 -0.4992 0.7491
vn 0.4248 -0.5242 0.7381
vn 0.5209 -0.5655 0.6395
vn 0.5188 -0.5352 0.6666
vn 0.5895 -0.5417 0.5992
vn 0.6313 -0.5431 0.5536
vn 0.6610 -0.5541 0.5060
vn 0.7147 -0.5132 0.4753
vn 0.7062 -0.5799 0.4063
vn 0.7660 -0.5336 0.3585
vn 0.7751 -0.5626 0.2875
vn 0.7938 -0.5652 0.2246
vn 0.8118 -0.5693 0.1300
vn 0.4905 -0.5133 0.7042
vn 0.5994 -0.5499 0.5816
vn 0.6937 -0.4993 0.5190
vn 0.7214 -0.5384 0.4356
vn 0.7742 -0.3179 0.5472
vn 0.7950 -0.2127 0.5681
vn 0.8464 -0.3142 0.4300
vn 0.8343 -0.2088 0.5102
vn 0.8852 -0.2656 0.3820
vn 0.9313 -0.1279 0.3411
vn 0.8393 -0.4454 0.3118
vn 0.9331 -0.2687 0.2392
vn 0.4100 -0.4968 0.7649
vn 0.9708 -0.1136 0.2114
vn 0.7538 -0.6072 0.2514
vn 0.8515 -0.4950 0.1731
vn 0.9643 -0.2287 0.1335
vn 0.9330 -0.3484 0.0904
vn 0.7649 -0.6203 0.1735
vn 0.8533 -0.5142 0.0859
vn 0.8183 -0.5746 0.0175
vn 0.9642 -0.2581 -0.0612
vn 0.9182 -0.3871 -0.0838
vn 0.8141 -0.5787 -0.0485
vn 0.8314 -0.5147 -0.2094
vn -0.1241 0.8688 0.4793
vn -0.1170 0.9899 0.0801
vn -0.1235 0.9862 -0.1104
vn -0.2322 0.9726 -0.0075
vn -0.2646 0.9521 0.1535
vn -0.3533 0.9168 -0.1860
vn -0.0947 0.9952 0.0233
vn -0.0226 0.9899 0.1399
vn 0.0198 0.9806 0.1949
vn -0.0437 0.9719 0.2313
vn 0.1159 0.9840 0.1351
vn -0.3011 0.9283 0.2183
vn 0.0313 0.9979 0.0560
vn -0.0078 0.9842 0.1771
vn -0.0553 0.9974 -0.0461
vn -0.0613 0.9851 -0.1608
vn -0.2265 0.9735 -0.0302
vn -0.1822 0.9831 -0.0176
vn -0.1868 0.9746 0.1233
vn 0.0394 0.9981 -0.0472
vn -0.1723 0.9850 -0.0008
vn -0.1075 0.9921 0.0646
vn -0.1766 0.9842 -0.0104
vn -0.0057 0.9926 -0.1211
vn -0.1282 0.9888 -0.0762
vn 0.0924 0.9824 0.1620
vn 0.0555 0.9748 0.2161
vn 0.1057 0.9907 0.0863
vn -0.1425 0.9597 0.2422
vn 0.1267 0.9915 0.0295
vn 0.1175 0.9931 0.0060
vn 0.0809 0.9948 -0.0627
vn 0.0665 0.9847 -0.1609
vn 0.1762 0.9819 -0.0697
vn -0.0290 0.9660 -0.2569
vn 0.3211 0.9247 -0.2045
vn -0.4013 0.9045 -0.1444
vn -0.2438 0.9492 0.1988
vn 0.2459 0.9665 0.0741
vn 0.2046 0.9721 0.1149
vn 0.2526 0.9667 0.0417
vn 0.1078 0.9523 -0.2856
vn 0.1759 0.9815 -0.0760
vn 0.4716 0.8545 0.2179
vn 0.2364 0.9716 -0.0095
vn 0.0078 0.9696 -0.2446
vn -0.0206 0.9890 -0.1464
vn 0.0971 0.9604 -0.2610
vn -0.2222 0.9637 -0.1481
vn -0.1147 0.9859 -0.1217
vn -0.1163 0.9648 -0.2360
vn 0.1046 0.9936 -0.0428
vn 0.1963 0.9703 -0.1416
vn -0.0624 0.9935 0.0950
vn 0.3269 0.9295 0.1711
vn 0.4030 0.9001 -0.1653
vn -0.0279 0.9287 -0.3697
vn -0.1030 0.9609 -0.2570
vn -0.0104 0.9687 -0.2480
vn 0.2491 0.8856 -0.3920
vn 0.2146 0.9696 -0.1178
vn -0.0384 0.9836 -0.1764
vn -0.2600 0.9535 -0.1527
vn 0.4184 0.9067 0.0527
vn -0.1574 0.8225 -0.5465
vn 0.3730 0.9233 0.0910
vn 0.2468 0.9077 -0.3394
vn 0.1826 0.9825 0.0355
vn 0.1507 0.9766 -0.1537
vn 0.2775 0.9049 0.3226
vn -0.0656 0.9337 0.3520
vn -0.3249 0.9022 0.2839
vn -0.4028 0.8496 0.3406
vn 0.4371 0.8259 0.3561
vn 0.1949 0.8817 0.4297
vn 0.1925 0.9364 0.2934
vn -0.1341 0.9666 0.2182
vn -0.1417 0.9815 0.1292
vn -0.3450 0.9075 0.2396
vn -0.1708 0.9706 -0.1697
vn -0.4158 0.9076 0.0582
vn -0.2045 0.9051 0.3727
vn 0.0658 0.9607 0.2696
vn -0.1297 0.9270 0.3520
vn 0.3117 0.8898 0.3332
vn 0.1967 0.8843 0.4236
vn -0.1146 0.8784 0.4640
vn 0.1578 0.9558 0.2481
vn 0.2543 0.9427 0.2161
vn 0.4296 0.9028 -0.0182
vn -0.1925 0.9788 -0.0696
vn -0.2093 0.9318 0.2964
vn -0.2181 0.9554 0.1993
vn -0.3393 0.9234 0.1795
vn 0.3143 0.8169 0.4836
vn -0.3804 0.8498 0.3650
vn -0.4367 0.8936 -0.1036
vn -0.1843 0.9531 -0.2401
vn 0.0462 0.8466 -0.5302
vn -0.2786 0.9459 -0.1662
vn -0.3410 0.9315 0.1270
vn -0.3872 0.9142 -0.1193
vn -0.4465 0.8730 0.1961
vn 0.1668 0.8647 0.4739
vn 0.1506 0.8484 0.5075
vn 0.3576 0.9222 -0.1474
vn -0.2049 0.9685 0.1418
vn 0.2925 0.9164 -0.2731
vn 0.3389 0.9357 0.0983
vn -0.0029 0.9229 0.3851
vn 0.1998 0.9151 0.3502
vn 0.3651 0.8968 0.2500
vn -0.0751 0.8128 0.5777
vn 0.0290 0.9552 0.2946
vn 0.3071 0.9379 -0.1615
vn 0.0852 0.9256 -0.3689
vn 0.0557 0.8495 -0.5246
vn 0.4648 0.8761 -0.1282
vn 0.0195 0.8654 0.5007
vn 0.5082 0.8604 0.0378
vn -0.0825 0.8837 0.4607
vn 0.2591 0.9552 0.1432
vn 0.4181 0.8954 0.1530
vn 0.2339 0.8886 0.3946
vn 0.2856 0.8576 0.4278
vn 0.5267 0.8260 -0.2008
vn 0.2690 0.8367 0.4770
vn 0.4112 0.8518 0.3245
vn 0.1895 0.9443 -0.2691
vn 0.4394 0.8925 -0.1019
vn 0.0684 0.9488 -0.3085
vn 0.2993 0.9040 -0.3052
vn 0.0320 0.8684 -0.4949
vn 0.3840 0.8332 -0.3979
vn 0.5483 0.8070 -0.2196
vn 0.5310 0.8391 0.1181
vn 0.5203 0.8217 0.2327
vn 0.5743 0.8175 0.0441
vn -0.4542 0.8541 -0.2532
vn 0.2576 0.8500 0.4595
vn 0.4196 0.8584 -0.2950
vn -0.3999 0.8697 -0.2892
vn 0.0721 0.8894 -0.4515
vn -0.1681 0.7919 -0.5871
vn 0.3128 0.8517 -0.4205
vn -0.3329 0.8288 -0.4498
vn 0.3744 0.8256 -0.4222
vn -0.2347 0.9021 -0.3621
vn -0.3393 0.9175 -0.2074
vn 0.1533 0.8348 -0.5287
vn -0.3793 0.8742 -0.3032
vn -0.5094 0.8450 0.1627
vn -0.5126 0.8578 -0.0367
vn -0.0057 0.8524 -0.5229
vn -0.3534 0.9029 0.2445
vn -0.2004 0.8394 0.5052
vn -0.3060 0.8795 -0.3644
vn 0.2397 0.7843 0.5722
vn -0.3916 0.8649 0.3141
vn -0.4495 0.8658 0.2199
vn -0.2843 0.8631 0.4175
vn -0.3220 0.8581 -0.4000
vn -0.4602 0.8559 -0.2359
vn -0.4149 0.7888 0.4534
vn 0.1335 0.8090 0.5725
vn -0.4629 0.8604 0.2133
vn -0.3052 0.8400 0.4486
vn -0.0710 0.8189 -0.5695
vn -0.1152 0.8148 -0.5681
vn -0.5308 0.8465 -0.0404
vn -0.5183 0.8528 0.0640
vn -0.4584 0.8662 -0.1990
vn -0.2416 0.9216 -0.3039
vn 0.0231 0.9392 -0.3427
vn -0.5013 0.8415 -0.2015
vn -0.3313 0.9233 0.1945
vn -0.1280 0.9114 -0.3911
vn -0.1946 0.8209 -0.5369
vn -0.4741 0.8652 0.1630
vn -0.5331 0.8301 0.1634
vn -0.2837 0.7895 -0.5442
vn -0.4078 0.8871 -0.2160
vn -0.2548 0.8527 0.4560
vn -0.5386 0.7880 -0.2983
vn -0.3527 0.8375 0.4173
vn -0.1826 0.9062 0.3815
vn -0.4327 0.8740 0.2209
vn -0.2638 0.8779 0.3997
vn -0.0966 0.8352 0.5414
vn -0.5244 0.8226 0.2198
vn -0.2058 0.9319 -0.2986
vn -0.3093 0.9188 -0.2453
vn -0.4555 0.8902 -0.0032
vn -0.4412 0.8732 -0.2073
vn -0.3070 0.8446 -0.4386
vn -0.4369 0.8992 0.0247
vn 0.1000 0.8834 0.4578
vn -0.0407 0.8258 0.5624
vn -0.3748 0.8670 0.3284
vn -0.4004 0.8296 0.3891
vn -0.3263 0.8277 0.4565
vn 0.4111 0.8410 0.3518
vn 0.4117 0.8433 -0.3455
vn 0.0967 0.8513 0.5156
vn -0.1594 0.7881 0.5946
vn 0.3420 0.8010 0.4914
vn -0.3449 0.7944 0.4999
vn 0.4373 0.8652 0.2453
vn 0.5188 0.8312 0.1998
vn 0.1000 0.7721 0.6276
vn -0.3600 0.8237 0.4381
vn -0.5510 0.7629 0.3383
vn -0.5997 0.7996 0.0318
vn -0.5486 0.7842 -0.2898
vn -0.6253 0.7777 -0.0648
vn -0.6180 0.7850 0.0419
vn -0.5392 0.7751 0.3293
vn -0.5255 0.7847 -0.3288
vn -0.6378 0.7638 -0.0990
vn -0.3787 0.7806 0.4973
vn -0.4150 0.7895 0.4521
vn -0.1100 0.8072 0.5799
vn -0.2209 0.7968 0.5624
vn -0.4680 0.8371 -0.2835
vn -0.5816 0.7870 -0.2056
vn -0.2465 0.8015 0.5448
vn 0.4298 0.8666 0.2536
vn 0.4578 0.8262 0.3285
vn -0.1751 0.7776 0.6038
vn 0.1113 0.7937 0.5980
vn 0.0619 0.7483 0.6605
vn -0.5063 0.7866 0.3534
vn -0.6015 0.7544 0.2629
vn -0.3678 0.7459 0.5553
vn -0.6152 0.7884 -0.0054
vn -0.3870 0.7667 -0.5122
vn -0.4107 0.7899 -0.4553
vn 0.1012 0.8407 -0.5320
vn -0.6160 0.7756 0.1379
vn -0.3103 0.8214 0.4786
vn -0.6417 0.7545 0.1377
vn 0.3000 0.7544 0.5838
vn -0.4431 0.7644 0.4684
vn 0.0852 0.7986 0.5958
vn 0.4953 0.8659 0.0699
vn 0.4175 0.8825 0.2168
vn 0.4810 0.8270 0.2912
vn 0.2998 0.7848 0.5425
vn 0.5925 0.8041 -0.0489
vn 0.3662 0.7800 0.5074
vn 0.4361 0.7841 0.4416
vn 0.3245 0.7822 0.5318
vn -0.0429 0.7296 0.6825
vn 0.4219 0.8567 0.2969
vn 0.3425 0.9077 -0.2425
vn 0.3807 0.8335 -0.4003
vn 0.4691 0.7923 -0.3902
vn -0.1014 0.7350 0.6704
vn 0.4734 0.8177 0.3276
vn 0.6320 0.7573 0.1647
vn -0.2326 0.7434 0.6271
vn 0.0136 0.7559 0.6545
vn 0.5234 0.7777 0.3482
vn 0.5778 0.7816 -0.2352
vn -0.2918 0.7204 0.6291
vn 0.4771 0.7654 0.4318
vn -0.2252 0.7422 0.6312
vn 0.5377 0.7859 0.3055
vn -0.4600 0.6956 0.5518
vn -0.4851 0.7248 0.4892
vn -0.2486 0.7222 0.6455
vn 0.2994 0.7381 0.6047
vn -0.5951 0.7197 0.3575
vn 0.2541 0.6837 0.6841
vn 0.1367 0.7122 0.6886
vn 0.5830 0.7999 0.1422
vn 0.6615 0.7499 -0.0037
vn 0.5468 0.7725 0.3230
vn 0.4895 0.8220 -0.2912
vn 0.5664 0.7651 -0.3063
vn 0.4613 0.7333 0.4995
vn 0.2219 0.7110 0.6673
vn -0.6228 0.6999 0.3495
vn -0.1697 0.7287 0.6635
vn -0.0211 0.6767 0.7360
vn -0.5876 0.7005 0.4050
vn -0.0253 0.6777 0.7349
vn 0.2544 0.6725 0.6950
vn 0.6174 0.7130 0.3322
vn 0.5111 0.7073 0.4885
vn 0.0601 0.6730 0.7372
vn -0.4775 0.6860 0.5489
vn -0.6903 0.6958 0.1983
vn -0.5756 0.7661 -0.2860
vn 0.6933 0.7205 0.0151
vn 0.4747 0.6838 0.5541
vn 0.4069 0.6800 0.6100
vn 0.5586 0.6706 0.4881
vn -0.4605 0.7219 -0.5165
vn 0.6451 0.6839 0.3409
vn -0.5562 0.6489 0.5193
vn 0.6761 0.6756 0.2941
vn -0.2801 0.6042 0.7460
vn -0.3237 0.6372 0.6994
vn -0.3626 0.6433 0.6743
vn 0.3026 0.6345 0.7112
vn 0.2993 0.6234 0.7223
vn -0.5005 0.7321 -0.4620
vn -0.6242 0.7365 -0.2607
vn 0.6604 0.6722 0.3347
vn 0.6556 0.7534 0.0513
vn 0.4264 0.6556 0.6232
vn 0.5643 0.5982 0.5689
vn 0.7485 0.6599 0.0648
vn -0.5191 0.5981 0.6107
vn 0.7739 0.6293 0.0715
vn 0.5563 0.5745 0.6004
vn 0.5181 0.5567 0.6493
vn 0.5751 0.5888 0.5679
vn 0.7022 0.6198 0.3504
vn 0.5177 0.6244 0.5848
vn 0.7168 0.5756 0.3935
vn -0.6561 0.6789 -0.3295
vn -0.6649 0.6444 -0.3777
vn -0.5227 0.5620 0.6411
vn -0.3811 0.5334 0.7552
vn 0.7455 0.5389 0.3922
vn -0.3343 0.5063 0.7950
vn 0.7583 0.5793 0.2991
vn 0.8016 0.5856 0.1206
vn 0.7193 0.5716 0.3947
vn -0.2561 0.0007 0.9667
vn -0.2037 0.1897 0.9605
vn -0.0563 0.2561 0.9650
vn -0.0274 0.2456 0.9690
vn 0.0107 0.2371 0.9714
vn 0.1673 0.1969 0.9660
vn -0.0943 0.1980 0.9757
vn -0.1623 -0.0304 0.9863
vn 0.0499 0.2328 0.9712
vn -0.2876 0.2870 0.9137
vn 0.2022 0.2301 0.9519
vn -0.0664 -0.0690 0.9954
vn 0.0237 -0.0025 0.9997
vn 0.1524 0.1963 0.9686
vn 0.0014 -0.0973 0.9953
vn 0.0014 -0.0221 0.9998
vn -0.0084 -0.0613 0.9981
vn 0.0121 -0.0839 0.9964
vn 0.0779 -0.0340 0.9964
vn -0.1319 0.0159 0.9911
vn 0.0082 -0.0158 0.9998
vn 0.1048 -0.0628 0.9925
vn 0.1006 -0.0806 0.9917
vn 0.1342 0.0444 0.9900
vn 0.0136 -0.0383 0.9992
vn -0.0177 0.1091 0.9939
vn 0.1888 -0.0349 0.9814
vn -0.0307 0.0082 0.9995
vn -0.4052 -0.0622 0.9121
vn -0.0298 -0.1206 0.9923
vn 0.0508 -0.0405 0.9979
vn -0.2041 0.1332 0.9699
vn 0.2076 0.2288 0.9511
vn -0.2455 0.3426 0.9069
vn 0.1479 0.2796 0.9487
vn -0.2643 0.0412 0.9636
vn 0.1798 0.1186 0.9765
vn -0.0062 -0.0293 0.9996
vn -0.0007 -0.0762 0.9971
vn 0.0024 0.2036 0.9790
vn 0.0027 0.2797 0.9601
vn 0.0539 -0.0052 0.9985
vn -0.0016 0.2501 0.9682
vn 0.0015 0.0759 0.9971
vn -0.0071 0.0563 0.9984
vn -0.0067 -0.1027 0.9947
vn 0.0758 0.0691 0.9947
vn 0.0053 -0.1166 0.9932
vn 0.0012 -0.1378 0.9905
vn 0.5564 -0.0113 0.8308
vn -0.5621 -0.1062 0.8202
vn -0.6485 -0.1456 0.7472
vn -0.6740 0.2985 0.6757
vn 0.1445 0.1998 0.9691
vn 0.2211 0.3977 0.8905
vn -0.0374 -0.0007 0.9993
vn -0.0929 0.1858 0.9782
vn 0.0039 -0.0048 1.0000
vn -0.1717 0.3642 0.9153
vn -0.6942 0.0936 0.7137
vn 0.6153 -0.0790 0.7844
vn 0.6901 -0.0369 0.7228
vn 0.6408 -0.1226 0.7578
vn 0.0059 -0.5950 0.8037
vn -0.0484 0.8614 0.5056
vn 0.2695 -0.6366 0.7226
vn -0.5462 -0.1216 0.8288
vn -0.7768 -0.0622 0.6266
vn 0.7853 0.3334 0.5218
vn -0.8075 -0.0175 0.5895
vn -0.0082 -0.7344 0.6787
vn 0.7837 -0.0116 0.6210
vn 0.8486 -0.1333 0.5120
vn 0.8254 0.0888 0.5576
vn 0.2529 0.7275 0.6377
vn -0.4955 0.7588 0.4227
vn 0.2371 0.5748 0.7832
vn -0.2457 0.4186 0.8743
vn 0.1233 0.5385 0.8336
vn -0.3767 0.5163 0.7691
vn -0.1769 0.6101 0.7723
vn 0.3790 0.5212 0.7647
vn 0.1710 0.8433 0.5095
vn -0.2161 0.5909 0.7772
vn 0.2200 0.4381 0.8716
vn 0.1801 0.5727 0.7997
vn 0.0797 0.4815 0.8728
vn 0.0254 0.5043 0.8632
vn -0.1558 0.5934 0.7897
vn -0.0088 0.6795 0.7336
vn 0.0003 0.5934 0.8049
vn 0.0812 0.6357 0.7676
vn 0.4817 0.5437 0.6872
vn 0.4983 0.6722 0.5476
vn -0.2627 0.5170 0.8146
vn -0.0827 0.4992 0.8625
vn -0.0391 0.5344 0.8443
vn -0.0415 0.5324 0.8455
vn 0.0457 0.6348 0.7713
vn -0.0044 0.5582 0.8297
vn -0.1853 0.6298 0.7544
vn -0.5478 0.4568 0.7009
vn 0.0601 0.6730 0.7372
vn -0.0211 0.6767 0.7360
vn -0.5227 0.5620 0.6411
vn -0.3626 0.6433 0.6743
vn 0.3026 0.6345 0.7112
vn 0.2541 0.6837 0.6841
vn 0.1367 0.7122 0.6886
vn 0.5177 0.6244 0.5848
vn -0.4341 0.7681 0.4706
vn -0.1241 0.8688 0.4793
vn -0.4223 0.6034 0.6764
vn -0.0429 0.7296 0.6825
vn -0.0253 0.6777 0.7349
vn -0.1697 0.7287 0.6635
vn -0.2252 0.7422 0.6312
vn -0.1014 0.7350 0.6704
vn 0.0136 0.7559 0.6545
vn -0.2918 0.7204 0.6291
vn 0.5111 0.7073 0.4885
vn 0.7473 -0.1380 0.6500
vn 0.7679 0.4153 0.4877
vn 0.5881 0.4453 0.6751
vn -0.8191 0.3276 0.4708
vn 0.5181 0.5567 0.6493
vn 0.3897 0.5211 0.7593
vn 0.4214 0.4284 0.7993
vn 0.3895 0.3515 0.8513
vn 0.3941 0.2901 0.8721
vn 0.4464 0.2308 0.8645
vn 0.5200 0.1255 0.8449
vn 0.4916 0.0701 0.8680
vn 0.3048 0.5046 0.8078
vn 0.4768 -0.0063 0.8790
vn 0.5851 -0.1076 0.8038
vn 0.5935 0.1894 0.7822
vn 0.5914 0.3077 0.7454
vn 0.5769 0.0591 0.8147
vn 0.4998 -0.0950 0.8609
vn 0.2544 0.6725 0.6950
vn 0.2993 0.6234 0.7223
vn 0.7387 0.3278 0.5889
vn 0.4752 -0.1306 0.8701
vn 0.6774 0.4416 0.5883
vn 0.6409 -0.1830 0.7455
vn 0.4512 -0.2658 0.8519
vn 0.7085 -0.2395 0.6638
vn 0.5563 0.5745 0.6004
vn 0.5344 -0.2578 0.8050
vn 0.7712 -0.0579 0.6340
vn 0.5327 -0.2774 0.7995
vn 0.4100 -0.4968 0.7649
vn 0.8438 0.1745 0.5075
vn 0.4321 -0.4971 0.7525
vn 0.6070 -0.2969 0.7372
vn 0.4905 -0.5133 0.7042
vn 0.6026 -0.3992 0.6910
vn 0.7096 -0.2711 0.6503
vn 0.7455 0.5389 0.3922
vn 0.6928 -0.3679 0.6203
vn 0.7950 -0.2127 0.5681
vn 0.7998 -0.0507 0.5981
vn 0.8343 -0.2088 0.5102
vn 0.7751 0.0140 0.6317
vn 0.8246 0.1456 0.5467
vn 0.7492 0.1606 0.6426
vn 0.8102 -0.0270 0.5856
vn 0.7810 0.1904 0.5948
vn 0.7174 0.2794 0.6382
vn 0.6677 0.3856 0.6368
vn 0.6711 0.4444 0.5934
vn 0.6208 0.4874 0.6140
vn 0.5643 0.5982 0.5689
vn 0.5751 0.5888 0.5679
vn 0.8168 0.3161 0.4826
vn 0.7829 0.4278 0.4517
vn 0.7168 0.5756 0.3935
vn 0.7347 0.5288 0.4250
vn 0.8283 0.4618 0.3173
vn 0.7022 0.6198 0.3504
vn 0.7742 -0.3179 0.5472
vn 0.9379 0.2404 0.2500
vn 0.5994 -0.5499 0.5816
vn 0.9313 -0.1279 0.3411
vn 0.9759 0.0275 0.2164
vn 0.6937 -0.4993 0.5190
vn -0.0484 0.8614 0.5056
vn -0.1241 0.8688 0.4793
vn -0.0088 0.6795 0.7336
vn -0.1558 0.5934 0.7897
vn 0.4983 0.6722 0.5476
f 1460/1460/1460 1430/1430/1430 1449/1449/1449
f 1389/1389/1389 1387/1387/1387 1405/1405/1405
f 1386/1386/1386 1411/1411/1411 1381/1381/1381
f 1400/1400/1400 1364/1364/1364 1362/1362/1362
f 709/709/709 710/710/710 708/708/708
f 1411/1411/1411 1412/1412/1412 1381/1381/1381
f 1412/1412/1412 1362/1362/1362 1381/1381/1381
f 1411/1411/1411 1386/1386/1386 1413/1413/1413
f 951/951/951 952/952/952 950/950/950
f 1413/1413/1413 1386/1386/1386 1389/1389/1389
f 1400/1400/1400 1362/1362/1362 1412/1412/1412
f 1366/1366/1366 1367/1367/1367 1365/1365/1365
f 1389/1389/1389 1386/1386/1386 1387/1387/1387
f 483/483/483 495/495/495 515/515/515
f 515/515/515 499/499/499 483/483/483
f 1274/1274/1274 1210/1210/1210 1259/1259/1259
f 1274/1274/1274 1260/1260/1260 1210/1210/1210
f 806/806/806 807/807/807 817/817/817
f 1211/1211/1211 1140/1140/1140 1141/1141/1141
f 1454/1454/1454 1430/1430/1430 1460/1460/1460
f 1274/1274/1274 1259/1259/1259 1298/1298/1298
f 1077/1077/1077 1060/1060/1060 1053/1053/1053
f 936/936/936 939/939/939 940/940/940
f 936/936/936 940/940/940 947/947/947
f 953/953/953 952/952/952 954/954/954
f 957/957/957 959/959/959 960/960/960
f 959/959/959 957/957/957 954/954/954
f 957/957/957 953/953/953 954/954/954
f 953/953/953 950/950/950 952/952/952
f 961/961/961 958/958/958 957/957/957
f 957/957/957 950/950/950 953/953/953
f 457/457/457 466/466/466 465/465/465
f 1049/1049/1049 1039/1039/1039 1076/1076/1076
f 524/524/524 495/495/495 496/496/496
f 495/495/495 524/524/524 542/542/542
f 542/542/542 515/515/515 495/495/495
f 810/810/810 811/811/811 815/815/815
f 808/808/808 811/811/811 810/810/810
f 1430/1430/1430 1429/1429/1429 1432/1432/1432
f 815/815/815 822/822/822 825/825/825
f 1072/1072/1072 1125/1125/1125 1073/1073/1073
f 766/766/766 768/768/768 769/769/769
f 1210/1210/1210 1260/1260/1260 1148/1148/1148
f 834/834/834 806/806/806 817/817/817
f 1125/1125/1125 1141/1141/1141 1073/1073/1073
f 1148/1148/1148 1121/1121/1121 1119/1119/1119
f 959/959/959 962/962/962 960/960/960
f 1400/1400/1400 1366/1366/1366 1364/1364/1364
f 1402/1402/1402 1366/1366/1366 1400/1400/1400
f 940/940/940 943/943/943 947/947/947
f 1430/1430/1430 1432/1432/1432 1449/1449/1449
f 114/114/114 106/106/106 122/122/122
f 832/832/832 825/825/825 822/822/822
f 955/955/955 954/954/954 952/952/952
f 963/963/963 954/954/954 965/965/965
f 954/954/954 955/955/955 965/965/965
f 959/959/959 954/954/954 963/963/963
f 950/950/950 958/958/958 936/936/936
f 950/950/950 936/936/936 947/947/947
f 951/951/951 950/950/950 947/947/947
f 957/957/957 958/958/958 950/950/950
f 1123/1123/1123 1124/1124/1124 1140/1140/1140
f 1073/1073/1073 1124/1124/1124 1043/1043/1043
f 1428/1428/1428 1427/1427/1427 1426/1426/1426
f 1237/1237/1237 1266/1266/1266 1259/1259/1259
f 1237/1237/1237 1259/1259/1259 1236/1236/1236
f 828/828/828 809/809/809 814/814/814
f 812/812/812 809/809/809 813/813/813
f 459/459/459 466/466/466 457/457/457
f 607/607/607 584/584/584 608/608/608
f 582/582/582 607/607/607 606/606/606
f 467/467/467 466/466/466 459/459/459
f 1050/1050/1050 1040/1040/1040 1048/1048/1048
f 478/478/478 495/495/495 483/483/483
f 765/765/765 805/805/805 767/767/767
f 808/808/808 810/810/810 809/809/809
f 808/808/808 809/809/809 807/807/807
f 825/825/825 827/827/827 815/815/815
f 815/815/815 814/814/814 810/810/810
f 1259/1259/1259 1295/1295/1295 1298/1298/1298
f 1076/1076/1076 1039/1039/1039 1096/1096/1096
f 1096/1096/1096 1047/1047/1047 1097/1097/1097
f 1098/1098/1098 1097/1097/1097 1047/1047/1047
f 1126/1126/1126 1098/1098/1098 1047/1047/1047
f 1035/1035/1035 1127/1127/1127 1126/1126/1126
f 1120/1120/1120 1210/1210/1210 1148/1148/1148
f 1121/1121/1121 1127/1127/1127 1118/1118/1118
f 766/766/766 765/765/765 767/767/767
f 661/661/661 677/677/677 663/663/663
f 106/106/106 103/103/103 105/105/105
f 107/107/107 106/106/106 105/105/105
f 1367/1367/1367 1397/1397/1397 1396/1396/1396
f 1430/1430/1430 1431/1431/1431 1427/1427/1427
f 105/105/105 108/108/108 107/107/107
f 814/814/814 815/815/815 828/828/828
f 1266/1266/1266 1295/1295/1295 1259/1259/1259
f 827/827/827 828/828/828 815/815/815
f 1397/1397/1397 1395/1395/1395 1396/1396/1396
f 1427/1427/1427 1428/1428/1428 1429/1429/1429
f 1430/1430/1430 1427/1427/1427 1429/1429/1429
f 1148/1148/1148 1119/1119/1119 1120/1120/1120
f 1118/1118/1118 1119/1119/1119 1121/1121/1121
f 1141/1141/1141 1124/1124/1124 1073/1073/1073
f 1124/1124/1124 1141/1141/1141 1140/1140/1140
f 809/809/809 810/810/810 814/814/814
f 807/807/807 809/809/809 812/812/812
f 1236/1236/1236 1259/1259/1259 1210/1210/1210
f 1236/1236/1236 1210/1210/1210 1120/1120/1120
f 644/644/644 661/661/661 663/663/663
f 624/624/624 615/615/615 632/632/632
f 615/615/615 624/624/624 600/600/600
f 148/148/148 143/143/143 135/135/135
f 120/120/120 123/123/123 127/127/127
f 708/708/708 707/707/707 709/709/709
f 707/707/707 677/677/677 661/661/661
f 707/707/707 708/708/708 677/677/677
f 496/496/496 495/495/495 479/479/479
f 495/495/495 478/478/478 479/479/479
f 1396/1396/1396 1365/1365/1365 1367/1367/1367
f 114/114/114 123/123/123 120/120/120
f 120/120/120 115/115/115 114/114/114
f 127/127/127 123/123/123 134/134/134
f 1398/1398/1398 1395/1395/1395 1397/1397/1397
f 103/103/103 106/106/106 114/114/114
f 103/103/103 114/114/114 115/115/115
f 1398/1398/1398 1404/1404/1404 1395/1395/1395
f 1530/1530/1530 1527/1527/1527 1529/1529/1529
f 1527/1527/1527 1528/1528/1528 1529/1529/1529
f 1451/1451/1451 1404/1404/1404 1398/1398/1398
f 739/739/739 710/710/710 725/725/725
f 725/725/725 710/710/710 709/709/709
f 1366/1366/1366 1365/1365/1365 1364/1364/1364
f 127/127/127 134/134/134 135/135/135
f 134/134/134 148/148/148 135/135/135
f 590/590/590 606/606/606 469/469/469
f 1050/1050/1050 1053/1053/1053 1040/1040/1040
f 467/467/467 459/459/459 469/469/469
f 1118/1118/1118 1127/1127/1127 1035/1035/1035
f 1043/1043/1043 1072/1072/1072 1073/1073/1073
f 1049/1049/1049 1048/1048/1048 1038/1038/1038
f 1039/1039/1039 1049/1049/1049 1038/1038/1038
f 1035/1035/1035 1126/1126/1126 1047/1047/1047
f 1072/1072/1072 1043/1043/1043 1061/1061/1061
f 767/767/767 768/768/768 766/766/766
f 461/461/461 468/468/468 505/505/505
f 624/624/624 601/601/601 600/600/600
f 496/496/496 479/479/479 505/505/505
f 582/582/582 584/584/584 607/607/607
f 464/464/464 468/468/468 461/461/461
f 608/608/608 584/584/584 601/601/601
f 762/762/762 763/763/763 761/761/761
f 1136/1136/1136 1053/1053/1053 1074/1074/1074
f 1128/1128/1128 1127/1127/1127 1217/1217/1217
f 1127/1127/1127 1239/1239/1239 1217/1217/1217
f 802/802/802 816/816/816 811/811/811
f 1238/1238/1238 1260/1260/1260 1290/1290/1290
f 1132/1132/1132 1133/1133/1133 1113/1113/1113
f 1463/1463/1463 1466/1466/1466 1465/1465/1465
f 968/968/968 967/967/967 948/948/948
f 837/837/837 842/842/842 831/831/831
f 967/967/967 966/966/966 948/948/948
f 842/842/842 837/837/837 847/847/847
f 968/968/968 948/948/948 942/942/942
f 883/883/883 884/884/884 899/899/899
f 826/826/826 824/824/824 831/831/831
f 824/824/824 837/837/837 831/831/831
f 914/914/914 899/899/899 900/900/900
f 736/736/736 711/711/711 710/710/710
f 1491/1491/1491 1492/1492/1492 1486/1486/1486
f 790/790/790 792/792/792 762/762/762
f 790/790/790 789/789/789 791/791/791
f 791/791/791 792/792/792 790/790/790
f 762/762/762 759/759/759 790/790/790
f 1131/1131/1131 1128/1128/1128 1217/1217/1217
f 761/761/761 759/759/759 762/762/762
f 1260/1260/1260 1305/1305/1305 1290/1290/1290
f 789/789/789 788/788/788 791/791/791
f 806/806/806 788/788/788 802/802/802
f 806/806/806 791/791/791 788/788/788
f 1239/1239/1239 1238/1238/1238 1290/1290/1290
f 1130/1130/1130 1263/1263/1263 1116/1116/1116
f 773/773/773 771/771/771 761/761/761
f 763/763/763 773/773/773 761/761/761
f 1050/1050/1050 1051/1051/1051 1116/1116/1116
f 1113/1113/1113 1076/1076/1076 1096/1096/1096
f 949/949/949 970/970/970 1009/1009/1009
f 1401/1401/1401 1367/1367/1367 1402/1402/1402
f 606/606/606 607/607/607 627/627/627
f 608/608/608 627/627/627 607/607/607
f 465/465/465 468/468/468 464/464/464
f 1051/1051/1051 1050/1050/1050 1048/1048/1048
f 606/606/606 520/520/520 469/469/469
f 469/469/469 520/520/520 467/467/467
f 627/627/627 520/520/520 606/606/606
f 663/663/663 652/652/652 644/644/644
f 624/624/624 626/626/626 601/601/601
f 601/601/601 626/626/626 608/608/608
f 513/513/513 496/496/496 505/505/505
f 468/468/468 513/513/513 505/505/505
f 1306/1306/1306 1274/1274/1274 1298/1298/1298
f 1306/1306/1306 1298/1298/1298 1329/1329/1329
f 763/763/763 766/766/766 769/769/769
f 1131/1131/1131 1097/1097/1097 1098/1098/1098
f 1126/1126/1126 1128/1128/1128 1098/1098/1098
f 1127/1127/1127 1128/1128/1128 1126/1126/1126
f 1050/1050/1050 1074/1074/1074 1053/1053/1053
f 763/763/763 765/765/765 766/766/766
f 1127/1127/1127 1121/1121/1121 1238/1238/1238
f 815/815/815 821/821/821 822/822/822
f 1451/1451/1451 1398/1398/1398 1408/1408/1408
f 1531/1531/1531 1529/1529/1529 1528/1528/1528
f 1397/1397/1397 1401/1401/1401 1408/1408/1408
f 1408/1408/1408 1398/1398/1398 1397/1397/1397
f 832/832/832 822/822/822 831/831/831
f 822/822/822 826/826/826 831/831/831
f 835/835/835 832/832/832 831/831/831
f 1429/1429/1429 1433/1433/1433 1432/1432/1432
f 1121/1121/1121 1148/1148/1148 1238/1238/1238
f 808/808/808 807/807/807 802/802/802
f 808/808/808 802/802/802 811/811/811
f 936/936/936 958/958/958 937/937/937
f 961/961/961 937/937/937 958/958/958
f 938/938/938 939/939/939 936/936/936
f 936/936/936 937/937/937 938/938/938
f 964/964/964 957/957/957 960/960/960
f 957/957/957 964/964/964 961/961/961
f 123/123/123 138/138/138 134/134/134
f 123/123/123 122/122/122 131/131/131
f 1367/1367/1367 1401/1401/1401 1397/1397/1397
f 114/114/114 122/122/122 123/123/123
f 1402/1402/1402 1367/1367/1367 1366/1366/1366
f 1461/1461/1461 1402/1402/1402 1400/1400/1400
f 123/123/123 131/131/131 138/138/138
f 138/138/138 148/148/148 134/134/134
f 939/939/939 941/941/941 940/940/940
f 941/941/941 943/943/943 940/940/940
f 1305/1305/1305 1306/1306/1306 1326/1326/1326
f 966/966/966 969/969/969 956/956/956
f 1465/1465/1465 1432/1432/1432 1463/1463/1463
f 822/822/822 824/824/824 826/826/826
f 1260/1260/1260 1238/1238/1238 1148/1148/1148
f 972/972/972 996/996/996 937/937/937
f 956/956/956 949/949/949 948/948/948
f 1492/1492/1492 1491/1491/1491 1494/1494/1494
f 712/712/712 676/676/676 677/677/677
f 884/884/884 883/883/883 847/847/847
f 847/847/847 883/883/883 842/842/842
f 948/948/948 944/944/944 942/942/942
f 956/956/956 948/948/948 966/966/966
f 1487/1487/1487 1491/1491/1491 1486/1486/1486
f 1487/1487/1487 1486/1486/1486 1483/1483/1483
f 1063/1063/1063 1048/1048/1048 1049/1049/1049
f 1048/1048/1048 1063/1063/1063 1130/1130/1130
f 608/608/608 630/630/630 627/627/627
f 946/946/946 945/945/945 944/944/944
f 944/944/944 948/948/948 946/946/946
f 948/948/948 949/949/949 946/946/946
f 939/939/939 942/942/942 941/941/941
f 942/942/942 944/944/944 941/941/941
f 138/138/138 158/158/158 148/148/148
f 945/945/945 941/941/941 944/944/944
f 1463/1463/1463 1432/1432/1432 1462/1462/1462
f 1465/1465/1465 1449/1449/1449 1432/1432/1432
f 1306/1306/1306 1329/1329/1329 1326/1326/1326
f 822/822/822 821/821/821 824/824/824
f 835/835/835 831/831/831 842/842/842
f 1433/1433/1433 1462/1462/1462 1432/1432/1432
f 949/949/949 956/956/956 970/970/970
f 513/513/513 523/523/523 496/496/496
f 643/643/643 624/624/624 632/632/632
f 523/523/523 524/524/524 496/496/496
f 533/533/533 532/532/532 546/546/546
f 643/643/643 632/632/632 644/644/644
f 532/532/532 533/533/533 524/524/524
f 739/739/739 736/736/736 710/710/710
f 752/752/752 736/736/736 739/739/739
f 753/753/753 752/752/752 739/739/739
f 937/937/937 961/961/961 972/972/972
f 710/710/710 711/711/711 708/708/708
f 708/708/708 712/712/712 677/677/677
f 964/964/964 971/971/971 961/961/961
f 961/961/961 971/971/971 972/972/972
f 711/711/711 712/712/712 708/708/708
f 466/466/466 510/510/510 465/465/465
f 468/468/468 511/511/511 513/513/513
f 626/626/626 624/624/624 631/631/631
f 510/510/510 468/468/468 465/465/465
f 510/510/510 511/511/511 468/468/468
f 608/608/608 626/626/626 630/630/630
f 529/529/529 520/520/520 627/627/627
f 520/520/520 512/512/512 467/467/467
f 467/467/467 512/512/512 466/466/466
f 512/512/512 510/510/510 466/466/466
f 652/652/652 643/643/643 644/644/644
f 546/546/546 567/567/567 564/564/564
f 677/677/677 676/676/676 663/663/663
f 546/546/546 564/564/564 533/533/533
f 652/652/652 663/663/663 676/676/676
f 637/637/637 631/631/631 624/624/624
f 637/637/637 624/624/624 643/643/643
f 523/523/523 532/532/532 524/524/524
f 807/807/807 806/806/806 802/802/802
f 1127/1127/1127 1238/1238/1238 1239/1239/1239
f 806/806/806 834/834/834 791/791/791
f 811/811/811 816/816/816 815/815/815
f 816/816/816 821/821/821 815/815/815
f 1260/1260/1260 1306/1306/1306 1305/1305/1305
f 1306/1306/1306 1260/1260/1260 1274/1274/1274
f 1096/1096/1096 1097/1097/1097 1113/1113/1113
f 769/769/769 773/773/773 763/763/763
f 1053/1053/1053 1136/1136/1136 1077/1077/1077
f 1074/1074/1074 1050/1050/1050 1116/1116/1116
f 1130/1130/1130 1116/1116/1116 1051/1051/1051
f 1132/1132/1132 1097/1097/1097 1131/1131/1131
f 1049/1049/1049 1064/1064/1064 1063/1063/1063
f 1137/1137/1137 1077/1077/1077 1136/1136/1136
f 1051/1051/1051 1048/1048/1048 1130/1130/1130
f 1114/1114/1114 1064/1064/1064 1076/1076/1076
f 1064/1064/1064 1049/1049/1049 1076/1076/1076
f 1113/1113/1113 1114/1114/1114 1076/1076/1076
f 1146/1146/1146 1158/1158/1158 1125/1125/1125
f 792/792/792 765/765/765 762/762/762
f 805/805/805 765/765/765 792/792/792
f 1128/1128/1128 1131/1131/1131 1098/1098/1098
f 1146/1146/1146 1125/1125/1125 1072/1072/1072
f 1132/1132/1132 1113/1113/1113 1097/1097/1097
f 763/763/763 762/762/762 765/765/765
f 1093/1093/1093 1092/1092/1092 1091/1091/1091
f 125/125/125 117/117/117 33/33/33
f 1372/1372/1372 1394/1394/1394 1374/1374/1374
f 1054/1054/1054 1065/1065/1065 1044/1044/1044
f 1075/1075/1075 1044/1044/1044 1065/1065/1065
f 1037/1037/1037 1022/1022/1022 1092/1092/1092
f 1021/1021/1021 1022/1022/1022 1034/1034/1034
f 1094/1094/1094 1212/1212/1212 1095/1095/1095
f 1214/1214/1214 1280/1280/1280 1252/1252/1252
f 1280/1280/1280 1282/1282/1282 1252/1252/1252
f 128/128/128 130/130/130 137/137/137
f 163/163/163 162/162/162 154/154/154
f 1421/1421/1421 1424/1424/1424 1425/1425/1425
f 1447/1447/1447 1446/1446/1446 1425/1425/1425
f 118/118/118 55/55/55 31/31/31
f 1425/1425/1425 1446/1446/1446 1421/1421/1421
f 124/124/124 24/24/24 102/102/102
f 1372/1372/1372 1393/1393/1393 1394/1394/1394
f 98/98/98 24/24/24 124/124/124
f 124/124/124 130/130/130 98/98/98
f 1363/1363/1363 1393/1393/1393 1372/1372/1372
f 1394/1394/1394 1424/1424/1424 1416/1416/1416
f 1416/1416/1416 1424/1424/1424 1421/1421/1421
f 706/706/706 703/703/703 702/702/702
f 1362/1362/1362 1354/1354/1354 1378/1378/1378
f 476/476/476 482/482/482 481/481/481
f 125/125/125 126/126/126 119/119/119
f 1151/1151/1151 1246/1246/1246 1153/1153/1153
f 1212/1212/1212 1094/1094/1094 1214/1214/1214
f 1095/1095/1095 1092/1092/1092 1093/1093/1093
f 1093/1093/1093 1094/1094/1094 1095/1095/1095
f 1075/1075/1075 1151/1151/1151 1153/1153/1153
f 1065/1065/1065 1151/1151/1151 1075/1075/1075
f 125/125/125 119/119/119 117/117/117
f 1091/1091/1091 1092/1092/1092 1022/1022/1022
f 1042/1042/1042 1055/1055/1055 1054/1054/1054
f 1418/1418/1418 1446/1446/1446 1420/1420/1420
f 425/425/425 413/413/413 424/424/424
f 501/501/501 488/488/488 506/506/506
f 420/420/420 414/414/414 419/419/419
f 1215/1215/1215 1273/1273/1273 1250/1250/1250
f 1283/1283/1283 1250/1250/1250 1273/1273/1273
f 30/30/30 40/40/40 33/33/33
f 42/42/42 33/33/33 40/40/40
f 45/45/45 50/50/50 42/42/42
f 42/42/42 40/40/40 45/45/45
f 1112/1112/1112 1215/1215/1215 1250/1250/1250
f 31/31/31 10/10/10 11/11/11
f 33/33/33 11/11/11 30/30/30
f 1446/1446/1446 1448/1448/1448 1420/1420/1420
f 33/33/33 31/31/31 11/11/11
f 1019/1019/1019 1020/1020/1020 1052/1052/1052
f 1150/1150/1150 1149/1149/1149 1154/1154/1154
f 1149/1149/1149 1155/1155/1155 1154/1154/1154
f 1081/1081/1081 1112/1112/1112 1082/1082/1082
f 1082/1082/1082 1052/1052/1052 1020/1020/1020
f 1020/1020/1020 1081/1081/1081 1082/1082/1082
f 1149/1149/1149 1150/1150/1150 1070/1070/1070
f 484/484/484 501/501/501 506/506/506
f 625/625/625 648/648/648 646/646/646
f 1372/1372/1372 1371/1371/1371 1370/1370/1370
f 1371/1371/1371 1372/1372/1372 1373/1373/1373
f 10/10/10 24/24/24 8/8/8
f 1418/1418/1418 1417/1417/1417 1416/1416/1416
f 14/14/14 8/8/8 24/24/24
f 25/25/25 98/98/98 100/100/100
f 613/613/613 586/586/586 614/614/614
f 1361/1361/1361 1369/1369/1369 1357/1357/1357
f 98/98/98 130/130/130 128/128/128
f 1363/1363/1363 1370/1370/1370 1361/1361/1361
f 1372/1372/1372 1370/1370/1370 1363/1363/1363
f 702/702/702 703/703/703 699/699/699
f 414/414/414 420/420/420 413/413/413
f 1042/1042/1042 1054/1054/1054 1044/1044/1044
f 1042/1042/1042 1044/1044/1044 1032/1032/1032
f 1022/1022/1022 1021/1021/1021 1016/1016/1016
f 1042/1042/1042 1032/1032/1032 1028/1028/1028
f 1094/1094/1094 1093/1093/1093 1082/1082/1082
f 1153/1153/1153 1149/1149/1149 1075/1075/1075
f 1044/1044/1044 1075/1075/1075 1149/1149/1149
f 581/581/581 583/583/583 587/587/587
f 424/424/424 463/463/463 425/425/425
f 420/420/420 426/426/426 427/427/427
f 102/102/102 24/24/24 10/10/10
f 10/10/10 55/55/55 102/102/102
f 1374/1374/1374 1394/1394/1394 1416/1416/1416
f 1214/1214/1214 1094/1094/1094 1082/1082/1082
f 118/118/118 31/31/31 33/33/33
f 118/118/118 33/33/33 117/117/117
f 1282/1282/1282 1280/1280/1280 1314/1314/1314
f 1214/1214/1214 1250/1250/1250 1280/1280/1280
f 1069/1069/1069 1044/1044/1044 1070/1070/1070
f 1052/1052/1052 1091/1091/1091 1019/1019/1019
f 1070/1070/1070 1044/1044/1044 1149/1149/1149
f 1032/1032/1032 1044/1044/1044 1069/1069/1069
f 1019/1019/1019 1091/1091/1091 1022/1022/1022
f 1149/1149/1149 1153/1153/1153 1155/1155/1155
f 1052/1052/1052 1093/1093/1093 1091/1091/1091
f 1082/1082/1082 1093/1093/1093 1052/1052/1052
f 426/426/426 420/420/420 419/419/419
f 441/441/441 427/427/427 426/426/426
f 583/583/583 589/589/589 587/587/587
f 1022/1022/1022 1016/1016/1016 1019/1019/1019
f 589/589/589 444/444/444 592/592/592
f 444/444/444 441/441/441 592/592/592
f 444/444/444 427/427/427 441/441/441
f 14/14/14 98/98/98 25/25/25
f 14/14/14 24/24/24 98/98/98
f 100/100/100 98/98/98 128/128/128
f 1214/1214/1214 1112/1112/1112 1250/1250/1250
f 1446/1446/1446 1418/1418/1418 1421/1421/1421
f 31/31/31 55/55/55 10/10/10
f 1418/1418/1418 1416/1416/1416 1421/1421/1421
f 1112/1112/1112 1214/1214/1214 1082/1082/1082
f 50/50/50 125/125/125 42/42/42
f 50/50/50 126/126/126 125/125/125
f 125/125/125 33/33/33 42/42/42
f 1280/1280/1280 1250/1250/1250 1283/1283/1283
f 1280/1280/1280 1283/1283/1283 1314/1314/1314
f 613/613/613 625/625/625 628/628/628
f 613/613/613 614/614/614 625/625/625
f 476/476/476 481/481/481 480/480/480
f 480/480/480 481/481/481 501/501/501
f 501/501/501 481/481/481 488/488/488
f 614/614/614 586/586/586 598/598/598
f 1370/1370/1370 1369/1369/1369 1361/1361/1361
f 669/669/669 662/662/662 646/646/646
f 625/625/625 646/646/646 628/628/628
f 1387/1387/1387 1383/1383/1383 1388/1388/1388
f 699/699/699 669/669/669 698/698/698
f 707/707/707 706/706/706 709/709/709
f 497/497/497 498/498/498 547/547/547
f 547/547/547 482/482/482 497/497/497
f 1122/1122/1122 1120/1120/1120 1117/1117/1117
f 812/812/812 829/829/829 820/820/820
f 1235/1235/1235 1122/1122/1122 1234/1234/1234
f 1213/1213/1213 1261/1261/1261 1237/1237/1237
f 1237/1237/1237 1234/1234/1234 1213/1213/1213
f 130/130/130 127/127/127 135/135/135
f 148/148/148 160/160/160 159/159/159
f 143/143/143 148/148/148 159/159/159
f 1404/1404/1404 1428/1428/1428 1426/1426/1426
f 1364/1364/1364 1363/1363/1363 1362/1362/1362
f 585/585/585 601/601/601 584/584/584
f 461/461/461 505/505/505 504/504/504
f 582/582/582 606/606/606 590/590/590
f 464/464/464 461/461/461 423/423/423
f 465/465/465 464/464/464 423/423/423
f 457/457/457 465/465/465 423/423/423
f 644/644/644 642/642/642 661/661/661
f 707/707/707 661/661/661 674/674/674
f 1386/1386/1386 1381/1381/1381 1383/1383/1383
f 505/505/505 479/479/479 504/504/504
f 483/483/483 499/499/499 498/498/498
f 828/828/828 813/813/813 809/809/809
f 812/812/812 819/819/819 807/807/807
f 1454/1454/1454 1453/1453/1453 1430/1430/1430
f 108/108/108 105/105/105 109/109/109
f 110/110/110 108/108/108 109/109/109
f 1096/1096/1096 1039/1039/1039 1047/1047/1047
f 1120/1120/1120 1235/1235/1235 1236/1236/1236
f 1117/1117/1117 1120/1120/1120 1119/1119/1119
f 1056/1056/1056 1043/1043/1043 1124/1124/1124
f 1061/1061/1061 1043/1043/1043 1041/1041/1041
f 1039/1039/1039 1036/1036/1036 1047/1047/1047
f 1053/1053/1053 1060/1060/1060 1041/1041/1041
f 1040/1040/1040 1053/1053/1053 1041/1041/1041
f 1036/1036/1036 1035/1035/1035 1047/1047/1047
f 1048/1048/1048 1040/1040/1040 1038/1038/1038
f 460/460/460 590/590/590 469/469/469
f 1120/1120/1120 1122/1122/1122 1235/1235/1235
f 1117/1117/1117 1119/1119/1119 1118/1118/1118
f 1041/1041/1041 1060/1060/1060 1061/1061/1061
f 1034/1034/1034 1118/1118/1118 1035/1035/1035
f 600/600/600 601/601/601 585/585/585
f 459/459/459 457/457/457 427/427/427
f 460/460/460 469/469/469 459/459/459
f 812/812/812 813/813/813 829/829/829
f 1123/1123/1123 1140/1140/1140 1139/1139/1139
f 111/111/111 110/110/110 109/109/109
f 1453/1453/1453 1431/1431/1431 1430/1430/1430
f 104/104/104 109/109/109 105/105/105
f 1457/1457/1457 1453/1453/1453 1454/1454/1454
f 1124/1124/1124 1123/1123/1123 1056/1056/1056
f 113/113/113 110/110/110 112/112/112
f 1266/1266/1266 1237/1237/1237 1261/1261/1261
f 112/112/112 110/110/110 111/111/111
f 820/820/820 819/819/819 812/812/812
f 1234/1234/1234 1236/1236/1236 1235/1235/1235
f 1236/1236/1236 1234/1234/1234 1237/1237/1237
f 629/629/629 642/642/642 644/644/644
f 488/488/488 498/498/498 499/499/499
f 644/644/644 632/632/632 629/629/629
f 478/478/478 483/483/483 476/476/476
f 476/476/476 483/483/483 482/482/482
f 482/482/482 483/483/483 497/497/497
f 483/483/483 498/498/498 497/497/497
f 629/629/629 632/632/632 615/615/615
f 479/479/479 478/478/478 477/477/477
f 1362/1362/1362 1363/1363/1363 1360/1360/1360
f 1396/1396/1396 1395/1395/1395 1393/1393/1393
f 1396/1396/1396 1393/1393/1393 1365/1365/1365
f 1362/1362/1362 1360/1360/1360 1354/1354/1354
f 154/154/154 159/159/159 163/163/163
f 159/159/159 154/154/154 143/143/143
f 628/628/628 646/646/646 642/642/642
f 646/646/646 662/662/662 642/642/642
f 669/669/669 674/674/674 662/662/662
f 669/669/669 699/699/699 674/674/674
f 703/703/703 674/674/674 699/699/699
f 475/475/475 477/477/477 476/476/476
f 475/475/475 463/463/463 477/477/477
f 142/142/142 143/143/143 154/154/154
f 1021/1021/1021 1038/1038/1038 1028/1028/1028
f 459/459/459 427/427/427 444/444/444
f 1066/1066/1066 1065/1065/1065 1054/1054/1054
f 1055/1055/1055 1066/1066/1066 1054/1054/1054
f 413/413/413 422/422/422 424/424/424
f 586/586/586 613/613/613 600/600/600
f 589/589/589 460/460/460 444/444/444
f 420/420/420 422/422/422 413/413/413
f 581/581/581 582/582/582 583/583/583
f 422/422/422 420/420/420 423/423/423
f 1036/1036/1036 1038/1038/1038 1021/1021/1021
f 1034/1034/1034 1022/1022/1022 1037/1037/1037
f 583/583/583 590/590/590 589/589/589
f 482/482/482 500/500/500 481/481/481
f 481/481/481 500/500/500 488/488/488
f 463/463/463 424/424/424 462/462/462
f 586/586/586 585/585/585 581/581/581
f 628/628/628 615/615/615 613/613/613
f 1252/1252/1252 1212/1212/1212 1214/1214/1214
f 104/104/104 103/103/103 55/55/55
f 1447/1447/1447 1425/1425/1425 1431/1431/1431
f 55/55/55 118/118/118 104/104/104
f 1092/1092/1092 1122/1122/1122 1037/1037/1037
f 1065/1065/1065 1066/1066/1066 1139/1139/1139
f 1212/1212/1212 1252/1252/1252 1261/1261/1261
f 1212/1212/1212 1261/1261/1261 1213/1213/1213
f 1123/1123/1123 1139/1139/1139 1066/1066/1066
f 1095/1095/1095 1213/1213/1213 1234/1234/1234
f 115/115/115 120/120/120 102/102/102
f 1360/1360/1360 1357/1357/1357 1354/1354/1354
f 137/137/137 135/135/135 143/143/143
f 662/662/662 674/674/674 661/661/661
f 642/642/642 662/662/662 661/661/661
f 725/725/725 709/709/709 706/706/706
f 1382/1382/1382 1383/1383/1383 1381/1381/1381
f 703/703/703 707/707/707 674/674/674
f 1381/1381/1381 1378/1378/1378 1382/1382/1382
f 1426/1426/1426 1427/1427/1427 1425/1425/1425
f 105/105/105 103/103/103 104/104/104
f 1365/1365/1365 1363/1363/1363 1364/1364/1364
f 1394/1394/1394 1404/1404/1404 1426/1426/1426
f 1394/1394/1394 1426/1426/1426 1424/1424/1424
f 1393/1393/1393 1395/1395/1395 1394/1394/1394
f 457/457/457 423/423/423 427/427/427
f 422/422/422 423/423/423 461/461/461
f 1041/1041/1041 1028/1028/1028 1040/1040/1040
f 582/582/582 590/590/590 583/583/583
f 478/478/478 476/476/476 477/477/477
f 547/547/547 498/498/498 500/500/500
f 504/504/504 463/463/463 462/462/462
f 463/463/463 479/479/479 477/477/477
f 615/615/615 628/628/628 629/629/629
f 1403/1403/1403 1405/1405/1405 1387/1387/1387
f 488/488/488 499/499/499 508/508/508
f 1387/1387/1387 1388/1388/1388 1403/1403/1403
f 547/547/547 500/500/500 482/482/482
f 488/488/488 500/500/500 498/498/498
f 642/642/642 629/629/629 628/628/628
f 504/504/504 479/479/479 463/463/463
f 615/615/615 600/600/600 613/613/613
f 143/143/143 142/142/142 137/137/137
f 130/130/130 135/135/135 137/137/137
f 1360/1360/1360 1361/1361/1361 1357/1357/1357
f 1360/1360/1360 1363/1363/1363 1361/1361/1361
f 1386/1386/1386 1383/1383/1383 1387/1387/1387
f 703/703/703 706/706/706 707/707/707
f 1381/1381/1381 1362/1362/1362 1378/1378/1378
f 1123/1123/1123 1066/1066/1066 1055/1055/1055
f 1092/1092/1092 1095/1095/1095 1122/1122/1122
f 1035/1035/1035 1021/1021/1021 1034/1034/1034
f 1056/1056/1056 1055/1055/1055 1042/1042/1042
f 1117/1117/1117 1034/1034/1034 1037/1037/1037
f 121/121/121 112/112/112 116/116/116
f 1065/1065/1065 1152/1152/1152 1151/1151/1151
f 1041/1041/1041 1042/1042/1042 1028/1028/1028
f 1038/1038/1038 1040/1040/1040 1028/1028/1028
f 1039/1039/1039 1038/1038/1038 1036/1036/1036
f 1036/1036/1036 1021/1021/1021 1035/1035/1035
f 460/460/460 459/459/459 444/444/444
f 589/589/589 590/590/590 460/460/460
f 1037/1037/1037 1122/1122/1122 1117/1117/1117
f 1055/1055/1055 1056/1056/1056 1123/1123/1123
f 1041/1041/1041 1043/1043/1043 1042/1042/1042
f 1042/1042/1042 1043/1043/1043 1056/1056/1056
f 1118/1118/1118 1034/1034/1034 1117/1117/1117
f 424/424/424 422/422/422 461/461/461
f 424/424/424 461/461/461 462/462/462
f 586/586/586 600/600/600 585/585/585
f 462/462/462 461/461/461 504/504/504
f 427/427/427 423/423/423 420/420/420
f 581/581/581 585/585/585 584/584/584
f 581/581/581 584/584/584 582/582/582
f 1426/1426/1426 1425/1425/1425 1424/1424/1424
f 104/104/104 117/117/117 109/109/109
f 1431/1431/1431 1425/1425/1425 1427/1427/1427
f 103/103/103 102/102/102 55/55/55
f 118/118/118 117/117/117 104/104/104
f 124/124/124 120/120/120 127/127/127
f 124/124/124 127/127/127 130/130/130
f 1393/1393/1393 1363/1363/1363 1365/1365/1365
f 103/103/103 115/115/115 102/102/102
f 102/102/102 120/120/120 124/124/124
f 1404/1404/1404 1394/1394/1394 1395/1395/1395
f 111/111/111 116/116/116 112/112/112
f 1213/1213/1213 1095/1095/1095 1212/1212/1212
f 1122/1122/1122 1095/1095/1095 1234/1234/1234
f 111/111/111 109/109/109 117/117/117
f 1453/1453/1453 1447/1447/1447 1431/1431/1431
f 1252/1252/1252 1282/1282/1282 1261/1261/1261
f 1152/1152/1152 1246/1246/1246 1151/1151/1151
f 117/117/117 119/119/119 111/111/111
f 544/544/544 571/571/571 568/568/568
f 1526/1526/1526 1521/1521/1521 1500/1500/1500
f 898/898/898 911/911/911 896/896/896
f 1324/1324/1324 1303/1303/1303 1321/1321/1321
f 1322/1322/1322 1310/1310/1310 1285/1285/1285
f 1321/1321/1321 1330/1330/1330 1324/1324/1324
f 696/696/696 690/690/690 693/693/693
f 1286/1286/1286 1310/1310/1310 1318/1318/1318
f 898/898/898 895/895/895 910/910/910
f 987/987/987 989/989/989 988/988/988
f 735/735/735 697/697/697 696/696/696
f 572/572/572 554/554/554 558/558/558
f 690/690/690 696/696/696 558/558/558
f 979/979/979 981/981/981 987/987/987
f 696/696/696 733/733/733 735/735/735
f 982/982/982 981/981/981 980/980/980
f 733/733/733 696/696/696 693/693/693
f 981/981/981 979/979/979 980/980/980
f 1511/1511/1511 1513/1513/1513 1514/1514/1514
f 852/852/852 850/850/850 853/853/853
f 856/856/856 855/855/855 853/853/853
f 775/775/775 783/783/783 779/779/779
f 853/853/853 854/854/854 852/852/852
f 1338/1338/1338 1322/1322/1322 1324/1324/1324
f 797/797/797 850/850/850 852/852/852
f 1512/1512/1512 1511/1511/1511 1510/1510/1510
f 784/784/784 799/799/799 803/803/803
f 1512/1512/1512 1517/1517/1517 1513/1513/1513
f 1512/1512/1512 1513/1513/1513 1511/1511/1511
f 697/697/697 572/572/572 558/558/558
f 856/856/856 861/861/861 855/855/855
f 855/855/855 861/861/861 872/872/872
f 697/697/697 558/558/558 696/696/696
f 561/561/561 554/554/554 572/572/572
f 797/797/797 783/783/783 850/850/850
f 853/853/853 855/855/855 854/854/854
f 848/848/848 882/882/882 849/849/849
f 1502/1502/1502 1501/1501/1501 1503/1503/1503
f 1502/1502/1502 1503/1503/1503 1504/1504/1504
f 910/910/910 911/911/911 898/898/898
f 988/988/988 986/986/986 987/987/987
f 1515/1515/1515 1505/1505/1505 1509/1509/1509
f 1509/1509/1509 1511/1511/1511 1515/1515/1515
f 1505/1505/1505 1502/1502/1502 1504/1504/1504
f 1505/1505/1505 1506/1506/1506 1509/1509/1509
f 1505/1505/1505 1504/1504/1504 1506/1506/1506
f 840/840/840 849/849/849 844/844/844
f 848/848/848 849/849/849 840/840/840
f 772/772/772 777/777/777 764/764/764
f 778/778/778 784/784/784 782/782/782
f 777/777/777 775/775/775 764/764/764
f 764/764/764 775/775/775 756/756/756
f 1482/1482/1482 1493/1493/1493 1515/1515/1515
f 839/839/839 801/801/801 846/846/846
f 839/839/839 800/800/800 801/801/801
f 1515/1515/1515 1516/1516/1516 1482/1482/1482
f 846/846/846 877/877/877 839/839/839
f 1493/1493/1493 1471/1471/1471 1490/1490/1490
f 784/784/784 778/778/778 779/779/779
f 777/777/777 783/783/783 775/775/775
f 1303/1303/1303 1324/1324/1324 1322/1322/1322
f 896/896/896 889/889/889 882/882/882
f 849/849/849 882/882/882 889/889/889
f 902/902/902 896/896/896 911/911/911
f 1501/1501/1501 1498/1498/1498 1521/1521/1521
f 1500/1500/1500 1521/1521/1521 1498/1498/1498
f 840/840/840 844/844/844 801/801/801
f 803/803/803 840/840/840 801/801/801
f 1515/1515/1515 1511/1511/1511 1516/1516/1516
f 561/561/561 571/571/571 544/544/544
f 1318/1318/1318 1271/1271/1271 1286/1286/1286
f 1271/1271/1271 1318/1318/1318 1319/1319/1319
f 730/730/730 729/729/729 732/732/732
f 557/557/557 544/544/544 568/568/568
f 731/731/731 733/733/733 692/692/692
f 693/693/693 692/692/692 733/733/733
f 1490/1490/1490 1485/1485/1485 1501/1501/1501
f 1501/1501/1501 1502/1502/1502 1490/1490/1490
f 889/889/889 896/896/896 902/902/902
f 1501/1501/1501 1485/1485/1485 1498/1498/1498
f 987/987/987 986/986/986 977/977/977
f 911/911/911 913/913/913 902/902/902
f 1526/1526/1526 1500/1500/1500 1523/1523/1523
f 846/846/846 801/801/801 844/844/844
f 1505/1505/1505 1515/1515/1515 1493/1493/1493
f 889/889/889 877/877/877 849/849/849
f 1505/1505/1505 1493/1493/1493 1490/1490/1490
f 846/846/846 844/844/844 877/877/877
f 849/849/849 877/877/877 844/844/844
f 1490/1490/1490 1502/1502/1502 1505/1505/1505
f 558/558/558 539/539/539 559/559/559
f 979/979/979 987/987/987 977/977/977
f 673/673/673 672/672/672 664/664/664
f 544/544/544 557/557/557 540/540/540
f 558/558/558 554/554/554 539/539/539
f 672/672/672 690/690/690 559/559/559
f 559/559/559 690/690/690 558/558/558
f 544/544/544 554/554/554 561/561/561
f 544/544/544 534/534/534 554/554/554
f 858/858/858 856/856/856 857/857/857
f 857/857/857 856/856/856 853/853/853
f 861/861/861 858/858/858 870/870/870
f 861/861/861 856/856/856 858/858/858
f 568/568/568 570/570/570 557/557/557
f 732/732/732 731/731/731 730/730/730
f 732/732/732 733/733/733 731/731/731
f 979/979/979 978/978/978 980/980/980
f 979/979/979 977/977/977 978/978/978
f 672/672/672 673/673/673 690/690/690
f 690/690/690 673/673/673 693/693/693
f 693/693/693 673/673/673 692/692/692
f 1514/1514/1514 1518/1518/1518 1511/1511/1511
f 1518/1518/1518 1516/1516/1516 1511/1511/1511
f 803/803/803 801/801/801 784/784/784
f 782/782/782 784/784/784 801/801/801
f 1303/1303/1303 1289/1289/1289 1321/1321/1321
f 1321/1321/1321 1289/1289/1289 1320/1320/1320
f 1284/1284/1284 1285/1285/1285 1310/1310/1310
f 857/857/857 853/853/853 862/862/862
f 862/862/862 853/853/853 850/850/850
f 1286/1286/1286 1284/1284/1284 1310/1310/1310
f 1322/1322/1322 1285/1285/1285 1303/1303/1303
f 778/778/778 756/756/756 779/779/779
f 775/775/775 779/779/779 756/756/756
f 1327/1327/1327 1321/1321/1321 1304/1304/1304
f 850/850/850 783/783/783 777/777/777
f 777/777/777 862/862/862 850/850/850
f 1321/1321/1321 1320/1320/1320 1304/1304/1304
f 1003/1003/1003 1007/1007/1007 1006/1006/1006
f 915/915/915 916/916/916 928/928/928
f 871/871/871 865/865/865 866/866/866
f 867/867/867 859/859/859 868/868/868
f 1001/1001/1001 1003/1003/1003 1006/1006/1006
f 1006/1006/1006 1005/1005/1005 1001/1001/1001
f 893/893/893 874/874/874 878/878/878
f 925/925/925 926/926/926 927/927/927
f 874/874/874 845/845/845 878/878/878
f 845/845/845 865/865/865 878/878/878
f 878/878/878 865/865/865 871/871/871
f 887/887/887 912/912/912 915/915/915
f 915/915/915 912/912/912 916/916/916
f 1524/1524/1524 1525/1525/1525 1507/1507/1507
f 893/893/893 888/888/888 874/874/874
f 916/916/916 918/918/918 925/925/925
f 851/851/851 841/841/841 845/845/845
f 851/851/851 845/845/845 874/874/874
f 888/888/888 851/851/851 874/874/874
f 1525/1525/1525 1508/1508/1508 1507/1507/1507
f 918/918/918 926/926/926 925/925/925
f 1525/1525/1525 1522/1522/1522 1508/1508/1508
f 1003/1003/1003 1001/1001/1001 999/999/999
f 995/995/995 993/993/993 992/992/992
f 893/893/893 901/901/901 906/906/906
f 909/909/909 934/934/934 906/906/906
f 909/909/909 931/931/931 934/934/934
f 999/999/999 995/995/995 994/994/994
f 909/909/909 906/906/906 901/901/901
f 933/933/933 903/903/903 929/929/929
f 891/891/891 894/894/894 876/876/876
f 890/890/890 885/885/885 903/903/903
f 875/875/875 869/869/869 885/885/885
f 869/869/869 867/867/867 885/885/885
f 890/890/890 876/876/876 875/875/875
f 885/885/885 928/928/928 930/930/930
f 871/871/871 875/875/875 876/876/876
f 903/903/903 930/930/930 929/929/929
f 890/890/890 891/891/891 876/876/876
f 930/930/930 903/903/903 885/885/885
f 903/903/903 933/933/933 904/904/904
f 891/891/891 890/890/890 904/904/904
f 904/904/904 890/890/890 903/903/903
f 869/869/869 875/875/875 871/871/871
f 928/928/928 885/885/885 886/886/886
f 867/867/867 886/886/886 885/885/885
f 931/931/931 909/909/909 904/904/904
f 859/859/859 867/867/867 866/866/866
f 894/894/894 891/891/891 901/901/901
f 997/997/997 993/993/993 995/995/995
f 891/891/891 909/909/909 901/901/901
f 1001/1001/1001 995/995/995 999/999/999
f 997/997/997 995/995/995 1000/1000/1000
f 929/929/929 930/930/930 925/925/925
f 929/929/929 925/925/925 927/927/927
f 893/893/893 894/894/894 901/901/901
f 929/929/929 927/927/927 932/932/932
f 928/928/928 916/916/916 925/925/925
f 876/876/876 878/878/878 871/871/871
f 930/930/930 928/928/928 925/925/925
f 886/886/886 887/887/887 915/915/915
f 867/867/867 868/868/868 886/886/886
f 886/886/886 868/868/868 887/887/887
f 866/866/866 869/869/869 871/871/871
f 928/928/928 886/886/886 915/915/915
f 869/869/869 866/866/866 867/867/867
f 904/904/904 909/909/909 891/891/891
f 1005/1005/1005 1000/1000/1000 1001/1001/1001
f 1001/1001/1001 1000/1000/1000 995/995/995
f 878/878/878 876/876/876 893/893/893
f 893/893/893 876/876/876 894/894/894
f 779/779/779 785/785/785 799/799/799
f 1504/1504/1504 1507/1507/1507 1506/1506/1506
f 744/744/744 734/734/734 732/732/732
f 983/983/983 982/982/982 1002/1002/1002
f 741/741/741 697/697/697 735/735/735
f 983/983/983 981/981/981 982/982/982
f 983/983/983 1002/1002/1002 1004/1004/1004
f 998/998/998 994/994/994 981/981/981
f 994/994/994 987/987/987 981/981/981
f 990/990/990 987/987/987 994/994/994
f 734/734/734 735/735/735 733/733/733
f 732/732/732 734/734/734 733/733/733
f 983/983/983 998/998/998 981/981/981
f 1337/1337/1337 1318/1318/1318 1310/1310/1310
f 799/799/799 784/784/784 779/779/779
f 799/799/799 840/840/840 803/803/803
f 1339/1339/1339 1318/1318/1318 1337/1337/1337
f 1338/1338/1338 1310/1310/1310 1322/1322/1322
f 922/922/922 924/924/924 919/919/919
f 785/785/785 779/779/779 783/783/783
f 797/797/797 785/785/785 783/783/783
f 921/921/921 922/922/922 919/919/919
f 1310/1310/1310 1338/1338/1338 1337/1337/1337
f 1517/1517/1517 1512/1512/1512 1519/1519/1519
f 1519/1519/1519 1512/1512/1512 1510/1510/1510
f 919/919/919 924/924/924 920/920/920
f 697/697/697 741/741/741 747/747/747
f 572/572/572 747/747/747 751/751/751
f 572/572/572 697/697/697 747/747/747
f 895/895/895 882/882/882 881/881/881
f 882/882/882 848/848/848 881/881/881
f 990/990/990 991/991/991 989/989/989
f 895/895/895 908/908/908 910/910/910
f 990/990/990 989/989/989 987/987/987
f 882/882/882 895/895/895 896/896/896
f 895/895/895 898/898/898 896/896/896
f 1510/1510/1510 1511/1511/1511 1509/1509/1509
f 992/992/992 994/994/994 995/995/995
f 934/934/934 935/935/935 906/906/906
f 841/841/841 799/799/799 804/804/804
f 859/859/859 866/866/866 860/860/860
f 918/918/918 920/920/920 926/926/926
f 1522/1522/1522 1519/1519/1519 1510/1510/1510
f 865/865/865 804/804/804 864/864/864
f 865/865/865 860/860/860 866/866/866
f 860/860/860 865/865/865 864/864/864
f 1008/1008/1008 1006/1006/1006 1007/1007/1007
f 868/868/868 873/873/873 887/887/887
f 887/887/887 873/873/873 912/912/912
f 750/750/750 747/747/747 746/746/746
f 991/991/991 992/992/992 993/993/993
f 1507/1507/1507 1503/1503/1503 1524/1524/1524
f 851/851/851 888/888/888 881/881/881
f 1522/1522/1522 1510/1510/1510 1508/1508/1508
f 804/804/804 865/865/865 845/845/845
f 916/916/916 912/912/912 917/917/917
f 841/841/841 804/804/804 845/845/845
f 917/917/917 918/918/918 916/916/916
f 906/906/906 908/908/908 895/895/895
f 848/848/848 851/851/851 881/881/881
f 840/840/840 841/841/841 848/848/848
f 1509/1509/1509 1506/1506/1506 1508/1508/1508
f 799/799/799 841/841/841 840/840/840
f 1508/1508/1508 1506/1506/1506 1507/1507/1507
f 841/841/841 851/851/851 848/848/848
f 888/888/888 895/895/895 881/881/881
f 1504/1504/1504 1503/1503/1503 1507/1507/1507
f 917/917/917 921/921/921 919/919/919
f 923/923/923 921/921/921 912/912/912
f 912/912/912 921/921/921 917/917/917
f 785/785/785 797/797/797 804/804/804
f 804/804/804 797/797/797 852/852/852
f 735/735/735 740/740/740 741/741/741
f 998/998/998 983/983/983 999/999/999
f 855/855/855 859/859/859 854/854/854
f 855/855/855 872/872/872 873/873/873
f 746/746/746 747/747/747 741/741/741
f 994/994/994 998/998/998 999/999/999
f 906/906/906 935/935/935 908/908/908
f 983/983/983 1003/1003/1003 999/999/999
f 740/740/740 735/735/735 734/734/734
f 740/740/740 746/746/746 741/741/741
f 751/751/751 747/747/747 750/750/750
f 990/990/990 992/992/992 991/991/991
f 893/893/893 895/895/895 888/888/888
f 992/992/992 990/990/990 994/994/994
f 895/895/895 893/893/893 906/906/906
f 785/785/785 804/804/804 799/799/799
f 864/864/864 804/804/804 852/852/852
f 860/860/860 864/864/864 852/852/852
f 1509/1509/1509 1508/1508/1508 1510/1510/1510
f 854/854/854 859/859/859 860/860/860
f 912/912/912 873/873/873 923/923/923
f 855/855/855 868/868/868 859/859/859
f 868/868/868 855/855/855 873/873/873
f 860/860/860 852/852/852 854/854/854
f 917/917/917 919/919/919 918/918/918
f 918/918/918 919/919/919 920/920/920
f 788/788/788 786/786/786 787/787/787
f 830/830/830 823/823/823 796/796/796
f 641/641/641 665/665/665 668/668/668
f 638/638/638 641/641/641 658/658/658
f 670/670/670 728/728/728 666/666/666
f 1308/1308/1308 1276/1276/1276 1296/1296/1296
f 1263/1263/1263 1262/1262/1262 1264/1264/1264
f 529/529/529 640/640/640 659/659/659
f 1133/1133/1133 1258/1258/1258 1256/1256/1256
f 758/758/758 757/757/757 786/786/786
f 1267/1267/1267 1268/1268/1268 1297/1297/1297
f 758/758/758 755/755/755 757/757/757
f 1308/1308/1308 1268/1268/1268 1276/1276/1276
f 1134/1134/1134 1135/1135/1135 1256/1256/1256
f 660/660/660 640/640/640 639/639/639
f 529/529/529 659/659/659 528/528/528
f 770/770/770 771/771/771 774/774/774
f 1476/1476/1476 1472/1472/1472 1470/1470/1470
f 736/736/736 748/748/748 718/718/718
f 793/793/793 796/796/796 823/823/823
f 793/793/793 787/787/787 796/796/796
f 1480/1480/1480 1481/1481/1481 1466/1466/1466
f 1473/1473/1473 1480/1480/1480 1466/1466/1466
f 525/525/525 511/511/511 510/510/510
f 626/626/626 638/638/638 630/630/630
f 512/512/512 520/520/520 529/529/529
f 529/529/529 627/627/627 640/640/640
f 627/627/627 630/630/630 639/639/639
f 627/627/627 639/639/639 640/640/640
f 712/712/712 713/713/713 676/676/676
f 676/676/676 670/670/670 652/652/652
f 546/546/546 555/555/555 567/567/567
f 631/631/631 637/637/637 638/638/638
f 513/513/513 511/511/511 523/523/523
f 637/637/637 643/643/643 641/641/641
f 531/531/531 532/532/532 523/523/523
f 1217/1217/1217 1239/1239/1239 1276/1276/1276
f 816/816/816 823/823/823 821/821/821
f 1315/1315/1315 1305/1305/1305 1326/1326/1326
f 781/781/781 771/771/771 773/773/773
f 1131/1131/1131 1216/1216/1216 1133/1133/1133
f 1133/1133/1133 1132/1132/1132 1131/1131/1131
f 1135/1135/1135 1113/1113/1113 1133/1133/1133
f 1290/1290/1290 1296/1296/1296 1239/1239/1239
f 1217/1217/1217 1216/1216/1216 1131/1131/1131
f 1290/1290/1290 1305/1305/1305 1315/1315/1315
f 788/788/788 793/793/793 802/802/802
f 816/816/816 802/802/802 818/818/818
f 771/771/771 781/781/781 774/774/774
f 1074/1074/1074 1116/1116/1116 1138/1138/1138
f 1479/1479/1479 1478/1478/1478 1483/1483/1483
f 1479/1479/1479 1483/1483/1483 1486/1486/1486
f 713/713/713 712/712/712 711/711/711
f 1463/1463/1463 1477/1477/1477 1467/1467/1467
f 821/821/821 830/830/830 824/824/824
f 1467/1467/1467 1466/1466/1466 1463/1463/1463
f 525/525/525 527/527/527 511/511/511
f 512/512/512 526/526/526 525/525/525
f 974/974/974 984/984/984 972/972/972
f 728/728/728 676/676/676 713/713/713
f 973/973/973 974/974/974 972/972/972
f 643/643/643 665/665/665 641/641/641
f 532/532/532 541/541/541 555/555/555
f 1268/1268/1268 1216/1216/1216 1217/1217/1217
f 1268/1268/1268 1217/1217/1217 1276/1276/1276
f 816/816/816 818/818/818 823/823/823
f 1263/1263/1263 1130/1130/1130 1262/1262/1262
f 1262/1262/1262 1130/1130/1130 1063/1063/1063
f 1074/1074/1074 1144/1144/1144 1145/1145/1145
f 758/758/758 786/786/786 790/790/790
f 758/758/758 759/759/759 755/755/755
f 1268/1268/1268 1267/1267/1267 1216/1216/1216
f 823/823/823 818/818/818 793/793/793
f 787/787/787 793/793/793 788/788/788
f 1063/1063/1063 1254/1254/1254 1262/1262/1262
f 1253/1253/1253 1254/1254/1254 1063/1063/1063
f 1143/1143/1143 1063/1063/1063 1064/1064/1064
f 1064/1064/1064 1134/1134/1134 1143/1143/1143
f 1133/1133/1133 1216/1216/1216 1258/1258/1258
f 760/760/760 761/761/761 771/771/771
f 771/771/771 770/770/770 760/760/760
f 1267/1267/1267 1258/1258/1258 1216/1216/1216
f 1063/1063/1063 1143/1143/1143 1253/1253/1253
f 1256/1256/1256 1135/1135/1135 1133/1133/1133
f 1489/1489/1489 1479/1479/1479 1486/1486/1486
f 905/905/905 900/900/900 892/892/892
f 711/711/711 718/718/718 713/713/713
f 1489/1489/1489 1492/1492/1492 1496/1496/1496
f 1492/1492/1492 1489/1489/1489 1486/1486/1486
f 1467/1467/1467 1470/1470/1470 1469/1469/1469
f 1470/1470/1470 1477/1477/1477 1476/1476/1476
f 786/786/786 788/788/788 789/789/789
f 790/790/790 759/759/759 758/758/758
f 1296/1296/1296 1276/1276/1276 1239/1239/1239
f 786/786/786 789/789/789 790/790/790
f 1466/1466/1466 1481/1481/1481 1465/1465/1465
f 818/818/818 802/802/802 793/793/793
f 1290/1290/1290 1315/1315/1315 1296/1296/1296
f 1142/1142/1142 1138/1138/1138 1116/1116/1116
f 1116/1116/1116 1264/1264/1264 1142/1142/1142
f 1263/1263/1263 1264/1264/1264 1116/1116/1116
f 1134/1134/1134 1064/1064/1064 1114/1114/1114
f 1113/1113/1113 1134/1134/1134 1114/1114/1114
f 1113/1113/1113 1135/1135/1135 1134/1134/1134
f 759/759/759 761/761/761 760/760/760
f 759/759/759 760/760/760 755/755/755
f 1136/1136/1136 1074/1074/1074 1145/1145/1145
f 1074/1074/1074 1138/1138/1138 1144/1144/1144
f 899/899/899 884/884/884 900/900/900
f 984/984/984 996/996/996 972/972/972
f 736/736/736 718/718/718 711/711/711
f 837/837/837 824/824/824 836/836/836
f 821/821/821 823/823/823 830/830/830
f 824/824/824 830/830/830 836/836/836
f 1472/1472/1472 1476/1476/1476 1478/1478/1478
f 1472/1472/1472 1478/1478/1478 1474/1474/1474
f 843/843/843 847/847/847 837/837/837
f 900/900/900 905/905/905 914/914/914
f 1474/1474/1474 1478/1478/1478 1479/1479/1479
f 884/884/884 892/892/892 900/900/900
f 884/884/884 847/847/847 879/879/879
f 847/847/847 843/843/843 879/879/879
f 1467/1467/1467 1477/1477/1477 1470/1470/1470
f 837/837/837 836/836/836 843/843/843
f 630/630/630 638/638/638 639/639/639
f 527/527/527 530/530/530 511/511/511
f 631/631/631 638/638/638 626/626/626
f 528/528/528 526/526/526 512/512/512
f 528/528/528 512/512/512 529/529/529
f 510/510/510 512/512/512 525/525/525
f 670/670/670 666/666/666 652/652/652
f 643/643/643 652/652/652 665/665/665
f 652/652/652 666/666/666 665/665/665
f 546/546/546 532/532/532 555/555/555
f 973/973/973 972/972/972 971/971/971
f 676/676/676 728/728/728 670/670/670
f 523/523/523 530/530/530 531/531/531
f 637/637/637 641/641/641 638/638/638
f 511/511/511 530/530/530 523/523/523
f 531/531/531 541/541/541 532/532/532
f 1499/1499/1499 1488/1488/1488 1484/1484/1484
f 1482/1482/1482 1484/1484/1484 1468/1468/1468
f 1471/1471/1471 1482/1482/1482 1468/1468/1468
f 795/795/795 800/800/800 798/798/798
f 833/833/833 798/798/798 838/838/838
f 1471/1471/1471 1474/1474/1474 1475/1475/1475
f 660/660/660 664/664/664 672/672/672
f 668/668/668 691/691/691 692/692/692
f 658/658/658 671/671/671 673/673/673
f 897/897/897 889/889/889 902/902/902
f 1485/1485/1485 1490/1490/1490 1475/1475/1475
f 1500/1500/1500 1498/1498/1498 1495/1495/1495
f 1484/1484/1484 1482/1482/1482 1516/1516/1516
f 801/801/801 800/800/800 782/782/782
f 877/877/877 880/880/880 839/839/839
f 1471/1471/1471 1493/1493/1493 1482/1482/1482
f 539/539/539 554/554/554 534/534/534
f 728/728/728 729/729/729 730/730/730
f 986/986/986 985/985/985 977/977/977
f 985/985/985 975/975/975 977/977/977
f 978/978/978 977/977/977 976/976/976
f 776/776/776 777/777/777 772/772/772
f 544/544/544 525/525/525 534/534/534
f 544/544/544 540/540/540 525/525/525
f 658/658/658 673/673/673 664/664/664
f 660/660/660 672/672/672 559/559/559
f 731/731/731 691/691/691 730/730/730
f 976/976/976 977/977/977 975/975/975
f 692/692/692 691/691/691 731/731/731
f 728/728/728 719/719/719 729/729/729
f 692/692/692 673/673/673 671/671/671
f 543/543/543 557/557/557 553/553/553
f 543/543/543 540/540/540 557/557/557
f 556/556/556 553/553/553 570/570/570
f 692/692/692 671/671/671 668/668/668
f 557/557/557 570/570/570 553/553/553
f 778/778/778 782/782/782 780/780/780
f 780/780/780 782/782/782 794/794/794
f 1518/1518/1518 1520/1520/1520 1499/1499/1499
f 1287/1287/1287 1288/1288/1288 1272/1272/1272
f 777/777/777 776/776/776 862/862/862
f 857/857/857 862/862/862 863/863/863
f 756/756/756 778/778/778 757/757/757
f 1327/1327/1327 1304/1304/1304 1297/1297/1297
f 1320/1320/1320 1289/1289/1289 1304/1304/1304
f 1327/1327/1327 1297/1297/1297 1328/1328/1328
f 1514/1514/1514 1520/1520/1520 1518/1518/1518
f 1257/1257/1257 1303/1303/1303 1285/1285/1285
f 1271/1271/1271 1288/1288/1288 1265/1265/1265
f 1303/1303/1303 1257/1257/1257 1289/1289/1289
f 1271/1271/1271 1255/1255/1255 1286/1286/1286
f 1265/1265/1265 1288/1288/1288 1287/1287/1287
f 902/902/902 907/907/907 897/897/897
f 1498/1498/1498 1485/1485/1485 1495/1495/1495
f 880/880/880 877/877/877 897/897/897
f 877/877/877 889/889/889 897/897/897
f 1523/1523/1523 1500/1500/1500 1497/1497/1497
f 902/902/902 913/913/913 907/907/907
f 1495/1495/1495 1497/1497/1497 1500/1500/1500
f 800/800/800 795/795/795 782/782/782
f 1499/1499/1499 1516/1516/1516 1518/1518/1518
f 1516/1516/1516 1499/1499/1499 1484/1484/1484
f 839/839/839 880/880/880 838/838/838
f 1490/1490/1490 1471/1471/1471 1475/1475/1475
f 800/800/800 839/839/839 798/798/798
f 798/798/798 839/839/839 838/838/838
f 1257/1257/1257 1285/1285/1285 1143/1143/1143
f 666/666/666 691/691/691 665/665/665
f 770/770/770 764/764/764 760/760/760
f 1254/1254/1254 1253/1253/1253 1255/1255/1255
f 1267/1267/1267 1297/1297/1297 1258/1258/1258
f 639/639/639 638/638/638 658/658/658
f 1257/1257/1257 1134/1134/1134 1256/1256/1256
f 1134/1134/1134 1257/1257/1257 1143/1143/1143
f 1265/1265/1265 1142/1142/1142 1264/1264/1264
f 774/774/774 776/776/776 770/770/770
f 774/774/774 863/863/863 776/776/776
f 1264/1264/1264 1262/1262/1262 1265/1265/1265
f 757/757/757 780/780/780 786/786/786
f 836/836/836 830/830/830 838/838/838
f 836/836/836 838/838/838 843/843/843
f 1479/1479/1479 1489/1489/1489 1485/1485/1485
f 892/892/892 884/884/884 879/879/879
f 796/796/796 833/833/833 830/830/830
f 787/787/787 786/786/786 780/780/780
f 1297/1297/1297 1268/1268/1268 1308/1308/1308
f 1325/1325/1325 1308/1308/1308 1296/1296/1296
f 1473/1473/1473 1488/1488/1488 1480/1480/1480
f 641/641/641 668/668/668 658/658/658
f 541/541/541 556/556/556 555/555/555
f 658/658/658 664/664/664 639/639/639
f 530/530/530 541/541/541 531/531/531
f 748/748/748 745/745/745 718/718/718
f 1496/1496/1496 1497/1497/1497 1489/1489/1489
f 1495/1495/1495 1489/1489/1489 1497/1497/1497
f 1485/1485/1485 1489/1489/1489 1495/1495/1495
f 713/713/713 719/719/719 728/728/728
f 974/974/974 975/975/975 984/984/984
f 718/718/718 719/719/719 713/713/713
f 1262/1262/1262 1271/1271/1271 1265/1265/1265
f 534/534/534 526/526/526 539/539/539
f 1257/1257/1257 1256/1256/1256 1289/1289/1289
f 1255/1255/1255 1284/1284/1284 1286/1286/1286
f 530/530/530 540/540/540 543/543/543
f 543/543/543 553/553/553 541/541/541
f 772/772/772 764/764/764 770/770/770
f 1335/1335/1335 1328/1328/1328 1308/1308/1308
f 778/778/778 780/780/780 757/757/757
f 1484/1484/1484 1488/1488/1488 1473/1473/1473
f 1468/1468/1468 1484/1484/1484 1473/1473/1473
f 795/795/795 794/794/794 782/782/782
f 1143/1143/1143 1285/1285/1285 1253/1253/1253
f 1253/1253/1253 1285/1285/1285 1284/1284/1284
f 863/863/863 862/862/862 776/776/776
f 1289/1289/1289 1258/1258/1258 1304/1304/1304
f 745/745/745 719/719/719 718/718/718
f 666/666/666 730/730/730 691/691/691
f 1472/1472/1472 1474/1474/1474 1471/1471/1471
f 1471/1471/1471 1468/1468/1468 1469/1469/1469
f 897/897/897 907/907/907 905/905/905
f 1474/1474/1474 1485/1485/1485 1475/1475/1475
f 879/879/879 880/880/880 892/892/892
f 796/796/796 798/798/798 833/833/833
f 796/796/796 795/795/795 798/798/798
f 1468/1468/1468 1473/1473/1473 1466/1466/1466
f 795/795/795 796/796/796 787/787/787
f 1471/1471/1471 1470/1470/1470 1472/1472/1472
f 1471/1471/1471 1469/1469/1469 1470/1470/1470
f 880/880/880 843/843/843 838/838/838
f 1467/1467/1467 1469/1469/1469 1468/1468/1468
f 1467/1467/1467 1468/1468/1468 1466/1466/1466
f 830/830/830 833/833/833 838/838/838
f 1304/1304/1304 1258/1258/1258 1297/1297/1297
f 755/755/755 756/756/756 757/757/757
f 760/760/760 764/764/764 755/755/755
f 764/764/764 756/756/756 755/755/755
f 1328/1328/1328 1297/1297/1297 1308/1308/1308
f 1308/1308/1308 1325/1325/1325 1335/1335/1335
f 795/795/795 787/787/787 794/794/794
f 794/794/794 787/787/787 780/780/780
f 976/976/976 975/975/975 973/973/973
f 691/691/691 668/668/668 665/665/665
f 975/975/975 974/974/974 973/973/973
f 541/541/541 553/553/553 556/556/556
f 1496/1496/1496 1523/1523/1523 1497/1497/1497
f 984/984/984 975/975/975 985/985/985
f 728/728/728 730/730/730 666/666/666
f 897/897/897 892/892/892 880/880/880
f 1485/1485/1485 1474/1474/1474 1479/1479/1479
f 880/880/880 879/879/879 843/843/843
f 892/892/892 897/897/897 905/905/905
f 1254/1254/1254 1271/1271/1271 1262/1262/1262
f 1254/1254/1254 1255/1255/1255 1271/1271/1271
f 1265/1265/1265 1287/1287/1287 1142/1142/1142
f 559/559/559 640/640/640 660/660/660
f 659/659/659 640/640/640 559/559/559
f 1138/1138/1138 1272/1272/1272 1144/1144/1144
f 1287/1287/1287 1272/1272/1272 1138/1138/1138
f 1142/1142/1142 1287/1287/1287 1138/1138/1138
f 1284/1284/1284 1255/1255/1255 1253/1253/1253
f 776/776/776 772/772/772 770/770/770
f 1256/1256/1256 1258/1258/1258 1289/1289/1289
f 530/530/530 527/527/527 540/540/540
f 525/525/525 540/540/540 527/527/527
f 543/543/543 541/541/541 530/530/530
f 668/668/668 671/671/671 658/658/658
f 659/659/659 559/559/559 528/528/528
f 528/528/528 559/559/559 539/539/539
f 528/528/528 539/539/539 526/526/526
f 526/526/526 534/534/534 525/525/525
f 639/639/639 664/664/664 660/660/660
f 70/70/70 71/71/71 80/80/80
f 327/327/327 307/307/307 318/318/318
f 720/720/720 721/721/721 722/722/722
f 656/656/656 679/679/679 655/655/655
f 678/678/678 656/656/656 653/653/653
f 535/535/535 550/550/550 562/562/562
f 550/550/550 563/563/563 562/562/562
f 721/721/721 689/689/689 680/680/680
f 1189/1189/1189 1244/1244/1244 1221/1221/1221
f 1302/1302/1302 1331/1331/1331 1316/1316/1316
f 1171/1171/1171 1198/1198/1198 1172/1172/1172
f 1188/1188/1188 1221/1221/1221 1179/1179/1179
f 1240/1240/1240 1229/1229/1229 1277/1277/1277
f 1244/1244/1244 1189/1189/1189 1245/1245/1245
f 1192/1192/1192 1178/1178/1178 1223/1223/1223
f 1189/1189/1189 1221/1221/1221 1188/1188/1188
f 521/521/521 681/681/681 654/654/654
f 88/88/88 83/83/83 80/80/80
f 376/376/376 379/379/379 323/323/323
f 83/83/83 70/70/70 80/80/80
f 332/332/332 317/317/317 324/324/324
f 308/308/308 309/309/309 310/310/310
f 309/309/309 308/308/308 306/306/306
f 1332/1332/1332 1331/1331/1331 1302/1302/1302
f 380/380/380 405/405/405 318/318/318
f 79/79/79 61/61/61 64/64/64
f 307/307/307 325/325/325 306/306/306
f 1226/1226/1226 1171/1171/1171 1180/1180/1180
f 325/325/325 307/307/307 327/327/327
f 276/276/276 291/291/291 294/294/294
f 82/82/82 85/85/85 90/90/90
f 304/304/304 302/302/302 311/311/311
f 323/323/323 301/301/301 317/317/317
f 91/91/91 85/85/85 83/83/83
f 322/322/322 320/320/320 315/315/315
f 521/521/521 537/537/537 681/681/681
f 1198/1198/1198 1171/1171/1171 1226/1226/1226
f 681/681/681 682/682/682 654/654/654
f 456/456/456 536/536/536 455/455/455
f 1172/1172/1172 1198/1198/1198 1168/1168/1168
f 535/535/535 549/549/549 516/516/516
f 686/686/686 679/679/679 656/656/656
f 456/456/456 519/519/519 538/538/538
f 654/654/654 682/682/682 653/653/653
f 310/310/310 312/312/312 315/315/315
f 64/64/64 82/82/82 84/84/84
f 70/70/70 82/82/82 64/64/64
f 84/84/84 186/186/186 79/79/79
f 79/79/79 64/64/64 84/84/84
f 1179/1179/1179 1222/1222/1222 1180/1180/1180
f 1178/1178/1178 1224/1224/1224 1223/1223/1223
f 1222/1222/1222 1226/1226/1226 1180/1180/1180
f 1225/1225/1225 1224/1224/1224 1168/1168/1168
f 1168/1168/1168 1224/1224/1224 1178/1178/1178
f 1241/1241/1241 1240/1240/1240 1277/1277/1277
f 1243/1243/1243 1179/1179/1179 1221/1221/1221
f 1278/1278/1278 1277/1277/1277 1229/1229/1229
f 1244/1244/1244 1245/1245/1245 1316/1316/1316
f 1228/1228/1228 1278/1278/1278 1229/1229/1229
f 378/378/378 330/330/330 331/331/331
f 193/193/193 189/189/189 166/166/166
f 680/680/680 724/724/724 721/721/721
f 680/680/680 679/679/679 686/686/686
f 392/392/392 397/397/397 331/331/331
f 379/379/379 319/319/319 323/323/323
f 318/318/318 304/304/304 319/319/319
f 318/318/318 319/319/319 380/380/380
f 139/139/139 152/152/152 155/155/155
f 133/133/133 96/96/96 139/139/139
f 84/84/84 82/82/82 184/184/184
f 307/307/307 304/304/304 318/318/318
f 308/308/308 305/305/305 306/306/306
f 306/306/306 305/305/305 304/304/304
f 306/306/306 304/304/304 307/307/307
f 319/319/319 311/311/311 323/323/323
f 311/311/311 319/319/319 304/304/304
f 70/70/70 85/85/85 82/82/82
f 85/85/85 70/70/70 83/83/83
f 1244/1244/1244 1316/1316/1316 1307/1307/1307
f 1243/1243/1243 1222/1222/1222 1179/1179/1179
f 186/186/186 184/184/184 180/180/180
f 84/84/84 184/184/184 186/186/186
f 315/315/315 312/312/312 322/322/322
f 310/310/310 315/315/315 308/308/308
f 186/186/186 180/180/180 181/181/181
f 392/392/392 331/331/331 387/387/387
f 535/535/535 562/562/562 549/549/549
f 391/391/391 387/387/387 388/388/388
f 562/562/562 563/563/563 576/576/576
f 91/91/91 96/96/96 133/133/133
f 189/189/189 193/193/193 196/196/196
f 189/189/189 155/155/155 152/152/152
f 397/397/397 378/378/378 331/331/331
f 723/723/723 722/722/722 721/721/721
f 721/721/721 724/724/724 723/723/723
f 331/331/331 330/330/330 326/326/326
f 724/724/724 680/680/680 686/686/686
f 391/391/391 392/392/392 387/387/387
f 332/332/332 376/376/376 323/323/323
f 332/332/332 323/323/323 317/317/317
f 83/83/83 88/88/88 91/91/91
f 91/91/91 88/88/88 96/96/96
f 166/166/166 189/189/189 152/152/152
f 139/139/139 155/155/155 133/133/133
f 330/330/330 324/324/324 326/326/326
f 1168/1168/1168 1198/1198/1198 1225/1225/1225
f 537/537/537 521/521/521 536/536/536
f 536/536/536 521/521/521 455/455/455
f 1221/1221/1221 1244/1244/1244 1307/1307/1307
f 1228/1228/1228 1223/1223/1223 1278/1278/1278
f 516/516/516 549/549/549 519/519/519
f 678/678/678 685/685/685 656/656/656
f 685/685/685 686/686/686 656/656/656
f 536/536/536 456/456/456 538/538/538
f 682/682/682 678/678/678 653/653/653
f 1175/1175/1175 1229/1229/1229 1174/1174/1174
f 618/618/618 635/635/635 617/617/617
f 397/397/397 396/396/396 398/398/398
f 655/655/655 647/647/647 636/636/636
f 1249/1249/1249 1227/1227/1227 1174/1174/1174
f 63/63/63 60/60/60 75/75/75
f 1248/1248/1248 1249/1249/1249 1269/1269/1269
f 1203/1203/1203 1202/1202/1202 1232/1232/1232
f 1191/1191/1191 1190/1190/1190 1192/1192/1192
f 1190/1190/1190 1105/1105/1105 1192/1192/1192
f 63/63/63 75/75/75 76/76/76
f 1183/1183/1183 1233/1233/1233 1202/1202/1202
f 58/58/58 60/60/60 59/59/59
f 1163/1163/1163 1175/1175/1175 1174/1174/1174
f 382/382/382 375/375/375 383/383/383
f 375/375/375 382/382/382 333/333/333
f 58/58/58 56/56/56 65/65/65
f 347/347/347 351/351/351 402/402/402
f 347/347/347 380/380/380 346/346/346
f 1223/1223/1223 1193/1193/1193 1192/1192/1192
f 1223/1223/1223 1228/1228/1228 1193/1193/1193
f 1170/1170/1170 1110/1110/1110 1171/1171/1171
f 1229/1229/1229 1193/1193/1193 1228/1228/1228
f 1110/1110/1110 1180/1180/1180 1171/1171/1171
f 519/519/519 447/447/447 516/516/516
f 447/447/447 519/519/519 456/456/456
f 516/516/516 514/514/514 535/535/535
f 656/656/656 635/635/635 653/653/653
f 514/514/514 516/516/516 447/447/447
f 438/438/438 456/456/456 455/455/455
f 521/521/521 443/443/443 455/455/455
f 405/405/405 327/327/327 318/318/318
f 379/379/379 380/380/380 319/319/319
f 1245/1245/1245 1302/1302/1302 1316/1316/1316
f 1302/1302/1302 1245/1245/1245 1232/1232/1232
f 1302/1302/1302 1317/1317/1317 1332/1332/1332
f 310/310/310 309/309/309 312/312/312
f 64/64/64 65/65/65 70/70/70
f 71/71/71 70/70/70 65/65/65
f 1168/1168/1168 1178/1178/1178 1105/1105/1105
f 1203/1203/1203 1245/1245/1245 1189/1189/1189
f 1175/1175/1175 1193/1193/1193 1229/1229/1229
f 325/325/325 309/309/309 306/306/306
f 77/77/77 61/61/61 79/79/79
f 1291/1291/1291 1249/1249/1249 1241/1241/1241
f 391/391/391 396/396/396 392/392/392
f 333/333/333 332/332/332 324/324/324
f 139/139/139 96/96/96 136/136/136
f 324/324/324 375/375/375 333/333/333
f 334/334/334 376/376/376 332/332/332
f 330/330/330 375/375/375 324/324/324
f 616/616/616 653/653/653 618/618/618
f 438/438/438 455/455/455 443/443/443
f 654/654/654 616/616/616 453/453/453
f 521/521/521 446/446/446 443/443/443
f 679/679/679 657/657/657 647/647/647
f 550/550/550 566/566/566 563/563/563
f 680/680/680 683/683/683 657/657/657
f 653/653/653 635/635/635 618/618/618
f 1291/1291/1291 1311/1311/1311 1269/1269/1269
f 64/64/64 61/61/61 58/58/58
f 1187/1187/1187 1186/1186/1186 1188/1188/1188
f 1279/1279/1279 1269/1269/1269 1311/1311/1311
f 1279/1279/1279 1311/1311/1311 1312/1312/1312
f 60/60/60 77/77/77 75/75/75
f 74/74/74 71/71/71 65/65/65
f 58/58/58 65/65/65 64/64/64
f 1312/1312/1312 1336/1336/1336 1334/1334/1334
f 1111/1111/1111 1179/1179/1179 1110/1110/1110
f 1180/1180/1180 1110/1110/1110 1179/1179/1179
f 1175/1175/1175 1164/1164/1164 1191/1191/1191
f 1111/1111/1111 1187/1187/1187 1188/1188/1188
f 1110/1110/1110 1170/1170/1170 1165/1165/1165
f 1087/1087/1087 1168/1168/1168 1105/1105/1105
f 1174/1174/1174 1240/1240/1240 1241/1241/1241
f 1174/1174/1174 1241/1241/1241 1249/1249/1249
f 1233/1233/1233 1232/1232/1232 1202/1202/1202
f 1229/1229/1229 1240/1240/1240 1174/1174/1174
f 165/165/165 166/166/166 151/151/151
f 689/689/689 717/717/717 683/683/683
f 720/720/720 716/716/716 717/717/717
f 348/348/348 346/346/346 379/379/379
f 402/402/402 380/380/380 347/347/347
f 333/333/333 334/334/334 332/332/332
f 95/95/95 88/88/88 86/86/86
f 348/348/348 376/376/376 334/334/334
f 58/58/58 61/61/61 60/60/60
f 1312/1312/1312 1311/1311/1311 1336/1336/1336
f 1269/1269/1269 1249/1249/1249 1291/1291/1291
f 77/77/77 60/60/60 61/61/61
f 80/80/80 71/71/71 81/81/81
f 405/405/405 402/402/402 327/327/327
f 405/405/405 380/380/380 402/402/402
f 1192/1192/1192 1105/1105/1105 1178/1178/1178
f 1175/1175/1175 1191/1191/1191 1193/1193/1193
f 1186/1186/1186 1203/1203/1203 1189/1189/1189
f 1188/1188/1188 1179/1179/1179 1111/1111/1111
f 1302/1302/1302 1233/1233/1233 1317/1317/1317
f 1232/1232/1232 1233/1233/1233 1302/1302/1302
f 1232/1232/1232 1245/1245/1245 1203/1203/1203
f 721/721/721 720/720/720 717/717/717
f 152/152/152 151/151/151 166/166/166
f 383/383/383 330/330/330 378/378/378
f 397/397/397 392/392/392 396/396/396
f 721/721/721 717/717/717 689/689/689
f 136/136/136 146/146/146 139/139/139
f 378/378/378 398/398/398 383/383/383
f 383/383/383 375/375/375 330/330/330
f 689/689/689 683/683/683 680/680/680
f 397/397/397 398/398/398 378/378/378
f 376/376/376 348/348/348 379/379/379
f 96/96/96 88/88/88 95/95/95
f 71/71/71 74/74/74 81/81/81
f 88/88/88 80/80/80 86/86/86
f 86/86/86 80/80/80 81/81/81
f 379/379/379 346/346/346 380/380/380
f 146/146/146 151/151/151 152/152/152
f 139/139/139 146/146/146 152/152/152
f 95/95/95 136/136/136 96/96/96
f 654/654/654 453/453/453 521/521/521
f 521/521/521 453/453/453 446/446/446
f 456/456/456 438/438/438 448/448/448
f 447/447/447 448/448/448 438/438/438
f 654/654/654 653/653/653 616/616/616
f 1172/1172/1172 1168/1168/1168 1087/1087/1087
f 1186/1186/1186 1189/1189/1189 1188/1188/1188
f 1171/1171/1171 1169/1169/1169 1170/1170/1170
f 1171/1171/1171 1087/1087/1087 1169/1169/1169
f 1172/1172/1172 1087/1087/1087 1171/1171/1171
f 1192/1192/1192 1193/1193/1193 1191/1191/1191
f 635/635/635 655/655/655 636/636/636
f 680/680/680 657/657/657 679/679/679
f 517/517/517 535/535/535 514/514/514
f 550/550/550 535/535/535 517/517/517
f 679/679/679 647/647/647 655/655/655
f 448/448/448 447/447/447 456/456/456
f 447/447/447 450/450/450 514/514/514
f 655/655/655 635/635/635 656/656/656
f 187/187/187 169/169/169 188/188/188
f 255/255/255 243/243/243 254/254/254
f 246/246/246 407/407/407 228/228/228
f 230/230/230 247/247/247 246/246/246
f 206/206/206 205/205/205 203/203/203
f 206/206/206 219/219/219 205/205/205
f 241/241/241 240/240/240 250/250/250
f 241/241/241 253/253/253 257/257/257
f 258/258/258 243/243/243 255/255/255
f 254/254/254 243/243/243 242/242/242
f 394/394/394 390/390/390 208/208/208
f 207/207/207 208/208/208 381/381/381
f 395/395/395 227/227/227 249/249/249
f 263/263/263 270/270/270 264/264/264
f 265/265/265 270/270/270 259/259/259
f 270/270/270 265/265/265 264/264/264
f 296/296/296 247/247/247 248/248/248
f 246/246/246 228/228/228 230/230/230
f 253/253/253 266/266/266 257/257/257
f 254/254/254 242/242/242 260/260/260
f 253/253/253 241/241/241 250/250/250
f 187/187/187 172/172/172 169/169/169
f 298/298/298 221/221/221 209/209/209
f 195/195/195 188/188/188 194/194/194
f 297/297/297 209/209/209 205/205/205
f 169/169/169 168/168/168 188/188/188
f 246/246/246 247/247/247 408/408/408
f 171/171/171 173/173/173 174/174/174
f 174/174/174 175/175/175 171/171/171
f 282/282/282 254/254/254 260/260/260
f 253/253/253 278/278/278 266/266/266
f 169/169/169 172/172/172 171/171/171
f 221/221/221 313/313/313 260/260/260
f 221/221/221 298/298/298 313/313/313
f 171/171/171 172/172/172 173/173/173
f 267/267/267 258/258/258 255/255/255
f 222/222/222 207/207/207 381/381/381
f 228/228/228 407/407/407 249/249/249
f 222/222/222 206/206/206 207/207/207
f 249/249/249 404/404/404 395/395/395
f 208/208/208 390/390/390 381/381/381
f 250/250/250 261/261/261 253/253/253
f 222/222/222 219/219/219 206/206/206
f 219/219/219 321/321/321 205/205/205
f 297/297/297 205/205/205 321/321/321
f 297/297/297 298/298/298 209/209/209
f 269/269/269 250/250/250 259/259/259
f 258/258/258 267/267/267 271/271/271
f 270/270/270 269/269/269 259/259/259
f 272/272/272 254/254/254 282/282/282
f 262/262/262 253/253/253 261/261/261
f 267/267/267 255/255/255 254/254/254
f 267/267/267 254/254/254 268/268/268
f 268/268/268 254/254/254 272/272/272
f 262/262/262 278/278/278 253/253/253
f 269/269/269 261/261/261 250/250/250
f 390/390/390 389/389/389 381/381/381
f 389/389/389 390/390/390 393/393/393
f 394/394/394 393/393/393 390/390/390
f 394/394/394 395/395/395 399/399/399
f 270/270/270 263/263/263 280/280/280
f 258/258/258 271/271/271 252/252/252
f 280/280/280 263/263/263 252/252/252
f 271/271/271 280/280/280 252/252/252
f 394/394/394 399/399/399 393/393/393
f 233/233/233 231/231/231 232/232/232
f 235/235/235 233/233/233 232/232/232
f 210/210/210 223/223/223 214/214/214
f 214/214/214 223/223/223 224/224/224
f 238/238/238 239/239/239 235/235/235
f 264/264/264 238/238/238 244/244/244
f 239/239/239 233/233/233 235/235/235
f 217/217/217 216/216/216 215/215/215
f 218/218/218 217/217/217 215/215/215
f 890/890/890 875/875/875 885/885/885
f 215/215/215 216/216/216 202/202/202
f 216/216/216 211/211/211 202/202/202
f 238/238/238 217/217/217 218/218/218
f 211/211/211 198/198/198 202/202/202
f 198/198/198 211/211/211 212/212/212
f 198/198/198 212/212/212 199/199/199
f 198/198/198 199/199/199 200/200/200
f 225/225/225 212/212/212 211/211/211
f 210/210/210 202/202/202 201/201/201
f 231/231/231 226/226/226 232/232/232
f 201/201/201 198/198/198 200/200/200
f 216/216/216 226/226/226 225/225/225
f 217/217/217 232/232/232 216/216/216
f 214/214/214 215/215/215 202/202/202
f 202/202/202 210/210/210 214/214/214
f 216/216/216 225/225/225 211/211/211
f 232/232/232 226/226/226 216/216/216
f 202/202/202 198/198/198 201/201/201
f 238/238/238 235/235/235 217/217/217
f 218/218/218 224/224/224 245/245/245
f 218/218/218 244/244/244 238/238/238
f 218/218/218 245/245/245 244/244/244
f 217/217/217 235/235/235 232/232/232
f 224/224/224 215/215/215 214/214/214
f 215/215/215 224/224/224 218/218/218
f 206/206/206 203/203/203 200/200/200
f 256/256/256 237/237/237 257/257/257
f 248/248/248 237/237/237 256/256/256
f 234/234/234 248/248/248 247/247/247
f 227/227/227 228/228/228 249/249/249
f 263/263/263 244/244/244 252/252/252
f 394/394/394 220/220/220 395/395/395
f 220/220/220 394/394/394 208/208/208
f 227/227/227 395/395/395 220/220/220
f 230/230/230 231/231/231 247/247/247
f 229/229/229 230/230/230 228/228/228
f 213/213/213 260/260/260 242/242/242
f 213/213/213 221/221/221 260/260/260
f 241/241/241 257/257/257 237/237/237
f 243/243/243 223/223/223 242/242/242
f 242/242/242 223/223/223 213/213/213
f 259/259/259 239/239/239 265/265/265
f 244/244/244 263/263/263 264/264/264
f 258/258/258 251/251/251 243/243/243
f 251/251/251 258/258/258 252/252/252
f 250/250/250 240/240/240 239/239/239
f 239/239/239 259/259/259 250/250/250
f 224/224/224 243/243/243 251/251/251
f 223/223/223 243/243/243 224/224/224
f 239/239/239 236/236/236 233/233/233
f 252/252/252 244/244/244 245/245/245
f 252/252/252 224/224/224 251/251/251
f 265/265/265 239/239/239 238/238/238
f 264/264/264 265/265/265 238/238/238
f 252/252/252 245/245/245 224/224/224
f 233/233/233 234/234/234 231/231/231
f 231/231/231 230/230/230 226/226/226
f 210/210/210 201/201/201 204/204/204
f 233/233/233 236/236/236 234/234/234
f 213/213/213 210/210/210 204/204/204
f 212/212/212 220/220/220 199/199/199
f 237/237/237 234/234/234 236/236/236
f 209/209/209 221/221/221 213/213/213
f 248/248/248 234/234/234 237/237/237
f 213/213/213 204/204/204 209/209/209
f 241/241/241 237/237/237 240/240/240
f 223/223/223 210/210/210 213/213/213
f 239/239/239 240/240/240 236/236/236
f 240/240/240 237/237/237 236/236/236
f 225/225/225 228/228/228 212/212/212
f 226/226/226 229/229/229 225/225/225
f 229/229/229 228/228/228 225/225/225
f 206/206/206 200/200/200 207/207/207
f 212/212/212 227/227/227 220/220/220
f 199/199/199 207/207/207 200/200/200
f 199/199/199 220/220/220 208/208/208
f 199/199/199 208/208/208 207/207/207
f 228/228/228 227/227/227 212/212/212
f 203/203/203 204/204/204 201/201/201
f 231/231/231 234/234/234 247/247/247
f 209/209/209 204/204/204 205/205/205
f 203/203/203 205/205/205 204/204/204
f 200/200/200 203/203/203 201/201/201
f 226/226/226 230/230/230 229/229/229
f 301/301/301 299/299/299 316/316/316
f 170/170/170 185/185/185 147/147/147
f 164/164/164 170/170/170 147/147/147
f 300/300/300 299/299/299 301/301/301
f 178/178/178 183/183/183 176/176/176
f 386/386/386 387/387/387 384/384/384
f 694/694/694 685/685/685 687/687/687
f 552/552/552 549/549/549 575/575/575
f 387/387/387 329/329/329 384/384/384
f 311/311/311 302/302/302 301/301/301
f 311/311/311 301/301/301 323/323/323
f 180/180/180 184/184/184 178/178/178
f 305/305/305 303/303/303 304/304/304
f 90/90/90 183/183/183 82/82/82
f 303/303/303 302/302/302 304/304/304
f 184/184/184 82/82/82 183/183/183
f 727/727/727 724/724/724 686/686/686
f 562/562/562 576/576/576 549/549/549
f 155/155/155 157/157/157 133/133/133
f 192/192/192 189/189/189 196/196/196
f 331/331/331 326/326/326 328/328/328
f 1281/1281/1281 1224/1224/1224 1225/1225/1225
f 291/291/291 276/276/276 289/289/289
f 322/322/322 288/288/288 320/320/320
f 682/682/682 687/687/687 678/678/678
f 688/688/688 687/687/687 682/682/682
f 560/560/560 681/681/681 537/537/537
f 694/694/694 727/727/727 686/686/686
f 388/388/388 387/387/387 386/386/386
f 724/724/724 726/726/726 723/723/723
f 726/726/726 724/724/724 727/727/727
f 694/694/694 686/686/686 685/685/685
f 549/549/549 576/576/576 575/575/575
f 326/326/326 324/324/324 316/316/316
f 155/155/155 189/189/189 190/190/190
f 190/190/190 157/157/157 155/155/155
f 324/324/324 317/317/317 316/316/316
f 329/329/329 331/331/331 328/328/328
f 387/387/387 331/331/331 329/329/329
f 749/749/749 723/723/723 726/726/726
f 321/321/321 328/328/328 326/326/326
f 190/190/190 189/189/189 192/192/192
f 287/287/287 286/286/286 273/273/273
f 288/288/288 273/273/273 279/279/279
f 281/281/281 293/293/293 277/277/277
f 277/277/277 293/293/293 289/289/289
f 276/276/276 294/294/294 290/290/290
f 283/283/283 286/286/286 284/284/284
f 287/287/287 273/273/273 288/288/288
f 293/293/293 281/281/281 285/285/285
f 182/182/182 181/181/181 179/179/179
f 181/181/181 180/180/180 179/179/179
f 289/289/289 276/276/276 277/277/277
f 273/273/273 286/286/286 274/274/274
f 274/274/274 286/286/286 283/283/283
f 288/288/288 279/279/279 320/320/320
f 678/678/678 687/687/687 685/685/685
f 519/519/519 549/549/549 552/552/552
f 538/538/538 519/519/519 552/552/552
f 1226/1226/1226 1247/1247/1247 1198/1198/1198
f 1247/1247/1247 1225/1225/1225 1198/1198/1198
f 295/295/295 293/293/293 285/285/285
f 295/295/295 285/285/285 292/292/292
f 538/538/538 548/548/548 536/536/536
f 681/681/681 560/560/560 688/688/688
f 681/681/681 688/688/688 682/682/682
f 560/560/560 537/537/537 536/536/536
f 183/183/183 90/90/90 185/185/185
f 147/147/147 90/90/90 85/85/85
f 185/185/185 90/90/90 147/147/147
f 91/91/91 147/147/147 85/85/85
f 300/300/300 302/302/302 303/303/303
f 157/157/157 91/91/91 133/133/133
f 157/157/157 164/164/164 91/91/91
f 301/301/301 316/316/316 317/317/317
f 302/302/302 300/300/300 301/301/301
f 147/147/147 91/91/91 164/164/164
f 184/184/184 183/183/183 178/178/178
f 308/308/308 314/314/314 305/305/305
f 308/308/308 315/315/315 314/314/314
f 290/290/290 278/278/278 262/262/262
f 560/560/560 569/569/569 578/578/578
f 262/262/262 261/261/261 275/275/275
f 314/314/314 282/282/282 260/260/260
f 313/313/313 314/314/314 260/260/260
f 282/282/282 320/320/320 272/272/272
f 737/737/737 738/738/738 742/742/742
f 737/737/737 742/742/742 743/743/743
f 404/404/404 403/403/403 395/395/395
f 395/395/395 403/403/403 399/399/399
f 246/246/246 408/408/408 409/409/409
f 384/384/384 222/222/222 381/381/381
f 754/754/754 726/726/726 737/737/737
f 219/219/219 222/222/222 329/329/329
f 188/188/188 190/190/190 194/194/194
f 285/285/285 281/281/281 270/270/270
f 281/281/281 269/269/269 270/270/270
f 393/393/393 399/399/399 400/400/400
f 270/270/270 280/280/280 285/285/285
f 273/273/273 267/267/267 268/268/268
f 381/381/381 389/389/389 385/385/385
f 384/384/384 381/381/381 385/385/385
f 404/404/404 406/406/406 403/403/403
f 579/579/579 578/578/578 688/688/688
f 578/578/578 695/695/695 688/688/688
f 393/393/393 400/400/400 389/389/389
f 548/548/548 573/573/573 569/569/569
f 538/538/538 573/573/573 548/548/548
f 695/695/695 687/687/687 688/688/688
f 573/573/573 538/538/538 552/552/552
f 262/262/262 276/276/276 290/290/290
f 275/275/275 261/261/261 277/277/277
f 275/275/275 276/276/276 262/262/262
f 275/275/275 277/277/277 276/276/276
f 180/180/180 178/178/178 179/179/179
f 1247/1247/1247 1301/1301/1301 1225/1225/1225
f 1225/1225/1225 1301/1301/1301 1281/1281/1281
f 283/283/283 271/271/271 274/274/274
f 176/176/176 183/183/183 185/185/185
f 305/305/305 314/314/314 313/313/313
f 305/305/305 313/313/313 303/303/303
f 171/171/171 185/185/185 170/170/170
f 300/300/300 303/303/303 313/313/313
f 176/176/176 185/185/185 171/171/171
f 175/175/175 176/176/176 171/171/171
f 300/300/300 313/313/313 298/298/298
f 279/279/279 272/272/272 320/320/320
f 174/174/174 176/176/176 175/175/175
f 314/314/314 320/320/320 282/282/282
f 314/314/314 315/315/315 320/320/320
f 176/176/176 174/174/174 177/177/177
f 177/177/177 178/178/178 176/176/176
f 177/177/177 179/179/179 178/178/178
f 737/737/737 727/727/727 738/738/738
f 726/726/726 727/727/727 737/737/737
f 384/384/384 385/385/385 386/386/386
f 738/738/738 694/694/694 695/695/695
f 190/190/190 192/192/192 194/194/194
f 194/194/194 192/192/192 197/197/197
f 329/329/329 328/328/328 219/219/219
f 328/328/328 321/321/321 219/219/219
f 384/384/384 329/329/329 222/222/222
f 298/298/298 299/299/299 300/300/300
f 164/164/164 169/169/169 170/170/170
f 297/297/297 299/299/299 298/298/298
f 169/169/169 164/164/164 168/168/168
f 170/170/170 169/169/169 171/171/171
f 188/188/188 157/157/157 190/190/190
f 316/316/316 297/297/297 321/321/321
f 316/316/316 321/321/321 326/326/326
f 168/168/168 164/164/164 157/157/157
f 297/297/297 316/316/316 299/299/299
f 168/168/168 157/157/157 188/188/188
f 285/285/285 280/280/280 292/292/292
f 284/284/284 280/280/280 271/271/271
f 548/548/548 569/569/569 536/536/536
f 536/536/536 569/569/569 560/560/560
f 268/268/268 272/272/272 279/279/279
f 277/277/277 261/261/261 281/281/281
f 261/261/261 269/269/269 281/281/281
f 274/274/274 271/271/271 267/267/267
f 274/274/274 267/267/267 273/273/273
f 273/273/273 268/268/268 279/279/279
f 284/284/284 271/271/271 283/283/283
f 695/695/695 694/694/694 687/687/687
f 580/580/580 552/552/552 575/575/575
f 573/573/573 552/552/552 580/580/580
f 738/738/738 727/727/727 694/694/694
f 579/579/579 688/688/688 560/560/560
f 579/579/579 560/560/560 578/578/578
f 1173/1173/1173 1103/1103/1103 1166/1166/1166
f 1166/1166/1166 1103/1103/1103 1102/1102/1102
f 490/490/490 489/489/489 518/518/518
f 1102/1102/1102 1101/1101/1101 1100/1100/1100
f 46/46/46 41/41/41 51/51/51
f 518/518/518 489/489/489 487/487/487
f 518/518/518 487/487/487 491/491/491
f 1341/1341/1341 1343/1343/1343 1342/1342/1342
f 1347/1347/1347 1342/1342/1342 1344/1344/1344
f 15/15/15 7/7/7 6/6/6
f 1341/1341/1341 1346/1346/1346 1343/1343/1343
f 1102/1102/1102 1103/1103/1103 1084/1084/1084
f 1084/1084/1084 1101/1101/1101 1102/1102/1102
f 1085/1085/1085 1101/1101/1101 1084/1084/1084
f 1029/1029/1029 1059/1059/1059 1058/1058/1058
f 1270/1270/1270 1293/1293/1293 1230/1230/1230
f 5/5/5 4/4/4 6/6/6
f 1435/1435/1435 1423/1423/1423 1434/1434/1434
f 1434/1434/1434 1440/1440/1440 1435/1435/1435
f 1033/1033/1033 1071/1071/1071 1106/1106/1106
f 1033/1033/1033 1106/1106/1106 1059/1059/1059
f 51/51/51 41/41/41 49/49/49
f 1083/1083/1083 1103/1103/1103 1173/1173/1173
f 52/52/52 51/51/51 49/49/49
f 675/675/675 645/645/645 650/650/650
f 491/491/491 493/493/493 492/492/492
f 1086/1086/1086 1100/1100/1100 1085/1085/1085
f 48/48/48 36/36/36 37/37/37
f 1159/1159/1159 1157/1157/1157 1147/1147/1147
f 1167/1167/1167 1219/1219/1219 1218/1218/1218
f 1017/1017/1017 1045/1045/1045 1086/1086/1086
f 490/490/490 518/518/518 491/491/491
f 485/485/485 489/489/489 473/473/473
f 701/701/701 704/704/704 700/700/700
f 191/191/191 167/167/167 153/153/153
f 634/634/634 633/633/633 621/621/621
f 701/701/701 667/667/667 675/675/675
f 1010/1010/1010 1027/1027/1027 1017/1017/1017
f 1071/1071/1071 1068/1068/1068 1147/1147/1147
f 1157/1157/1157 1071/1071/1071 1147/1147/1147
f 1071/1071/1071 1157/1157/1157 1106/1106/1106
f 428/428/428 418/418/418 421/421/421
f 442/442/442 440/440/440 604/604/604
f 418/418/418 417/417/417 421/421/421
f 4/4/4 1/1/1 3/3/3
f 99/99/99 93/93/93 92/92/92
f 1342/1342/1342 1343/1343/1343 1344/1344/1344
f 7/7/7 15/15/15 92/92/92
f 1218/1218/1218 1270/1270/1270 1173/1173/1173
f 36/36/36 41/41/41 29/29/29
f 41/41/41 34/34/34 29/29/29
f 1166/1166/1166 1102/1102/1102 1167/1167/1167
f 52/52/52 49/49/49 48/48/48
f 3/3/3 2/2/2 27/27/27
f 1101/1101/1101 1085/1085/1085 1100/1100/1100
f 36/36/36 48/48/48 49/49/49
f 1167/1167/1167 1218/1218/1218 1166/1166/1166
f 1102/1102/1102 1100/1100/1100 1195/1195/1195
f 1167/1167/1167 1102/1102/1102 1195/1195/1195
f 591/591/591 442/442/442 604/604/604
f 591/591/591 603/603/603 593/593/593
f 603/603/603 591/591/591 604/604/604
f 1017/1017/1017 1086/1086/1086 1085/1085/1085
f 1015/1015/1015 1024/1024/1024 1025/1025/1025
f 1029/1029/1029 1058/1058/1058 1057/1057/1057
f 1029/1029/1029 1057/1057/1057 1024/1024/1024
f 1015/1015/1015 1025/1025/1025 1011/1011/1011
f 1027/1027/1027 1045/1045/1045 1017/1017/1017
f 442/442/442 428/428/428 440/440/440
f 1010/1010/1010 1012/1012/1012 1030/1030/1030
f 1010/1010/1010 1015/1015/1015 1011/1011/1011
f 1010/1010/1010 1011/1011/1011 1012/1012/1012
f 1027/1027/1027 1010/1010/1010 1030/1030/1030
f 6/6/6 7/7/7 5/5/5
f 29/29/29 34/34/34 27/27/27
f 1270/1270/1270 1218/1218/1218 1299/1299/1299
f 1348/1348/1348 1346/1346/1346 1423/1423/1423
f 1423/1423/1423 1436/1436/1436 1348/1348/1348
f 1346/1346/1346 1348/1348/1348 1343/1343/1343
f 1436/1436/1436 1423/1423/1423 1435/1435/1435
f 5/5/5 1/1/1 4/4/4
f 99/99/99 132/132/132 97/97/97
f 97/97/97 93/93/93 99/99/99
f 140/140/140 132/132/132 145/145/145
f 1344/1344/1344 1352/1352/1352 1351/1351/1351
f 1443/1443/1443 1458/1458/1458 1442/1442/1442
f 1173/1173/1173 1166/1166/1166 1218/1218/1218
f 49/49/49 41/41/41 36/36/36
f 1440/1440/1440 1443/1443/1443 1439/1439/1439
f 1435/1435/1435 1440/1440/1440 1439/1439/1439
f 1/1/1 2/2/2 3/3/3
f 610/610/610 611/611/611 595/595/595
f 610/610/610 621/621/621 611/611/611
f 471/471/471 472/472/472 473/473/473
f 473/473/473 489/489/489 490/490/490
f 410/410/410 416/416/416 417/417/417
f 410/410/410 412/412/412 416/416/416
f 599/599/599 594/594/594 593/593/593
f 595/595/595 602/602/602 610/610/610
f 432/432/432 416/416/416 412/412/412
f 432/432/432 433/433/433 416/416/416
f 595/595/595 594/594/594 602/602/602
f 508/508/508 494/494/494 487/487/487
f 491/491/491 487/487/487 493/493/493
f 493/493/493 487/487/487 494/494/494
f 633/633/633 650/650/650 645/645/645
f 645/645/645 675/675/675 667/667/667
f 9/9/9 12/12/12 11/11/11
f 12/12/12 35/35/35 30/30/30
f 40/40/40 35/35/35 39/39/39
f 9/9/9 3/3/3 12/12/12
f 1373/1373/1373 1349/1349/1349 1341/1341/1341
f 1373/1373/1373 1417/1417/1417 1423/1423/1423
f 45/45/45 39/39/39 47/47/47
f 8/8/8 9/9/9 10/10/10
f 1418/1418/1418 1419/1419/1419 1417/1417/1417
f 1420/1420/1420 1419/1419/1419 1418/1418/1418
f 10/10/10 9/9/9 11/11/11
f 1416/1416/1416 1417/1417/1417 1373/1373/1373
f 1416/1416/1416 1373/1373/1373 1374/1374/1374
f 14/14/14 25/25/25 13/13/13
f 1372/1372/1372 1374/1374/1374 1373/1373/1373
f 1112/1112/1112 1081/1081/1081 1215/1215/1215
f 1459/1459/1459 1420/1420/1420 1448/1448/1448
f 12/12/12 30/30/30 11/11/11
f 475/475/475 476/476/476 472/472/472
f 476/476/476 480/480/480 472/472/472
f 472/472/472 470/470/470 475/475/475
f 480/480/480 501/501/501 484/484/484
f 506/506/506 488/488/488 486/486/486
f 598/598/598 586/586/586 596/596/596
f 463/463/463 475/475/475 425/425/425
f 1357/1357/1357 1351/1351/1351 1354/1354/1354
f 128/128/128 137/137/137 100/100/100
f 1370/1370/1370 1371/1371/1371 1369/1369/1369
f 100/100/100 137/137/137 142/142/142
f 669/669/669 646/646/646 648/648/648
f 596/596/596 581/581/581 588/588/588
f 586/586/586 581/581/581 596/596/596
f 588/588/588 581/581/581 587/587/587
f 625/625/625 645/645/645 648/648/648
f 506/506/506 486/486/486 484/484/484
f 484/484/484 486/486/486 485/485/485
f 413/413/413 425/425/425 415/415/415
f 596/596/596 614/614/614 598/598/598
f 425/425/425 475/475/475 458/458/458
f 470/470/470 458/458/458 475/475/475
f 142/142/142 154/154/154 144/144/144
f 1357/1357/1357 1369/1369/1369 1351/1351/1351
f 156/156/156 154/154/154 162/162/162
f 144/144/144 154/154/154 156/156/156
f 669/669/669 667/667/667 698/698/698
f 1383/1383/1383 1385/1385/1385 1388/1388/1388
f 1383/1383/1383 1378/1378/1378 1380/1380/1380
f 667/667/667 669/669/669 648/648/648
f 1382/1382/1382 1378/1378/1378 1383/1383/1383
f 1377/1377/1377 1378/1378/1378 1354/1354/1354
f 1070/1070/1070 1181/1181/1181 1067/1067/1067
f 1067/1067/1067 1033/1033/1033 1032/1032/1032
f 47/47/47 53/53/53 87/87/87
f 1081/1081/1081 1080/1080/1080 1104/1104/1104
f 1021/1021/1021 1028/1028/1028 1023/1023/1023
f 1028/1028/1028 1032/1032/1032 1023/1023/1023
f 1371/1371/1371 1340/1340/1340 1369/1369/1369
f 1069/1069/1069 1070/1070/1070 1067/1067/1067
f 1020/1020/1020 1018/1018/1018 1080/1080/1080
f 1016/1016/1016 1018/1018/1018 1019/1019/1019
f 1016/1016/1016 1021/1021/1021 1015/1015/1015
f 1019/1019/1019 1018/1018/1018 1020/1020/1020
f 1067/1067/1067 1032/1032/1032 1069/1069/1069
f 1081/1081/1081 1104/1104/1104 1215/1215/1215
f 45/45/45 47/47/47 87/87/87
f 1070/1070/1070 1150/1150/1150 1181/1181/1181
f 1080/1080/1080 1081/1081/1081 1020/1020/1020
f 591/591/591 587/587/587 589/589/589
f 1021/1021/1021 1023/1023/1023 1015/1015/1015
f 589/589/589 592/592/592 591/591/591
f 1419/1419/1419 1420/1420/1420 1452/1452/1452
f 13/13/13 8/8/8 14/14/14
f 40/40/40 39/39/39 45/45/45
f 1242/1242/1242 1273/1273/1273 1215/1215/1215
f 1104/1104/1104 1209/1209/1209 1215/1215/1215
f 1209/1209/1209 1242/1242/1242 1215/1215/1215
f 1420/1420/1420 1459/1459/1459 1452/1452/1452
f 30/30/30 35/35/35 40/40/40
f 588/588/588 595/595/595 596/596/596
f 597/597/597 596/596/596 595/595/595
f 156/156/156 162/162/162 191/191/191
f 144/144/144 132/132/132 142/142/142
f 1354/1354/1354 1352/1352/1352 1355/1355/1355
f 700/700/700 699/699/699 698/698/698
f 410/410/410 411/411/411 412/412/412
f 597/597/597 595/595/595 611/611/611
f 432/432/432 412/412/412 411/411/411
f 428/428/428 419/419/419 418/418/418
f 442/442/442 591/591/591 441/441/441
f 417/417/417 414/414/414 410/410/410
f 418/418/418 414/414/414 417/417/417
f 594/594/594 587/587/587 593/593/593
f 587/587/587 591/591/591 593/593/593
f 508/508/508 487/487/487 488/488/488
f 1388/1388/1388 1385/1385/1385 1403/1403/1403
f 1380/1380/1380 1378/1378/1378 1379/1379/1379
f 648/648/648 645/645/645 667/667/667
f 1383/1383/1383 1379/1379/1379 1384/1384/1384
f 432/432/432 470/470/470 471/471/471
f 411/411/411 458/458/458 432/432/432
f 458/458/458 470/470/470 432/432/432
f 485/485/485 487/487/487 489/489/489
f 487/487/487 486/486/486 488/488/488
f 621/621/621 633/633/633 625/625/625
f 38/38/38 41/41/41 46/46/46
f 1173/1173/1173 1230/1230/1230 1129/1129/1129
f 1083/1083/1083 1173/1173/1173 1129/1129/1129
f 35/35/35 34/34/34 38/38/38
f 1292/1292/1292 1230/1230/1230 1293/1293/1293
f 28/28/28 27/27/27 34/34/34
f 1443/1443/1443 1440/1440/1440 1455/1455/1455
f 1270/1270/1270 1230/1230/1230 1173/1173/1173
f 1023/1023/1023 1029/1029/1029 1024/1024/1024
f 1023/1023/1023 1024/1024/1024 1015/1015/1015
f 1033/1033/1033 1068/1068/1068 1071/1071/1071
f 1103/1103/1103 1083/1083/1083 1084/1084/1084
f 1033/1033/1033 1059/1059/1059 1029/1029/1029
f 1378/1378/1378 1377/1377/1377 1379/1379/1379
f 1085/1085/1085 1062/1062/1062 1017/1017/1017
f 1084/1084/1084 1062/1062/1062 1085/1085/1085
f 54/54/54 46/46/46 51/51/51
f 1078/1078/1078 1084/1084/1084 1083/1083/1083
f 52/52/52 54/54/54 51/51/51
f 1067/1067/1067 1182/1182/1182 1068/1068/1068
f 38/38/38 34/34/34 41/41/41
f 441/441/441 428/428/428 442/442/442
f 1078/1078/1078 1062/1062/1062 1084/1084/1084
f 1347/1347/1347 1344/1344/1344 1351/1351/1351
f 1340/1340/1340 1341/1341/1341 1342/1342/1342
f 153/153/153 145/145/145 156/156/156
f 700/700/700 698/698/698 701/701/701
f 1352/1352/1352 1356/1356/1356 1355/1355/1355
f 132/132/132 144/144/144 145/145/145
f 28/28/28 3/3/3 27/27/27
f 35/35/35 28/28/28 34/34/34
f 472/472/472 480/480/480 473/473/473
f 480/480/480 484/484/484 473/473/473
f 473/473/473 484/484/484 485/485/485
f 485/485/485 486/486/486 487/487/487
f 633/633/633 645/645/645 625/625/625
f 458/458/458 411/411/411 425/425/425
f 596/596/596 611/611/611 614/614/614
f 1351/1351/1351 1352/1352/1352 1354/1354/1354
f 92/92/92 25/25/25 100/100/100
f 142/142/142 132/132/132 100/100/100
f 99/99/99 100/100/100 132/132/132
f 702/702/702 699/699/699 700/700/700
f 410/410/410 414/414/414 413/413/413
f 415/415/415 411/411/411 413/413/413
f 13/13/13 25/25/25 92/92/92
f 1033/1033/1033 1029/1029/1029 1032/1032/1032
f 1080/1080/1080 1079/1079/1079 1104/1104/1104
f 1181/1181/1181 1182/1182/1182 1067/1067/1067
f 1080/1080/1080 1018/1018/1018 1079/1079/1079
f 594/594/594 595/595/595 587/587/587
f 415/415/415 425/425/425 411/411/411
f 426/426/426 419/419/419 428/428/428
f 441/441/441 426/426/426 428/428/428
f 419/419/419 414/414/414 418/418/418
f 1371/1371/1371 1373/1373/1373 1341/1341/1341
f 1373/1373/1373 1423/1423/1423 1349/1349/1349
f 1209/1209/1209 1104/1104/1104 1129/1129/1129
f 47/47/47 46/46/46 53/53/53
f 1079/1079/1079 1129/1129/1129 1104/1104/1104
f 1067/1067/1067 1068/1068/1068 1033/1033/1033
f 1079/1079/1079 1018/1018/1018 1078/1078/1078
f 1079/1079/1079 1078/1078/1078 1083/1083/1083
f 1018/1018/1018 1062/1062/1062 1078/1078/1078
f 1023/1023/1023 1032/1032/1032 1029/1029/1029
f 1016/1016/1016 1010/1010/1010 1017/1017/1017
f 1018/1018/1018 1016/1016/1016 1017/1017/1017
f 1018/1018/1018 1017/1017/1017 1062/1062/1062
f 1079/1079/1079 1083/1083/1083 1129/1129/1129
f 46/46/46 54/54/54 53/53/53
f 588/588/588 587/587/587 595/595/595
f 413/413/413 411/411/411 410/410/410
f 592/592/592 441/441/441 591/591/591
f 1010/1010/1010 1016/1016/1016 1015/1015/1015
f 1341/1341/1341 1349/1349/1349 1346/1346/1346
f 15/15/15 6/6/6 13/13/13
f 1423/1423/1423 1419/1419/1419 1434/1434/1434
f 1340/1340/1340 1342/1342/1342 1347/1347/1347
f 46/46/46 39/39/39 38/38/38
f 1209/1209/1209 1129/1129/1129 1230/1230/1230
f 8/8/8 6/6/6 4/4/4
f 4/4/4 9/9/9 8/8/8
f 1417/1417/1417 1419/1419/1419 1423/1423/1423
f 1419/1419/1419 1440/1440/1440 1434/1434/1434
f 3/3/3 28/28/28 12/12/12
f 4/4/4 3/3/3 9/9/9
f 1371/1371/1371 1341/1341/1341 1340/1340/1340
f 92/92/92 15/15/15 13/13/13
f 6/6/6 8/8/8 13/13/13
f 1346/1346/1346 1349/1349/1349 1423/1423/1423
f 1230/1230/1230 1292/1292/1292 1242/1242/1242
f 39/39/39 35/35/35 38/38/38
f 39/39/39 46/46/46 47/47/47
f 1230/1230/1230 1242/1242/1242 1209/1209/1209
f 1452/1452/1452 1455/1455/1455 1440/1440/1440
f 1452/1452/1452 1440/1440/1440 1419/1419/1419
f 1273/1273/1273 1242/1242/1242 1292/1292/1292
f 1459/1459/1459 1455/1455/1455 1452/1452/1452
f 35/35/35 12/12/12 28/28/28
f 470/470/470 472/472/472 471/471/471
f 611/611/611 596/596/596 597/597/597
f 621/621/621 625/625/625 614/614/614
f 611/611/611 621/621/621 614/614/614
f 1354/1354/1354 1355/1355/1355 1356/1356/1356
f 144/144/144 156/156/156 145/145/145
f 92/92/92 100/100/100 99/99/99
f 1340/1340/1340 1347/1347/1347 1369/1369/1369
f 1347/1347/1347 1351/1351/1351 1369/1369/1369
f 1383/1383/1383 1380/1380/1380 1379/1379/1379
f 701/701/701 698/698/698 667/667/667
f 1383/1383/1383 1384/1384/1384 1385/1385/1385
f 153/153/153 156/156/156 191/191/191
f 337/337/337 335/335/335 349/349/349
f 16/16/16 89/89/89 23/23/23
f 337/337/337 339/339/339 338/338/338
f 1407/1407/1407 1375/1375/1375 1392/1392/1392
f 340/340/340 341/341/341 344/344/344
f 339/339/339 341/341/341 340/340/340
f 715/715/715 714/714/714 705/705/705
f 1090/1090/1090 1163/1163/1163 1089/1089/1089
f 1161/1161/1161 1201/1201/1201 1160/1160/1160
f 94/94/94 89/89/89 101/101/101
f 338/338/338 336/336/336 337/337/337
f 340/340/340 338/338/338 339/339/339
f 335/335/335 337/337/337 336/336/336
f 354/354/354 357/357/357 355/355/355
f 369/369/369 360/360/360 359/359/359
f 355/355/355 367/367/367 350/350/350
f 363/363/363 366/366/366 364/364/364
f 368/368/368 373/373/373 363/363/363
f 363/363/363 373/373/373 366/366/366
f 360/360/360 363/363/363 362/362/362
f 369/369/369 368/368/368 360/360/360
f 368/368/368 363/363/363 360/360/360
f 362/362/362 363/363/363 364/364/364
f 72/72/72 69/69/69 62/62/62
f 1309/1309/1309 1323/1323/1323 1333/1333/1333
f 57/57/57 21/21/21 56/56/56
f 1309/1309/1309 1300/1300/1300 1323/1323/1323
f 1046/1046/1046 1090/1090/1090 1089/1089/1089
f 1115/1115/1115 1090/1090/1090 1046/1046/1046
f 1026/1026/1026 1184/1184/1184 1109/1109/1109
f 1162/1162/1162 1176/1176/1176 1161/1161/1161
f 335/335/335 350/350/350 349/349/349
f 353/353/353 350/350/350 335/335/335
f 374/374/374 358/358/358 401/401/401
f 358/358/358 356/356/356 401/401/401
f 1441/1441/1441 1464/1464/1464 1450/1450/1450
f 20/20/20 17/17/17 32/32/32
f 32/32/32 17/17/17 23/23/23
f 21/21/21 20/20/20 56/56/56
f 101/101/101 129/129/129 141/141/141
f 17/17/17 16/16/16 23/23/23
f 149/149/149 161/161/161 150/150/150
f 356/356/356 358/358/358 354/354/354
f 350/350/350 354/354/354 355/355/355
f 354/354/354 353/353/353 356/356/356
f 353/353/353 354/354/354 350/350/350
f 370/370/370 374/374/374 371/371/371
f 705/705/705 684/684/684 715/715/715
f 370/370/370 371/371/371 369/369/369
f 370/370/370 358/358/358 374/374/374
f 1359/1359/1359 1375/1375/1375 1407/1407/1407
f 101/101/101 89/89/89 129/129/129
f 1359/1359/1359 1407/1407/1407 1406/1406/1406
f 1392/1392/1392 1376/1376/1376 1414/1414/1414
f 1376/1376/1376 1392/1392/1392 1375/1375/1375
f 129/129/129 140/140/140 141/141/141
f 612/612/612 619/619/619 602/602/602
f 371/371/371 372/372/372 369/369/369
f 369/369/369 373/373/373 368/368/368
f 377/377/377 373/373/373 369/369/369
f 372/372/372 377/377/377 369/369/369
f 620/620/620 602/602/602 619/619/619
f 449/449/449 507/507/507 502/502/502
f 622/622/622 636/636/636 647/647/647
f 683/683/683 715/715/715 684/684/684
f 1109/1109/1109 1111/1111/1111 1110/1110/1110
f 1108/1108/1108 1110/1110/1110 1165/1165/1165
f 1185/1185/1185 1186/1186/1186 1184/1184/1184
f 1227/1227/1227 1249/1249/1249 1207/1207/1207
f 1249/1249/1249 1248/1248/1248 1207/1207/1207
f 1183/1183/1183 1202/1202/1202 1161/1161/1161
f 62/62/62 59/59/59 60/60/60
f 60/60/60 63/63/63 62/62/62
f 1184/1184/1184 1186/1186/1186 1187/1187/1187
f 1184/1184/1184 1187/1187/1187 1111/1111/1111
f 1014/1014/1014 1105/1105/1105 1190/1190/1190
f 436/436/436 443/443/443 446/446/446
f 1200/1200/1200 1202/1202/1202 1203/1203/1203
f 1164/1164/1164 1175/1175/1175 1163/1163/1163
f 1200/1200/1200 1203/1203/1203 1186/1186/1186
f 1090/1090/1090 1191/1191/1191 1164/1164/1164
f 336/336/336 348/348/348 334/334/334
f 86/86/86 94/94/94 95/95/95
f 56/56/56 74/74/74 65/65/65
f 346/346/346 342/342/342 347/347/347
f 95/95/95 101/101/101 136/136/136
f 348/348/348 336/336/336 343/343/343
f 343/343/343 346/346/346 348/348/348
f 151/151/151 161/161/161 165/165/165
f 335/335/335 334/334/334 333/333/333
f 451/451/451 514/514/514 450/450/450
f 451/451/451 509/509/509 514/514/514
f 453/453/453 616/616/616 454/454/454
f 430/430/430 438/438/438 443/443/443
f 616/616/616 618/618/618 617/617/617
f 438/438/438 435/435/435 447/447/447
f 371/371/371 398/398/398 396/396/396
f 717/717/717 715/715/715 683/683/683
f 717/717/717 716/716/716 715/715/715
f 398/398/398 374/374/374 383/383/383
f 551/551/551 566/566/566 550/550/550
f 1089/1089/1089 1227/1227/1227 1204/1204/1204
f 1204/1204/1204 1207/1207/1207 1206/1206/1206
f 1176/1176/1176 1183/1183/1183 1161/1161/1161
f 1014/1014/1014 1190/1190/1190 1115/1115/1115
f 1014/1014/1014 1013/1013/1013 1087/1087/1087
f 437/437/437 453/453/453 445/445/445
f 1170/1170/1170 1169/1169/1169 1099/1099/1099
f 1099/1099/1099 1169/1169/1169 1013/1013/1013
f 69/69/69 68/68/68 59/59/59
f 69/69/69 59/59/59 62/62/62
f 1279/1279/1279 1251/1251/1251 1231/1231/1231
f 343/343/343 336/336/336 338/338/338
f 23/23/23 89/89/89 94/94/94
f 340/340/340 342/342/342 338/338/338
f 141/141/141 136/136/136 101/101/101
f 68/68/68 57/57/57 59/59/59
f 1300/1300/1300 1312/1312/1312 1323/1323/1323
f 351/351/351 345/345/345 352/352/352
f 56/56/56 20/20/20 32/32/32
f 502/502/502 509/509/509 449/449/449
f 434/434/434 450/450/450 439/439/439
f 619/619/619 612/612/612 617/617/617
f 383/383/383 374/374/374 401/401/401
f 353/353/353 382/382/382 356/356/356
f 86/86/86 23/23/23 94/94/94
f 346/346/346 338/338/338 342/342/342
f 23/23/23 81/81/81 74/74/74
f 81/81/81 23/23/23 86/86/86
f 343/343/343 338/338/338 346/346/346
f 353/353/353 333/333/333 382/382/382
f 150/150/150 146/146/146 141/141/141
f 136/136/136 141/141/141 146/146/146
f 335/335/335 333/333/333 353/353/353
f 94/94/94 101/101/101 95/95/95
f 334/334/334 335/335/335 336/336/336
f 57/57/57 56/56/56 58/58/58
f 57/57/57 58/58/58 59/59/59
f 1323/1323/1323 1312/1312/1312 1334/1334/1334
f 1279/1279/1279 1312/1312/1312 1300/1300/1300
f 1279/1279/1279 1300/1300/1300 1251/1251/1251
f 23/23/23 74/74/74 32/32/32
f 342/342/342 340/340/340 345/345/345
f 345/345/345 347/347/347 342/342/342
f 56/56/56 32/32/32 74/74/74
f 351/351/351 347/347/347 345/345/345
f 636/636/636 620/620/620 619/619/619
f 620/620/620 636/636/636 622/622/622
f 449/449/449 451/451/451 450/450/450
f 449/449/449 509/509/509 451/451/451
f 551/551/551 550/550/550 517/517/517
f 522/522/522 551/551/551 517/517/517
f 514/514/514 502/502/502 517/517/517
f 439/439/439 447/447/447 435/435/435
f 438/438/438 431/431/431 435/435/435
f 619/619/619 617/617/617 635/635/635
f 619/619/619 635/635/635 636/636/636
f 447/447/447 439/439/439 450/450/450
f 150/150/150 151/151/151 146/146/146
f 150/150/150 161/161/161 151/151/151
f 551/551/551 577/577/577 566/566/566
f 509/509/509 502/502/502 514/514/514
f 502/502/502 522/522/522 517/517/517
f 657/657/657 649/649/649 647/647/647
f 647/647/647 649/649/649 622/622/622
f 605/605/605 617/617/617 612/612/612
f 434/434/434 439/439/439 435/435/435
f 434/434/434 449/449/449 450/450/450
f 401/401/401 382/382/382 383/383/383
f 356/356/356 382/382/382 401/401/401
f 649/649/649 657/657/657 683/683/683
f 684/684/684 651/651/651 683/683/683
f 683/683/683 651/651/651 649/649/649
f 714/714/714 715/715/715 716/716/716
f 374/374/374 398/398/398 371/371/371
f 1200/1200/1200 1201/1201/1201 1202/1202/1202
f 1163/1163/1163 1174/1174/1174 1089/1089/1089
f 1227/1227/1227 1089/1089/1089 1174/1174/1174
f 1199/1199/1199 1200/1200/1200 1186/1186/1186
f 1110/1110/1110 1108/1108/1108 1109/1109/1109
f 1204/1204/1204 1227/1227/1227 1207/1207/1207
f 1090/1090/1090 1164/1164/1164 1163/1163/1163
f 1231/1231/1231 1269/1269/1269 1279/1279/1279
f 66/66/66 62/62/62 63/63/63
f 63/63/63 76/76/76 67/67/67
f 1207/1207/1207 1248/1248/1248 1206/1206/1206
f 1161/1161/1161 1202/1202/1202 1201/1201/1201
f 1231/1231/1231 1197/1197/1197 1269/1269/1269
f 1269/1269/1269 1206/1206/1206 1248/1248/1248
f 1269/1269/1269 1197/1197/1197 1206/1206/1206
f 66/66/66 63/63/63 67/67/67
f 436/436/436 429/429/429 443/443/443
f 445/445/445 454/454/454 609/609/609
f 454/454/454 616/616/616 609/609/609
f 453/453/453 437/437/437 446/446/446
f 437/437/437 436/436/436 446/446/446
f 605/605/605 616/616/616 617/617/617
f 430/430/430 443/443/443 429/429/429
f 431/431/431 438/438/438 430/430/430
f 609/609/609 616/616/616 605/605/605
f 1087/1087/1087 1105/1105/1105 1014/1014/1014
f 1090/1090/1090 1115/1115/1115 1191/1191/1191
f 1185/1185/1185 1199/1199/1199 1186/1186/1186
f 1184/1184/1184 1111/1111/1111 1109/1109/1109
f 445/445/445 453/453/453 454/454/454
f 1108/1108/1108 1165/1165/1165 1170/1170/1170
f 1108/1108/1108 1170/1170/1170 1099/1099/1099
f 1013/1013/1013 1169/1169/1169 1087/1087/1087
f 1190/1190/1190 1191/1191/1191 1115/1115/1115
f 1350/1350/1350 1353/1353/1353 1345/1345/1345
f 1442/1442/1442 1456/1456/1456 1445/1445/1445
f 1294/1294/1294 1309/1309/1309 1275/1275/1275
f 37/37/37 43/43/43 72/72/72
f 1220/1220/1220 1294/1294/1294 1275/1275/1275
f 1437/1437/1437 1442/1442/1442 1445/1445/1445
f 21/21/21 26/26/26 22/22/22
f 612/612/612 602/602/602 599/599/599
f 1012/1012/1012 1011/1011/1011 1013/1013/1013
f 1099/1099/1099 1013/1013/1013 1011/1011/1011
f 1299/1299/1299 1218/1218/1218 1275/1275/1275
f 36/36/36 29/29/29 26/26/26
f 37/37/37 36/36/36 26/26/26
f 1045/1045/1045 1027/1027/1027 1046/1046/1046
f 1058/1058/1058 1059/1059/1059 1088/1088/1088
f 1026/1026/1026 1025/1025/1025 1024/1024/1024
f 1167/1167/1167 1208/1208/1208 1219/1219/1219
f 1059/1059/1059 1106/1106/1106 1107/1107/1107
f 1100/1100/1100 1194/1194/1194 1195/1195/1195
f 1106/1106/1106 1157/1157/1157 1156/1156/1156
f 1343/1343/1343 1345/1345/1345 1344/1344/1344
f 1344/1344/1344 1353/1353/1353 1352/1352/1352
f 129/129/129 132/132/132 140/140/140
f 97/97/97 132/132/132 129/129/129
f 145/145/145 153/153/153 140/140/140
f 7/7/7 92/92/92 93/93/93
f 29/29/29 27/27/27 2/2/2
f 1442/1442/1442 1439/1439/1439 1443/1443/1443
f 1348/1348/1348 1345/1345/1345 1343/1343/1343
f 1348/1348/1348 1436/1436/1436 1422/1422/1422
f 1350/1350/1350 1345/1345/1345 1348/1348/1348
f 18/18/18 19/19/19 5/5/5
f 5/5/5 19/19/19 1/1/1
f 490/490/490 491/491/491 473/473/473
f 1410/1410/1410 1403/1403/1403 1385/1385/1385
f 634/634/634 650/650/650 633/633/633
f 473/473/473 474/474/474 471/471/471
f 651/651/651 675/675/675 650/650/650
f 651/651/651 650/650/650 634/634/634
f 1379/1379/1379 1377/1377/1377 1384/1384/1384
f 705/705/705 704/704/704 701/701/701
f 701/701/701 675/675/675 705/705/705
f 622/622/622 634/634/634 623/623/623
f 491/491/491 492/492/492 473/473/473
f 1353/1353/1353 1359/1359/1359 1352/1352/1352
f 1344/1344/1344 1345/1345/1345 1353/1353/1353
f 1359/1359/1359 1358/1358/1358 1352/1352/1352
f 1350/1350/1350 1348/1348/1348 1422/1422/1422
f 5/5/5 7/7/7 16/16/16
f 140/140/140 153/153/153 149/149/149
f 1354/1354/1354 1356/1356/1356 1377/1377/1377
f 153/153/153 167/167/167 149/149/149
f 1356/1356/1356 1358/1358/1358 1368/1368/1368
f 1352/1352/1352 1358/1358/1358 1356/1356/1356
f 1024/1024/1024 1057/1057/1057 1026/1026/1026
f 1088/1088/1088 1057/1057/1057 1058/1058/1058
f 1194/1194/1194 1086/1086/1086 1205/1205/1205
f 416/416/416 433/433/433 434/434/434
f 428/428/428 421/421/421 440/440/440
f 440/440/440 421/421/421 437/437/437
f 421/421/421 417/417/417 429/429/429
f 1027/1027/1027 1031/1031/1031 1046/1046/1046
f 1031/1031/1031 1027/1027/1027 1030/1030/1030
f 452/452/452 432/432/432 474/474/474
f 432/432/432 452/452/452 433/433/433
f 623/623/623 634/634/634 621/621/621
f 622/622/622 621/621/621 610/610/610
f 474/474/474 432/432/432 471/471/471
f 622/622/622 623/623/623 621/621/621
f 602/602/602 594/594/594 599/599/599
f 593/593/593 605/605/605 599/599/599
f 605/605/605 593/593/593 603/603/603
f 1442/1442/1442 1437/1437/1437 1439/1439/1439
f 29/29/29 2/2/2 22/22/22
f 22/22/22 26/26/26 29/29/29
f 26/26/26 43/43/43 37/37/37
f 1220/1220/1220 1275/1275/1275 1219/1219/1219
f 1275/1275/1275 1218/1218/1218 1219/1219/1219
f 1436/1436/1436 1435/1435/1435 1437/1437/1437
f 1437/1437/1437 1438/1438/1438 1436/1436/1436
f 1422/1422/1422 1436/1436/1436 1438/1438/1438
f 1437/1437/1437 1435/1435/1435 1439/1439/1439
f 22/22/22 1/1/1 19/19/19
f 2/2/2 1/1/1 22/22/22
f 1106/1106/1106 1156/1156/1156 1107/1107/1107
f 1157/1157/1157 1159/1159/1159 1156/1156/1156
f 1086/1086/1086 1194/1194/1194 1100/1100/1100
f 1059/1059/1059 1107/1107/1107 1088/1088/1088
f 73/73/73 48/48/48 72/72/72
f 72/72/72 48/48/48 37/37/37
f 1194/1194/1194 1196/1196/1196 1195/1195/1195
f 1196/1196/1196 1208/1208/1208 1195/1195/1195
f 1208/1208/1208 1167/1167/1167 1195/1195/1195
f 1208/1208/1208 1220/1220/1220 1219/1219/1219
f 78/78/78 48/48/48 73/73/73
f 605/605/605 612/612/612 599/599/599
f 1445/1445/1445 1444/1444/1444 1437/1437/1437
f 43/43/43 21/21/21 44/44/44
f 1026/1026/1026 1199/1199/1199 1185/1185/1185
f 1012/1012/1012 1013/1013/1013 1014/1014/1014
f 1115/1115/1115 1031/1031/1031 1014/1014/1014
f 1184/1184/1184 1026/1026/1026 1185/1185/1185
f 1162/1162/1162 1107/1107/1107 1176/1176/1176
f 1088/1088/1088 1162/1162/1162 1161/1161/1161
f 1160/1160/1160 1088/1088/1088 1161/1161/1161
f 429/429/429 417/417/417 430/430/430
f 1115/1115/1115 1046/1046/1046 1031/1031/1031
f 437/437/437 445/445/445 440/440/440
f 1313/1313/1313 1309/1309/1309 1333/1333/1333
f 18/18/18 20/20/20 21/21/21
f 57/57/57 44/44/44 21/21/21
f 1415/1415/1415 1392/1392/1392 1414/1414/1414
f 1438/1438/1438 1450/1450/1450 1415/1415/1415
f 1450/1450/1450 1438/1438/1438 1441/1441/1441
f 1437/1437/1437 1444/1444/1444 1441/1441/1441
f 17/17/17 20/20/20 18/18/18
f 1438/1438/1438 1437/1437/1437 1441/1441/1441
f 1231/1231/1231 1251/1251/1251 1208/1208/1208
f 72/72/72 62/62/62 66/66/66
f 1177/1177/1177 1176/1176/1176 1107/1107/1107
f 1208/1208/1208 1197/1197/1197 1231/1231/1231
f 44/44/44 57/57/57 43/43/43
f 43/43/43 57/57/57 68/68/68
f 1294/1294/1294 1251/1251/1251 1300/1300/1300
f 43/43/43 68/68/68 69/69/69
f 1300/1300/1300 1309/1309/1309 1294/1294/1294
f 149/149/149 167/167/167 161/161/161
f 714/714/714 704/704/704 705/705/705
f 365/365/365 355/355/355 357/357/357
f 357/357/357 361/361/361 365/365/365
f 367/367/367 355/355/355 365/365/365
f 358/358/358 359/359/359 354/354/354
f 354/354/354 359/359/359 357/357/357
f 370/370/370 359/359/359 358/358/358
f 129/129/129 89/89/89 97/97/97
f 1353/1353/1353 1376/1376/1376 1375/1375/1375
f 89/89/89 16/16/16 97/97/97
f 1353/1353/1353 1375/1375/1375 1359/1359/1359
f 1414/1414/1414 1438/1438/1438 1415/1415/1415
f 17/17/17 5/5/5 16/16/16
f 349/349/349 350/350/350 367/367/367
f 141/141/141 149/149/149 150/150/150
f 149/149/149 141/141/141 140/140/140
f 1359/1359/1359 1406/1406/1406 1368/1368/1368
f 502/502/502 503/503/503 522/522/522
f 507/507/507 474/474/474 502/502/502
f 565/565/565 522/522/522 503/503/503
f 493/493/493 545/545/545 503/503/503
f 449/449/449 434/434/434 433/433/433
f 449/449/449 474/474/474 507/507/507
f 362/362/362 361/361/361 360/360/360
f 359/359/359 370/370/370 369/369/369
f 357/357/357 360/360/360 361/361/361
f 359/359/359 360/360/360 357/357/357
f 545/545/545 493/493/493 574/574/574
f 565/565/565 503/503/503 545/545/545
f 1390/1390/1390 1409/1409/1409 1377/1377/1377
f 1399/1399/1399 1377/1377/1377 1409/1409/1409
f 1356/1356/1356 1390/1390/1390 1377/1377/1377
f 1385/1385/1385 1391/1391/1391 1410/1410/1410
f 649/649/649 651/651/651 634/634/634
f 675/675/675 684/684/684 705/705/705
f 1377/1377/1377 1399/1399/1399 1384/1384/1384
f 1399/1399/1399 1391/1391/1391 1384/1384/1384
f 1391/1391/1391 1385/1385/1385 1384/1384/1384
f 675/675/675 651/651/651 684/684/684
f 1359/1359/1359 1368/1368/1368 1358/1358/1358
f 7/7/7 93/93/93 16/16/16
f 16/16/16 93/93/93 97/97/97
f 1390/1390/1390 1356/1356/1356 1368/1368/1368
f 493/493/493 494/494/494 574/574/574
f 416/416/416 431/431/431 430/430/430
f 431/431/431 416/416/416 435/435/435
f 434/434/434 435/435/435 416/416/416
f 603/603/603 604/604/604 609/609/609
f 417/417/417 416/416/416 430/430/430
f 603/603/603 609/609/609 605/605/605
f 473/473/473 492/492/492 503/503/503
f 502/502/502 473/473/473 503/503/503
f 474/474/474 473/473/473 502/502/502
f 634/634/634 622/622/622 649/649/649
f 503/503/503 492/492/492 493/493/493
f 610/610/610 602/602/602 620/620/620
f 433/433/433 452/452/452 449/449/449
f 622/622/622 610/610/610 620/620/620
f 474/474/474 449/449/449 452/452/452
f 1205/1205/1205 1206/1206/1206 1194/1194/1194
f 1160/1160/1160 1057/1057/1057 1088/1088/1088
f 1088/1088/1088 1107/1107/1107 1162/1162/1162
f 437/437/437 421/421/421 436/436/436
f 421/421/421 429/429/429 436/436/436
f 440/440/440 609/609/609 604/604/604
f 1012/1012/1012 1031/1031/1031 1030/1030/1030
f 21/21/21 22/22/22 18/18/18
f 22/22/22 19/19/19 18/18/18
f 1414/1414/1414 1350/1350/1350 1422/1422/1422
f 1350/1350/1350 1414/1414/1414 1376/1376/1376
f 17/17/17 18/18/18 5/5/5
f 1422/1422/1422 1438/1438/1438 1414/1414/1414
f 1350/1350/1350 1376/1376/1376 1353/1353/1353
f 1294/1294/1294 1220/1220/1220 1251/1251/1251
f 78/78/78 73/73/73 72/72/72
f 1208/1208/1208 1251/1251/1251 1220/1220/1220
f 26/26/26 21/21/21 43/43/43
f 1275/1275/1275 1309/1309/1309 1313/1313/1313
f 1108/1108/1108 1025/1025/1025 1109/1109/1109
f 1026/1026/1026 1057/1057/1057 1199/1199/1199
f 43/43/43 69/69/69 72/72/72
f 1031/1031/1031 1012/1012/1012 1014/1014/1014
f 1011/1011/1011 1108/1108/1108 1099/1099/1099
f 1011/1011/1011 1025/1025/1025 1108/1108/1108
f 1205/1205/1205 1086/1086/1086 1204/1204/1204
f 1026/1026/1026 1109/1109/1109 1025/1025/1025
f 1045/1045/1045 1089/1089/1089 1204/1204/1204
f 1201/1201/1201 1200/1200/1200 1057/1057/1057
f 1206/1206/1206 1205/1205/1205 1204/1204/1204
f 1045/1045/1045 1204/1204/1204 1086/1086/1086
f 1045/1045/1045 1046/1046/1046 1089/1089/1089
f 1160/1160/1160 1201/1201/1201 1057/1057/1057
f 1057/1057/1057 1200/1200/1200 1199/1199/1199
f 1177/1177/1177 1156/1156/1156 1159/1159/1159
f 78/78/78 72/72/72 66/66/66
f 1197/1197/1197 1208/1208/1208 1196/1196/1196
f 1206/1206/1206 1197/1197/1197 1194/1194/1194
f 1156/1156/1156 1177/1177/1177 1107/1107/1107
f 1197/1197/1197 1196/1196/1196 1194/1194/1194
f 440/440/440 445/445/445 609/609/609
