# GoldGuppy / TailFin  (local frame of part 'TailFin', bbox-centred; -Z = front)
v -0.07647 -0.07387 -0.01676
v -0.05704 -0.15431 -0.13085
v -0.07923 -0.08811 0.02554
v -0.08125 -0.02029 -0.00778
v -0.07337 -0.07978 -0.08723
v -0.07029 -0.05365 -0.17932
v -0.06450 -0.11555 -0.14768
v -0.07169 -0.09717 -0.07728
v -0.05657 -0.12927 -0.19668
v -0.05486 -0.15179 -0.15975
v -0.04746 -0.12316 -0.26746
v -0.07325 0.00058 -0.17010
v -0.06855 -0.04969 -0.21476
v -0.06360 -0.07439 -0.26454
v -0.07127 -0.02807 -0.25519
v -0.06141 -0.06306 -0.34738
v -0.07226 0.00946 -0.31651
v -0.06050 -0.02825 -0.39335
v -0.04373 -0.20199 -0.08801
v -0.04868 -0.19906 -0.03055
v -0.07723 -0.10877 0.03880
v -0.06261 -0.16864 0.07574
v -0.04977 -0.10238 -0.31974
v -0.04644 -0.18633 -0.12874
v -0.05425 -0.07196 -0.37175
v -0.04228 -0.16669 -0.21069
v -0.05060 -0.06500 -0.39608
v -0.03354 -0.19476 -0.18341
v -0.07896 0.05331 -0.00954
v -0.08254 0.08304 0.03568
v -0.06863 0.05113 -0.22076
v -0.06646 0.04459 -0.34634
v -0.06113 0.01203 -0.39829
v -0.07232 0.07773 -0.11468
v -0.07470 0.08365 -0.02534
v -0.05513 0.00777 -0.41985
v -0.07093 0.13256 0.05027
v -0.05993 0.14804 -0.11570
v -0.05232 0.14836 -0.19771
v -0.04159 0.16613 -0.22444
v -0.04250 -0.04017 -0.43780
v -0.09407 -0.02212 0.02920
v -0.09176 0.03804 0.03005
v -0.05961 0.17449 0.08175
v -0.05660 0.17573 0.00980
v -0.04814 0.19827 -0.02406
v -0.04269 -0.08025 -0.39846
v -0.03562 -0.01074 -0.45916
v -0.03361 0.02286 -0.46002
v -0.09204 -0.09999 0.05497
v -0.06820 -0.16347 0.09081
v -0.02783 -0.23452 0.07439
v -0.02173 -0.20099 -0.20781
v -0.05467 -0.19714 0.14122
v -0.03568 -0.13765 -0.29114
v -0.02803 -0.21646 -0.13794
v -0.02105 -0.15107 -0.30438
v -0.02050 -0.24267 -0.00538
v -0.02515 -0.22653 -0.10822
v -0.00747 -0.22407 -0.16585
v -0.01096 -0.18565 -0.26048
v -0.02184 -0.22516 0.18736
v -0.09312 0.08766 0.05020
v -0.09263 0.13857 0.08127
v -0.00912 -0.24304 0.11946
v -0.04445 -0.21141 0.21753
v 0.00626 -0.24389 -0.07224
v 0.00367 -0.23500 -0.12567
v -0.09447 -0.15101 0.08707
v -0.07460 -0.18736 0.13929
v 0.00367 -0.23628 0.16583
v 0.01005 -0.24859 0.03663
v 0.00640 0.20146 -0.23861
v 0.01886 0.15291 -0.31155
v -0.00777 0.15828 -0.31521
v 0.00174 0.12195 -0.38173
v 0.02831 0.10488 -0.39417
v 0.00820 0.08485 -0.44080
v 0.02894 0.05876 -0.44791
v 0.03079 0.15568 -0.28094
v 0.03340 0.18294 -0.22085
v 0.01556 0.22059 -0.17431
v 0.04099 0.11474 -0.33944
v 0.02778 0.21035 -0.16883
v 0.00720 0.23834 -0.11562
v 0.04718 0.07343 -0.39943
v 0.03799 0.20633 -0.11971
v 0.02936 0.22531 -0.08720
v 0.05787 0.07694 -0.34687
v 0.01853 0.24397 -0.00108
v 0.03641 0.22224 -0.00429
v 0.03042 0.22873 0.10458
v 0.06043 0.18197 0.11261
v 0.05181 0.20250 0.15486
v 0.04605 0.00562 -0.44131
v 0.05881 0.02596 -0.40145
v 0.02549 0.01434 -0.47002
v 0.02548 0.22254 0.19512
v 0.00300 0.24988 0.07489
v 0.00518 0.03039 -0.47762
v 0.00226 0.23923 0.16151
v 0.05513 0.20808 0.19457
v 0.02569 0.21185 0.25570
v 0.08197 0.17615 0.11981
v -0.00471 0.24906 -0.03498
v 0.07559 0.20778 0.17575
v -0.00726 0.21366 0.26729
v 0.05354 0.20014 0.30631
v 0.00300 0.24988 0.07489
v -0.02404 0.23984 0.00392
v -0.01456 0.24499 0.09235
v -0.00471 0.24906 -0.03498
v 0.00226 0.23923 0.16151
v -0.02348 0.23085 0.15459
v -0.00726 0.21366 0.26729
v -0.03841 0.21470 0.19596
v -0.03073 0.22928 0.10412
v -0.03819 0.20804 -0.11558
v -0.05422 0.19909 0.14492
v -0.01984 0.23372 -0.10367
v -0.01680 0.21758 -0.18298
v -0.03218 0.18967 -0.21270
v -0.04814 0.19827 -0.02406
v -0.05961 0.17449 0.08175
v -0.07485 0.16171 0.10279
v -0.05232 0.14836 -0.19771
v -0.04159 0.16613 -0.22444
v -0.05993 0.14804 -0.11570
v -0.02115 0.18277 -0.25880
v -0.04760 0.12337 -0.27713
v -0.03080 0.13746 -0.31777
v -0.04654 0.07584 -0.39965
v -0.06646 0.04459 -0.34634
v -0.05513 0.00777 -0.41985
v -0.06113 0.01203 -0.39829
v -0.07093 0.13256 0.05027
v -0.08254 0.08304 0.03568
v -0.02545 0.10980 -0.39041
v -0.03361 0.02286 -0.46002
v -0.02225 0.06529 -0.45084
v -0.00777 0.15828 -0.31521
v 0.00640 0.20146 -0.23861
v 0.00720 0.23834 -0.11562
v 0.00174 0.12195 -0.38173
v 0.00820 0.08485 -0.44080
v 0.01556 0.22059 -0.17431
v -0.05275 0.21219 0.24338
v -0.01383 0.19384 0.32990
v -0.09263 0.13857 0.08127
v -0.09238 0.17395 0.10980
v -0.07485 0.16171 0.10279
v -0.08254 0.08304 0.03568
v -0.08694 0.20143 0.14847
v -0.05422 0.19909 0.14492
v -0.03841 0.21470 0.19596
v -0.07234 0.21359 0.19966
v -0.11989 0.23910 0.16065
v -0.12980 0.22393 0.09850
v -0.16006 0.24127 0.06758
v -0.16221 0.25071 0.11834
v -0.19992 0.24858 0.01992
v -0.16372 0.22228 0.03064
v -0.21632 0.23985 -0.02532
v -0.13130 0.24078 0.18369
v -0.05275 0.21219 0.24338
v -0.01383 0.19384 0.32990
v -0.23438 0.24598 0.00219
v -0.26093 0.22985 -0.08808
v -0.23187 0.21387 -0.08367
v -0.28049 0.20363 -0.14731
v -0.29164 0.21721 -0.12401
v -0.32902 0.18657 -0.18234
v -0.31402 0.16573 -0.21338
v -0.34943 0.15589 -0.23065
v -0.32987 0.14750 -0.24073
v -0.39248 0.10157 -0.32238
v -0.36048 0.11055 -0.30720
v -0.35683 0.09541 -0.32176
v -0.38959 0.06240 -0.36122
v -0.41989 0.05468 -0.36211
v -0.39963 0.02123 -0.37818
v -0.42845 0.00219 -0.37405
v -0.31397 0.00503 -0.31218
v -0.27380 0.04424 -0.24123
v -0.28295 -0.02895 -0.26136
v -0.26490 -0.02712 -0.22790
v -0.29383 0.05894 -0.27064
v -0.25240 0.06804 -0.19170
v -0.22933 0.05575 -0.15584
v -0.23785 -0.06341 -0.16727
v -0.19538 0.03866 -0.10589
v -0.18176 0.08752 -0.07556
v -0.11964 0.07288 0.02436
v -0.16664 0.03270 -0.05933
v -0.17419 -0.01811 -0.07286
v -0.20257 -0.01974 -0.11847
v -0.12159 -0.02659 0.01372
v -0.19350 -0.05342 -0.10093
v -0.17421 -0.07238 -0.06650
v -0.18395 -0.12501 -0.06825
v -0.22029 -0.10516 -0.13056
v -0.12432 -0.11221 0.02927
v -0.31949 -0.07506 -0.29802
v -0.23324 0.12912 -0.14150
v -0.33042 0.05348 -0.32268
v -0.19502 0.15031 -0.07475
v -0.15354 0.15327 -0.00316
v -0.14192 0.08299 -0.00779
v -0.11516 0.13335 0.05386
v -0.09238 0.17395 0.10980
v -0.27742 0.11429 -0.20961
v -0.15725 0.17768 0.00393
v -0.35723 0.00257 -0.35778
v -0.24732 -0.13228 -0.15875
v -0.35399 -0.04489 -0.34758
v -0.18393 -0.17175 -0.04640
v -0.27918 -0.10728 -0.21514
v -0.26704 -0.15879 -0.17012
v -0.13689 -0.17908 0.04092
v -0.10991 -0.15288 0.07039
v -0.22873 -0.18826 -0.10133
v -0.36314 0.03994 -0.35694
v -0.10543 -0.03309 0.03013
v -0.10975 -0.09613 0.04281
v -0.09447 -0.15101 0.08707
v -0.18806 0.19482 -0.03679
v -0.23543 0.18144 -0.11660
v -0.09263 0.13857 0.08127
v -0.17024 -0.20991 0.00564
v -0.31134 0.10383 -0.26767
v -0.32940 0.08801 -0.30287
v -0.11857 -0.20923 0.10355
v -0.16372 0.22228 0.03064
v -0.28793 0.17737 -0.18164
v -0.30785 0.13296 -0.23580
v -0.38313 -0.02211 -0.37216
v -0.23187 0.21387 -0.08367
v -0.12980 0.22393 0.09850
v -0.09414 0.18718 0.12078
v -0.08694 0.20143 0.14847
v -0.08860 -0.20197 0.14828
v -0.19519 -0.22637 -0.01598
v -0.15451 -0.24092 0.08140
v -0.29935 -0.17088 -0.19511
v -0.32809 -0.12954 -0.25778
v -0.36935 -0.07084 -0.34607
v -0.27048 -0.19724 -0.14246
v -0.09204 -0.09999 0.05497
v -0.35683 0.09541 -0.32176
v -0.11313 0.04203 0.02517
v -0.09312 0.08766 0.05020
v -0.34785 -0.10684 -0.30133
v -0.09407 -0.02212 0.02920
v -0.39963 0.02123 -0.37818
v -0.24155 -0.22303 -0.08066
v -0.28049 0.20363 -0.14731
v -0.21632 0.23985 -0.02532
v -0.16006 0.24127 0.06758
v -0.38959 0.06240 -0.36122
v -0.31402 0.16573 -0.21338
v -0.32987 0.14750 -0.24073
v -0.11368 -0.23312 0.16172
v -0.06813 -0.21385 0.21290
v -0.20836 -0.24079 -0.00924
v -0.36048 0.11055 -0.30720
v -0.09176 0.03804 0.03005
v -0.40851 -0.02725 -0.37688
v -0.32674 -0.15801 -0.22551
v -0.38085 -0.09658 -0.32718
v -0.07460 -0.18736 0.13929
v -0.24791 -0.23591 -0.05834
v -0.40594 -0.08103 -0.34282
v -0.32489 -0.18653 -0.18054
v -0.19037 -0.25071 0.06132
v -0.28538 -0.22019 -0.10664
v -0.35607 -0.14754 -0.23752
v -0.13620 -0.24297 0.16106
v -0.08610 -0.22347 0.23402
v -0.06435 -0.20985 0.28491
v -0.42845 0.00219 -0.37405
v -0.05467 -0.19714 0.14122
v 0.17592 -0.03126 -0.07232
v 0.18650 -0.03577 -0.08950
v 0.16978 -0.05337 -0.05942
v 0.12892 -0.05761 0.01020
v 0.14001 0.00353 -0.01221
v 0.18874 0.02043 -0.09457
v 0.20453 0.00965 -0.12054
v 0.20743 -0.00994 -0.12507
v 0.21240 -0.01836 -0.13256
v 0.17093 0.05705 -0.06153
v 0.15579 0.04424 -0.03713
v 0.22635 -0.02459 -0.15419
v 0.22123 0.03001 -0.14569
v 0.23370 0.03001 -0.16666
v 0.11843 0.07936 0.02877
v 0.18693 0.06883 -0.08631
v 0.20010 0.05929 -0.10911
v 0.24017 -0.00911 -0.18067
v 0.20706 0.07650 -0.11702
v 0.24242 0.06574 -0.17425
v 0.24718 0.01162 -0.19467
v 0.24980 -0.02164 -0.19859
v 0.28953 0.01046 -0.27668
v 0.25562 0.02137 -0.21089
v 0.28156 0.03873 -0.25761
v 0.15834 0.09855 -0.03233
v 0.12270 0.12115 0.03597
v 0.18126 0.11236 -0.06721
v 0.27433 -0.04261 -0.24204
v 0.28819 -0.02565 -0.27192
v 0.30267 0.01157 -0.29756
v 0.30131 -0.03485 -0.29090
v 0.21303 0.10458 -0.11925
v 0.31572 0.05654 -0.30475
v 0.21846 -0.07773 -0.13347
v 0.24354 -0.06441 -0.17568
v 0.23015 -0.02379 -0.16077
v 0.16944 -0.08677 -0.05249
v 0.19770 -0.09331 -0.09713
v 0.18984 -0.09762 -0.08336
v 0.17065 -0.11518 -0.04650
v 0.13998 -0.12772 0.01119
v 0.11837 -0.02412 0.01993
v 0.11443 0.02721 0.02432
v 0.11490 -0.08150 0.03460
v 0.33600 0.00242 -0.34024
v 0.32859 -0.03181 -0.32811
v 0.33909 0.03651 -0.33896
v 0.15162 -0.13567 -0.00637
v 0.21296 -0.12211 -0.11166
v 0.17032 0.14661 -0.03713
v 0.14725 0.16027 0.00965
v 0.20430 0.13074 -0.09739
v 0.19783 0.15315 -0.07828
v 0.22801 0.12590 -0.13419
v 0.24932 0.08736 -0.17822
v 0.26037 0.09020 -0.19506
v 0.26988 0.09884 -0.20607
v 0.29818 0.08274 -0.26433
v 0.11772 0.11443 0.04084
v 0.10756 0.15698 0.07648
v 0.12580 0.16166 0.04989
v 0.16489 0.17723 -0.01228
v 0.24826 -0.12287 -0.16245
v 0.25650 -0.07596 -0.19386
v 0.30405 -0.06386 -0.28317
v 0.28013 -0.08547 -0.23019
v 0.12543 -0.13241 0.03798
v 0.10538 -0.14087 0.07076
v 0.18981 0.17775 -0.05297
v 0.15457 -0.17415 0.00789
v 0.12278 -0.18040 0.06969
v 0.16767 -0.17883 -0.01183
v 0.27577 -0.10442 -0.21007
v 0.20168 -0.19048 -0.05852
v 0.21108 -0.15953 -0.09207
v 0.23325 -0.16613 -0.12021
v 0.10464 -0.17486 0.09497
v 0.23196 0.16999 -0.11854
v 0.23808 0.16351 -0.13052
v 0.17375 0.20435 -0.00772
v 0.13754 0.19416 0.04941
v 0.28014 0.14349 -0.19455
v 0.25583 0.17786 -0.14393
v 0.21612 0.19635 -0.07899
v 0.20201 0.21157 -0.04573
v 0.10275 0.06132 0.03956
v 0.08975 0.10037 0.05753
v 0.36300 0.03808 -0.35905
v 0.12735 0.21535 0.09013
v 0.27350 -0.16271 -0.17336
v 0.26671 -0.11533 -0.19047
v 0.26271 -0.16734 -0.15760
v 0.21602 -0.19711 -0.07438
v 0.11983 0.21945 0.11138
v 0.32245 0.09949 -0.28508
v 0.35541 -0.05522 -0.34607
v 0.37993 -0.01030 -0.37391
v 0.33390 -0.08442 -0.30828
v 0.16608 -0.22000 0.02666
v 0.14787 -0.22212 0.06226
v 0.31595 -0.09326 -0.27951
v 0.30160 -0.13779 -0.22003
v 0.29340 -0.16417 -0.19311
v 0.29775 0.11784 -0.23476
v 0.29646 0.16699 -0.19595
v 0.24592 0.19400 -0.11948
v 0.34216 0.08428 -0.31896
v 0.17900 0.21548 -0.00598
v 0.15985 0.23458 0.05225
v 0.25972 -0.18963 -0.13687
v 0.14298 -0.22835 0.08072
v 0.12922 -0.22369 0.10131
v 0.09393 -0.20734 0.14759
v 0.08931 -0.17112 0.11011
v 0.10071 0.19127 0.11416
v 0.13825 0.22914 0.08643
v 0.21240 -0.22591 -0.03852
v 0.24199 -0.20937 -0.09676
v 0.09952 0.22222 0.16121
v 0.09971 -0.11438 0.06210
v 0.22913 0.22057 -0.07246
v 0.39165 -0.03799 -0.37271
v 0.28042 -0.19550 -0.15165
v 0.09315 -0.06144 0.04164
v 0.09137 -0.09822 0.05692
v 0.08197 0.17615 0.11981
v 0.08421 0.13706 0.08167
v 0.18859 0.23945 0.01116
v 0.07797 -0.19776 0.15503
v 0.36471 0.09121 -0.32999
v 0.38405 0.04964 -0.36661
v 0.40219 0.02376 -0.37937
v 0.08933 0.00528 0.02679
v 0.33819 -0.11408 -0.28241
v 0.29636 0.18890 -0.17437
v 0.26096 0.21497 -0.11328
v 0.37068 -0.08695 -0.33437
v 0.33312 -0.13763 -0.24773
v 0.19130 -0.23961 0.01575
v 0.07559 0.20778 0.17575
v 0.15957 -0.24172 0.07557
v 0.15472 -0.24740 0.11619
v 0.22943 0.23788 -0.04489
v 0.10577 -0.22993 0.17258
v 0.34033 0.13044 -0.26611
v 0.33302 -0.16069 -0.22007
v 0.18798 -0.24774 0.04642
v 0.31857 0.15422 -0.22431
v 0.07969 -0.13524 0.07734
v 0.40129 -0.06608 -0.35882
v 0.39531 0.06910 -0.35845
v 0.15528 0.24939 0.10463
v 0.12099 0.24043 0.16501
v 0.06519 -0.19784 0.16278
v 0.24700 -0.23332 -0.06173
v 0.10803 0.23454 0.20421
v 0.22461 -0.24124 -0.02152
v 0.42204 -0.00468 -0.37865
v 0.27641 -0.22326 -0.09555
v 0.05513 0.20808 0.19457
v 0.29355 -0.20974 -0.13264
v 0.13367 -0.24255 0.16091
v 0.31393 -0.19426 -0.16218
v 0.33384 -0.17145 -0.20103
v 0.21211 0.25043 0.01644
v 0.38640 0.10311 -0.31936
v 0.36130 -0.13324 -0.25755
v 0.42206 -0.03580 -0.37071
v 0.34100 0.16494 -0.21475
v 0.07199 0.21693 0.25953
v 0.28106 0.22138 -0.10946
v 0.25608 0.23789 -0.05167
v 0.12607 -0.23679 0.19271
v 0.06368 -0.21274 0.21569
v 0.07239 -0.21651 0.25898
v 0.04495 -0.20524 0.28965
v 0.00641 -0.09263 -0.42626
v -0.00342 -0.13878 -0.34136
v -0.02461 -0.11135 -0.37969
v -0.02296 -0.07058 -0.44231
v -0.02105 -0.15107 -0.30438
v -0.04269 -0.08025 -0.39846
v -0.02713 -0.13366 -0.32505
v -0.03568 -0.13765 -0.29114
v -0.04977 -0.10238 -0.31974
v -0.04250 -0.04017 -0.43780
v -0.03562 -0.01074 -0.45916
v -0.00965 -0.02216 -0.47815
v -0.03361 0.02286 -0.46002
v 0.00634 -0.05912 -0.46170
v 0.01986 -0.03609 -0.46785
v 0.02549 0.01434 -0.47002
v 0.00518 0.03039 -0.47762
v -0.02225 0.06529 -0.45084
v 0.00820 0.08485 -0.44080
v -0.02545 0.10980 -0.39041
v -0.00342 -0.13878 -0.34136
v 0.01829 -0.14564 -0.31680
v -0.02105 -0.15107 -0.30438
v 0.01478 -0.17509 -0.27464
v -0.01096 -0.18565 -0.26048
v 0.01743 -0.19554 -0.22910
v -0.02173 -0.20099 -0.20781
v -0.00747 -0.22407 -0.16585
v 0.02290 -0.21900 -0.14684
v 0.00367 -0.23500 -0.12567
v 0.03491 -0.11569 -0.34605
v 0.02248 -0.10649 -0.39118
v 0.00641 -0.09263 -0.42626
v 0.03189 -0.06727 -0.43384
v 0.00634 -0.05912 -0.46170
v 0.00626 -0.24389 -0.07224
v 0.01986 -0.03609 -0.46785
v 0.03640 -0.21531 -0.08205
v 0.02705 -0.23622 0.03404
v 0.01005 -0.24859 0.03663
v 0.04207 -0.12837 -0.28129
v 0.03593 -0.16950 -0.23065
v 0.05079 -0.07860 -0.37247
v 0.02826 -0.22519 0.14900
v 0.06819 -0.16936 0.10594
v 0.06519 -0.19784 0.16278
v 0.04211 -0.21099 0.17629
v 0.01050 -0.22681 0.20213
v 0.04495 -0.20524 0.28965
v 0.00367 -0.23628 0.16583
v 0.06368 -0.21274 0.21569
v -0.00912 -0.24304 0.11946
v 0.08931 -0.17112 0.11011
v 0.07969 -0.13524 0.07734
v -0.01945 -0.20298 0.30936
v 0.06483 -0.19063 0.32237
v -0.02894 -0.17816 0.36459
v 0.06530 -0.01414 -0.37548
v 0.07138 0.01100 -0.32546
v 0.06937 -0.04086 -0.29870
v 0.07047 0.00944 -0.33833
v 0.06903 0.04214 -0.21890
v 0.06983 0.04079 -0.26207
v 0.07003 0.04452 -0.18592
v 0.07099 0.00289 -0.20240
v 0.07110 0.07731 -0.12471
v 0.06195 -0.09336 -0.20773
v 0.07389 0.03625 -0.13481
v 0.06946 -0.04092 -0.19573
v 0.07408 -0.02126 -0.14064
v 0.07370 0.06690 -0.08827
v 0.07531 0.07201 -0.01872
v 0.07013 -0.09083 -0.10747
v 0.07745 -0.00700 -0.06092
v 0.07741 0.02248 -0.05329
v 0.07474 0.11269 0.04183
v 0.07921 0.02070 -0.01459
v 0.07257 -0.09647 -0.01568
v 0.08424 0.05120 0.02576
v 0.07194 0.08931 -0.06809
v 0.06571 0.05746 -0.32349
v 0.05881 0.02596 -0.40145
v 0.06909 0.04708 -0.28519
v 0.06619 0.13092 -0.03734
v 0.06684 0.13122 -0.00159
v 0.06313 0.08159 -0.22719
v 0.05621 0.15319 -0.14083
v 0.05748 0.16488 -0.05957
v 0.05907 0.16684 0.04296
v 0.06763 0.15436 0.07806
v 0.04872 0.13733 -0.23734
v 0.05787 0.07694 -0.34687
v 0.03340 0.18294 -0.22085
v 0.04718 0.07343 -0.39943
v 0.05209 -0.17573 -0.10255
v 0.06001 -0.16274 -0.02129
v 0.07948 -0.06092 0.01234
v 0.08933 0.00528 0.02679
v 0.07135 -0.13261 0.05251
v 0.08344 -0.06497 0.03075
v 0.05570 -0.08129 -0.34021
v 0.05055 -0.04634 -0.41364
v 0.04605 0.00562 -0.44131
v 0.05510 -0.18482 0.08436
v 0.02778 0.21035 -0.16883
v 0.03799 0.20633 -0.11971
v 0.03641 0.22224 -0.00429
v 0.06043 0.18197 0.11261
v 0.02936 0.22531 -0.08720
v 0.09137 -0.09822 0.05692
v 0.02549 0.01434 -0.47002
v 0.08975 0.10037 0.05753
v 0.08421 0.13706 0.08167
v 0.09315 -0.06144 0.04164
v 0.08197 0.17615 0.11981
v 0.10275 0.06132 0.03956
v -0.43864 0.02898 -0.35374
v -0.41989 0.05468 -0.36211
v -0.42845 0.00219 -0.37405
v -0.42800 0.06898 -0.33433
v -0.44522 -0.01355 -0.33294
v -0.44233 0.03709 -0.31064
v -0.42678 0.07889 -0.30260
v -0.43068 -0.04864 -0.35251
v -0.43840 -0.04962 -0.31180
v -0.41262 -0.09024 -0.31884
v -0.41353 -0.09486 -0.27210
v -0.40594 -0.08103 -0.34282
v -0.35607 -0.14754 -0.23752
v -0.36658 -0.14130 -0.20905
v -0.32489 -0.18653 -0.18054
v -0.40851 -0.02725 -0.37688
v -0.19037 -0.25071 0.06132
v -0.13620 -0.24297 0.16106
v -0.19133 -0.24336 0.10098
v -0.13102 -0.22414 0.21883
v -0.24768 -0.23985 -0.01935
v -0.23328 -0.23577 0.03744
v -0.16688 -0.21459 0.18489
v -0.19277 -0.22856 0.12684
v -0.27687 -0.21289 -0.02284
v -0.28538 -0.22019 -0.10664
v -0.30194 -0.20664 -0.08783
v -0.32794 -0.18526 -0.13536
v -0.24763 -0.20866 0.04966
v -0.18592 -0.18390 0.18211
v -0.21133 -0.17007 0.14852
v -0.31219 -0.15637 -0.04562
v -0.28394 -0.15525 0.01936
v -0.21891 -0.18434 0.12589
v -0.36557 -0.12834 -0.17452
v -0.40531 -0.07530 -0.21424
v -0.36477 -0.07891 -0.13151
v -0.43602 -0.02329 -0.26540
v -0.16288 -0.13199 0.24506
v -0.14259 -0.13311 0.27447
v -0.13821 -0.19366 0.24508
v -0.09538 -0.14475 0.33431
v -0.06339 -0.04224 0.43172
v -0.05002 -0.12677 0.41075
v -0.03913 -0.08700 0.44541
v -0.04312 -0.02832 0.46026
v -0.07750 -0.19061 0.31649
v -0.09692 -0.20292 0.28219
v -0.09268 -0.16719 0.32267
v -0.02602 -0.13125 0.42330
v -0.02894 -0.17816 0.36459
v 0.00090 -0.07033 0.46373
v -0.00770 -0.00721 0.47815
v -0.06435 -0.20985 0.28491
v 0.01645 -0.16287 0.38735
v 0.03185 -0.13697 0.41423
v -0.01945 -0.20298 0.30936
v -0.08610 -0.22347 0.23402
v -0.24791 -0.23591 -0.05834
v -0.23225 -0.05780 0.14838
v -0.26347 0.01936 0.09724
v -0.29104 -0.02285 0.04529
v -0.20605 -0.00870 0.19700
v -0.25640 -0.11310 0.09321
v -0.30494 -0.10489 -0.00033
v -0.31659 -0.06159 -0.01306
v -0.22849 -0.13121 0.13717
v -0.32482 -0.00665 -0.02481
v -0.16137 -0.01662 0.26914
v -0.16919 -0.03364 0.25579
v -0.14340 -0.08662 0.28734
v -0.10099 0.03246 0.36290
v -0.18842 0.04369 0.22423
v -0.13129 0.03755 0.31318
v -0.28685 0.05095 0.05057
v -0.06369 -0.00123 0.43634
v -0.20392 0.06975 0.19532
v -0.10476 0.06315 0.35097
v -0.35966 -0.05415 -0.11127
v -0.32989 0.07017 -0.04536
v -0.36339 0.01508 -0.11118
v -0.41826 -0.02337 -0.21726
v -0.40536 0.04246 -0.19460
v -0.37079 0.05057 -0.13160
v -0.33089 0.12821 -0.07342
v -0.21463 0.12581 0.16383
v -0.24252 0.12269 0.11559
v -0.26991 0.10565 0.07013
v -0.28452 0.11364 0.03827
v -0.29559 0.11339 0.01536
v -0.14429 0.11135 0.27935
v -0.42992 0.04228 -0.25365
v -0.09336 0.12473 0.34610
v -0.06165 0.08570 0.41816
v -0.05664 0.02881 0.44568
v -0.10732 -0.05619 0.34826
v -0.15137 0.17177 0.24286
v -0.19881 0.16161 0.17544
v -0.34631 0.15166 -0.13740
v -0.28491 0.17502 0.00216
v -0.25336 0.19410 0.05347
v -0.19097 0.19406 0.16776
v -0.41175 0.08742 -0.24252
v -0.04286 0.09329 0.43845
v -0.36655 0.12580 -0.17196
v -0.10101 0.16550 0.31143
v -0.03745 0.04387 0.46139
v -0.28439 0.19665 -0.01741
v -0.29581 0.21017 -0.07002
v -0.14868 0.19547 0.22992
v -0.04868 0.14804 0.38959
v -0.11410 0.18690 0.27977
v -0.19110 0.22905 0.13196
v -0.22846 0.22270 0.07281
v -0.34962 0.16577 -0.18668
v -0.38236 0.12694 -0.22767
v -0.26654 0.23037 -0.03046
v -0.31817 0.19841 -0.12644
v -0.13421 0.22671 0.21335
v -0.09232 0.20015 0.28944
v -0.21097 0.24356 0.07009
v -0.06397 0.20113 0.30658
v -0.02221 0.10995 0.43873
v -0.40418 0.10654 -0.29587
v -0.00124 0.05560 0.46988
v -0.23438 0.24598 0.00219
v -0.32902 0.18657 -0.18234
v -0.02657 0.16377 0.38357
v -0.34943 0.15589 -0.23065
v -0.13130 0.24078 0.18369
v -0.16221 0.25071 0.11834
v -0.29164 0.21721 -0.12401
v 0.01166 0.13555 0.41676
v -0.26093 0.22985 -0.08808
v 0.01587 0.09304 0.44942
v -0.39248 0.10157 -0.32238
v -0.01383 0.19384 0.32990
v 0.02752 0.17302 0.36608
v 0.40622 -0.09085 -0.32472
v 0.40129 -0.06608 -0.35882
v 0.42512 -0.06554 -0.34136
v 0.42206 -0.03580 -0.37071
v 0.42010 -0.08287 -0.30936
v 0.44100 -0.02402 -0.34825
v 0.38591 -0.11788 -0.27156
v 0.36130 -0.13324 -0.25755
v 0.37961 -0.11996 -0.22141
v 0.43477 -0.05264 -0.29528
v 0.41076 -0.09139 -0.26376
v 0.33302 -0.16069 -0.22007
v 0.40904 -0.07145 -0.22864
v 0.37989 -0.10008 -0.18995
v 0.34588 -0.16042 -0.17453
v 0.33384 -0.17145 -0.20103
v 0.31393 -0.19426 -0.16218
v 0.32610 -0.18059 -0.13043
v 0.30260 -0.20502 -0.09930
v 0.30081 -0.19841 -0.07479
v 0.34233 -0.15097 -0.13944
v 0.35785 -0.11710 -0.15320
v 0.30636 -0.17013 -0.05343
v 0.33052 -0.14524 -0.09650
v 0.27128 -0.21617 -0.02243
v 0.27290 -0.19312 0.00461
v 0.23870 -0.22741 0.03585
v 0.25829 -0.18628 0.04257
v 0.25230 -0.17205 0.06554
v 0.23438 -0.19195 0.08644
v 0.22075 -0.21660 0.08850
v 0.19386 -0.19490 0.15830
v 0.20524 -0.21100 0.12372
v 0.18691 -0.22194 0.14295
v 0.15783 -0.22100 0.18866
v 0.17760 -0.17433 0.19955
v 0.16327 -0.16306 0.22848
v 0.14359 -0.19677 0.23367
v 0.44522 0.00144 -0.31187
v 0.18728 -0.23838 0.11607
v 0.12401 -0.21708 0.23564
v 0.13827 -0.19240 0.24449
v 0.12184 -0.16060 0.28752
v 0.11968 -0.19702 0.26337
v 0.10644 -0.19422 0.28078
v 0.44019 0.02693 -0.35093
v 0.21521 -0.24576 0.03784
v 0.25230 -0.23558 -0.02326
v 0.27641 -0.22326 -0.09555
v 0.29355 -0.20974 -0.13264
v 0.06483 -0.19063 0.32237
v 0.07792 -0.16206 0.34053
v 0.06767 -0.15367 0.35949
v 0.03185 -0.13697 0.41423
v 0.12607 -0.23679 0.19271
v 0.01645 -0.16287 0.38735
v 0.42204 -0.00468 -0.37865
v 0.07239 -0.21651 0.25898
v 0.42654 0.04101 -0.36589
v 0.15472 -0.24740 0.11619
v 0.13367 -0.24255 0.16091
v 0.18798 -0.24774 0.04642
v -0.02894 -0.17816 0.36459
v 0.42148 -0.00898 -0.22845
v 0.40839 0.02795 -0.20305
v 0.39729 0.01453 -0.17977
v 0.40033 -0.01777 -0.18608
v 0.43482 0.01490 -0.26454
v 0.43755 -0.01627 -0.27496
v 0.42591 -0.03363 -0.24581
v 0.40633 -0.04223 -0.20427
v 0.38838 -0.03791 -0.16876
v 0.35138 0.02411 -0.10001
v 0.36645 -0.01799 -0.12719
v 0.36532 -0.06537 -0.13691
v 0.36996 0.05296 -0.13993
v 0.35267 0.07527 -0.11431
v 0.33972 0.01933 -0.07427
v 0.36524 -0.03831 -0.12836
v 0.34687 -0.04783 -0.09463
v 0.33736 -0.08483 -0.08143
v 0.33896 -0.04227 -0.07521
v 0.33097 -0.03188 -0.05516
v 0.34289 -0.01741 -0.08171
v 0.31454 0.01308 -0.01610
v 0.29951 0.01345 0.01679
v 0.31155 -0.03091 -0.01081
v 0.29932 -0.01812 0.01685
v 0.30231 -0.04658 0.00760
v 0.31746 -0.09312 -0.03667
v 0.26396 0.00946 0.08960
v 0.28869 0.04488 0.03723
v 0.28230 -0.01136 0.05282
v 0.25886 -0.04195 0.09709
v 0.28810 -0.06885 0.03398
v 0.23142 -0.00274 0.15095
v 0.30348 -0.06670 0.00156
v 0.27837 -0.08361 0.05078
v 0.26467 -0.08556 0.07790
v 0.21224 -0.05946 0.18067
v 0.20276 -0.03080 0.20038
v 0.23139 -0.08118 0.14242
v 0.25193 0.04452 0.11048
v 0.23845 0.05327 0.13471
v 0.21424 0.02129 0.18122
v 0.19637 -0.03773 0.21066
v 0.26943 0.07748 0.07136
v 0.30304 0.08214 -0.00017
v 0.31924 0.07713 -0.03558
v 0.18579 0.03553 0.22874
v 0.17688 -0.01106 0.24448
v 0.25166 0.09085 0.10315
v 0.34619 0.06697 -0.09708
v 0.23333 0.09759 0.13584
v 0.21488 0.04970 0.17769
v 0.20164 0.08789 0.19430
v 0.21390 0.10137 0.16979
v 0.15923 -0.02797 0.27122
v 0.15530 0.02893 0.27731
v 0.26902 0.11549 0.06208
v 0.23579 0.10849 0.12835
v 0.31251 0.10383 -0.02799
v 0.32644 0.09719 -0.05858
v 0.30347 0.09194 -0.00371
v 0.11297 -0.00835 0.34024
v 0.23975 -0.11852 0.11647
v 0.16809 -0.10267 0.24502
v 0.15255 -0.08999 0.27186
v 0.19540 -0.10963 0.19871
v 0.09312 -0.04588 0.36748
v 0.08916 0.01829 0.37802
v 0.08913 0.03850 0.37584
v 0.09174 0.07192 0.36432
v 0.15001 0.04493 0.28380
v 0.11289 0.06232 0.33497
v 0.04753 0.08037 0.43857
v 0.17033 0.11158 0.23957
v 0.08070 0.07459 0.38225
v 0.17657 0.10705 0.23102
v 0.20389 0.10832 0.18529
v 0.08998 -0.02463 0.37579
v 0.05757 -0.02000 0.44305
v 0.05500 0.02058 0.44744
v 0.08174 -0.02960 0.39096
v 0.13965 0.08931 0.29135
v 0.40191 0.05716 -0.20063
v 0.30163 -0.12885 -0.01469
v 0.28594 -0.13906 0.01475
v 0.24995 -0.13009 0.09245
v 0.30038 0.12282 -0.00759
v 0.26393 0.14464 0.06063
v 0.25168 0.13101 0.09075
v 0.23796 0.14304 0.11190
v 0.12502 0.11883 0.30288
v 0.12998 0.13017 0.29198
v 0.21516 0.15161 0.14951
v 0.09785 -0.07293 0.35454
v 0.07485 -0.09448 0.38519
v 0.04527 -0.05593 0.45111
v 0.21485 -0.14737 0.15084
v 0.22133 -0.15284 0.13646
v 0.31764 -0.12295 -0.04903
v 0.32238 -0.12556 -0.06192
v 0.18258 0.14436 0.20804
v 0.34895 0.10565 -0.11918
v 0.32738 0.12649 -0.07418
v 0.43188 0.04863 -0.27199
v 0.08272 0.11181 0.36351
v 0.20412 0.17192 0.15801
v 0.08556 -0.12083 0.35580
v 0.15054 -0.12362 0.26494
v 0.27326 -0.15786 0.03129
v 0.16468 0.16864 0.22391
v 0.22931 0.16638 0.11631
v 0.32201 0.14497 -0.07207
v 0.33452 0.12778 -0.09355
v 0.29211 0.17312 -0.01848
v 0.30054 0.18157 -0.04751
v 0.36311 0.06416 -0.13119
v 0.37008 0.08929 -0.15714
v 0.38891 0.09152 -0.19786
v 0.41586 0.07549 -0.24774
v 0.23731 0.19440 0.08209
v 0.25695 0.17744 0.05580
v 0.26512 0.17048 0.04364
v 0.27985 0.19010 -0.00466
v 0.35824 0.12997 -0.16452
v 0.42671 -0.05172 -0.25972
v 0.43765 0.04989 -0.30493
v 0.24720 0.18923 0.06676
v 0.20254 0.19868 0.14207
v 0.27341 0.19271 0.00774
v 0.34543 0.15278 -0.14955
v 0.03638 0.04054 0.46186
v 0.32185 0.17611 -0.10271
v 0.13212 0.18404 0.25972
v 0.37187 0.12057 -0.19131
v 0.26565 0.20708 0.01000
v 0.25084 0.20549 0.04451
v 0.19182 0.20617 0.15371
v 0.17196 0.20399 0.18735
v 0.06824 0.14377 0.36440
v 0.15854 0.19629 0.21396
v 0.30241 0.18923 -0.06178
v 0.03829 -0.11168 0.43015
v 0.21693 0.21495 0.10136
v 0.03838 0.12641 0.41656
v 0.35064 0.15418 -0.17377
v 0.01423 -0.01797 0.47580
v 0.32498 0.17974 -0.11954
v 0.38981 0.11477 -0.23501
v 0.36012 0.14706 -0.22138
v 0.22989 0.23848 0.04050
v 0.27894 0.22308 -0.05645
v 0.30433 0.20480 -0.09908
v 0.19184 0.23943 0.11177
v 0.41234 0.09633 -0.28092
v 0.17840 0.22688 0.15285
v 0.25147 0.22951 0.00904
v 0.10216 0.19934 0.28040
v 0.11928 0.20326 0.25842
v 0.12351 0.21570 0.23951
v 0.06421 0.17870 0.33675
v 0.33190 0.18227 -0.16970
v 0.31951 0.19447 -0.15634
v 0.14191 0.23225 0.19447
v 0.16022 0.24295 0.15067
v 0.01587 0.09304 0.44942
v 0.41493 0.09006 -0.31567
v 0.01166 0.13555 0.41676
v 0.34100 0.16494 -0.21475
v 0.38862 0.12000 -0.26654
v -0.00124 0.05560 0.46988
v 0.07684 0.20012 0.30051
v 0.00090 -0.07033 0.46373
v -0.00770 -0.00721 0.47815
v 0.18624 0.25054 0.09052
v 0.02752 0.17302 0.36608
v 0.25608 0.23789 -0.05167
v 0.41205 0.07930 -0.34341
v 0.28106 0.22138 -0.10946
v 0.36212 0.13717 -0.25539
v 0.21211 0.25043 0.01644
v 0.07199 0.21693 0.25953
v 0.10803 0.23454 0.20421
v 0.05354 0.20014 0.30631
v -0.01383 0.19384 0.32990
v -0.02602 -0.13125 0.42330
v -0.02657 0.16377 0.38357
v 0.38640 0.10311 -0.31936
v 0.01050 -0.22681 0.20213
v -0.01945 -0.20298 0.30936
v -0.04445 -0.21141 0.21753
v -0.02184 -0.22516 0.18736
v 0.00367 -0.23628 0.16583
v -0.06813 -0.21385 0.21290
v -0.06435 -0.20985 0.28491
v -0.05467 -0.19714 0.14122
v -0.08860 -0.20197 0.14828
v -0.40594 -0.08103 -0.34282
v -0.38085 -0.09658 -0.32718
v -0.41262 -0.09024 -0.31884
v -0.35607 -0.14754 -0.23752
v -0.00726 0.21366 0.26729
v -0.01383 0.19384 0.32990
v 0.05354 0.20014 0.30631
v 0.31951 0.19447 -0.15634
v 0.29636 0.18890 -0.17437
v 0.28106 0.22138 -0.10946
v 0.34100 0.16494 -0.21475
v 0.36130 -0.13324 -0.25755
v 0.37068 -0.08695 -0.33437
v 0.40622 -0.09085 -0.32472
v 0.40129 -0.06608 -0.35882
v 0.00626 -0.24389 -0.07224
v 0.01005 -0.24859 0.03663
v -0.02050 -0.24267 -0.00538
v -0.13421 0.22671 0.21335
v -0.06397 0.20113 0.30658
v -0.01383 0.19384 0.32990
v 0.05513 0.20808 0.19457
v 0.02569 0.21185 0.25570
v 0.07199 0.21693 0.25953
v 0.05354 0.20014 0.30631
v 0.38862 0.12000 -0.26654
v 0.38640 0.10311 -0.31936
v 0.34033 0.13044 -0.26611
v 0.36212 0.13717 -0.25539
v 0.34100 0.16494 -0.21475
v -0.16221 0.25071 0.11834
v -0.19992 0.24858 0.01992
v -0.23438 0.24598 0.00219
v -0.20836 -0.24079 -0.00924
v -0.19037 -0.25071 0.06132
v -0.24768 -0.23985 -0.01935
v -0.24791 -0.23591 -0.05834
v 0.04211 -0.21099 0.17629
v 0.06368 -0.21274 0.21569
v 0.04495 -0.20524 0.28965
v 0.18624 0.25054 0.09052
v 0.21211 0.25043 0.01644
v 0.15528 0.24939 0.10463
v 0.16022 0.24295 0.15067
v 0.12099 0.24043 0.16501
v 0.14191 0.23225 0.19447
v 0.10803 0.23454 0.20421
v 0.18798 -0.24774 0.04642
v 0.21521 -0.24576 0.03784
v 0.18728 -0.23838 0.11607
v 0.19130 -0.23961 0.01575
v 0.22461 -0.24124 -0.02152
v 0.25230 -0.23558 -0.02326
v 0.24700 -0.23332 -0.06173
v 0.27641 -0.22326 -0.09555
v 0.25608 0.23789 -0.05167
v 0.26096 0.21497 -0.11328
v 0.22943 0.23788 -0.04489
v 0.21211 0.25043 0.01644
v 0.04495 -0.20524 0.28965
v 0.07239 -0.21651 0.25898
v 0.06483 -0.19063 0.32237
v -0.09204 -0.09999 0.05497
v -0.06820 -0.16347 0.09081
v -0.09447 -0.15101 0.08707
v -0.43068 -0.04864 -0.35251
v -0.40851 -0.02725 -0.37688
v -0.40594 -0.08103 -0.34282
v -0.32674 -0.15801 -0.22551
v -0.32489 -0.18653 -0.18054
v -0.35607 -0.14754 -0.23752
v -0.39248 0.10157 -0.32238
v -0.41989 0.05468 -0.36211
v -0.42800 0.06898 -0.33433
v 0.40219 0.02376 -0.37937
v 0.39531 0.06910 -0.35845
v 0.42654 0.04101 -0.36589
v 0.41205 0.07930 -0.34341
v 0.42204 -0.00468 -0.37865
v 0.38640 0.10311 -0.31936
v 0.41493 0.09006 -0.31567
v 0.07559 0.20778 0.17575
v 0.05181 0.20250 0.15486
v 0.05513 0.20808 0.19457
v -0.02803 -0.21646 -0.13794
v -0.00747 -0.22407 -0.16585
v -0.04373 -0.20199 -0.08801
vt 0.91371 0.16490
vt 0.84650 0.18615
vt 0.93154 0.17914
vt 0.92673 0.13953
vt 0.87934 0.15597
vt 0.83964 0.12783
vt 0.84490 0.16395
vt 0.88127 0.16627
vt 0.81928 0.16322
vt 0.83323 0.18038
vt 0.78594 0.14931
vt 0.85258 0.10226
vt 0.82339 0.12005
vt 0.79576 0.12426
vt 0.80765 0.10249
vt 0.75841 0.10495
vt 0.78447 0.07389
vt 0.74207 0.08036
vt 0.85834 0.21775
vt 0.88583 0.22588
vt 0.93436 0.19192
vt 0.94107 0.22882
vt 0.76453 0.12999
vt 0.84199 0.20305
vt 0.74511 0.10571
vt 0.80598 0.18034
vt 0.73455 0.09858
vt 0.81415 0.19971
vt 0.93731 0.10234
vt 0.96349 0.09513
vt 0.83632 0.06854
vt 0.77551 0.05153
vt 0.74566 0.05946
vt 0.89095 0.07281
vt 0.93439 0.08445
vt 0.73418 0.05828
vt 0.97778 0.07192
vt 0.90135 0.03702
vt 0.86245 0.02299
vt 0.85235 0.00880
vt 0.71743 0.07978
vt 0.94500 0.14682
vt 0.95494 0.11755
vt 0.99924 0.05513
vt 0.96526 0.04288
vt 0.95268 0.02558
vt 0.72989 0.10627
vt 0.71049 0.06170
vt 0.71405 0.04436
vt 0.94564 0.18904
vt 0.94944 0.22831
vt 0.92748 0.26499
vt 0.80031 0.20038
vt 0.96658 0.25519
vt 0.77142 0.15371
vt 0.83164 0.21860
vt 0.76149 0.16057
vt 0.88840 0.25587
vt 0.84364 0.22888
vt 0.81433 0.22220
vt 0.77589 0.18621
vt 0.98054 0.28469
vt 0.97261 0.09662
vt 0.99426 0.07535
vt 0.94517 0.28290
vt 0.99924 0.27740
vt 0.85245 0.25365
vt 0.82944 0.23844
vt 0.95541 0.21439
vt 0.97143 0.24475
vt 0.96624 0.29520
vt 0.90301 0.27844
vt 0.86343 0.48536
vt 0.87781 0.44248
vt 0.86459 0.43977
vt 0.87515 0.40236
vt 0.89023 0.39540
vt 0.88546 0.36827
vt 0.90063 0.36204
vt 0.88372 0.45829
vt 0.88063 0.49202
vt 0.86560 0.52017
vt 0.89594 0.42367
vt 0.87393 0.52170
vt 0.86111 0.55257
vt 0.90679 0.38813
vt 0.88305 0.54660
vt 0.87600 0.56574
vt 0.91452 0.41440
vt 0.87184 0.61271
vt 0.88584 0.60904
vt 0.88781 0.66740
vt 0.91657 0.66828
vt 0.90786 0.69215
vt 0.92618 0.35335
vt 0.92781 0.37678
vt 0.91305 0.34091
vt 0.89350 0.71575
vt 0.86832 0.65393
vt 0.90002 0.33840
vt 0.87676 0.69979
vt 0.91033 0.71343
vt 0.89992 0.74808
vt 0.92781 0.67273
vt 0.85790 0.59619
vt 0.91795 0.70571
vt 0.88452 0.75771
vt 0.91970 0.77200
vt 0.67557 0.89906
vt 0.71173 0.91152
vt 0.66780 0.90948
vt 0.73042 0.89924
vt 0.63245 0.90613
vt 0.63739 0.91997
vt 0.57977 0.92181
vt 0.61736 0.93283
vt 0.66271 0.92167
vt 0.77181 0.92410
vt 0.64351 0.94296
vt 0.76493 0.90825
vt 0.80432 0.91097
vt 0.82034 0.92585
vt 0.72741 0.93545
vt 0.67594 0.95331
vt 0.66574 0.96409
vt 0.81563 0.95060
vt 0.82788 0.93811
vt 0.77533 0.95716
vt 0.84363 0.92259
vt 0.85814 0.95469
vt 0.87694 0.94041
vt 0.92263 0.96558
vt 0.89986 0.98970
vt 0.94063 0.99794
vt 0.92930 0.99920
vt 0.69425 0.97389
vt 0.70529 0.99920
vt 0.91579 0.94532
vt 0.95973 0.98243
vt 0.95081 0.96048
vt 0.87481 0.92404
vt 0.83439 0.90468
vt 0.77124 0.89410
vt 0.91273 0.92922
vt 0.94728 0.93560
vt 0.80225 0.89360
vt 0.59483 0.94393
vt 0.54787 0.93121
vt 0.93200 0.56346
vt 0.94561 0.54529
vt 0.93467 0.54528
vt 0.90653 0.58893
vt 0.95670 0.52401
vt 0.94261 0.51599
vt 0.95152 0.48933
vt 0.96655 0.49757
vt 0.98157 0.52830
vt 0.96735 0.55790
vt 0.97635 0.57991
vt 0.99070 0.55795
vt 0.98240 0.61163
vt 0.96414 0.59731
vt 0.97620 0.63629
vt 0.99164 0.52052
vt 0.96971 0.47289
vt 0.97184 0.42320
vt 0.99164 0.62944
vt 0.97678 0.67713
vt 0.96245 0.66776
vt 0.96413 0.71049
vt 0.97719 0.70304
vt 0.97105 0.74297
vt 0.95296 0.75348
vt 0.96072 0.77376
vt 0.94860 0.77258
vt 0.94355 0.83337
vt 0.93631 0.81507
vt 0.92786 0.82256
vt 0.92409 0.85542
vt 0.93435 0.86862
vt 0.91425 0.87801
vt 0.92180 0.89520
vt 0.24291 0.83432
vt 0.28555 0.84250
vt 0.26578 0.80978
vt 0.28356 0.80514
vt 0.27077 0.85452
vt 0.31428 0.84730
vt 0.33307 0.83494
vt 0.30979 0.77714
vt 0.35968 0.81758
vt 0.38229 0.83760
vt 0.43730 0.81333
vt 0.38525 0.80672
vt 0.37072 0.78326
vt 0.34470 0.79029
vt 0.41855 0.76395
vt 0.34941 0.77053
vt 0.36573 0.75510
vt 0.35491 0.72947
vt 0.32335 0.75014
vt 0.41167 0.71832
vt 0.23590 0.79436
vt 0.34807 0.87095
vt 0.24052 0.86028
vt 0.38789 0.87076
vt 0.42824 0.86081
vt 0.41973 0.82423
vt 0.45881 0.84101
vt 0.49303 0.85412
vt 0.30701 0.87546
vt 0.43343 0.87319
vt 0.21390 0.84127
vt 0.30119 0.74167
vt 0.21250 0.81716
vt 0.35685 0.70258
vt 0.27363 0.76374
vt 0.28753 0.73049
vt 0.40300 0.68287
vt 0.42601 0.69047
vt 0.32075 0.70408
vt 0.21672 0.86004
vt 0.42852 0.75691
vt 0.42345 0.72384
vt 0.43738 0.68866
vt 0.41136 0.88925
vt 0.36502 0.89561
vt 0.47647 0.83796
vt 0.37534 0.67404
vt 0.27335 0.87910
vt 0.25257 0.87602
vt 0.42825 0.65548
vt 0.44924 0.89509
vt 0.32468 0.90716
vt 0.29117 0.89189
vt 0.19728 0.83268
vt 0.38405 0.90950
vt 0.48631 0.88669
vt 0.49907 0.86061
vt 0.51444 0.86520
vt 0.45539 0.65057
vt 0.35745 0.66920
vt 0.40458 0.64274
vt 0.26647 0.72802
vt 0.23963 0.75947
vt 0.20446 0.80478
vt 0.29149 0.70615
vt 0.43368 0.71999
vt 0.23825 0.88587
vt 0.43527 0.79668
vt 0.45721 0.81429
vt 0.22126 0.77934
vt 0.43435 0.76179
vt 0.19392 0.85697
vt 0.31950 0.68196
vt 0.34429 0.91760
vt 0.41607 0.91734
vt 0.46876 0.90277
vt 0.20864 0.87616
vt 0.30334 0.90891
vt 0.28532 0.90480
vt 0.44838 0.62917
vt 0.48490 0.63014
vt 0.35373 0.65896
vt 0.24520 0.89448
vt 0.44460 0.79053
vt 0.18415 0.83205
vt 0.24741 0.73824
vt 0.20109 0.78750
vt 0.45928 0.66163
vt 0.32294 0.66841
vt 0.18671 0.79795
vt 0.25851 0.71262
vt 0.38414 0.63642
vt 0.29386 0.68262
vt 0.23087 0.74095
vt 0.43958 0.61974
vt 0.48583 0.61421
vt 0.51444 0.60560
vt 0.17705 0.85007
vt 0.47051 0.66031
vt 0.68097 0.66079
vt 0.67965 0.67163
vt 0.66912 0.65441
vt 0.66278 0.61145
vt 0.69521 0.62167
vt 0.70807 0.67173
vt 0.70410 0.68821
vt 0.69461 0.69199
vt 0.69087 0.69711
vt 0.72470 0.65024
vt 0.71705 0.63566
vt 0.68908 0.71089
vt 0.71562 0.70296
vt 0.71676 0.71566
vt 0.73206 0.59409
vt 0.73185 0.66523
vt 0.72825 0.67946
vt 0.69821 0.72557
vt 0.73727 0.68410
vt 0.73498 0.71973
vt 0.70913 0.73258
vt 0.69314 0.73674
vt 0.71292 0.77924
vt 0.71480 0.74140
vt 0.72547 0.76768
vt 0.74438 0.63195
vt 0.75327 0.59053
vt 0.75286 0.65327
vt 0.68572 0.76333
vt 0.69577 0.77881
vt 0.71459 0.79127
vt 0.69273 0.79072
vt 0.75154 0.68544
vt 0.73619 0.79589
vt 0.66147 0.70238
vt 0.67065 0.72736
vt 0.68982 0.71482
vt 0.65190 0.65304
vt 0.65148 0.68129
vt 0.64844 0.67318
vt 0.63720 0.65236
vt 0.62693 0.61829
vt 0.67935 0.60194
vt 0.70549 0.59671
vt 0.64902 0.59775
vt 0.71298 0.81787
vt 0.69669 0.81295
vt 0.72859 0.81683
vt 0.62412 0.63013
vt 0.63804 0.69366
vt 0.76895 0.63552
vt 0.77431 0.60777
vt 0.76366 0.67219
vt 0.77415 0.66101
vt 0.76322 0.69517
vt 0.74615 0.72230
vt 0.74848 0.73260
vt 0.75355 0.73973
vt 0.74757 0.77324
vt 0.74959 0.58720
vt 0.77051 0.56674
vt 0.77391 0.58372
vt 0.78377 0.62180
vt 0.64066 0.72609
vt 0.66599 0.73962
vt 0.67848 0.79025
vt 0.66375 0.76248
vt 0.62256 0.60224
vt 0.61605 0.58186
vt 0.78569 0.64662
vt 0.60339 0.62710
vt 0.59499 0.59044
vt 0.60247 0.63998
vt 0.65272 0.75378
vt 0.59981 0.67115
vt 0.61794 0.68669
vt 0.61632 0.70573
vt 0.59592 0.57318
vt 0.78525 0.68739
vt 0.78258 0.69463
vt 0.79799 0.62121
vt 0.79107 0.58622
vt 0.77654 0.73546
vt 0.79137 0.70485
vt 0.79709 0.66451
vt 0.80376 0.64538
vt 0.72188 0.58549
vt 0.73945 0.57122
vt 0.73102 0.83191
vt 0.80222 0.56442
vt 0.62075 0.74045
vt 0.64593 0.74328
vt 0.61765 0.73067
vt 0.59735 0.68270
vt 0.80466 0.55259
vt 0.75760 0.78824
vt 0.68709 0.82963
vt 0.70965 0.84517
vt 0.67032 0.81051
vt 0.57748 0.62519
vt 0.57325 0.60409
vt 0.66368 0.79423
vt 0.63566 0.76804
vt 0.62047 0.75523
vt 0.76522 0.75904
vt 0.79014 0.73986
vt 0.79865 0.69067
vt 0.75121 0.80827
vt 0.80411 0.62142
vt 0.81378 0.58960
vt 0.60476 0.72221
vt 0.56800 0.59488
vt 0.56847 0.58133
vt 0.57299 0.54864
vt 0.59729 0.56141
vt 0.78838 0.54678
vt 0.81016 0.56866
vt 0.57881 0.66798
vt 0.59175 0.70097
vt 0.80692 0.52421
vt 0.63068 0.58273
vt 0.81104 0.66423
vt 0.69689 0.85090
vt 0.60151 0.73541
vt 0.65918 0.58570
vt 0.63995 0.58082
vt 0.77820 0.53939
vt 0.75736 0.55778
vt 0.81827 0.61538
vt 0.57890 0.53947
vt 0.75705 0.81970
vt 0.73826 0.84176
vt 0.72692 0.85510
vt 0.69309 0.58499
vt 0.65215 0.80408
vt 0.80194 0.72958
vt 0.81184 0.69149
vt 0.66962 0.83380
vt 0.63569 0.79036
vt 0.56623 0.63891
vt 0.79665 0.51166
vt 0.55988 0.60311
vt 0.54909 0.58407
vt 0.82175 0.65142
vt 0.55528 0.54284
vt 0.77717 0.78509
vt 0.62007 0.78066
vt 0.55680 0.62490
vt 0.78699 0.75948
vt 0.62160 0.56836
vt 0.68131 0.85368
vt 0.75006 0.84302
vt 0.82551 0.56393
vt 0.82078 0.52745
vt 0.58032 0.53131
vt 0.57302 0.68974
vt 0.82125 0.50561
vt 0.56583 0.66578
vt 0.71322 0.86640
vt 0.57761 0.71385
vt 0.79237 0.49780
vt 0.58797 0.73417
vt 0.54523 0.55727
vt 0.59648 0.75316
vt 0.61052 0.77477
vt 0.83102 0.61864
vt 0.76957 0.82396
vt 0.63293 0.80619
vt 0.69678 0.86640
vt 0.79972 0.76324
vt 0.81400 0.47061
vt 0.82140 0.69649
vt 0.83207 0.66424
vt 0.54027 0.53969
vt 0.56187 0.50806
vt 0.54462 0.49153
vt 0.54795 0.46800
vt 0.10232 0.76331
vt 0.11688 0.81286
vt 0.12278 0.78595
vt 0.11559 0.74787
vt 0.13052 0.83090
vt 0.13201 0.76660
vt 0.13194 0.81605
vt 0.14273 0.83120
vt 0.14970 0.80662
vt 0.12989 0.73674
vt 0.12653 0.71752
vt 0.11036 0.71823
vt 0.12894 0.69936
vt 0.10048 0.73734
vt 0.09498 0.72350
vt 0.09675 0.69697
vt 0.10906 0.69087
vt 0.13061 0.67570
vt 0.12097 0.65846
vt 0.14970 0.64080
vt 0.71060 0.13716
vt 0.70509 0.15413
vt 0.72623 0.15260
vt 0.71702 0.17823
vt 0.73222 0.18211
vt 0.72362 0.20302
vt 0.74544 0.20848
vt 0.74423 0.23501
vt 0.73014 0.24702
vt 0.74279 0.25802
vt 0.68817 0.13819
vt 0.68767 0.11365
vt 0.68734 0.09225
vt 0.66915 0.09109
vt 0.67234 0.07130
vt 0.74387 0.28674
vt 0.65829 0.06911
vt 0.72333 0.28077
vt 0.73066 0.34214
vt 0.74111 0.34414
vt 0.69029 0.17309
vt 0.70801 0.20166
vt 0.66890 0.12403
vt 0.72280 0.40265
vt 0.68907 0.37797
vt 0.69969 0.40971
vt 0.71262 0.41704
vt 0.72998 0.43173
vt 0.70708 0.47785
vt 0.73595 0.41253
vt 0.70291 0.43794
vt 0.74544 0.38889
vt 0.68023 0.38445
vt 0.67249 0.36115
vt 0.73888 0.49243
vt 0.69456 0.49571
vt 0.73978 0.52560
vt 0.63720 0.11925
vt 0.62196 0.14314
vt 0.64574 0.15983
vt 0.62348 0.13677
vt 0.60052 0.19611
vt 0.60370 0.17392
vt 0.59757 0.21315
vt 0.61911 0.20715
vt 0.57786 0.24298
vt 0.66724 0.20971
vt 0.59880 0.24028
vt 0.64040 0.21317
vt 0.62759 0.24068
vt 0.58091 0.26258
vt 0.57431 0.29849
vt 0.66035 0.26172
vt 0.61616 0.28145
vt 0.60101 0.28361
vt 0.55041 0.32753
vt 0.59985 0.30417
vt 0.65847 0.30988
vt 0.58251 0.32389
vt 0.56861 0.27168
vt 0.59892 0.14093
vt 0.61949 0.10254
vt 0.60181 0.16144
vt 0.54590 0.28487
vt 0.54347 0.30344
vt 0.58125 0.18928
vt 0.54068 0.22966
vt 0.53006 0.27096
vt 0.52234 0.32390
vt 0.52698 0.34335
vt 0.55339 0.18028
vt 0.59035 0.12723
vt 0.52854 0.18539
vt 0.59513 0.09942
vt 0.70304 0.26849
vt 0.69240 0.31024
vt 0.63922 0.32303
vt 0.60531 0.32755
vt 0.67344 0.34756
vt 0.64007 0.33311
vt 0.66835 0.14052
vt 0.65583 0.10153
vt 0.63308 0.08250
vt 0.69957 0.36653
vt 0.51133 0.21036
vt 0.51162 0.23661
vt 0.49620 0.29510
vt 0.51036 0.35876
vt 0.49916 0.25187
vt 0.65381 0.35043
vt 0.63324 0.06320
vt 0.55695 0.33834
vt 0.53792 0.34831
vt 0.63684 0.34010
vt 0.51840 0.36723
vt 0.57823 0.33615
vt 0.02735 0.49353
vt 0.02141 0.51018
vt 0.01447 0.48008
vt 0.03815 0.51554
vt 0.03670 0.47081
vt 0.04879 0.49602
vt 0.05508 0.51832
vt 0.02535 0.45126
vt 0.04641 0.45162
vt 0.04316 0.42586
vt 0.06694 0.42592
vt 0.02927 0.42819
vt 0.08880 0.38704
vt 0.10253 0.39557
vt 0.12148 0.36486
vt 0.00684 0.46170
vt 0.26185 0.32080
vt 0.31962 0.32209
vt 0.27959 0.33122
vt 0.34594 0.33866
vt 0.21261 0.33334
vt 0.24190 0.33843
vt 0.32255 0.34789
vt 0.29098 0.34131
vt 0.20576 0.35367
vt 0.16358 0.34399
vt 0.17067 0.35744
vt 0.14394 0.37039
vt 0.24477 0.35540
vt 0.31739 0.36590
vt 0.29720 0.37455
vt 0.18929 0.38659
vt 0.22447 0.38591
vt 0.28532 0.36734
vt 0.11970 0.40367
vt 0.09574 0.43542
vt 0.14105 0.43021
vt 0.06908 0.46432
vt 0.35129 0.39178
vt 0.36895 0.38993
vt 0.35593 0.35735
vt 0.40630 0.38069
vt 0.45748 0.43370
vt 0.45115 0.38834
vt 0.46883 0.40941
vt 0.47468 0.44012
vt 0.40267 0.35309
vt 0.38254 0.34781
vt 0.40153 0.36820
vt 0.46417 0.38251
vt 0.43782 0.35243
vt 0.49234 0.41367
vt 0.49547 0.44968
vt 0.39371 0.33424
vt 0.46480 0.34763
vt 0.48335 0.35764
vt 0.41889 0.32612
vt 0.36589 0.32475
vt 0.19284 0.32895
vt 0.29477 0.43392
vt 0.26723 0.47546
vt 0.23732 0.45507
vt 0.32307 0.45797
vt 0.26400 0.40658
vt 0.21231 0.41334
vt 0.20507 0.43645
vt 0.28912 0.39575
vt 0.19938 0.46547
vt 0.36462 0.45166
vt 0.35662 0.44322
vt 0.37524 0.41444
vt 0.42069 0.47435
vt 0.34026 0.48434
vt 0.39218 0.47852
vt 0.24239 0.49320
vt 0.46003 0.45459
vt 0.32477 0.49869
vt 0.41555 0.49069
vt 0.15196 0.44296
vt 0.19107 0.50616
vt 0.15300 0.47930
vt 0.09354 0.46277
vt 0.10770 0.49576
vt 0.14320 0.49858
vt 0.17981 0.53785
vt 0.31009 0.52880
vt 0.28264 0.52856
vt 0.25614 0.52107
vt 0.23911 0.52627
vt 0.22661 0.52685
vt 0.37643 0.51807
vt 0.07683 0.49700
vt 0.41835 0.52340
vt 0.45535 0.49965
vt 0.46627 0.46958
vt 0.41085 0.42825
vt 0.36065 0.55119
vt 0.31982 0.54737
vt 0.14804 0.55326
vt 0.22481 0.56021
vt 0.25502 0.56872
vt 0.31929 0.56523
vt 0.08569 0.52072
vt 0.46865 0.50287
vt 0.12731 0.54069
vt 0.40286 0.54691
vt 0.47828 0.47705
vt 0.21682 0.57297
vt 0.19092 0.58358
vt 0.35636 0.56458
vt 0.44975 0.53549
vt 0.38655 0.55928
vt 0.30489 0.58665
vt 0.27008 0.58430
vt 0.12451 0.56495
vt 0.09819 0.54418
vt 0.21577 0.59419
vt 0.15994 0.58010
vt 0.35455 0.58449
vt 0.39708 0.56821
vt 0.27356 0.59810
vt 0.41329 0.57227
vt 0.47614 0.51349
vt 0.06165 0.53590
vt 0.49636 0.48523
vt 0.23796 0.60513
vt 0.13030 0.57972
vt 0.45585 0.54899
vt 0.10154 0.56746
vt 0.34399 0.59818
vt 0.30734 0.60720
vt 0.16592 0.59652
vt 0.48418 0.53742
vt 0.18906 0.60720
vt 0.49772 0.51112
vt 0.04760 0.54169
vt 0.44108 0.57968
vt 0.47105 0.57588
vt 0.02261 0.16540
vt 0.00411 0.15311
vt 0.01752 0.14770
vt 0.00329 0.13238
vt 0.03133 0.15840
vt 0.01701 0.12607
vt 0.04867 0.18402
vt 0.05531 0.19942
vt 0.07361 0.18718
vt 0.03920 0.14273
vt 0.05264 0.16571
vt 0.07456 0.22037
vt 0.07024 0.15789
vt 0.09003 0.17779
vt 0.09834 0.21440
vt 0.08522 0.22371
vt 0.10572 0.23907
vt 0.12124 0.22833
vt 0.13800 0.24510
vt 0.15036 0.24214
vt 0.11639 0.21053
vt 0.10967 0.19069
vt 0.16135 0.22711
vt 0.13884 0.21016
vt 0.17885 0.25672
vt 0.19273 0.24469
vt 0.21142 0.26827
vt 0.21344 0.24382
vt 0.22606 0.23770
vt 0.23792 0.25067
vt 0.24007 0.26552
vt 0.27867 0.25848
vt 0.25969 0.26512
vt 0.27170 0.27373
vt 0.29885 0.27752
vt 0.30186 0.25032
vt 0.31848 0.24667
vt 0.32328 0.26667
vt 0.03459 0.11603
vt 0.25832 0.28326
vt 0.32774 0.28074
vt 0.32945 0.26516
vt 0.35410 0.25138
vt 0.34204 0.27054
vt 0.35305 0.27118
vt 0.01838 0.10149
vt 0.21544 0.28380
vt 0.18026 0.27127
vt 0.14168 0.26187
vt 0.12158 0.25196
vt 0.38220 0.27713
vt 0.38810 0.25868
vt 0.39952 0.25562
vt 0.43360 0.25212
vt 0.30757 0.29438
vt 0.42544 0.27199
vt 0.00076 0.11515
vt 0.35229 0.29619
vt 0.01082 0.09207
vt 0.26559 0.29989
vt 0.29107 0.29890
vt 0.22591 0.30000
vt 0.43017 0.30000
vt 0.07292 0.12651
vt 0.08842 0.11023
vt 0.09976 0.11864
vt 0.09431 0.13434
vt 0.05689 0.11260
vt 0.05021 0.12664
vt 0.06309 0.13713
vt 0.08356 0.14503
vt 0.10276 0.14628
vt 0.14513 0.12026
vt 0.12702 0.13985
vt 0.11929 0.16377
vt 0.12544 0.10197
vt 0.14213 0.09236
vt 0.15880 0.12487
vt 0.12538 0.15036
vt 0.14353 0.15827
vt 0.14870 0.17884
vt 0.15424 0.15694
vt 0.16557 0.15313
vt 0.15227 0.14343
vt 0.18965 0.13291
vt 0.20749 0.13544
vt 0.18951 0.15624
vt 0.20531 0.15185
vt 0.19855 0.16592
vt 0.17229 0.18677
vt 0.24702 0.14363
vt 0.22112 0.12088
vt 0.22535 0.15133
vt 0.24778 0.17096
vt 0.21170 0.17975
vt 0.28021 0.15518
vt 0.19418 0.17595
vt 0.22018 0.18889
vt 0.23499 0.19217
vt 0.29347 0.18722
vt 0.30620 0.17402
vt 0.27097 0.19530
vt 0.26135 0.12728
vt 0.27559 0.12484
vt 0.29900 0.14538
vt 0.31163 0.17852
vt 0.24271 0.10690
vt 0.20415 0.09840
vt 0.18459 0.09802
vt 0.32716 0.14222
vt 0.33266 0.16770
vt 0.26157 0.10270
vt 0.15063 0.09813
vt 0.28049 0.10203
vt 0.29938 0.13041
vt 0.31244 0.11217
vt 0.30000 0.10303
vt 0.34713 0.17888
vt 0.35480 0.15001
vt 0.24148 0.08641
vt 0.27747 0.09573
vt 0.19134 0.08476
vt 0.17424 0.08561
vt 0.20320 0.09303
vt 0.38925 0.17514
vt 0.25514 0.21286
vt 0.32853 0.21559
vt 0.34467 0.21140
vt 0.30168 0.21512
vt 0.40303 0.19718
vt 0.41305 0.16479
vt 0.41368 0.15426
vt 0.41083 0.13602
vt 0.36004 0.14237
vt 0.39233 0.13817
vt 0.45326 0.13962
vt 0.34119 0.10395
vt 0.42130 0.13648
vt 0.33568 0.10552
vt 0.30957 0.10080
vt 0.40876 0.18663
vt 0.44461 0.18957
vt 0.44994 0.17009
vt 0.41667 0.19049
vt 0.36917 0.12017
vt 0.09235 0.09570
vt 0.18286 0.20756
vt 0.19859 0.21546
vt 0.24148 0.21705
vt 0.20440 0.07663
vt 0.24410 0.07109
vt 0.25909 0.08078
vt 0.27236 0.07631
vt 0.38009 0.10591
vt 0.37512 0.09900
vt 0.29468 0.07508
vt 0.39458 0.21026
vt 0.41181 0.22413
vt 0.44861 0.20839
vt 0.27382 0.23124
vt 0.26569 0.23300
vt 0.16457 0.20167
vt 0.15760 0.20205
vt 0.32724 0.08404
vt 0.14286 0.07593
vt 0.16918 0.06890
vt 0.05585 0.09588
vt 0.41620 0.11520
vt 0.30255 0.06507
vt 0.39512 0.23623
vt 0.33987 0.22861
vt 0.20730 0.22704
vt 0.34042 0.07262
vt 0.27802 0.06442
vt 0.17262 0.05932
vt 0.15908 0.06651
vt 0.20505 0.04918
vt 0.19089 0.04196
vt 0.13155 0.09682
vt 0.12008 0.08165
vt 0.09812 0.07780
vt 0.07018 0.08363
vt 0.26326 0.04651
vt 0.24596 0.05338
vt 0.23827 0.05603
vt 0.21512 0.04129
vt 0.12194 0.05884
vt 0.05574 0.14491
vt 0.04072 0.09335
vt 0.25386 0.04801
vt 0.29810 0.04921
vt 0.22222 0.04099
vt 0.13311 0.04777
vt 0.46207 0.16185
vt 0.16110 0.03958
vt 0.36538 0.06741
vt 0.10622 0.06190
vt 0.22601 0.03327
vt 0.24444 0.03721
vt 0.30644 0.04604
vt 0.32582 0.05012
vt 0.42334 0.09818
vt 0.34004 0.05674
vt 0.18467 0.03641
vt 0.43902 0.23720
vt 0.27808 0.03671
vt 0.45121 0.11292
vt 0.12094 0.04437
vt 0.47059 0.19314
vt 0.15306 0.03580
vt 0.08229 0.06214
vt 0.09596 0.04228
vt 0.25004 0.01720
vt 0.19457 0.01690
vt 0.16849 0.02333
vt 0.29079 0.02243
vt 0.05657 0.06987
vt 0.31120 0.03379
vt 0.23042 0.02000
vt 0.38394 0.05989
vt 0.37014 0.05626
vt 0.36225 0.04728
vt 0.41675 0.07532
vt 0.12843 0.02794
vt 0.13782 0.02147
vt 0.33984 0.03293
vt 0.31685 0.02193
vt 0.47006 0.13274
vt 0.03902 0.06963
vt 0.46283 0.10428
vt 0.10347 0.02998
vt 0.06774 0.05478
vt 0.48154 0.15502
vt 0.40023 0.05965
vt 0.46828 0.22222
vt 0.48252 0.18965
vt 0.28400 0.01107
vt 0.44071 0.07783
vt 0.20270 0.00465
vt 0.02439 0.07223
vt 0.16911 0.00694
vt 0.07791 0.04030
vt 0.24469 0.00080
vt 0.38919 0.03869
vt 0.35653 0.02501
vt 0.41162 0.05513
vt 0.44732 0.04698
vt 0.46196 0.26323
vt 0.47008 0.07376
vt 0.03975 0.05279
vt 0.09471 0.92521
vt 0.12288 0.87120
vt 0.12552 0.92261
vt 0.10964 0.93640
vt 0.09347 0.94528
vt 0.13660 0.92757
vt 0.14210 0.88893
vt 0.12508 0.96400
vt 0.14210 0.96385
vt 0.57396 0.45840
vt 0.56763 0.44181
vt 0.58435 0.44867
vt 0.58435 0.38800
vt 0.20289 0.67528
vt 0.23328 0.66000
vt 0.23328 0.69840
vt 0.54179 0.04891
vt 0.52660 0.05447
vt 0.53099 0.01520
vt 0.54179 0.08560
vt 0.07219 0.87760
vt 0.05395 0.92081
vt 0.07219 0.92529
vt 0.05962 0.94320
vt 0.25304 0.95760
vt 0.30775 0.95760
vt 0.28604 0.94160
vt 0.29559 0.63760
vt 0.23673 0.62800
vt 0.21049 0.63760
vt 0.43997 0.97708
vt 0.40568 0.97520
vt 0.41304 0.99920
vt 0.38678 0.99920
vt 0.85942 0.78163
vt 0.84160 0.75920
vt 0.84119 0.79965
vt 0.85357 0.79826
vt 0.85942 0.82640
vt 0.10410 0.99760
vt 0.05237 0.98640
vt 0.03571 0.99760
vt 0.00836 0.65744
vt 0.02204 0.62160
vt 0.02204 0.67360
vt 0.01042 0.69040
vt 0.83055 0.34480
vt 0.81031 0.33360
vt 0.77280 0.34480
vt 0.02356 0.82934
vt 0.02146 0.78800
vt 0.01115 0.84260
vt 0.02321 0.86438
vt 0.00684 0.87953
vt 0.02356 0.89006
vt 0.00864 0.90160
vt 0.05867 0.75173
vt 0.06939 0.74153
vt 0.07371 0.78480
vt 0.05395 0.73595
vt 0.06115 0.71085
vt 0.07371 0.70366
vt 0.06311 0.68631
vt 0.06975 0.66320
vt 0.52356 0.69108
vt 0.53571 0.65840
vt 0.53571 0.69977
vt 0.53130 0.73360
vt 0.01140 0.26935
vt 0.02356 0.25040
vt 0.02356 0.28720
vt 0.82599 0.40080
vt 0.82599 0.44240
vt 0.81535 0.43143
vt 0.02956 0.57680
vt 0.01444 0.59120
vt 0.04635 0.59120
vt 0.01748 0.95001
vt 0.02812 0.92400
vt 0.02812 0.96400
vt 0.99772 0.94160
vt 0.99772 0.97680
vt 0.98556 0.96474
vt 0.64616 0.00780
vt 0.62093 0.00560
vt 0.63645 0.02160
vt 0.61326 0.01611
vt 0.65881 0.01936
vt 0.59498 0.00586
vt 0.60089 0.02160
vt 0.03875 0.33680
vt 0.03875 0.35440
vt 0.02356 0.33837
vt 0.65274 0.45421
vt 0.65729 0.43600
vt 0.65729 0.48240
vn -0.9928 -0.1062 -0.0551
vn -0.9602 -0.2658 -0.0864
vn -0.9604 -0.1946 -0.1997
vn -0.9920 -0.0374 -0.1208
vn -0.9932 -0.1083 -0.0437
vn -0.9931 -0.0839 -0.0817
vn -0.9798 -0.1837 -0.0795
vn -0.9902 -0.1329 -0.0426
vn -0.9635 -0.2389 -0.1206
vn -0.9554 -0.2759 -0.1052
vn -0.9213 -0.3606 -0.1453
vn -0.9974 -0.0011 -0.0726
vn -0.9932 -0.1144 -0.0209
vn -0.9705 -0.2404 -0.0198
vn -0.9958 -0.0887 0.0227
vn -0.9539 -0.2713 -0.1287
vn -0.9984 0.0290 -0.0480
vn -0.9644 -0.1356 -0.2272
vn -0.9003 -0.4275 -0.0821
vn -0.9223 -0.3848 -0.0350
vn -0.9413 -0.2591 -0.2164
vn -0.9111 -0.3973 -0.1096
vn -0.8876 -0.4426 -0.1278
vn -0.9192 -0.3794 -0.1057
vn -0.9160 -0.3476 -0.2003
vn -0.9063 -0.3854 -0.1733
vn -0.8991 -0.3428 -0.2723
vn -0.8362 -0.5164 -0.1846
vn -0.9915 0.0938 -0.0903
vn -0.9043 0.2621 -0.3369
vn -0.9931 0.1172 -0.0092
vn -0.9792 0.1687 -0.1130
vn -0.9704 0.0485 -0.2366
vn -0.9925 0.1123 -0.0482
vn -0.9917 0.1254 -0.0298
vn -0.9477 0.0325 -0.3175
vn -0.9388 0.3055 -0.1592
vn -0.9691 0.2403 -0.0559
vn -0.9510 0.2811 -0.1286
vn -0.9045 0.3844 -0.1850
vn -0.8579 -0.2549 -0.4462
vn -0.5447 -0.1118 -0.8312
vn -0.6879 0.1767 -0.7039
vn -0.9092 0.4020 -0.1082
vn -0.9568 0.2906 -0.0078
vn -0.9277 0.3722 -0.0279
vn -0.8248 -0.4686 -0.3164
vn -0.8090 -0.0845 -0.5817
vn -0.7841 0.1523 -0.6017
vn -0.0923 -0.4747 -0.8753
vn -0.8171 -0.5174 -0.2544
vn -0.7386 -0.6726 0.0457
vn -0.6770 -0.6862 -0.2661
vn -0.6909 -0.7089 -0.1421
vn -0.8443 -0.4818 -0.2347
vn -0.7625 -0.6264 -0.1618
vn -0.6747 -0.6265 -0.3902
vn -0.6103 -0.7916 -0.0286
vn -0.7122 -0.6880 -0.1390
vn -0.2661 -0.9255 -0.2694
vn -0.4096 -0.8119 -0.4159
vn -0.4938 -0.8574 0.1449
vn -0.0971 0.4514 -0.8870
vn 0.4248 0.5216 -0.7399
vn -0.2981 -0.9463 0.1251
vn -0.2007 -0.9794 -0.0197
vn 0.2357 -0.9632 -0.1290
vn 0.1493 -0.9657 -0.2122
vn 0.5515 -0.5085 -0.6612
vn 0.1523 -0.8502 -0.5039
vn 0.1380 -0.9695 0.2027
vn 0.3539 -0.9351 0.0185
vn 0.2594 0.8837 -0.3896
vn 0.6213 0.6744 -0.3990
vn -0.2822 0.8024 -0.5258
vn 0.0325 0.8895 -0.4557
vn 0.6140 0.6870 -0.3885
vn 0.2431 0.7302 -0.6386
vn 0.7036 0.4169 -0.5754
vn 0.8368 0.4611 -0.2952
vn 0.8473 0.4860 -0.2141
vn 0.5398 0.8074 -0.2382
vn 0.8173 0.5431 -0.1926
vn 0.7763 0.6050 -0.1772
vn 0.2822 0.9443 -0.1691
vn 0.8765 0.3780 -0.2981
vn 0.8768 0.4719 -0.0925
vn 0.7940 0.6021 -0.0837
vn 0.9381 0.3193 -0.1344
vn 0.6119 0.7906 -0.0241
vn 0.8596 0.5105 -0.0198
vn 0.7885 0.6125 0.0556
vn 0.7879 0.5784 -0.2115
vn 0.6277 0.7669 -0.1334
vn 0.8987 0.0251 -0.4379
vn 0.9603 0.1148 -0.2542
vn 0.6783 0.1038 -0.7274
vn 0.5229 0.8417 0.1348
vn 0.1258 0.9904 0.0570
vn 0.1750 0.2830 -0.9430
vn 0.0942 0.9757 0.1977
vn 0.0780 0.9835 -0.1631
vn 0.2351 0.9541 0.1853
vn -0.3530 0.7063 -0.6137
vn -0.1675 0.9832 -0.0724
vn -0.4895 0.8048 -0.3358
vn -0.0741 0.9655 0.2496
vn -0.0547 0.9252 0.3756
vn 0.1258 0.9904 0.0570
vn -0.7056 0.7084 -0.0173
vn -0.4810 0.8740 0.0686
vn -0.1675 0.9832 -0.0724
vn 0.0942 0.9757 0.1977
vn -0.6236 0.7731 0.1159
vn -0.0741 0.9655 0.2496
vn -0.5098 0.8593 0.0428
vn -0.7852 0.6168 0.0556
vn -0.8733 0.4789 -0.0895
vn -0.6763 0.7204 -0.1535
vn -0.6263 0.7697 -0.1237
vn -0.5543 0.7938 -0.2503
vn -0.8263 0.5205 -0.2152
vn -0.9277 0.3722 -0.0279
vn -0.9092 0.4020 -0.1082
vn -0.4512 0.7025 -0.5504
vn -0.9510 0.2811 -0.1286
vn -0.9045 0.3844 -0.1850
vn -0.9691 0.2403 -0.0559
vn -0.6741 0.6569 -0.3379
vn -0.9150 0.3822 -0.1296
vn -0.7519 0.6049 -0.2621
vn -0.8682 0.3934 -0.3024
vn -0.9792 0.1687 -0.1130
vn -0.9477 0.0325 -0.3175
vn -0.9704 0.0485 -0.2366
vn -0.9388 0.3055 -0.1592
vn -0.9043 0.2621 -0.3369
vn -0.5412 0.7406 -0.3983
vn -0.7841 0.1523 -0.6017
vn -0.5795 0.5093 -0.6362
vn -0.2822 0.8024 -0.5258
vn 0.2594 0.8837 -0.3896
vn 0.2822 0.9443 -0.1691
vn 0.0325 0.8895 -0.4557
vn 0.2431 0.7302 -0.6386
vn 0.5398 0.8074 -0.2382
vn 0.1862 0.9825 -0.0050
vn -0.0069 0.9277 0.3733
vn 0.4248 0.5216 -0.7399
vn 0.6102 0.5387 -0.5809
vn -0.4512 0.7025 -0.5504
vn -0.9043 0.2621 -0.3369
vn 0.6178 0.6578 -0.4308
vn -0.6763 0.7204 -0.1535
vn -0.5098 0.8593 0.0428
vn 0.4666 0.8563 -0.2214
vn 0.5206 0.8451 -0.1213
vn 0.7665 0.5283 -0.3652
vn 0.6201 0.7169 -0.3187
vn -0.0110 0.9958 0.0911
vn 0.3183 0.9169 -0.2409
vn 0.7554 0.5037 -0.4192
vn 0.4582 0.8073 -0.3719
vn -0.0752 0.9656 0.2490
vn 0.1862 0.9825 -0.0050
vn -0.0069 0.9277 0.3733
vn -0.3811 0.9204 0.0871
vn 0.1598 0.9194 -0.3595
vn 0.6513 0.5621 -0.5097
vn 0.4266 0.7200 -0.5474
vn -0.2218 0.9428 -0.2487
vn -0.4782 0.8450 -0.2395
vn 0.4304 0.6140 -0.6617
vn -0.3539 0.8368 -0.4177
vn 0.3587 0.6963 -0.6217
vn -0.1924 0.8573 -0.4775
vn 0.2517 0.7710 -0.5851
vn 0.4405 0.6060 -0.6623
vn 0.2262 0.4791 -0.8481
vn -0.4910 0.5029 -0.7113
vn 0.1685 0.1647 -0.9719
vn -0.6102 0.0084 -0.7922
vn 0.7966 0.0153 -0.6043
vn 0.8726 0.1499 -0.4649
vn 0.8641 -0.1103 -0.4912
vn 0.8882 -0.0935 -0.4499
vn 0.8283 0.2261 -0.5127
vn 0.8610 0.1784 -0.4763
vn 0.8381 0.0948 -0.5373
vn 0.8440 -0.1304 -0.5202
vn 0.8444 0.0534 -0.5330
vn 0.8471 0.1272 -0.5160
vn 0.7858 0.1607 -0.5973
vn 0.8613 0.0432 -0.5063
vn 0.8571 -0.0252 -0.5145
vn 0.8416 -0.0291 -0.5393
vn 0.7843 -0.0564 -0.6178
vn 0.8436 -0.0749 -0.5318
vn 0.8531 -0.0971 -0.5127
vn 0.8347 -0.1865 -0.5182
vn 0.8153 -0.1700 -0.5535
vn 0.8225 -0.1967 -0.5337
vn 0.7351 -0.3486 -0.5814
vn 0.7987 0.2248 -0.5581
vn 0.7224 0.2445 -0.6468
vn 0.8198 0.2463 -0.5170
vn 0.8497 0.2355 -0.4717
vn 0.8603 0.1236 -0.4945
vn 0.7900 0.2762 -0.5474
vn 0.6102 0.5387 -0.5809
vn 0.7813 0.3342 -0.5271
vn 0.8345 0.2961 -0.4648
vn 0.6232 0.0067 -0.7820
vn 0.7777 -0.2535 -0.5753
vn 0.6126 -0.2521 -0.7491
vn 0.8107 -0.2995 -0.5031
vn 0.7886 -0.3424 -0.5107
vn 0.7144 -0.3722 -0.5925
vn 0.8396 -0.3061 -0.4488
vn 0.7688 -0.3415 -0.5406
vn 0.7276 -0.4158 -0.5456
vn 0.5637 0.2242 -0.7950
vn 0.4946 -0.1241 -0.8602
vn 0.7097 -0.2430 -0.6613
vn 0.5515 -0.5085 -0.6612
vn 0.7892 0.3731 -0.4878
vn 0.7430 0.3836 -0.5484
vn 0.4248 0.5216 -0.7399
vn 0.7735 -0.4472 -0.4491
vn 0.7113 0.4634 -0.5285
vn 0.6725 0.4347 -0.5990
vn 0.7887 -0.4742 -0.3911
vn 0.7554 0.5037 -0.4192
vn 0.5859 0.5299 -0.6131
vn 0.6420 0.5173 -0.5659
vn 0.4105 -0.1643 -0.8969
vn 0.6513 0.5621 -0.5097
vn 0.7665 0.5283 -0.3652
vn 0.6712 0.5381 -0.5099
vn 0.6178 0.6578 -0.4308
vn 0.6352 -0.6525 -0.4133
vn 0.6675 -0.6020 -0.4382
vn 0.5870 -0.7602 -0.2785
vn 0.5283 -0.5720 -0.6275
vn 0.4917 -0.6657 -0.5613
vn 0.4218 -0.4826 -0.7676
vn 0.5490 -0.6157 -0.5653
vn -0.0923 -0.4747 -0.8753
vn 0.4405 0.6060 -0.6623
vn 0.7025 0.1171 -0.7019
vn -0.0971 0.4514 -0.8870
vn 0.4361 -0.6713 -0.5993
vn -0.5447 -0.1118 -0.8312
vn 0.1685 0.1647 -0.9719
vn 0.4949 -0.7262 -0.4771
vn 0.4266 0.7200 -0.5474
vn 0.4582 0.8073 -0.3719
vn 0.6201 0.7169 -0.3187
vn 0.2262 0.4791 -0.8481
vn 0.4304 0.6140 -0.6617
vn 0.3587 0.6963 -0.6217
vn 0.5934 -0.7847 -0.1790
vn 0.3980 -0.9016 -0.1695
vn 0.4361 -0.8327 -0.3412
vn 0.2517 0.7710 -0.5851
vn -0.6879 0.1767 -0.7039
vn -0.0496 -0.2618 -0.9638
vn 0.2815 -0.6911 -0.6657
vn 0.0541 -0.7883 -0.6129
vn 0.1523 -0.8502 -0.5039
vn 0.0883 -0.9564 -0.2785
vn -0.3156 -0.7389 -0.5953
vn -0.3729 -0.8796 -0.2956
vn -0.0005 -0.9999 -0.0111
vn -0.2912 -0.9395 -0.1805
vn -0.4039 -0.8454 -0.3496
vn 0.1058 -0.9886 0.1067
vn 0.2939 -0.9519 0.0863
vn 0.0496 -0.9601 0.2753
vn -0.6102 0.0084 -0.7922
vn -0.6909 -0.7089 -0.1421
vn -0.8582 -0.0442 -0.5114
vn -0.8538 -0.0519 -0.5180
vn -0.8585 -0.0735 -0.5075
vn -0.8269 -0.0974 -0.5539
vn -0.8545 0.0031 -0.5195
vn -0.8541 0.0255 -0.5196
vn -0.8475 0.0117 -0.5306
vn -0.8460 -0.0164 -0.5329
vn -0.8431 -0.0294 -0.5369
vn -0.8583 0.0682 -0.5086
vn -0.8652 0.0514 -0.4988
vn -0.8568 -0.0485 -0.5133
vn -0.8420 0.0451 -0.5376
vn -0.8724 0.0636 -0.4847
vn -0.7844 0.1532 -0.6010
vn -0.8494 0.0882 -0.5203
vn -0.8448 0.0808 -0.5290
vn -0.8901 -0.0268 -0.4550
vn -0.8372 0.1096 -0.5359
vn -0.8537 0.1504 -0.4986
vn -0.8967 0.0292 -0.4417
vn -0.8945 -0.0682 -0.4418
vn -0.8602 0.0350 -0.5087
vn -0.8963 0.0630 -0.4390
vn -0.8664 0.1419 -0.4788
vn -0.8598 0.1205 -0.4962
vn -0.8242 0.2044 -0.5281
vn -0.8425 0.1496 -0.5175
vn -0.8725 -0.1619 -0.4610
vn -0.8589 -0.1059 -0.5010
vn -0.8312 0.0417 -0.5544
vn -0.8268 -0.1528 -0.5413
vn -0.8240 0.1592 -0.5438
vn -0.7732 0.2536 -0.5812
vn -0.8304 -0.1270 -0.5424
vn -0.8536 -0.1572 -0.4967
vn -0.8666 -0.0520 -0.4962
vn -0.8538 -0.1207 -0.5065
vn -0.8383 -0.1418 -0.5264
vn -0.8413 -0.1449 -0.5207
vn -0.8469 -0.1659 -0.5052
vn -0.8532 -0.1862 -0.4873
vn -0.7603 -0.0558 -0.6472
vn -0.7183 0.0636 -0.6928
vn -0.7540 -0.1808 -0.6315
vn -0.7248 0.0052 -0.6889
vn -0.7446 -0.1600 -0.6481
vn -0.6996 0.1804 -0.6914
vn -0.8518 -0.1985 -0.4847
vn -0.8182 -0.2014 -0.5385
vn -0.8401 0.2113 -0.4996
vn -0.8519 0.2378 -0.4666
vn -0.8181 0.2000 -0.5392
vn -0.8110 0.2447 -0.5315
vn -0.8018 0.2135 -0.5581
vn -0.8298 0.1985 -0.5215
vn -0.8315 0.2491 -0.4964
vn -0.8142 0.2997 -0.4973
vn -0.7925 0.3472 -0.5013
vn -0.8000 0.2139 -0.5605
vn -0.7656 0.3467 -0.5419
vn -0.8389 0.2690 -0.4732
vn -0.8284 0.2915 -0.4784
vn -0.7852 -0.2363 -0.5723
vn -0.8483 -0.2200 -0.4817
vn -0.7971 -0.2882 -0.5306
vn -0.8193 -0.3217 -0.4746
vn -0.8281 -0.2252 -0.5133
vn -0.7175 -0.3481 -0.6033
vn -0.8009 0.3096 -0.5126
vn -0.8319 -0.2920 -0.4720
vn -0.8201 -0.3380 -0.4618
vn -0.8193 -0.3110 -0.4817
vn -0.7921 -0.3345 -0.5106
vn -0.7723 -0.3793 -0.5096
vn -0.7968 -0.2839 -0.5334
vn -0.7640 -0.3315 -0.5535
vn -0.7473 -0.4190 -0.5157
vn -0.7570 0.3346 -0.5612
vn -0.7573 0.3231 -0.5675
vn -0.7870 0.4039 -0.4664
vn -0.8332 0.3441 -0.4329
vn -0.7125 0.3415 -0.6130
vn -0.6992 0.4170 -0.5806
vn -0.7370 0.4172 -0.5317
vn -0.7252 0.4786 -0.4950
vn -0.4741 0.2200 -0.8525
vn 0.1940 0.4801 -0.8555
vn -0.5602 0.2266 -0.7968
vn -0.7964 0.4638 -0.3880
vn -0.6856 -0.4086 -0.6026
vn -0.7777 -0.2780 -0.5639
vn -0.7056 -0.3973 -0.5868
vn -0.7378 -0.4316 -0.5190
vn -0.7754 0.5161 -0.3638
vn -0.6675 0.5022 -0.5497
vn -0.5826 -0.3394 -0.7385
vn -0.4424 -0.0809 -0.8932
vn -0.6445 -0.4699 -0.6032
vn -0.7448 -0.5127 -0.4271
vn -0.7511 -0.5259 -0.3991
vn -0.7060 -0.4637 -0.5353
vn -0.6445 -0.4653 -0.6067
vn -0.5941 -0.4971 -0.6324
vn -0.7216 0.4585 -0.5188
vn -0.5763 0.5171 -0.6329
vn -0.6774 0.4737 -0.5628
vn -0.6016 0.4769 -0.6408
vn -0.7547 0.4710 -0.4566
vn -0.6936 0.6198 -0.3670
vn -0.6465 -0.5065 -0.5705
vn -0.7206 -0.5895 -0.3649
vn -0.7507 -0.5544 -0.3594
vn -0.6855 -0.6157 -0.3886
vn -0.5378 -0.5889 -0.6033
vn -0.7396 0.4814 -0.4704
vn -0.7419 0.5695 -0.3539
vn -0.6178 -0.6431 -0.4525
vn -0.6177 -0.5867 -0.5237
vn -0.6823 0.6717 -0.2886
vn -0.5500 -0.3728 -0.7473
vn -0.6049 0.6188 -0.5011
vn -0.2540 -0.3168 -0.9139
vn -0.4728 -0.6704 -0.5719
vn 0.3134 -0.2996 -0.9011
vn 0.0987 -0.4603 -0.8823
vn -0.3530 0.7063 -0.6137
vn 0.1153 0.6321 -0.7663
vn -0.5872 0.7162 -0.3772
vn -0.4567 -0.7734 -0.4398
vn -0.3583 0.6420 -0.6778
vn -0.3374 0.3697 -0.8657
vn -0.0941 0.1981 -0.9756
vn 0.8315 0.0149 -0.5554
vn -0.4644 -0.6964 -0.5471
vn -0.3900 0.7074 -0.5894
vn -0.4525 0.7255 -0.5186
vn -0.2965 -0.6641 -0.6863
vn -0.3450 -0.7291 -0.5911
vn -0.5291 -0.7740 -0.3478
vn -0.4895 0.8048 -0.3358
vn -0.5527 -0.7840 -0.2826
vn -0.2015 -0.9790 -0.0322
vn -0.3668 0.8497 -0.3788
vn -0.5928 -0.7847 -0.1810
vn -0.3202 0.7754 -0.5443
vn 0.0118 -0.8028 -0.5961
vn -0.2634 -0.9480 -0.1787
vn -0.4539 0.5928 -0.6653
vn 0.5930 -0.5632 -0.5755
vn 0.0733 -0.6150 -0.7851
vn -0.0619 0.5936 -0.8024
vn -0.3410 0.9335 -0.1111
vn -0.4361 0.8978 -0.0619
vn 0.0152 -0.9317 -0.3630
vn -0.1603 -0.9353 -0.3156
vn -0.2507 0.9615 0.1121
vn -0.2106 -0.9412 -0.2641
vn 0.4180 -0.0609 -0.9064
vn 0.2256 -0.9543 -0.1958
vn 0.0780 0.9835 -0.1631
vn 0.1787 -0.9360 -0.3033
vn -0.1581 -0.9845 0.0752
vn 0.3754 -0.8886 -0.2636
vn 0.4036 -0.8454 -0.3499
vn 0.0001 0.9954 -0.0959
vn 0.1238 0.8664 -0.4837
vn 0.2631 -0.8872 -0.3790
vn 0.4888 -0.3690 -0.7905
vn 0.4117 0.8274 -0.3820
vn -0.2425 0.9545 0.1735
vn 0.1612 0.9501 -0.2671
vn 0.2867 0.9547 -0.0800
vn 0.0784 -0.9633 0.2569
vn -0.3347 -0.9292 -0.1565
vn -0.2098 -0.9628 0.1704
vn -0.0879 -0.9689 0.2312
vn 0.1870 -0.8217 -0.5383
vn -0.0919 -0.8646 -0.4940
vn -0.5287 -0.7635 -0.3709
vn -0.5783 -0.5738 -0.5799
vn -0.6747 -0.6265 -0.3902
vn -0.8248 -0.4686 -0.3164
vn -0.6889 -0.6602 -0.2994
vn -0.8443 -0.4818 -0.2347
vn -0.8876 -0.4426 -0.1278
vn -0.8579 -0.2549 -0.4462
vn -0.8090 -0.0845 -0.5817
vn -0.2900 -0.2283 -0.9294
vn -0.7841 0.1523 -0.6017
vn 0.2021 -0.5688 -0.7973
vn 0.5624 -0.3211 -0.7620
vn 0.6783 0.1038 -0.7274
vn 0.1750 0.2830 -0.9430
vn -0.5795 0.5093 -0.6362
vn 0.2431 0.7302 -0.6386
vn -0.5412 0.7406 -0.3983
vn -0.0919 -0.8646 -0.4940
vn 0.5991 -0.6951 -0.3975
vn -0.6747 -0.6265 -0.3902
vn 0.5542 -0.7239 -0.4110
vn -0.4096 -0.8119 -0.4159
vn 0.6068 -0.7296 -0.3156
vn -0.6770 -0.6862 -0.2661
vn -0.2661 -0.9255 -0.2694
vn 0.6958 -0.6936 -0.1865
vn 0.1493 -0.9657 -0.2122
vn 0.7450 -0.6217 -0.2415
vn 0.4948 -0.7694 -0.4040
vn 0.1870 -0.8217 -0.5383
vn 0.7230 -0.4823 -0.4947
vn 0.2021 -0.5688 -0.7973
vn 0.2357 -0.9632 -0.1290
vn 0.5624 -0.3211 -0.7620
vn 0.8541 -0.5128 -0.0869
vn 0.7402 -0.6723 0.0105
vn 0.3539 -0.9351 0.0185
vn 0.8904 -0.4209 -0.1735
vn 0.8720 -0.4408 -0.2130
vn 0.8930 -0.3965 -0.2130
vn 0.6894 -0.7193 0.0855
vn 0.6910 -0.6351 -0.3452
vn 0.0152 -0.9317 -0.3630
vn 0.5966 -0.8023 -0.0190
vn 0.2560 -0.9442 0.2074
vn -0.0879 -0.9689 0.2312
vn 0.1380 -0.9695 0.2027
vn -0.3347 -0.9292 -0.1565
vn -0.2981 -0.9463 0.1251
vn -0.5378 -0.5889 -0.6033
vn 0.5930 -0.5632 -0.5755
vn -0.0213 -0.9609 0.2759
vn 0.3103 -0.7886 0.5309
vn -0.0955 -0.8581 0.5046
vn 0.9826 -0.0669 -0.1732
vn 0.9975 0.0356 -0.0615
vn 0.9881 -0.1521 -0.0242
vn 0.9958 0.0309 -0.0867
vn 0.9953 0.0966 -0.0025
vn 0.9923 0.1229 0.0166
vn 0.9949 0.0676 -0.0751
vn 0.9999 0.0031 -0.0141
vn 0.9926 0.1107 -0.0496
vn 0.9801 -0.1651 -0.1099
vn 0.9975 0.0495 -0.0512
vn 0.9957 -0.0779 -0.0508
vn 0.9981 -0.0317 -0.0537
vn 0.9951 0.0919 -0.0355
vn 0.9933 0.1060 -0.0469
vn 0.9904 -0.1290 -0.0491
vn 0.9996 -0.0108 -0.0274
vn 0.9993 0.0281 -0.0260
vn 0.9417 0.2698 -0.2008
vn 0.9957 0.0314 -0.0869
vn 0.9906 -0.1327 -0.0341
vn 0.9293 0.1457 -0.3393
vn 0.9917 0.1246 -0.0315
vn 0.9744 0.2132 -0.0711
vn 0.9603 0.1148 -0.2542
vn 0.9879 0.1552 -0.0069
vn 0.9809 0.1927 -0.0258
vn 0.9800 0.1984 -0.0181
vn 0.9813 0.1869 -0.0460
vn 0.9623 0.2613 -0.0754
vn 0.9624 0.2691 -0.0365
vn 0.9544 0.2966 -0.0339
vn 0.8765 0.4249 -0.2263
vn 0.9446 0.2827 -0.1666
vn 0.9381 0.3193 -0.1344
vn 0.8473 0.4860 -0.2141
vn 0.8765 0.3780 -0.2981
vn 0.9456 -0.3161 -0.0763
vn 0.9671 -0.2532 -0.0231
vn 0.9792 -0.1199 -0.1636
vn 0.8315 0.0149 -0.5554
vn 0.9366 -0.3036 -0.1750
vn 0.9200 -0.1841 -0.3461
vn 0.9223 -0.3635 -0.1311
vn 0.9119 -0.2558 -0.3211
vn 0.8987 0.0251 -0.4379
vn 0.9064 -0.4185 -0.0581
vn 0.7763 0.6050 -0.1772
vn 0.8768 0.4719 -0.0925
vn 0.8596 0.5105 -0.0198
vn 0.7879 0.5784 -0.2115
vn 0.7940 0.6021 -0.0837
vn 0.0987 -0.4603 -0.8823
vn 0.6783 0.1038 -0.7274
vn 0.1940 0.4801 -0.8555
vn 0.1153 0.6321 -0.7663
vn 0.3134 -0.2996 -0.9011
vn -0.3530 0.7063 -0.6137
vn -0.4741 0.2200 -0.8525
vn -0.9051 0.2230 -0.3620
vn -0.4910 0.5029 -0.7113
vn -0.6102 0.0084 -0.7922
vn -0.8084 0.5289 -0.2582
vn -0.9912 -0.0968 -0.0900
vn -0.9778 0.2033 0.0505
vn -0.8702 0.4926 -0.0069
vn -0.7850 -0.4295 -0.4463
vn -0.9526 -0.3039 0.0134
vn -0.6116 -0.7371 -0.2874
vn -0.8272 -0.5515 0.1077
vn -0.3156 -0.7389 -0.5953
vn -0.4039 -0.8454 -0.3496
vn -0.8034 -0.5861 0.1052
vn -0.3729 -0.8796 -0.2956
vn -0.0496 -0.2618 -0.9638
vn -0.0005 -0.9999 -0.0111
vn 0.1058 -0.9886 0.1067
vn -0.5020 -0.8102 0.3026
vn -0.4777 -0.7493 0.4587
vn -0.4375 -0.8958 0.0788
vn -0.6582 -0.6933 0.2934
vn -0.7038 -0.5273 0.4760
vn -0.6843 -0.6015 0.4122
vn -0.7909 -0.5325 0.3016
vn -0.2912 -0.9395 -0.1805
vn -0.7664 -0.6161 0.1819
vn -0.8119 -0.5641 0.1503
vn -0.8041 -0.4479 0.3909
vn -0.7981 -0.3452 0.4939
vn -0.8294 -0.2861 0.4798
vn -0.8871 -0.2903 0.3589
vn -0.8727 -0.2626 0.4116
vn -0.8219 -0.3331 0.4621
vn -0.8744 -0.3988 0.2763
vn -0.8752 -0.3116 0.3702
vn -0.8859 -0.2061 0.4157
vn -0.9561 -0.1096 0.2716
vn -0.8180 -0.2019 0.5385
vn -0.7975 -0.2213 0.5613
vn -0.7071 -0.4575 0.5392
vn -0.7714 -0.3252 0.5470
vn -0.8631 -0.1159 0.4915
vn -0.6750 -0.4471 0.5869
vn -0.5240 -0.3600 0.7719
vn -0.5960 -0.1181 0.7943
vn -0.4896 -0.6919 0.5306
vn -0.4904 -0.6963 0.5241
vn -0.7087 -0.4335 0.5566
vn -0.1341 -0.6409 0.7558
vn -0.0955 -0.8581 0.5046
vn 0.0372 -0.4014 0.9152
vn -0.0717 -0.0468 0.9963
vn 0.0496 -0.9601 0.2753
vn 0.0296 -0.8043 0.5934
vn 0.3507 -0.6412 0.6825
vn -0.0213 -0.9609 0.2759
vn 0.2939 -0.9519 0.0863
vn 0.0883 -0.9564 -0.2785
vn -0.8639 -0.0668 0.4992
vn -0.8736 0.0229 0.4861
vn -0.8908 -0.0311 0.4534
vn -0.8598 -0.0127 0.5105
vn -0.8688 -0.1558 0.4700
vn -0.8964 -0.1574 0.4143
vn -0.9066 -0.0869 0.4130
vn -0.8552 -0.1839 0.4846
vn -0.9125 -0.0108 0.4089
vn -0.8415 -0.0241 0.5397
vn -0.8443 -0.0436 0.5341
vn -0.8191 -0.1249 0.5599
vn -0.8677 0.0597 0.4936
vn -0.8514 0.0509 0.5220
vn -0.8320 0.0572 0.5518
vn -0.8878 0.0702 0.4549
vn -0.8728 -0.0070 0.4880
vn -0.8561 0.0797 0.5106
vn -0.8501 0.1200 0.5128
vn -0.8942 -0.1245 0.4300
vn -0.9133 0.1108 0.3919
vn -0.8851 0.0337 0.4642
vn -0.9104 -0.0944 0.4028
vn -0.8874 0.1527 0.4351
vn -0.8754 0.1406 0.4625
vn -0.9060 0.2271 0.3573
vn -0.8517 0.1681 0.4963
vn -0.8643 0.1678 0.4741
vn -0.8775 0.1510 0.4552
vn -0.8844 0.1728 0.4337
vn -0.8900 0.1769 0.4202
vn -0.8069 0.1748 0.5643
vn -0.9359 0.1811 0.3022
vn -0.7941 0.2795 0.5397
vn -0.8236 0.2610 0.5035
vn -0.8219 0.0916 0.5622
vn -0.8525 -0.0961 0.5138
vn -0.7701 0.3292 0.5463
vn -0.8275 0.2579 0.4987
vn -0.9010 0.3416 0.2674
vn -0.8663 0.3142 0.3882
vn -0.8374 0.3636 0.4080
vn -0.7900 0.3737 0.4860
vn -0.8696 0.4084 0.2776
vn -0.6166 0.3863 0.6860
vn -0.8724 0.3852 0.3008
vn -0.7133 0.3999 0.5755
vn -0.4836 0.1922 0.8539
vn -0.8443 0.4056 0.3502
vn -0.7892 0.5673 0.2353
vn -0.7255 0.4361 0.5324
vn -0.5819 0.5778 0.5724
vn -0.6630 0.4749 0.5787
vn -0.6928 0.5854 0.4211
vn -0.7649 0.5148 0.3871
vn -0.8220 0.5675 0.0480
vn -0.7679 0.6222 0.1519
vn -0.6779 0.7044 0.2104
vn -0.7656 0.6314 0.1235
vn -0.4908 0.7372 0.4643
vn -0.4927 0.6772 0.5464
vn -0.5781 0.7620 0.2917
vn -0.1348 0.8921 0.4313
vn -0.1430 0.5569 0.8182
vn -0.5917 0.7848 -0.1842
vn 0.0043 0.3158 0.9488
vn -0.3811 0.9204 0.0871
vn -0.4782 0.8450 -0.2395
vn -0.0974 0.8180 0.5669
vn -0.3539 0.8368 -0.4177
vn -0.0752 0.9656 0.2490
vn -0.0110 0.9958 0.0911
vn -0.2218 0.9428 -0.2487
vn -0.0574 0.7035 0.7084
vn 0.1598 0.9194 -0.3595
vn 0.1802 0.5021 0.8458
vn -0.1924 0.8573 -0.4775
vn -0.0069 0.9277 0.3733
vn 0.1576 0.8486 0.5050
vn 0.4834 -0.8049 -0.3441
vn 0.0733 -0.6150 -0.7851
vn 0.7467 -0.5711 -0.3409
vn 0.4888 -0.3690 -0.7905
vn 0.7849 -0.6130 -0.0903
vn 0.9488 -0.1959 -0.2479
vn 0.5148 -0.8448 -0.1461
vn 0.2631 -0.8872 -0.3790
vn 0.7875 -0.5804 0.2073
vn 0.9424 -0.3060 0.1349
vn 0.8329 -0.5221 0.1836
vn 0.0118 -0.8028 -0.5961
vn 0.8758 -0.3294 0.3529
vn 0.8419 -0.3975 0.3650
vn 0.8626 -0.4897 0.1267
vn 0.4036 -0.8454 -0.3499
vn 0.3754 -0.8886 -0.2636
vn 0.8482 -0.4959 0.1860
vn 0.7587 -0.6337 0.1508
vn 0.8284 -0.4982 0.2563
vn 0.9036 -0.3454 0.2535
vn 0.8967 -0.3025 0.3231
vn 0.8826 -0.3222 0.3423
vn 0.9074 -0.2718 0.3204
vn 0.7799 -0.5530 0.2932
vn 0.8462 -0.3795 0.3741
vn 0.7338 -0.5940 0.3296
vn 0.8500 -0.3369 0.4049
vn 0.8595 -0.2856 0.4239
vn 0.8341 -0.3529 0.4239
vn 0.7782 -0.4834 0.4009
vn 0.7975 -0.3789 0.4696
vn 0.7794 -0.4525 0.4334
vn 0.7178 -0.5458 0.4323
vn 0.6526 -0.5972 0.4664
vn 0.8047 -0.3134 0.5042
vn 0.7996 -0.2893 0.5263
vn 0.7149 -0.4584 0.5280
vn 0.9959 0.0005 0.0900
vn 0.5827 -0.7345 0.3478
vn 0.5181 -0.6961 0.4970
vn 0.7138 -0.4457 0.5402
vn 0.7416 -0.3338 0.5819
vn 0.6376 -0.5308 0.5583
vn 0.6102 -0.5579 0.5624
vn 0.9354 0.2039 -0.2888
vn 0.3808 -0.9141 0.1395
vn 0.5328 -0.8365 0.1282
vn 0.2256 -0.9543 -0.1958
vn 0.1787 -0.9360 -0.3033
vn 0.3103 -0.7886 0.5309
vn 0.6660 -0.4591 0.5880
vn 0.6953 -0.4589 0.5532
vn 0.3507 -0.6412 0.6825
vn 0.0784 -0.9633 0.2569
vn 0.0296 -0.8043 0.5934
vn 0.4180 -0.0609 -0.9064
vn -0.2098 -0.9628 0.1704
vn 0.6348 0.3862 -0.6692
vn -0.2015 -0.9790 -0.0322
vn -0.1581 -0.9845 0.0752
vn -0.2634 -0.9480 -0.1787
vn -0.0955 -0.8581 0.5046
vn 0.9174 -0.0415 0.3957
vn 0.8914 0.1013 0.4417
vn 0.8751 0.0461 0.4817
vn 0.8791 -0.0695 0.4716
vn 0.9529 0.0607 0.2970
vn 0.9621 -0.0834 0.2595
vn 0.9257 -0.1548 0.3452
vn 0.8852 -0.1738 0.4314
vn 0.8640 -0.1377 0.4844
vn 0.8914 0.0455 0.4510
vn 0.8647 -0.0524 0.4996
vn 0.8694 -0.1871 0.4574
vn 0.8624 0.1517 0.4830
vn 0.8977 0.1529 0.4131
vn 0.9196 0.0249 0.3920
vn 0.8669 -0.1073 0.4868
vn 0.9085 -0.0820 0.4098
vn 0.9190 -0.1247 0.3741
vn 0.9194 -0.0589 0.3889
vn 0.9176 -0.0430 0.3952
vn 0.9160 -0.0274 0.4003
vn 0.9130 0.0150 0.4077
vn 0.9061 0.0151 0.4228
vn 0.9113 -0.0401 0.4097
vn 0.9059 -0.0244 0.4227
vn 0.9065 -0.0592 0.4181
vn 0.9107 -0.1262 0.3933
vn 0.8900 0.0101 0.4558
vn 0.9008 0.0513 0.4312
vn 0.8984 -0.0160 0.4390
vn 0.8871 -0.0529 0.4585
vn 0.8988 -0.0881 0.4295
vn 0.8765 -0.0052 0.4814
vn 0.9060 -0.0851 0.4147
vn 0.8933 -0.1087 0.4361
vn 0.8875 -0.1107 0.4473
vn 0.8665 -0.0735 0.4938
vn 0.8634 -0.0399 0.5029
vn 0.8737 -0.1012 0.4758
vn 0.8840 0.0504 0.4648
vn 0.8780 0.0609 0.4748
vn 0.8692 0.0248 0.4939
vn 0.8597 -0.0486 0.5085
vn 0.8905 0.0901 0.4459
vn 0.9062 0.1006 0.4106
vn 0.9136 0.0981 0.3945
vn 0.8536 0.0437 0.5190
vn 0.8486 -0.0167 0.5288
vn 0.8810 0.1084 0.4606
vn 0.9148 0.1067 0.3897
vn 0.8718 0.1196 0.4750
vn 0.8683 0.0583 0.4926
vn 0.8582 0.1104 0.5014
vn 0.8622 0.1286 0.4899
vn 0.8359 -0.0401 0.5474
vn 0.8332 0.0381 0.5516
vn 0.8866 0.1478 0.4382
vn 0.8713 0.1366 0.4714
vn 0.9094 0.1388 0.3920
vn 0.9151 0.1359 0.3797
vn 0.9059 0.1155 0.4074
vn 0.8319 -0.0157 0.5547
vn 0.8733 -0.1606 0.4599
vn 0.8323 -0.1462 0.5347
vn 0.8221 -0.1314 0.5539
vn 0.8506 -0.1493 0.5041
vn 0.8546 -0.0855 0.5122
vn 0.8783 0.0327 0.4770
vn 0.8711 0.0737 0.4856
vn 0.8374 0.1419 0.5278
vn 0.8281 0.0608 0.5572
vn 0.8210 0.1027 0.5616
vn 0.7307 0.3129 0.6067
vn 0.8323 0.1599 0.5308
vn 0.8630 0.1663 0.4771
vn 0.8384 0.1490 0.5244
vn 0.8557 0.1424 0.4975
vn 0.8736 -0.0481 0.4842
vn 0.8617 -0.0656 0.5032
vn 0.8348 0.0663 0.5466
vn 0.8946 -0.0619 0.4425
vn 0.8109 0.1347 0.5695
vn 0.8760 0.2196 0.4295
vn 0.8972 -0.1905 0.3985
vn 0.8867 -0.2086 0.4127
vn 0.8754 -0.1835 0.4472
vn 0.9012 0.1696 0.3988
vn 0.8778 0.2058 0.4326
vn 0.8747 0.1761 0.4516
vn 0.8640 0.2020 0.4611
vn 0.7856 0.2078 0.5828
vn 0.7800 0.2309 0.5817
vn 0.8480 0.2265 0.4791
vn 0.8225 -0.1331 0.5529
vn 0.8528 -0.2154 0.4757
vn 0.6749 -0.2223 0.7036
vn 0.8519 -0.2207 0.4749
vn 0.8539 -0.2328 0.4655
vn 0.9072 -0.1858 0.3776
vn 0.9092 -0.1966 0.3671
vn 0.8296 0.2237 0.5116
vn 0.9198 0.1872 0.3447
vn 0.9121 0.2017 0.3568
vn 0.9399 0.2323 0.2504
vn 0.7996 0.2579 0.5423
vn 0.8289 0.2852 0.4813
vn 0.7886 -0.2637 0.5555
vn 0.8092 -0.1965 0.5537
vn 0.8746 -0.2513 0.4146
vn 0.7957 0.3043 0.5237
vn 0.8489 0.2608 0.4597
vn 0.9056 0.2470 0.3447
vn 0.9138 0.2173 0.3432
vn 0.8797 0.3020 0.3674
vn 0.8755 0.3527 0.3303
vn 0.8715 0.1676 0.4608
vn 0.8615 0.2773 0.4253
vn 0.8472 0.3650 0.3860
vn 0.8862 0.3548 0.2979
vn 0.8319 0.3529 0.4283
vn 0.8590 0.2942 0.4191
vn 0.8679 0.2745 0.4140
vn 0.8593 0.3589 0.3644
vn 0.8928 0.3454 0.2891
vn 0.9226 -0.2559 0.2887
vn 0.9547 0.2842 0.0876
vn 0.8436 0.3338 0.4206
vn 0.7994 0.3810 0.4646
vn 0.8539 0.3637 0.3724
vn 0.8992 0.3626 0.2448
vn 0.4616 0.1831 0.8680
vn 0.8786 0.3932 0.2710
vn 0.7185 0.4133 0.5594
vn 0.8412 0.4480 0.3028
vn 0.8281 0.4327 0.3564
vn 0.8252 0.4084 0.3903
vn 0.7752 0.4245 0.4678
vn 0.7532 0.4377 0.4910
vn 0.7166 0.4205 0.5566
vn 0.7478 0.4206 0.5136
vn 0.8642 0.4030 0.3011
vn 0.5431 -0.4704 0.6955
vn 0.7822 0.4554 0.4251
vn 0.5489 0.5514 0.6282
vn 0.8867 0.4267 0.1781
vn 0.3143 -0.1069 0.9433
vn 0.8645 0.4461 0.2316
vn 0.7841 0.5849 0.2076
vn 0.7263 0.6862 -0.0418
vn 0.6601 0.6910 0.2944
vn 0.7134 0.6776 0.1788
vn 0.7825 0.5991 0.1696
vn 0.6128 0.6995 0.3677
vn 0.7993 0.5970 0.0680
vn 0.6833 0.5814 0.4416
vn 0.7346 0.6112 0.2945
vn 0.5561 0.6127 0.5616
vn 0.6071 0.5710 0.5527
vn 0.5432 0.6640 0.5139
vn 0.4583 0.6681 0.5861
vn 0.7307 0.6827 -0.0040
vn 0.6133 0.7861 -0.0767
vn 0.4782 0.7666 0.4286
vn 0.4068 0.8494 0.3361
vn 0.1802 0.5021 0.8458
vn 0.6817 0.7024 -0.2050
vn -0.0574 0.7035 0.7084
vn 0.4117 0.8274 -0.3820
vn 0.5990 0.7978 -0.0689
vn 0.0043 0.3158 0.9488
vn 0.3183 0.7893 0.5251
vn 0.0372 -0.4014 0.9152
vn -0.0717 -0.0468 0.9963
vn 0.3105 0.9301 0.1963
vn 0.1576 0.8486 0.5050
vn 0.2867 0.9547 -0.0800
vn 0.4696 0.7159 -0.5166
vn 0.1612 0.9501 -0.2671
vn 0.3073 0.8822 -0.3567
vn 0.0001 0.9954 -0.0959
vn -0.2425 0.9545 0.1735
vn -0.2507 0.9615 0.1121
vn -0.0547 0.9252 0.3756
vn -0.0069 0.9277 0.3733
vn -0.1341 -0.6409 0.7558
vn -0.0974 0.8180 0.5669
vn 0.1238 0.8664 -0.4837
vn 0.2560 -0.9442 0.2074
vn -0.0213 -0.9609 0.2759
vn -0.2007 -0.9794 -0.0197
vn -0.4938 -0.8574 0.1449
vn 0.1380 -0.9695 0.2027
vn 0.3980 -0.9016 -0.1695
vn 0.0496 -0.9601 0.2753
vn -0.6909 -0.7089 -0.1421
vn 0.6352 -0.6525 -0.4133
vn -0.3156 -0.7389 -0.5953
vn 0.0541 -0.7883 -0.6129
vn -0.6116 -0.7371 -0.2874
vn -0.4039 -0.8454 -0.3496
vn -0.0741 0.9655 0.2496
vn -0.0069 0.9277 0.3733
vn -0.0547 0.9252 0.3756
vn 0.6133 0.7861 -0.0767
vn -0.3900 0.7074 -0.5894
vn 0.1612 0.9501 -0.2671
vn 0.4117 0.8274 -0.3820
vn 0.2631 -0.8872 -0.3790
vn -0.2965 -0.6641 -0.6863
vn 0.4834 -0.8049 -0.3441
vn 0.0733 -0.6150 -0.7851
vn 0.2357 -0.9632 -0.1290
vn 0.3539 -0.9351 0.0185
vn -0.6103 -0.7916 -0.0286
vn -0.4908 0.7372 0.4643
vn -0.1348 0.8921 0.4313
vn -0.0069 0.9277 0.3733
vn 0.0780 0.9835 -0.1631
vn 0.2351 0.9541 0.1853
vn -0.2425 0.9545 0.1735
vn -0.0547 0.9252 0.3756
vn 0.5990 0.7978 -0.0689
vn 0.1238 0.8664 -0.4837
vn -0.3202 0.7754 -0.5443
vn 0.3073 0.8822 -0.3567
vn 0.4117 0.8274 -0.3820
vn -0.0110 0.9958 0.0911
vn 0.3183 0.9169 -0.2409
vn -0.3811 0.9204 0.0871
vn 0.4361 -0.8327 -0.3412
vn -0.0005 -0.9999 -0.0111
vn -0.4375 -0.8958 0.0788
vn 0.0883 -0.9564 -0.2785
vn 0.5966 -0.8023 -0.0190
vn -0.3347 -0.9292 -0.1565
vn -0.0879 -0.9689 0.2312
vn 0.3105 0.9301 0.1963
vn 0.0001 0.9954 -0.0959
vn -0.3410 0.9335 -0.1111
vn 0.4068 0.8494 0.3361
vn -0.4361 0.8978 -0.0619
vn 0.4782 0.7666 0.4286
vn -0.2507 0.9615 0.1121
vn -0.2634 -0.9480 -0.1787
vn 0.3808 -0.9141 0.1395
vn 0.5827 -0.7345 0.3478
vn -0.5291 -0.7740 -0.3478
vn -0.2106 -0.9412 -0.2641
vn 0.5328 -0.8365 0.1282
vn -0.1603 -0.9353 -0.3156
vn 0.2256 -0.9543 -0.1958
vn 0.2867 0.9547 -0.0800
vn -0.4525 0.7255 -0.5186
vn -0.3668 0.8497 -0.3788
vn 0.0001 0.9954 -0.0959
vn -0.0879 -0.9689 0.2312
vn -0.2098 -0.9628 0.1704
vn 0.3103 -0.7886 0.5309
vn -0.0923 -0.4747 -0.8753
vn -0.8171 -0.5174 -0.2544
vn 0.5515 -0.5085 -0.6612
vn -0.7850 -0.4295 -0.4463
vn -0.0496 -0.2618 -0.9638
vn -0.3156 -0.7389 -0.5953
vn 0.2815 -0.6911 -0.6657
vn -0.3729 -0.8796 -0.2956
vn -0.4039 -0.8454 -0.3496
vn -0.1924 0.8573 -0.4775
vn -0.4910 0.5029 -0.7113
vn -0.8084 0.5289 -0.2582
vn -0.0941 0.1981 -0.9756
vn -0.0619 0.5936 -0.8024
vn 0.6348 0.3862 -0.6692
vn 0.4696 0.7159 -0.5166
vn 0.4180 -0.0609 -0.9064
vn 0.1238 0.8664 -0.4837
vn 0.6817 0.7024 -0.2050
vn -0.4895 0.8048 -0.3358
vn 0.6277 0.7669 -0.1334
vn 0.0780 0.9835 -0.1631
vn -0.7625 -0.6264 -0.1618
vn -0.2661 -0.9255 -0.2694
vn -0.9003 -0.4275 -0.0821
f 612/612/612 579/579/579 583/583/583
f 580/580/580 575/575/575 579/579/579
f 579/579/579 612/612/612 580/580/580
f 578/578/578 575/575/575 580/580/580
f 579/579/579 582/582/582 583/583/583
f 579/579/579 577/577/577 582/582/582
f 575/575/575 577/577/577 579/579/579
f 666/666/666 580/580/580 612/612/612
f 578/578/578 580/580/580 581/581/581
f 581/581/581 580/580/580 666/666/666
f 582/582/582 584/584/584 583/583/583
f 612/612/612 583/583/583 585/585/585
f 577/577/577 590/590/590 582/582/582
f 575/575/575 576/576/576 577/577/577
f 656/656/656 666/666/666 612/612/612
f 578/578/578 576/576/576 575/575/575
f 666/666/666 677/677/677 581/581/581
f 583/583/583 584/584/584 585/585/585
f 612/612/612 585/585/585 610/610/610
f 1037/1037/1037 1038/1038/1038 1039/1039/1039
f 582/582/582 586/586/586 584/584/584
f 610/610/610 656/656/656 612/612/612
f 180/180/180 181/181/181 182/182/182
f 690/690/690 581/581/581 677/677/677
f 254/254/254 267/267/267 280/280/280
f 657/657/657 666/666/666 656/656/656
f 657/657/657 677/677/677 666/666/666
f 176/176/176 179/179/179 180/180/180
f 1043/1043/1043 1044/1044/1044 1045/1045/1045
f 581/581/581 710/710/710 578/578/578
f 698/698/698 710/710/710 581/581/581
f 698/698/698 581/581/581 690/690/690
f 269/269/269 272/272/272 246/246/246
f 246/246/246 272/272/272 267/267/267
f 236/236/236 246/246/246 267/267/267
f 179/179/179 181/181/181 180/180/180
f 585/585/585 584/584/584 587/587/587
f 585/585/585 609/609/609 610/610/610
f 254/254/254 236/236/236 267/267/267
f 588/588/588 585/585/585 587/587/587
f 585/585/585 588/588/588 609/609/609
f 972/972/972 973/973/973 974/974/974
f 611/611/611 656/656/656 610/610/610
f 658/658/658 657/657/657 655/655/655
f 655/655/655 657/657/657 656/656/656
f 259/259/259 222/222/222 254/254/254
f 178/178/178 179/179/179 176/176/176
f 679/679/679 677/677/677 657/657/657
f 178/178/178 176/176/176 177/177/177
f 689/689/689 677/677/677 679/679/679
f 703/703/703 710/710/710 698/698/698
f 690/690/690 703/703/703 698/698/698
f 973/973/973 975/975/975 974/974/974
f 213/213/213 236/236/236 254/254/254
f 222/222/222 213/213/213 254/254/254
f 679/679/679 657/657/657 673/673/673
f 690/690/690 677/677/677 689/689/689
f 276/276/276 269/269/269 252/252/252
f 246/246/246 252/252/252 269/269/269
f 611/611/611 653/653/653 656/656/656
f 215/215/215 246/246/246 236/236/236
f 659/659/659 658/658/658 655/655/655
f 249/249/249 222/222/222 259/259/259
f 658/658/658 673/673/673 657/657/657
f 689/689/689 679/679/679 673/673/673
f 276/276/276 252/252/252 245/245/245
f 609/609/609 611/611/611 610/610/610
f 236/236/236 213/213/213 215/215/215
f 655/655/655 656/656/656 653/653/653
f 222/222/222 249/249/249 205/205/205
f 175/175/175 176/176/176 174/174/174
f 653/653/653 654/654/654 655/655/655
f 231/231/231 205/205/205 249/249/249
f 175/175/175 177/177/177 176/176/176
f 690/690/690 701/701/701 703/703/703
f 689/689/689 701/701/701 690/690/690
f 589/589/589 588/588/588 587/587/587
f 589/589/589 602/602/602 588/588/588
f 588/588/588 602/602/602 609/609/609
f 268/268/268 276/276/276 245/245/245
f 611/611/611 609/609/609 606/606/606
f 611/611/611 606/606/606 653/653/653
f 246/246/246 203/203/203 252/252/252
f 215/215/215 203/203/203 246/246/246
f 213/213/213 183/183/183 215/215/215
f 654/654/654 653/653/653 642/642/642
f 654/654/654 659/659/659 655/655/655
f 659/659/659 673/673/673 658/658/658
f 1040/1040/1040 1041/1041/1041 1042/1042/1042
f 640/640/640 653/653/653 639/639/639
f 215/215/215 183/183/183 203/203/203
f 213/213/213 205/205/205 183/183/183
f 222/222/222 205/205/205 213/213/213
f 261/261/261 249/249/249 265/265/265
f 689/689/689 673/673/673 692/692/692
f 609/609/609 602/602/602 606/606/606
f 245/245/245 244/244/244 268/268/268
f 653/653/653 606/606/606 639/639/639
f 203/203/203 245/245/245 252/252/252
f 640/640/640 642/642/642 653/653/653
f 654/654/654 642/642/642 649/649/649
f 230/230/230 231/231/231 249/249/249
f 261/261/261 230/230/230 249/249/249
f 261/261/261 260/260/260 235/235/235
f 173/173/173 175/175/175 174/174/174
f 172/172/172 173/173/173 174/174/174
f 689/689/689 692/692/692 701/701/701
f 244/244/244 273/273/273 268/268/268
f 601/601/601 606/606/606 602/602/602
f 203/203/203 217/217/217 245/245/245
f 187/187/187 183/183/183 205/205/205
f 664/664/664 659/659/659 654/654/654
f 235/235/235 230/230/230 261/261/261
f 673/673/673 659/659/659 683/683/683
f 673/673/673 683/683/683 692/692/692
f 706/706/706 701/701/701 692/692/692
f 589/589/589 600/600/600 602/602/602
f 602/602/602 600/600/600 601/601/601
f 245/245/245 217/217/217 244/244/244
f 639/639/639 606/606/606 607/607/607
f 640/640/640 639/639/639 636/636/636
f 183/183/183 185/185/185 203/203/203
f 642/642/642 640/640/640 636/636/636
f 649/649/649 642/642/642 636/636/636
f 649/649/649 663/663/663 654/654/654
f 663/663/663 664/664/664 654/654/654
f 230/230/230 205/205/205 231/231/231
f 683/683/683 659/659/659 682/682/682
f 256/256/256 234/234/234 260/260/260
f 170/170/170 173/173/173 172/172/172
f 170/170/170 172/172/172 171/171/171
f 247/247/247 275/275/275 273/273/273
f 273/273/273 244/244/244 247/247/247
f 606/606/606 601/601/601 599/599/599
f 230/230/230 187/187/187 205/205/205
f 211/211/211 187/187/187 230/230/230
f 235/235/235 211/211/211 230/230/230
f 664/664/664 674/674/674 659/659/659
f 234/234/234 235/235/235 260/260/260
f 659/659/659 674/674/674 682/682/682
f 683/683/683 706/706/706 692/692/692
f 600/600/600 599/599/599 601/601/601
f 217/217/217 218/218/218 244/244/244
f 682/682/682 691/691/691 683/683/683
f 599/599/599 600/600/600 595/595/595
f 599/599/599 607/607/607 606/606/606
f 639/639/639 607/607/607 638/638/638
f 186/186/186 217/217/217 185/185/185
f 185/185/185 217/217/217 203/203/203
f 183/183/183 187/187/187 184/184/184
f 187/187/187 211/211/211 184/184/184
f 662/662/662 663/663/663 649/649/649
f 234/234/234 211/211/211 235/235/235
f 227/227/227 211/211/211 234/234/234
f 708/708/708 706/706/706 683/683/683
f 708/708/708 683/683/683 691/691/691
f 255/255/255 275/275/275 247/247/247
f 599/599/599 603/603/603 607/607/607
f 244/244/244 218/218/218 247/247/247
f 638/638/638 636/636/636 639/639/639
f 636/636/636 638/638/638 634/634/634
f 634/634/634 635/635/635 636/636/636
f 183/183/183 184/184/184 185/185/185
f 649/649/649 636/636/636 635/635/635
f 661/661/661 662/662/662 649/649/649
f 664/664/664 675/675/675 674/674/674
f 674/674/674 675/675/675 682/682/682
f 595/595/595 600/600/600 633/633/633
f 275/275/275 255/255/255 271/271/271
f 184/184/184 186/186/186 185/185/185
f 211/211/211 188/188/188 184/184/184
f 227/227/227 204/204/204 211/211/211
f 662/662/662 661/661/661 663/663/663
f 663/663/663 675/675/675 664/664/664
f 256/256/256 227/227/227 234/234/234
f 168/168/168 170/170/170 171/171/171
f 700/700/700 708/708/708 691/691/691
f 599/599/599 595/595/595 596/596/596
f 596/596/596 603/603/603 599/599/599
f 247/247/247 221/221/221 255/255/255
f 608/608/608 607/607/607 603/603/603
f 608/608/608 638/638/638 607/607/607
f 190/190/190 218/218/218 217/217/217
f 190/190/190 217/217/217 186/186/186
f 188/188/188 211/211/211 204/204/204
f 237/237/237 227/227/227 256/256/256
f 675/675/675 691/691/691 682/682/682
f 190/190/190 214/214/214 218/218/218
f 637/637/637 635/635/635 634/634/634
f 188/188/188 186/186/186 184/184/184
f 649/649/649 660/660/660 661/661/661
f 661/661/661 675/675/675 663/663/663
f 168/168/168 169/169/169 170/170/170
f 688/688/688 691/691/691 675/675/675
f 163/163/163 168/168/168 167/167/167
f 221/221/221 247/247/247 218/218/218
f 221/221/221 218/218/218 214/214/214
f 190/190/190 186/186/186 189/189/189
f 204/204/204 189/189/189 188/188/188
f 635/635/635 660/660/660 649/649/649
f 695/695/695 691/691/691 688/688/688
f 163/163/163 169/169/169 168/168/168
f 1007/1007/1007 1008/1008/1008 1005/1005/1005
f 641/641/641 608/608/608 605/605/605
f 200/200/200 221/221/221 201/201/201
f 201/201/201 221/221/221 214/214/214
f 638/638/638 608/608/608 641/641/641
f 201/201/201 214/214/214 190/190/190
f 196/196/196 190/190/190 191/191/191
f 190/190/190 189/189/189 191/191/191
f 189/189/189 186/186/186 188/188/188
f 651/651/651 660/660/660 635/635/635
f 227/227/227 206/206/206 204/204/204
f 660/660/660 676/676/676 661/661/661
f 676/676/676 675/675/675 661/661/661
f 675/675/675 676/676/676 687/687/687
f 688/688/688 675/675/675 687/687/687
f 691/691/691 695/695/695 700/700/700
f 1005/1005/1005 1006/1006/1006 1007/1007/1007
f 595/595/595 593/593/593 596/596/596
f 264/264/264 271/271/271 255/255/255
f 596/596/596 593/593/593 603/603/603
f 608/608/608 603/603/603 593/593/593
f 641/641/641 634/634/634 638/638/638
f 647/647/647 635/635/635 637/637/637
f 161/161/161 163/163/163 167/167/167
f 591/591/591 593/593/593 595/595/595
f 255/255/255 242/242/242 264/264/264
f 221/221/221 242/242/242 255/255/255
f 608/608/608 593/593/593 598/598/598
f 598/598/598 605/605/605 608/608/608
f 216/216/216 221/221/221 200/200/200
f 641/641/641 605/605/605 645/645/645
f 643/643/643 637/637/637 634/634/634
f 189/189/189 192/192/192 191/191/191
f 242/242/242 221/221/221 229/229/229
f 216/216/216 229/229/229 221/221/221
f 598/598/598 604/604/604 605/605/605
f 190/190/190 200/200/200 201/201/201
f 645/645/645 634/634/634 641/641/641
f 189/189/189 204/204/204 192/192/192
f 672/672/672 676/676/676 660/660/660
f 237/237/237 226/226/226 227/227/227
f 257/257/257 226/226/226 237/237/237
f 695/695/695 688/688/688 687/687/687
f 705/705/705 700/700/700 695/695/695
f 243/243/243 264/264/264 242/242/242
f 264/264/264 243/243/243 274/274/274
f 604/604/604 613/613/613 605/605/605
f 613/613/613 645/645/645 605/605/605
f 190/190/190 198/198/198 200/200/200
f 200/200/200 198/198/198 195/195/195
f 199/199/199 200/200/200 195/195/195
f 196/196/196 195/195/195 190/190/190
f 647/647/647 651/651/651 635/635/635
f 161/161/161 162/162/162 163/163/163
f 1002/1002/1002 1003/1003/1003 1004/1004/1004
f 597/597/597 604/604/604 598/598/598
f 190/190/190 195/195/195 198/198/198
f 644/644/644 643/643/643 634/634/634
f 191/191/191 195/195/195 196/196/196
f 192/192/192 204/204/204 206/206/206
f 660/660/660 651/651/651 665/665/665
f 227/227/227 226/226/226 206/206/206
f 226/226/226 257/257/257 233/233/233
f 161/161/161 159/159/159 162/162/162
f 648/648/648 647/647/647 637/637/637
f 648/648/648 637/637/637 643/643/643
f 651/651/651 647/647/647 665/665/665
f 671/671/671 672/672/672 660/660/660
f 672/672/672 671/671/671 676/676/676
f 687/687/687 705/705/705 695/695/695
f 159/159/159 161/161/161 160/160/160
f 591/591/591 592/592/592 593/593/593
f 243/243/243 242/242/242 229/229/229
f 593/593/593 597/597/597 598/598/598
f 593/593/593 594/594/594 597/597/597
f 597/597/597 613/613/613 604/604/604
f 644/644/644 634/634/634 645/645/645
f 195/195/195 191/191/191 194/194/194
f 647/647/647 648/648/648 665/665/665
f 206/206/206 207/207/207 192/192/192
f 665/665/665 671/671/671 660/660/660
f 207/207/207 206/206/206 212/212/212
f 226/226/226 212/212/212 206/206/206
f 212/212/212 226/226/226 233/233/233
f 676/676/676 693/693/693 687/687/687
f 705/705/705 687/687/687 704/704/704
f 243/243/243 277/277/277 274/274/274
f 597/597/597 614/614/614 613/613/613
f 202/202/202 216/216/216 200/200/200
f 195/195/195 197/197/197 199/199/199
f 645/645/645 643/643/643 644/644/644
f 194/194/194 193/193/193 195/195/195
f 191/191/191 193/193/193 194/194/194
f 704/704/704 687/687/687 693/693/693
f 593/593/593 592/592/592 594/594/594
f 243/243/243 229/229/229 219/219/219
f 615/615/615 614/614/614 597/597/597
f 216/216/216 219/219/219 229/229/229
f 645/645/645 613/613/613 614/614/614
f 200/200/200 199/199/199 197/197/197
f 195/195/195 193/193/193 197/197/197
f 191/191/191 192/192/192 193/193/193
f 684/684/684 676/676/676 671/671/671
f 684/684/684 693/693/693 676/676/676
f 232/232/232 243/243/243 219/219/219
f 615/615/615 597/597/597 594/594/594
f 615/615/615 616/616/616 614/614/614
f 202/202/202 219/219/219 216/216/216
f 208/208/208 193/193/193 192/192/192
f 192/192/192 207/207/207 208/208/208
f 671/671/671 693/693/693 684/684/684
f 277/277/277 243/243/243 262/262/262
f 645/645/645 614/614/614 670/670/670
f 665/665/665 648/648/648 652/652/652
f 207/207/207 193/193/193 208/208/208
f 193/193/193 207/207/207 209/209/209
f 680/680/680 671/671/671 665/665/665
f 233/233/233 207/207/207 212/212/212
f 694/694/694 693/693/693 671/671/671
f 694/694/694 671/671/671 686/686/686
f 238/238/238 233/233/233 258/258/258
f 159/159/159 160/160/160 157/157/157
f 197/197/197 202/202/202 200/200/200
f 646/646/646 643/643/643 645/645/645
f 250/250/250 197/197/197 193/193/193
f 648/648/648 643/643/643 652/652/652
f 652/652/652 667/667/667 665/665/665
f 207/207/207 210/210/210 209/209/209
f 680/680/680 686/686/686 671/671/671
f 238/238/238 207/207/207 233/233/233
f 158/158/158 159/159/159 157/157/157
f 157/157/157 160/160/160 164/164/164
f 592/592/592 632/632/632 594/594/594
f 220/220/220 232/232/232 219/219/219
f 202/202/202 220/220/220 219/219/219
f 223/223/223 224/224/224 202/202/202
f 197/197/197 223/223/223 202/202/202
f 680/680/680 665/665/665 667/667/667
f 238/238/238 210/210/210 207/207/207
f 153/153/153 158/158/158 157/157/157
f 262/262/262 243/243/243 241/241/241
f 232/232/232 241/241/241 243/243/243
f 622/622/622 615/615/615 594/594/594
f 622/622/622 616/616/616 615/615/615
f 232/232/232 220/220/220 225/225/225
f 202/202/202 225/225/225 220/220/220
f 224/224/224 225/225/225 202/202/202
f 616/616/616 617/617/617 614/614/614
f 248/248/248 224/224/224 223/223/223
f 250/250/250 253/253/253 197/197/197
f 643/643/643 646/646/646 652/652/652
f 266/266/266 250/250/250 251/251/251
f 251/251/251 250/250/250 193/193/193
f 209/209/209 228/228/228 193/193/193
f 628/628/628 594/594/594 632/632/632
f 628/628/628 622/622/622 594/594/594
f 241/241/241 232/232/232 225/225/225
f 622/622/622 623/623/623 616/616/616
f 224/224/224 248/248/248 225/225/225
f 670/670/670 614/614/614 617/617/617
f 253/253/253 223/223/223 197/197/197
f 670/670/670 650/650/650 645/645/645
f 650/650/650 646/646/646 645/645/645
f 266/266/266 253/253/253 250/250/250
f 210/210/210 228/228/228 209/209/209
f 239/239/239 210/210/210 238/238/238
f 240/240/240 239/239/239 238/238/238
f 696/696/696 693/693/693 694/694/694
f 156/156/156 157/157/157 164/164/164
f 262/262/262 278/278/278 277/277/277
f 225/225/225 270/270/270 241/241/241
f 253/253/253 248/248/248 223/223/223
f 650/650/650 670/670/670 617/617/617
f 43/43/43 63/63/63 30/30/30
f 193/193/193 228/228/228 251/251/251
f 685/685/685 680/680/680 667/667/667
f 240/240/240 210/210/210 239/239/239
f 156/156/156 153/153/153 157/157/157
f 165/165/165 156/156/156 164/164/164
f 990/990/990 991/991/991 992/992/992
f 693/693/693 711/711/711 704/704/704
f 241/241/241 263/263/263 262/262/262
f 262/262/262 263/263/263 278/278/278
f 621/621/621 616/616/616 623/623/623
f 1034/1034/1034 1035/1035/1035 1036/1036/1036
f 50/50/50 21/21/21 22/22/22
f 3/3/3 21/21/21 50/50/50
f 42/42/42 3/3/3 50/50/50
f 42/42/42 4/4/4 3/3/3
f 43/43/43 4/4/4 42/42/42
f 12/12/12 4/4/4 29/29/29
f 29/29/29 4/4/4 30/30/30
f 30/30/30 4/4/4 43/43/43
f 667/667/667 646/646/646 650/650/650
f 652/652/652 646/646/646 667/667/667
f 64/64/64 30/30/30 63/63/63
f 151/151/151 152/152/152 149/149/149
f 668/668/668 685/685/685 667/667/667
f 149/149/149 150/150/150 151/151/151
f 694/694/694 686/686/686 680/680/680
f 621/621/621 622/622/622 628/628/628
f 622/622/622 621/621/621 623/623/623
f 54/54/54 69/69/69 51/51/51
f 70/70/70 69/69/69 54/54/54
f 50/50/50 22/22/22 51/51/51
f 4/4/4 1/1/1 3/3/3
f 5/5/5 8/8/8 1/1/1
f 6/6/6 5/5/5 4/4/4
f 4/4/4 5/5/5 1/1/1
f 4/4/4 12/12/12 6/6/6
f 31/31/31 15/15/15 34/34/34
f 17/17/17 15/15/15 31/31/31
f 34/34/34 15/15/15 35/35/35
f 669/669/669 668/668/668 650/650/650
f 35/35/35 15/15/15 12/12/12
f 12/12/12 29/29/29 35/35/35
f 668/668/668 667/667/667 650/650/650
f 35/35/35 29/29/29 37/37/37
f 38/38/38 34/34/34 35/35/35
f 37/37/37 29/29/29 30/30/30
f 125/125/125 136/136/136 137/137/137
f 151/151/151 150/150/150 153/153/153
f 151/151/151 153/153/153 154/154/154
f 165/165/165 164/164/164 166/166/166
f 970/970/970 968/968/968 971/971/971
f 241/241/241 270/270/270 281/281/281
f 616/616/616 621/621/621 618/618/618
f 3/3/3 20/20/20 21/21/21
f 1/1/1 2/2/2 3/3/3
f 5/5/5 2/2/2 8/8/8
f 8/8/8 2/2/2 1/1/1
f 5/5/5 7/7/7 2/2/2
f 9/9/9 7/7/7 6/6/6
f 6/6/6 7/7/7 5/5/5
f 616/616/616 618/618/618 617/617/617
f 16/16/16 14/14/14 15/15/15
f 13/13/13 14/14/14 6/6/6
f 13/13/13 6/6/6 12/12/12
f 17/17/17 16/16/16 15/15/15
f 15/15/15 14/14/14 12/12/12
f 12/12/12 14/14/14 13/13/13
f 17/17/17 18/18/18 16/16/16
f 650/650/650 617/617/617 620/620/620
f 17/17/17 32/32/32 18/18/18
f 32/32/32 33/33/33 18/18/18
f 32/32/32 17/17/17 31/31/31
f 38/38/38 31/31/31 34/34/34
f 31/31/31 40/40/40 32/32/32
f 38/38/38 35/35/35 37/37/37
f 46/46/46 38/38/38 45/45/45
f 124/124/124 136/136/136 125/125/125
f 124/124/124 125/125/125 119/119/119
f 696/696/696 694/694/694 680/680/680
f 696/696/696 680/680/680 685/685/685
f 155/155/155 154/154/154 153/153/153
f 263/263/263 279/279/279 278/278/278
f 965/965/965 968/968/968 970/970/970
f 51/51/51 52/52/52 54/54/54
f 20/20/20 22/22/22 21/21/21
f 2/2/2 19/19/19 3/3/3
f 3/3/3 19/19/19 20/20/20
f 7/7/7 10/10/10 2/2/2
f 7/7/7 9/9/9 10/10/10
f 11/11/11 9/9/9 6/6/6
f 14/14/14 11/11/11 6/6/6
f 16/16/16 23/23/23 14/14/14
f 14/14/14 23/23/23 11/11/11
f 618/618/618 619/619/619 617/617/617
f 18/18/18 25/25/25 16/16/16
f 18/18/18 36/36/36 41/41/41
f 33/33/33 36/36/36 18/18/18
f 620/620/620 669/669/669 650/650/650
f 133/133/133 134/134/134 135/135/135
f 133/133/133 132/132/132 134/134/134
f 668/668/668 669/669/669 678/678/678
f 132/132/132 133/133/133 130/130/130
f 133/133/133 127/127/127 130/130/130
f 39/39/39 40/40/40 31/31/31
f 678/678/678 685/685/685 668/668/668
f 38/38/38 39/39/39 31/31/31
f 118/118/118 126/126/126 128/128/128
f 44/44/44 38/38/38 37/37/37
f 128/128/128 123/123/123 118/118/118
f 45/45/45 38/38/38 44/44/44
f 156/156/156 155/155/155 153/153/153
f 165/165/165 155/155/155 156/156/156
f 54/54/54 62/62/62 66/66/66
f 2/2/2 28/28/28 24/24/24
f 2/2/2 24/24/24 19/19/19
f 28/28/28 2/2/2 10/10/10
f 625/625/625 618/618/618 621/621/621
f 9/9/9 28/28/28 10/10/10
f 11/11/11 26/26/26 9/9/9
f 55/55/55 11/11/11 23/23/23
f 47/47/47 23/23/23 25/25/25
f 25/25/25 23/23/23 16/16/16
f 27/27/27 47/47/47 25/25/25
f 18/18/18 47/47/47 27/27/27
f 18/18/18 27/27/27 25/25/25
f 18/18/18 41/41/41 47/47/47
f 619/619/619 620/620/620 617/617/617
f 36/36/36 48/48/48 41/41/41
f 36/36/36 49/49/49 48/48/48
f 134/134/134 132/132/132 139/139/139
f 678/678/678 669/669/669 681/681/681
f 122/122/122 127/127/127 126/126/126
f 119/119/119 117/117/117 124/124/124
f 46/46/46 45/45/45 44/44/44
f 19/19/19 58/58/58 20/20/20
f 20/20/20 52/52/52 22/22/22
f 22/22/22 52/52/52 51/51/51
f 28/28/28 19/19/19 24/24/24
f 621/621/621 628/628/628 625/625/625
f 9/9/9 53/53/53 28/28/28
f 26/26/26 53/53/53 9/9/9
f 625/625/625 624/624/624 618/618/618
f 11/11/11 57/57/57 26/26/26
f 467/467/467 461/461/461 465/465/465
f 624/624/624 619/619/619 618/618/618
f 464/464/464 461/461/461 467/467/467
f 462/462/462 461/461/461 464/464/464
f 468/468/468 462/462/462 464/464/464
f 681/681/681 669/669/669 620/620/620
f 132/132/132 140/140/140 139/139/139
f 131/131/131 138/138/138 132/132/132
f 130/130/130 131/131/131 132/132/132
f 697/697/697 685/685/685 678/678/678
f 126/126/126 118/118/118 122/122/122
f 685/685/685 702/702/702 696/696/696
f 124/124/124 117/117/117 123/123/123
f 20/20/20 58/58/58 52/52/52
f 59/59/59 19/19/19 60/60/60
f 19/19/19 59/59/59 58/58/58
f 54/54/54 52/52/52 62/62/62
f 28/28/28 56/56/56 19/19/19
f 625/625/625 628/628/628 631/631/631
f 57/57/57 53/53/53 26/26/26
f 11/11/11 55/55/55 57/57/57
f 465/465/465 466/466/466 467/467/467
f 626/626/626 620/620/620 619/619/619
f 627/627/627 681/681/681 620/620/620
f 699/699/699 678/678/678 681/681/681
f 132/132/132 138/138/138 140/140/140
f 685/685/685 697/697/697 707/707/707
f 127/127/127 129/129/129 130/130/130
f 130/130/130 129/129/129 131/131/131
f 122/122/122 129/129/129 127/127/127
f 118/118/118 121/121/121 122/122/122
f 120/120/120 121/121/121 118/118/118
f 116/116/116 147/147/147 115/115/115
f 123/123/123 110/110/110 118/118/118
f 117/117/117 110/110/110 123/123/123
f 119/119/119 114/114/114 117/117/117
f 114/114/114 119/119/119 116/116/116
f 52/52/52 65/65/65 62/62/62
f 1056/1056/1056 1057/1057/1057 1058/1058/1058
f 966/966/966 963/963/963 965/965/965
f 56/56/56 28/28/28 60/60/60
f 965/965/965 964/964/964 968/968/968
f 57/57/57 61/61/61 53/53/53
f 465/465/465 463/463/463 466/466/466
f 469/469/469 462/462/462 468/468/468
f 470/470/470 462/462/462 469/469/469
f 471/471/471 470/470/470 469/469/469
f 475/475/475 470/470/470 471/471/471
f 699/699/699 697/697/697 678/678/678
f 129/129/129 141/141/141 131/131/131
f 702/702/702 685/685/685 707/707/707
f 712/712/712 696/696/696 702/702/702
f 712/712/712 711/711/711 696/696/696
f 121/121/121 129/129/129 122/122/122
f 115/115/115 147/147/147 148/148/148
f 115/115/115 114/114/114 116/116/116
f 118/118/118 112/112/112 120/120/120
f 110/110/110 112/112/112 118/118/118
f 114/114/114 111/111/111 117/117/117
f 111/111/111 114/114/114 113/113/113
f 110/110/110 117/117/117 111/111/111
f 58/58/58 65/65/65 52/52/52
f 59/59/59 67/67/67 58/58/58
f 963/963/963 966/966/966 967/967/967
f 53/53/53 60/60/60 28/28/28
f 963/963/963 964/964/964 965/965/965
f 968/968/968 964/964/964 969/969/969
f 625/625/625 629/629/629 624/624/624
f 465/465/465 461/461/461 463/463/463
f 461/461/461 462/462/462 459/459/459
f 470/470/470 472/472/472 462/462/462
f 620/620/620 626/626/626 627/627/627
f 476/476/476 475/475/475 471/471/471
f 627/627/627 699/699/699 681/681/681
f 476/476/476 478/478/478 477/477/477
f 145/145/145 138/138/138 144/144/144
f 141/141/141 138/138/138 131/131/131
f 121/121/121 142/142/142 129/129/129
f 113/113/113 114/114/114 115/115/115
f 110/110/110 109/109/109 112/112/112
f 109/109/109 110/110/110 111/111/111
f 58/58/58 72/72/72 65/65/65
f 68/68/68 67/67/67 60/60/60
f 59/59/59 60/60/60 67/67/67
f 65/65/65 71/71/71 62/62/62
f 483/483/483 484/484/484 485/485/485
f 481/481/481 482/482/482 483/483/483
f 463/463/463 461/461/461 460/460/460
f 619/619/619 624/624/624 626/626/626
f 459/459/459 462/462/462 472/472/472
f 948/948/948 947/947/947 921/921/921
f 144/144/144 138/138/138 141/141/141
f 961/961/961 942/942/942 950/950/950
f 142/142/142 141/141/141 129/129/129
f 143/143/143 121/121/121 120/120/120
f 112/112/112 143/143/143 120/120/120
f 113/113/113 109/109/109 111/111/111
f 987/987/987 988/988/988 989/989/989
f 485/485/485 484/484/484 486/486/486
f 484/484/484 483/483/483 482/482/482
f 480/480/480 482/482/482 481/481/481
f 479/479/479 480/480/480 481/481/481
f 629/629/629 630/630/630 624/624/624
f 459/459/459 460/460/460 461/461/461
f 490/490/490 479/479/479 491/491/491
f 917/917/917 960/960/960 766/766/766
f 470/470/470 473/473/473 472/472/472
f 477/477/477 475/475/475 476/476/476
f 697/697/697 699/699/699 709/709/709
f 709/709/709 707/707/707 697/697/697
f 146/146/146 142/142/142 121/121/121
f 146/146/146 121/121/121 143/143/143
f 101/101/101 107/107/107 103/103/103
f 90/90/90 105/105/105 99/99/99
f 498/498/498 508/508/508 510/510/510
f 488/488/488 486/486/486 487/487/487
f 502/502/502 506/506/506 508/508/508
f 486/486/486 484/484/484 487/487/487
f 506/506/506 507/507/507 513/513/513
f 513/513/513 514/514/514 515/515/515
f 763/763/763 768/768/768 775/775/775
f 479/479/479 490/490/490 489/489/489
f 480/480/480 479/479/479 489/489/489
f 917/917/917 947/947/947 960/960/960
f 493/493/493 492/492/492 491/491/491
f 78/78/78 79/79/79 100/100/100
f 77/77/77 78/78/78 76/76/76
f 74/74/74 76/76/76 75/75/75
f 73/73/73 74/74/74 75/75/75
f 103/103/103 107/107/107 108/108/108
f 90/90/90 85/85/85 105/105/105
f 101/101/101 98/98/98 99/99/99
f 497/497/497 498/498/498 494/494/494
f 487/487/487 494/494/494 488/488/488
f 497/497/497 502/502/502 498/498/498
f 502/502/502 508/508/508 498/498/498
f 487/487/487 496/496/496 494/494/494
f 513/513/513 507/507/507 514/514/514
f 500/500/500 484/484/484 482/482/482
f 482/482/482 499/499/499 500/500/500
f 947/947/947 917/917/917 871/871/871
f 921/921/921 947/947/947 871/871/871
f 470/470/470 474/474/474 473/473/473
f 475/475/475 474/474/474 470/470/470
f 906/906/906 948/948/948 921/921/921
f 906/906/906 945/945/945 948/948/948
f 100/100/100 79/79/79 97/97/97
f 940/940/940 848/848/848 942/942/942
f 74/74/74 77/77/77 76/76/76
f 942/942/942 919/919/919 950/950/950
f 73/73/73 80/80/80 74/74/74
f 82/82/82 81/81/81 73/73/73
f 85/85/85 84/84/84 82/82/82
f 88/88/88 87/87/87 85/85/85
f 88/88/88 85/85/85 90/90/90
f 92/92/92 90/90/90 99/99/99
f 496/496/496 497/497/497 494/494/494
f 505/505/505 506/506/506 502/502/502
f 480/480/480 499/499/499 482/482/482
f 491/491/491 492/492/492 490/490/490
f 495/495/495 492/492/492 493/493/493
f 906/906/906 848/848/848 940/940/940
f 906/906/906 940/940/940 945/945/945
f 77/77/77 79/79/79 78/78/78
f 848/848/848 919/919/919 942/942/942
f 80/80/80 73/73/73 81/81/81
f 959/959/959 950/950/950 935/935/935
f 976/976/976 977/977/977 978/978/978
f 84/84/84 81/81/81 82/82/82
f 84/84/84 85/85/85 87/87/87
f 98/98/98 101/101/101 103/103/103
f 92/92/92 98/98/98 94/94/94
f 88/88/88 90/90/90 91/91/91
f 92/92/92 99/99/99 98/98/98
f 497/497/497 496/496/496 562/562/562
f 506/506/506 505/505/505 507/507/507
f 484/484/484 500/500/500 487/487/487
f 487/487/487 500/500/500 553/553/553
f 496/496/496 487/487/487 553/553/553
f 768/768/768 763/763/763 766/766/766
f 499/499/499 480/480/480 559/559/559
f 559/559/559 480/480/480 489/489/489
f 489/489/489 490/490/490 501/501/501
f 490/490/490 492/492/492 501/501/501
f 492/492/492 495/495/495 561/561/561
f 569/569/569 561/561/561 495/495/495
f 855/855/855 906/906/906 921/921/921
f 855/855/855 921/921/921 871/871/871
f 97/97/97 79/79/79 95/95/95
f 86/86/86 79/79/79 77/77/77
f 74/74/74 83/83/83 77/77/77
f 80/80/80 83/83/83 74/74/74
f 545/545/545 563/563/563 564/564/564
f 102/102/102 98/98/98 103/103/103
f 91/91/91 90/90/90 92/92/92
f 1009/1009/1009 1010/1010/1010 1011/1011/1011
f 497/497/497 503/503/503 502/502/502
f 553/553/553 562/562/562 496/496/496
f 562/562/562 553/553/553 554/554/554
f 492/492/492 560/560/560 501/501/501
f 561/561/561 560/560/560 492/492/492
f 95/95/95 79/79/79 86/86/86
f 83/83/83 86/86/86 77/77/77
f 80/80/80 89/89/89 83/83/83
f 89/89/89 80/80/80 81/81/81
f 935/935/935 919/919/919 914/914/914
f 950/950/950 919/919/919 935/935/935
f 549/549/549 551/551/551 563/563/563
f 545/545/545 549/549/549 563/563/563
f 564/564/564 567/567/567 546/546/546
f 959/959/959 935/935/935 958/958/958
f 546/546/546 567/567/567 565/565/565
f 93/93/93 91/91/91 92/92/92
f 93/93/93 92/92/92 94/94/94
f 102/102/102 94/94/94 98/98/98
f 993/993/993 994/994/994 995/995/995
f 995/995/995 994/994/994 996/996/996
f 456/456/456 457/457/457 458/458/458
f 502/502/502 504/504/504 505/505/505
f 505/505/505 504/504/504 509/509/509
f 503/503/503 497/497/497 562/562/562
f 502/502/502 503/503/503 504/504/504
f 525/525/525 553/553/553 500/500/500
f 765/765/765 766/766/766 763/763/763
f 525/525/525 500/500/500 499/499/499
f 765/765/765 917/917/917 766/766/766
f 525/525/525 499/499/499 518/518/518
f 501/501/501 559/559/559 489/489/489
f 559/559/559 518/518/518 499/499/499
f 516/516/516 501/501/501 560/560/560
f 561/561/561 540/540/540 560/560/560
f 855/855/855 871/871/871 854/854/854
f 516/516/516 560/560/560 540/540/540
f 86/86/86 96/96/96 95/95/95
f 855/855/855 848/848/848 906/906/906
f 89/89/89 86/86/86 83/83/83
f 539/539/539 551/551/551 549/549/549
f 914/914/914 919/919/919 848/848/848
f 539/539/539 550/550/550 551/551/551
f 547/547/547 546/546/546 565/565/565
f 546/546/546 545/545/545 564/564/564
f 547/547/547 565/565/565 566/566/566
f 1031/1031/1031 1032/1032/1032 1033/1033/1033
f 503/503/503 511/511/511 504/504/504
f 512/512/512 562/562/562 557/557/557
f 562/562/562 512/512/512 503/503/503
f 553/553/553 536/536/536 554/554/554
f 554/554/554 557/557/557 562/562/562
f 553/553/553 531/531/531 536/536/536
f 871/871/871 917/917/917 765/765/765
f 870/870/870 871/871/871 765/765/765
f 531/531/531 553/553/553 525/525/525
f 518/518/518 559/559/559 501/501/501
f 518/518/518 501/501/501 516/516/516
f 550/550/550 540/540/540 552/552/552
f 540/540/540 550/550/550 539/539/539
f 539/539/539 549/549/549 544/544/544
f 545/545/545 544/544/544 549/549/549
f 544/544/544 545/545/545 520/520/520
f 542/542/542 546/546/546 543/543/543
f 543/543/543 546/546/546 547/547/547
f 543/543/543 547/547/547 548/548/548
f 548/548/548 547/547/547 566/566/566
f 946/946/946 958/958/958 935/935/935
f 1053/1053/1053 1054/1054/1054 1055/1055/1055
f 436/436/436 396/396/396 411/411/411
f 763/763/763 764/764/764 765/765/765
f 882/882/882 765/765/765 764/764/764
f 555/555/555 554/554/554 536/536/536
f 557/557/557 568/568/568 512/512/512
f 882/882/882 870/870/870 765/765/765
f 554/554/554 555/555/555 557/557/557
f 528/528/528 531/531/531 525/525/525
f 527/527/527 528/528/528 525/525/525
f 842/842/842 854/854/854 871/871/871
f 842/842/842 871/871/871 870/870/870
f 531/531/531 528/528/528 532/532/532
f 536/536/536 531/531/531 535/535/535
f 842/842/842 856/856/856 854/854/854
f 516/516/516 517/517/517 518/518/518
f 525/525/525 523/523/523 527/527/527
f 532/532/532 535/535/535 531/531/531
f 518/518/518 523/523/523 525/525/525
f 516/516/516 519/519/519 517/517/517
f 518/518/518 517/517/517 520/520/520
f 527/527/527 523/523/523 526/526/526
f 527/527/527 526/526/526 528/528/528
f 518/518/518 522/522/522 523/523/523
f 518/518/518 520/520/520 522/522/522
f 519/519/519 516/516/516 539/539/539
f 526/526/526 529/529/529 528/528/528
f 532/532/532 528/528/528 533/533/533
f 539/539/539 516/516/516 540/540/540
f 539/539/539 517/517/517 519/519/519
f 517/517/517 521/521/521 520/520/520
f 528/528/528 530/530/530 533/533/533
f 541/541/541 517/517/517 539/539/539
f 517/517/517 541/541/541 544/544/544
f 521/521/521 517/517/517 544/544/544
f 521/521/521 544/544/544 520/520/520
f 528/528/528 529/529/529 530/530/530
f 541/541/541 539/539/539 544/544/544
f 522/522/522 524/524/524 523/523/523
f 843/843/843 844/844/844 848/848/848
f 843/843/843 848/848/848 855/855/855
f 523/523/523 524/524/524 526/526/526
f 850/850/850 848/848/848 844/844/844
f 529/529/529 538/538/538 530/530/530
f 524/524/524 522/522/522 520/520/520
f 850/850/850 880/880/880 848/848/848
f 545/545/545 524/524/524 520/520/520
f 526/526/526 524/524/524 529/529/529
f 529/529/529 524/524/524 546/546/546
f 524/524/524 545/545/545 546/546/546
f 529/529/529 542/542/542 538/538/538
f 538/538/538 542/542/542 530/530/530
f 530/530/530 543/543/543 534/534/534
f 543/543/543 548/548/548 534/534/534
f 880/880/880 914/914/914 848/848/848
f 529/529/529 546/546/546 542/542/542
f 543/543/543 530/530/530 542/542/542
f 534/534/534 548/548/548 571/571/571
f 566/566/566 573/573/573 548/548/548
f 104/104/104 93/93/93 94/94/94
f 106/106/106 104/104/104 94/94/94
f 956/956/956 958/958/958 946/946/946
f 422/422/422 442/442/442 438/438/438
f 456/456/456 436/436/436 455/455/455
f 763/763/763 757/757/757 764/764/764
f 511/511/511 503/503/503 512/512/512
f 568/568/568 557/557/557 572/572/572
f 407/407/407 402/402/402 431/431/431
f 558/558/558 572/572/572 557/557/557
f 555/555/555 558/558/558 557/557/557
f 535/535/535 537/537/537 536/536/536
f 853/853/853 854/854/854 856/856/856
f 537/537/537 556/556/556 536/536/536
f 536/536/536 556/556/556 555/555/555
f 533/533/533 530/530/530 532/532/532
f 534/534/534 532/532/532 530/530/530
f 532/532/532 534/534/534 535/535/535
f 537/537/537 535/535/535 534/534/534
f 537/537/537 534/534/534 570/570/570
f 571/571/571 570/570/570 534/534/534
f 573/573/573 571/571/571 548/548/548
f 401/401/401 408/408/408 422/422/422
f 932/932/932 956/956/956 946/946/946
f 438/438/438 442/442/442 452/452/452
f 436/436/436 426/426/426 455/455/455
f 411/411/411 426/426/426 436/436/436
f 396/396/396 359/359/359 411/411/411
f 882/882/882 764/764/764 757/757/757
f 869/869/869 870/870/870 882/882/882
f 842/842/842 870/870/870 869/869/869
f 853/853/853 856/856/856 842/842/842
f 555/555/555 556/556/556 558/558/558
f 572/572/572 558/558/558 556/556/556
f 843/843/843 854/854/854 853/853/853
f 843/843/843 855/855/855 854/854/854
f 574/574/574 556/556/556 537/537/537
f 570/570/570 574/574/574 537/537/537
f 845/845/845 880/880/880 850/850/850
f 932/932/932 946/946/946 935/935/935
f 455/455/455 457/457/457 456/456/456
f 753/753/753 763/763/763 770/770/770
f 411/411/411 395/395/395 426/426/426
f 753/753/753 757/757/757 763/763/763
f 431/431/431 350/350/350 396/396/396
f 402/402/402 350/350/350 431/431/431
f 840/840/840 869/869/869 882/882/882
f 842/842/842 843/843/843 853/853/853
f 845/845/845 850/850/850 844/844/844
f 409/409/409 342/342/342 369/369/369
f 408/408/408 342/342/342 409/409/409
f 401/401/401 397/397/397 408/408/408
f 397/397/397 342/342/342 408/408/408
f 934/934/934 956/956/956 932/932/932
f 401/401/401 422/422/422 438/438/438
f 770/770/770 767/767/767 753/753/753
f 411/411/411 359/359/359 395/395/395
f 396/396/396 350/350/350 359/359/359
f 755/755/755 882/882/882 757/757/757
f 407/407/407 326/326/326 402/402/402
f 406/406/406 326/326/326 407/407/407
f 324/324/324 326/326/326 406/406/406
f 324/324/324 406/406/406 415/415/415
f 325/325/325 324/324/324 415/415/415
f 837/837/837 843/843/843 842/842/842
f 844/844/844 843/843/843 837/837/837
f 837/837/837 845/845/845 844/844/844
f 368/368/368 325/325/325 415/415/415
f 847/847/847 845/845/845 837/837/837
f 368/368/368 296/296/296 325/325/325
f 866/866/866 845/845/845 847/847/847
f 369/369/369 296/296/296 368/368/368
f 369/369/369 342/342/342 296/296/296
f 867/867/867 880/880/880 845/845/845
f 867/867/867 914/914/914 880/880/880
f 932/932/932 935/935/935 914/914/914
f 397/397/397 401/401/401 376/376/376
f 933/933/933 934/934/934 932/932/932
f 934/934/934 957/957/957 956/956/956
f 435/435/435 401/401/401 438/438/438
f 426/426/426 444/444/444 455/455/455
f 395/395/395 394/394/394 426/426/426
f 359/359/359 394/394/394 395/395/395
f 756/756/756 757/757/757 753/753/753
f 756/756/756 755/755/755 757/757/757
f 353/353/353 394/394/394 359/359/359
f 883/883/883 882/882/882 755/755/755
f 402/402/402 326/326/326 350/350/350
f 842/842/842 869/869/869 840/840/840
f 847/847/847 837/837/837 846/846/846
f 847/847/847 867/867/867 866/866/866
f 342/342/342 341/341/341 296/296/296
f 867/867/867 845/845/845 866/866/866
f 308/308/308 341/341/341 342/342/342
f 908/908/908 914/914/914 867/867/867
f 908/908/908 932/932/932 914/914/914
f 376/376/376 342/342/342 397/397/397
f 401/401/401 435/435/435 376/376/376
f 753/753/753 755/755/755 756/756/756
f 350/350/350 349/349/349 359/359/359
f 350/350/350 326/326/326 349/349/349
f 839/839/839 840/840/840 882/882/882
f 839/839/839 882/882/882 883/883/883
f 324/324/324 285/285/285 326/326/326
f 857/857/857 847/847/847 846/846/846
f 857/857/857 867/867/867 847/847/847
f 342/342/342 343/343/343 308/308/308
f 342/342/342 363/363/363 343/343/343
f 376/376/376 371/371/371 342/342/342
f 957/957/957 934/934/934 938/938/938
f 398/398/398 371/371/371 376/376/376
f 435/435/435 434/434/434 376/376/376
f 394/394/394 424/424/424 426/426/426
f 426/426/426 424/424/424 444/444/444
f 353/353/353 393/393/393 394/394/394
f 750/750/750 754/754/754 753/753/753
f 754/754/754 755/755/755 753/753/753
f 359/359/359 349/349/349 353/353/353
f 323/323/323 349/349/349 326/326/326
f 285/285/285 323/323/323 326/326/326
f 837/837/837 842/842/842 840/840/840
f 325/325/325 286/286/286 324/324/324
f 831/831/831 837/837/837 830/830/830
f 831/831/831 846/846/846 837/837/837
f 296/296/296 286/286/286 325/325/325
f 343/343/343 333/333/333 308/308/308
f 908/908/908 933/933/933 932/932/932
f 371/371/371 363/363/363 342/342/342
f 398/398/398 363/363/363 371/371/371
f 376/376/376 434/434/434 398/398/398
f 1015/1015/1015 1014/1014/1014 1016/1016/1016
f 1016/1016/1016 1018/1018/1018 1017/1017/1017
f 393/393/393 424/424/424 394/394/394
f 767/767/767 747/747/747 753/753/753
f 747/747/747 750/750/750 753/753/753
f 353/353/353 382/382/382 393/393/393
f 750/750/750 755/755/755 754/754/754
f 749/749/749 755/755/755 750/750/750
f 349/349/349 323/323/323 353/353/353
f 749/749/749 883/883/883 755/755/755
f 830/830/830 837/837/837 840/840/840
f 324/324/324 286/286/286 285/285/285
f 341/341/341 308/308/308 296/296/296
f 343/343/343 363/363/363 333/333/333
f 908/908/908 934/934/934 933/933/933
f 398/398/398 362/362/362 363/363/363
f 1015/1015/1015 1016/1016/1016 1017/1017/1017
f 773/773/773 772/772/772 767/767/767
f 382/382/382 423/423/423 424/424/424
f 382/382/382 424/424/424 393/393/393
f 353/353/353 352/352/352 382/382/382
f 747/747/747 749/749/749 750/750/750
f 323/323/323 352/352/352 353/353/353
f 322/322/322 330/330/330 323/323/323
f 285/285/285 322/322/322 323/323/323
f 286/286/286 282/282/282 285/285/285
f 296/296/296 292/292/292 286/286/286
f 296/296/296 291/291/291 292/292/292
f 308/308/308 291/291/291 296/296/296
f 849/849/849 867/867/867 857/857/857
f 308/308/308 333/333/333 307/307/307
f 885/885/885 908/908/908 867/867/867
f 362/362/362 333/333/333 363/363/363
f 915/915/915 934/934/934 908/908/908
f 915/915/915 938/938/938 934/934/934
f 398/398/398 391/391/391 362/362/362
f 391/391/391 398/398/398 434/434/434
f 752/752/752 767/767/767 772/772/772
f 752/752/752 747/747/747 767/767/767
f 352/352/352 381/381/381 382/382/382
f 748/748/748 749/749/749 747/747/747
f 323/323/323 330/330/330 352/352/352
f 282/282/282 284/284/284 285/285/285
f 831/831/831 849/849/849 846/846/846
f 308/308/308 307/307/307 291/291/291
f 857/857/857 846/846/846 849/849/849
f 333/333/333 332/332/332 307/307/307
f 885/885/885 867/867/867 849/849/849
f 344/344/344 332/332/332 333/333/333
f 915/915/915 908/908/908 885/885/885
f 333/333/333 362/362/362 344/344/344
f 1014/1014/1014 1015/1015/1015 1012/1012/1012
f 382/382/382 381/381/381 423/423/423
f 744/744/744 748/748/748 747/747/747
f 352/352/352 354/354/354 381/381/381
f 330/330/330 322/322/322 352/352/352
f 352/352/352 322/322/322 354/354/354
f 285/285/285 319/319/319 322/322/322
f 284/284/284 319/319/319 285/285/285
f 292/292/292 291/291/291 286/286/286
f 831/831/831 851/851/851 849/849/849
f 332/332/332 309/309/309 307/307/307
f 391/391/391 390/390/390 362/362/362
f 913/913/913 938/938/938 915/915/915
f 913/913/913 939/939/939 938/938/938
f 434/434/434 410/410/410 391/391/391
f 429/429/429 424/424/424 423/423/423
f 381/381/381 421/421/421 429/429/429
f 381/381/381 429/429/429 423/423/423
f 356/356/356 381/381/381 354/354/354
f 841/841/841 883/883/883 749/749/749
f 839/839/839 883/883/883 841/841/841
f 321/321/321 322/322/322 319/319/319
f 818/818/818 830/830/830 840/840/840
f 818/818/818 840/840/840 839/839/839
f 823/823/823 830/830/830 818/818/818
f 287/287/287 283/283/283 286/286/286
f 286/286/286 283/283/283 282/282/282
f 822/822/822 830/830/830 823/823/823
f 822/822/822 831/831/831 830/830/830
f 291/291/291 287/287/287 286/286/286
f 822/822/822 851/851/851 831/831/831
f 307/307/307 297/297/297 291/291/291
f 307/307/307 309/309/309 297/297/297
f 332/332/332 335/335/335 309/309/309
f 849/849/849 851/851/851 885/885/885
f 362/362/362 332/332/332 344/344/344
f 913/913/913 915/915/915 885/885/885
f 410/410/410 390/390/390 391/391/391
f 930/930/930 939/939/939 913/913/913
f 930/930/930 928/928/928 939/939/939
f 928/928/928 949/949/949 939/939/939
f 746/746/746 747/747/747 752/752/752
f 747/747/747 746/746/746 744/744/744
f 322/322/322 356/356/356 354/354/354
f 284/284/284 321/321/321 319/319/319
f 284/284/284 283/283/283 321/321/321
f 282/282/282 283/283/283 284/284/284
f 822/822/822 823/823/823 818/818/818
f 852/852/852 851/851/851 822/822/822
f 335/335/335 334/334/334 309/309/309
f 876/876/876 851/851/851 852/852/852
f 876/876/876 885/885/885 851/851/851
f 351/351/351 335/335/335 332/332/332
f 362/362/362 351/351/351 332/332/332
f 912/912/912 913/913/913 885/885/885
f 912/912/912 930/930/930 913/913/913
f 912/912/912 928/928/928 930/930/930
f 434/434/434 447/447/447 410/410/410
f 1012/1012/1012 1013/1013/1013 1014/1014/1014
f 774/774/774 752/752/752 772/772/772
f 381/381/381 399/399/399 421/421/421
f 356/356/356 399/399/399 381/381/381
f 745/745/745 744/744/744 746/746/746
f 872/872/872 749/749/749 748/748/748
f 322/322/322 331/331/331 356/356/356
f 841/841/841 749/749/749 872/872/872
f 322/322/322 321/321/321 331/331/331
f 320/320/320 331/331/331 321/321/321
f 283/283/283 320/320/320 321/321/321
f 812/812/812 818/818/818 839/839/839
f 287/287/287 288/288/288 283/283/283
f 291/291/291 297/297/297 287/287/287
f 852/852/852 822/822/822 828/828/828
f 300/300/300 298/298/298 297/297/297
f 309/309/309 300/300/300 297/297/297
f 852/852/852 881/881/881 876/876/876
f 881/881/881 885/885/885 876/876/876
f 912/912/912 885/885/885 881/881/881
f 903/903/903 928/928/928 912/912/912
f 1020/1020/1020 1019/1019/1019 1022/1022/1022
f 1019/1019/1019 1020/1020/1020 1021/1021/1021
f 745/745/745 746/746/746 752/752/752
f 356/356/356 357/357/357 375/375/375
f 872/872/872 748/748/748 744/744/744
f 356/356/356 331/331/331 357/357/357
f 316/316/316 320/320/320 283/283/283
f 283/283/283 293/293/293 316/316/316
f 817/817/817 818/818/818 813/813/813
f 283/283/283 288/288/288 289/289/289
f 817/817/817 822/822/822 818/818/818
f 287/287/287 294/294/294 288/288/288
f 817/817/817 828/828/828 822/822/822
f 297/297/297 298/298/298 287/287/287
f 309/309/309 334/334/334 314/314/314
f 829/829/829 852/852/852 828/828/828
f 367/367/367 335/335/335 351/351/351
f 362/362/362 367/367/367 351/351/351
f 390/390/390 367/367/367 362/362/362
f 367/367/367 390/390/390 410/410/410
f 399/399/399 439/439/439 421/421/421
f 743/743/743 745/745/745 752/752/752
f 375/375/375 399/399/399 356/356/356
f 745/745/745 743/743/743 744/744/744
f 873/873/873 872/872/872 744/744/744
f 814/814/814 812/812/812 839/839/839
f 814/814/814 839/839/839 841/841/841
f 316/316/316 331/331/331 320/320/320
f 289/289/289 290/290/290 283/283/283
f 283/283/283 290/290/290 293/293/293
f 298/298/298 300/300/300 287/287/287
f 309/309/309 314/314/314 300/300/300
f 868/868/868 852/852/852 829/829/829
f 868/868/868 881/881/881 852/852/852
f 903/903/903 912/912/912 881/881/881
f 403/403/403 366/366/366 367/367/367
f 918/918/918 928/928/928 903/903/903
f 425/425/425 403/403/403 367/367/367
f 425/425/425 367/367/367 410/410/410
f 447/447/447 425/425/425 410/410/410
f 925/925/925 955/955/955 949/949/949
f 1023/1023/1023 1020/1020/1020 1022/1022/1022
f 375/375/375 400/400/400 399/399/399
f 358/358/358 375/375/375 357/357/357
f 345/345/345 357/357/357 331/331/331
f 316/316/316 345/345/345 331/331/331
f 812/812/812 813/813/813 818/818/818
f 290/290/290 289/289/289 293/293/293
f 288/288/288 293/293/293 289/289/289
f 294/294/294 293/293/293 288/288/288
f 300/300/300 294/294/294 287/287/287
f 828/828/828 817/817/817 827/827/827
f 827/827/827 829/829/829 828/828/828
f 300/300/300 314/314/314 336/336/336
f 868/868/868 829/829/829 826/826/826
f 335/335/335 336/336/336 334/334/334
f 366/366/366 360/360/360 335/335/335
f 367/367/367 366/366/366 335/335/335
f 868/868/868 903/903/903 881/881/881
f 925/925/925 928/928/928 918/918/918
f 925/925/925 949/949/949 928/928/928
f 1024/1024/1024 1020/1020/1020 1023/1023/1023
f 399/399/399 437/437/437 439/439/439
f 759/759/759 739/739/739 752/752/752
f 743/743/743 752/752/752 739/739/739
f 742/742/742 744/744/744 743/743/743
f 742/742/742 873/873/873 744/744/744
f 357/357/357 345/345/345 358/358/358
f 838/838/838 841/841/841 872/872/872
f 838/838/838 872/872/872 873/873/873
f 316/316/316 293/293/293 317/317/317
f 293/293/293 318/318/318 317/317/317
f 808/808/808 812/812/812 806/806/806
f 808/808/808 813/813/813 812/812/812
f 293/293/293 299/299/299 318/318/318
f 817/817/817 813/813/813 808/808/808
f 293/293/293 295/295/295 299/299/299
f 294/294/294 295/295/295 293/293/293
f 300/300/300 295/295/295 294/294/294
f 817/817/817 826/826/826 827/827/827
f 301/301/301 295/295/295 300/300/300
f 826/826/826 829/829/829 827/827/827
f 300/300/300 336/336/336 301/301/301
f 334/334/334 336/336/336 314/314/314
f 865/865/865 868/868/868 826/826/826
f 865/865/865 886/886/886 868/868/868
f 335/335/335 360/360/360 336/336/336
f 886/886/886 903/903/903 868/868/868
f 895/895/895 903/903/903 886/886/886
f 366/366/366 361/361/361 360/360/360
f 895/895/895 918/918/918 903/903/903
f 895/895/895 925/925/925 918/918/918
f 1023/1023/1023 1025/1025/1025 1024/1024/1024
f 737/737/737 739/739/739 759/759/759
f 400/400/400 437/437/437 399/399/399
f 739/739/739 742/742/742 743/743/743
f 375/375/375 392/392/392 400/400/400
f 358/358/358 392/392/392 375/375/375
f 861/861/861 873/873/873 742/742/742
f 838/838/838 873/873/873 861/861/861
f 814/814/814 841/841/841 838/838/838
f 318/318/318 299/299/299 317/317/317
f 815/815/815 817/817/817 808/808/808
f 816/816/816 826/826/826 817/817/817
f 816/816/816 817/817/817 815/815/815
f 833/833/833 865/865/865 826/826/826
f 336/336/336 360/360/360 361/361/361
f 895/895/895 886/886/886 865/865/865
f 388/388/388 361/361/361 366/366/366
f 388/388/388 366/366/366 403/403/403
f 425/425/425 418/418/418 403/403/403
f 1027/1027/1027 1029/1029/1029 1030/1030/1030
f 925/925/925 951/951/951 955/955/955
f 737/737/737 759/759/759 760/760/760
f 400/400/400 441/441/441 437/437/437
f 739/739/739 741/741/741 742/742/742
f 374/374/374 392/392/392 358/358/358
f 345/345/345 372/372/372 358/358/358
f 358/358/358 372/372/372 374/374/374
f 741/741/741 861/861/861 742/742/742
f 316/316/316 317/317/317 345/345/345
f 806/806/806 812/812/812 814/814/814
f 299/299/299 303/303/303 317/317/317
f 295/295/295 302/302/302 299/299/299
f 301/301/301 302/302/302 295/295/295
f 815/815/815 808/808/808 803/803/803
f 815/815/815 826/826/826 816/816/816
f 336/336/336 337/337/337 301/301/301
f 815/815/815 824/824/824 826/826/826
f 824/824/824 833/833/833 826/826/826
f 824/824/824 865/865/865 833/833/833
f 863/863/863 895/895/895 865/865/865
f 896/896/896 902/902/902 895/895/895
f 902/902/902 911/911/911 895/895/895
f 418/418/418 388/388/388 403/403/403
f 911/911/911 925/925/925 895/895/895
f 911/911/911 931/931/931 925/925/925
f 931/931/931 951/951/951 925/925/925
f 740/740/740 741/741/741 739/739/739
f 317/317/317 346/346/346 345/345/345
f 811/811/811 838/838/838 861/861/861
f 811/811/811 814/814/814 838/838/838
f 310/310/310 317/317/317 303/303/303
f 302/302/302 303/303/303 299/299/299
f 803/803/803 808/808/808 806/806/806
f 301/301/301 305/305/305 302/302/302
f 815/815/815 819/819/819 824/824/824
f 361/361/361 338/338/338 336/336/336
f 336/336/336 338/338/338 337/337/337
f 824/824/824 864/864/864 865/865/865
f 824/824/824 863/863/863 864/864/864
f 864/864/864 863/863/863 865/865/865
f 896/896/896 895/895/895 863/863/863
f 388/388/388 365/365/365 361/361/361
f 418/418/418 365/365/365 388/388/388
f 896/896/896 911/911/911 902/902/902
f 1027/1027/1027 1028/1028/1028 1029/1029/1029
f 738/738/738 739/739/739 737/737/737
f 400/400/400 405/405/405 441/441/441
f 738/738/738 740/740/740 739/739/739
f 392/392/392 405/405/405 400/400/400
f 884/884/884 741/741/741 740/740/740
f 372/372/372 345/345/345 373/373/373
f 741/741/741 860/860/860 861/861/861
f 346/346/346 355/355/355 345/345/345
f 345/345/345 355/355/355 373/373/373
f 806/806/806 814/814/814 811/811/811
f 310/310/310 346/346/346 317/317/317
f 302/302/302 304/304/304 303/303/303
f 305/305/305 304/304/304 302/302/302
f 305/305/305 301/301/301 304/304/304
f 306/306/306 304/304/304 301/301/301
f 301/301/301 338/338/338 306/306/306
f 337/337/337 338/338/338 301/301/301
f 832/832/832 824/824/824 819/819/819
f 832/832/832 863/863/863 824/824/824
f 365/365/365 338/338/338 361/361/361
f 897/897/897 896/896/896 863/863/863
f 910/910/910 911/911/911 896/896/896
f 910/910/910 931/931/931 911/911/911
f 418/418/418 454/454/454 453/453/453
f 926/926/926 951/951/951 931/931/931
f 1025/1025/1025 1026/1026/1026 1024/1024/1024
f 374/374/374 372/372/372 392/392/392
f 738/738/738 884/884/884 740/740/740
f 860/860/860 741/741/741 884/884/884
f 860/860/860 811/811/811 861/861/861
f 806/806/806 811/811/811 810/810/810
f 303/303/303 304/304/304 310/310/310
f 804/804/804 815/815/815 803/803/803
f 804/804/804 819/819/819 815/815/815
f 364/364/364 339/339/339 338/338/338
f 365/365/365 364/364/364 338/338/338
f 417/417/417 387/387/387 365/365/365
f 387/387/387 364/364/364 365/365/365
f 910/910/910 896/896/896 897/897/897
f 418/418/418 417/417/417 365/365/365
f 904/904/904 910/910/910 897/897/897
f 453/453/453 417/417/417 418/418/418
f 926/926/926 931/931/931 910/910/910
f 761/761/761 737/737/737 760/760/760
f 441/441/441 405/405/405 443/443/443
f 372/372/372 405/405/405 392/392/392
f 373/373/373 385/385/385 372/372/372
f 373/373/373 355/355/355 385/385/385
f 810/810/810 811/811/811 860/860/860
f 860/860/860 807/807/807 810/810/810
f 346/346/346 348/348/348 355/355/355
f 347/347/347 348/348/348 346/346/346
f 807/807/807 806/806/806 810/810/810
f 310/310/310 347/347/347 346/346/346
f 801/801/801 806/806/806 807/807/807
f 304/304/304 311/311/311 310/310/310
f 806/806/806 805/805/805 803/803/803
f 798/798/798 804/804/804 803/803/803
f 338/338/338 339/339/339 306/306/306
f 820/820/820 832/832/832 819/819/819
f 339/339/339 364/364/364 387/387/387
f 820/820/820 863/863/863 832/832/832
f 898/898/898 863/863/863 889/889/889
f 898/898/898 897/897/897 863/863/863
f 898/898/898 904/904/904 897/897/897
f 898/898/898 910/910/910 904/904/904
f 898/898/898 926/926/926 910/910/910
f 926/926/926 953/953/953 951/951/951
f 732/732/732 761/761/761 731/731/731
f 737/737/737 761/761/761 732/732/732
f 735/735/735 738/738/738 737/737/737
f 860/860/860 738/738/738 735/735/735
f 860/860/860 884/884/884 738/738/738
f 355/355/355 384/384/384 385/385/385
f 348/348/348 384/384/384 355/355/355
f 859/859/859 807/807/807 860/860/860
f 348/348/348 347/347/347 384/384/384
f 310/310/310 311/311/311 347/347/347
f 311/311/311 313/313/313 347/347/347
f 801/801/801 805/805/805 806/806/806
f 800/800/800 803/803/803 805/805/805
f 304/304/304 312/312/312 311/311/311
f 798/798/798 803/803/803 800/800/800
f 339/339/339 315/315/315 306/306/306
f 339/339/339 340/340/340 315/315/315
f 804/804/804 820/820/820 819/819/819
f 862/862/862 863/863/863 820/820/820
f 862/862/862 889/889/889 863/863/863
f 889/889/889 890/890/890 898/898/898
f 890/890/890 926/926/926 898/898/898
f 927/927/927 953/953/953 926/926/926
f 762/762/762 731/731/731 761/761/761
f 443/443/443 405/405/405 445/445/445
f 372/372/372 385/385/385 405/405/405
f 859/859/859 860/860/860 735/735/735
f 809/809/809 801/801/801 807/807/807
f 800/800/800 805/805/805 801/801/801
f 311/311/311 312/312/312 313/313/313
f 315/315/315 304/304/304 306/306/306
f 387/387/387 386/386/386 339/339/339
f 386/386/386 340/340/340 339/339/339
f 862/862/862 890/890/890 889/889/889
f 979/979/979 980/980/980 981/981/981
f 937/937/937 953/953/953 927/927/927
f 762/762/762 729/729/729 731/731/731
f 735/735/735 737/737/737 732/732/732
f 405/405/405 385/385/385 445/445/445
f 445/445/445 385/385/385 446/446/446
f 446/446/446 385/385/385 428/428/428
f 347/347/347 383/383/383 384/384/384
f 859/859/859 809/809/809 807/807/807
f 799/799/799 800/800/800 801/801/801
f 797/797/797 804/804/804 798/798/798
f 836/836/836 820/820/820 834/834/834
f 836/836/836 834/834/834 862/862/862
f 836/836/836 862/862/862 820/820/820
f 430/430/430 377/377/377 387/387/387
f 377/377/377 386/386/386 387/387/387
f 834/834/834 890/890/890 862/862/862
f 430/430/430 387/387/387 417/417/417
f 907/907/907 916/916/916 890/890/890
f 907/907/907 927/927/927 926/926/926
f 907/907/907 926/926/926 916/916/916
f 916/916/916 926/926/926 890/890/890
f 729/729/729 730/730/730 731/731/731
f 730/730/730 732/732/732 731/731/731
f 735/735/735 732/732/732 730/730/730
f 384/384/384 428/428/428 385/385/385
f 875/875/875 859/859/859 735/735/735
f 384/384/384 383/383/383 420/420/420
f 874/874/874 802/802/802 859/859/859
f 874/874/874 859/859/859 875/875/875
f 347/347/347 380/380/380 383/383/383
f 383/383/383 380/380/380 416/416/416
f 802/802/802 809/809/809 859/859/859
f 802/802/802 801/801/801 809/809/809
f 313/313/313 328/328/328 347/347/347
f 799/799/799 798/798/798 800/800/800
f 312/312/312 327/327/327 313/313/313
f 313/313/313 327/327/327 328/328/328
f 304/304/304 315/315/315 312/312/312
f 820/820/820 804/804/804 797/797/797
f 821/821/821 834/834/834 820/820/820
f 340/340/340 377/377/377 315/315/315
f 386/386/386 377/377/377 340/340/340
f 887/887/887 890/890/890 834/834/834
f 907/907/907 890/890/890 887/887/887
f 430/430/430 417/417/417 451/451/451
f 730/730/730 736/736/736 735/735/735
f 428/428/428 384/384/384 420/420/420
f 736/736/736 875/875/875 735/735/735
f 802/802/802 874/874/874 875/875/875
f 875/875/875 793/793/793 802/802/802
f 793/793/793 801/801/801 802/802/802
f 795/795/795 801/801/801 793/793/793
f 795/795/795 799/799/799 801/801/801
f 795/795/795 798/798/798 799/799/799
f 797/797/797 798/798/798 795/795/795
f 315/315/315 327/327/327 312/312/312
f 790/790/790 820/820/820 797/797/797
f 315/315/315 329/329/329 327/327/327
f 790/790/790 821/821/821 820/820/820
f 377/377/377 389/389/389 315/315/315
f 835/835/835 834/834/834 821/821/821
f 427/427/427 389/389/389 377/377/377
f 878/878/878 887/887/887 834/834/834
f 878/878/878 834/834/834 835/835/835
f 922/922/922 927/927/927 907/907/907
f 979/979/979 982/982/982 980/980/980
f 937/937/937 927/927/927 922/922/922
f 727/727/727 730/730/730 729/729/729
f 730/730/730 733/733/733 736/736/736
f 383/383/383 416/416/416 420/420/420
f 736/736/736 793/793/793 875/875/875
f 347/347/347 378/378/378 380/380/380
f 347/347/347 328/328/328 378/378/378
f 790/790/790 797/797/797 795/795/795
f 825/825/825 821/821/821 790/790/790
f 825/825/825 835/835/835 821/821/821
f 825/825/825 878/878/878 835/835/835
f 427/427/427 377/377/377 430/430/430
f 907/907/907 878/878/878 888/888/888
f 451/451/451 427/427/427 430/430/430
f 907/907/907 887/887/887 878/878/878
f 905/905/905 922/922/922 907/907/907
f 943/943/943 937/937/937 936/936/936
f 905/905/905 937/937/937 922/922/922
f 727/727/727 729/729/729 728/728/728
f 736/736/736 733/733/733 734/734/734
f 793/793/793 736/736/736 734/734/734
f 792/792/792 794/794/794 793/793/793
f 794/794/794 795/795/795 793/793/793
f 327/327/327 378/378/378 328/328/328
f 792/792/792 795/795/795 794/794/794
f 796/796/796 795/795/795 792/792/792
f 790/790/790 795/795/795 796/796/796
f 789/789/789 790/790/790 785/785/785
f 789/789/789 825/825/825 790/790/790
f 427/427/427 412/412/412 389/389/389
f 877/877/877 878/878/878 825/825/825
f 877/877/877 888/888/888 878/878/878
f 905/905/905 888/888/888 877/877/877
f 905/905/905 907/907/907 888/888/888
f 936/936/936 937/937/937 905/905/905
f 727/727/727 733/733/733 730/730/730
f 420/420/420 449/449/449 428/428/428
f 791/791/791 793/793/793 734/734/734
f 791/791/791 792/792/792 793/793/793
f 792/792/792 790/790/790 796/796/796
f 791/791/791 790/790/790 792/792/792
f 791/791/791 785/785/785 790/790/790
f 329/329/329 370/370/370 327/327/327
f 370/370/370 329/329/329 315/315/315
f 389/389/389 370/370/370 315/315/315
f 825/825/825 789/789/789 877/877/877
f 877/877/877 899/899/899 905/905/905
f 1000/1000/1000 999/999/999 1001/1001/1001
f 920/920/920 905/905/905 899/899/899
f 920/920/920 943/943/943 936/936/936
f 920/920/920 936/936/936 905/905/905
f 721/721/721 728/728/728 724/724/724
f 721/721/721 727/727/727 728/728/728
f 720/720/720 721/721/721 724/724/724
f 416/416/416 449/449/449 420/420/420
f 734/734/734 733/733/733 727/727/727
f 416/416/416 419/419/419 449/449/449
f 787/787/787 791/791/791 734/734/734
f 380/380/380 419/419/419 416/416/416
f 378/378/378 419/419/419 380/380/380
f 379/379/379 378/378/378 327/327/327
f 785/785/785 791/791/791 786/786/786
f 789/789/789 785/785/785 788/788/788
f 412/412/412 370/370/370 389/389/389
f 899/899/899 877/877/877 789/789/789
f 924/924/924 954/954/954 943/943/943
f 924/924/924 920/920/920 899/899/899
f 924/924/924 943/943/943 920/920/920
f 726/726/726 727/727/727 721/721/721
f 734/734/734 727/727/727 726/726/726
f 726/726/726 787/787/787 734/734/734
f 787/787/787 786/786/786 791/791/791
f 370/370/370 379/379/379 327/327/327
f 891/891/891 789/789/789 788/788/788
f 370/370/370 412/412/412 413/413/413
f 891/891/891 892/892/892 789/789/789
f 892/892/892 899/899/899 789/789/789
f 892/892/892 909/909/909 899/899/899
f 997/997/997 998/998/998 999/999/999
f 1000/1000/1000 997/997/997 999/999/999
f 909/909/909 924/924/924 899/899/899
f 721/721/721 720/720/720 719/719/719
f 784/784/784 787/787/787 726/726/726
f 786/786/786 787/787/787 784/784/784
f 379/379/379 404/404/404 378/378/378
f 785/785/785 786/786/786 784/784/784
f 778/778/778 788/788/788 785/785/785
f 891/891/891 788/788/788 892/892/892
f 448/448/448 412/412/412 427/427/427
f 924/924/924 944/944/944 954/954/954
f 719/719/719 723/723/723 721/721/721
f 983/983/983 984/984/984 985/985/985
f 404/404/404 432/432/432 378/378/378
f 378/378/378 432/432/432 419/419/419
f 778/778/778 785/785/785 784/784/784
f 370/370/370 414/414/414 379/379/379
f 413/413/413 414/414/414 370/370/370
f 858/858/858 788/788/788 778/778/778
f 433/433/433 413/413/413 412/412/412
f 788/788/788 893/893/893 892/892/892
f 858/858/858 893/893/893 788/788/788
f 893/893/893 909/909/909 892/892/892
f 448/448/448 433/433/433 412/412/412
f 923/923/923 909/909/909 893/893/893
f 923/923/923 924/924/924 909/909/909
f 944/944/944 924/924/924 923/923/923
f 725/725/725 726/726/726 721/721/721
f 986/986/986 985/985/985 984/984/984
f 783/783/783 784/784/784 726/726/726
f 783/783/783 726/726/726 725/725/725
f 779/779/779 784/784/784 783/783/783
f 779/779/779 778/778/778 784/784/784
f 1051/1051/1051 1049/1049/1049 1047/1047/1047
f 962/962/962 944/944/944 941/941/941
f 719/719/719 720/720/720 713/713/713
f 379/379/379 440/440/440 404/404/404
f 414/414/414 440/440/440 379/379/379
f 778/778/778 777/777/777 858/858/858
f 433/433/433 414/414/414 413/413/413
f 1051/1051/1051 1052/1052/1052 1049/1049/1049
f 894/894/894 923/923/923 893/893/893
f 894/894/894 893/893/893 858/858/858
f 944/944/944 929/929/929 941/941/941
f 717/717/717 719/719/719 713/713/713
f 723/723/723 719/719/719 717/717/717
f 713/713/713 714/714/714 715/715/715
f 725/725/725 721/721/721 723/723/723
f 450/450/450 432/432/432 404/404/404
f 440/440/440 450/450/450 404/404/404
f 776/776/776 778/778/778 779/779/779
f 776/776/776 779/779/779 783/783/783
f 776/776/776 777/777/777 778/778/778
f 1046/1046/1046 1047/1047/1047 1048/1048/1048
f 894/894/894 929/929/929 923/923/923
f 929/929/929 944/944/944 923/923/923
f 716/716/716 715/715/715 714/714/714
f 782/782/782 783/783/783 725/725/725
f 782/782/782 776/776/776 783/783/783
f 1048/1048/1048 1050/1050/1050 1046/1046/1046
f 780/780/780 858/858/858 777/777/777
f 879/879/879 858/858/858 780/780/780
f 879/879/879 894/894/894 858/858/858
f 1049/1049/1049 1048/1048/1048 1047/1047/1047
f 722/722/722 723/723/723 717/717/717
f 717/717/717 713/713/713 715/715/715
f 725/725/725 723/723/723 722/722/722
f 725/725/725 722/722/722 900/900/900
f 900/900/900 782/782/782 725/725/725
f 781/781/781 776/776/776 782/782/782
f 780/780/780 777/777/777 776/776/776
f 771/771/771 952/952/952 941/941/941
f 901/901/901 894/894/894 879/879/879
f 901/901/901 941/941/941 929/929/929
f 901/901/901 929/929/929 894/894/894
f 718/718/718 715/715/715 716/716/716
f 717/717/717 715/715/715 722/722/722
f 722/722/722 782/782/782 900/900/900
f 722/722/722 781/781/781 782/782/782
f 718/718/718 716/716/716 769/769/769
f 769/769/769 771/771/771 758/758/758
f 780/780/780 776/776/776 781/781/781
f 941/941/941 758/758/758 771/771/771
f 758/758/758 941/941/941 901/901/901
f 722/722/722 715/715/715 718/718/718
f 718/718/718 751/751/751 722/722/722
f 722/722/722 751/751/751 781/781/781
f 769/769/769 758/758/758 718/718/718
f 718/718/718 758/758/758 751/751/751
f 780/780/780 781/781/781 751/751/751
f 758/758/758 901/901/901 751/751/751
f 751/751/751 901/901/901 879/879/879
f 751/751/751 879/879/879 780/780/780
