# GoldGuppy / Body  (local frame of part 'Body', bbox-centred; -Z = front)
v -0.43635 -0.13494 0.31182
v -0.48781 -0.17233 0.20916
v -0.44768 -0.17520 0.27511
v -0.44782 -0.11369 0.30247
v -0.46508 -0.10949 0.27631
v -0.50883 -0.06739 0.21032
v -0.52509 -0.11203 0.16202
v -0.44894 -0.06359 0.31505
v -0.46178 -0.03571 0.29920
v -0.50015 -0.02101 0.23396
v -0.53024 -0.05540 0.16789
v -0.40303 -0.05539 0.38621
v -0.41524 -0.00913 0.37441
v -0.45883 -0.00275 0.30662
v -0.46856 -0.00250 0.29055
v -0.35729 -0.07442 0.44676
v -0.35665 -0.03265 0.45770
v -0.36533 -0.00391 0.44862
v -0.26086 0.01436 0.60480
v -0.32083 -0.07300 0.49815
v -0.27658 -0.05887 0.56512
v -0.21602 -0.00135 0.66924
v -0.20267 0.02428 0.69247
v -0.16803 -0.00278 0.73684
v -0.17716 -0.03732 0.71173
v -0.22308 -0.05991 0.63906
v -0.36294 -0.12417 0.42046
v -0.14960 0.02969 0.76716
v -0.35700 0.00443 0.46137
v -0.30442 0.03965 0.53945
v -0.12763 -0.02403 0.77912
v -0.38960 -0.17733 0.35815
v -0.42600 -0.19064 0.29939
v -0.34739 -0.13620 0.43568
v -0.28820 -0.12150 0.52057
v -0.24416 -0.10201 0.58866
v -0.30264 -0.09959 0.51245
v -0.09361 -0.00172 0.82213
v -0.44676 -0.25056 0.22985
v -0.21264 -0.08324 0.64059
v -0.17017 -0.07231 0.70112
v -0.35302 -0.17969 0.40490
v -0.39294 -0.20361 0.33820
v -0.11683 0.05403 0.80623
v -0.49890 -0.24244 0.14262
v -0.46414 -0.28276 0.17657
v -0.32280 -0.18043 0.44233
v -0.13188 -0.05240 0.75879
v -0.39249 -0.22935 0.32199
v -0.40853 -0.25727 0.28071
v -0.26728 -0.13120 0.54168
v -0.27855 -0.16047 0.50908
v -0.52759 -0.20147 0.10579
v -0.42696 -0.28456 0.23410
v -0.33915 -0.22831 0.39026
v -0.36326 -0.23151 0.35839
v -0.30955 -0.21773 0.43274
v -0.14265 -0.08688 0.72253
v -0.44194 -0.30065 0.19806
v -0.44897 -0.31364 0.17478
v -0.24590 -0.14673 0.55771
v -0.19516 -0.12612 0.63264
v -0.23342 -0.16560 0.55832
v -0.15310 -0.10773 0.69444
v -0.35571 -0.27912 0.33155
v -0.39148 -0.31519 0.25726
v -0.50713 -0.25988 0.10871
v -0.47241 -0.33076 0.11167
v -0.41263 -0.34928 0.19607
v -0.38907 -0.34460 0.23321
v -0.32770 -0.27421 0.36813
v -0.29261 -0.23260 0.44062
v -0.26523 -0.20277 0.49401
v -0.21748 -0.19411 0.55219
v -0.19383 -0.17387 0.59423
v -0.18066 -0.15654 0.62316
v -0.30913 -0.27268 0.39004
v -0.41720 -0.35714 0.18084
v -0.43090 -0.34814 0.16924
v -0.08940 -0.06058 0.79381
v -0.35988 -0.32972 0.28328
v -0.44374 -0.35784 0.13564
v -0.49735 -0.31074 0.07533
v -0.32760 -0.33393 0.31570
v -0.31121 -0.31348 0.35200
v -0.26680 -0.25207 0.45205
v -0.36180 -0.37081 0.24071
v -0.16879 -0.15294 0.63849
v -0.14953 -0.15378 0.65644
v -0.42158 -0.37247 0.15606
v -0.26177 -0.28031 0.43208
v -0.29337 -0.29490 0.38738
v -0.24109 -0.24410 0.48470
v -0.22809 -0.23592 0.50466
v -0.21051 -0.23730 0.51997
v -0.09900 -0.10346 0.74968
v -0.55357 -0.11794 0.08198
v -0.38527 -0.41201 0.16083
v -0.40001 -0.40176 0.15246
v -0.32100 -0.36758 0.28968
v -0.19635 -0.18923 0.57791
v -0.42266 -0.40136 0.11348
v -0.44838 -0.39086 0.07414
v -0.11818 -0.12600 0.71188
v -0.23044 -0.26568 0.47507
v -0.34599 -0.40316 0.22332
v -0.31423 -0.39595 0.26632
v -0.25764 -0.30085 0.41692
v -0.27233 -0.33411 0.37101
v -0.27510 -0.36576 0.33643
v -0.15473 -0.19183 0.61409
v -0.30149 -0.37823 0.29836
v -0.17969 -0.23304 0.55134
v -0.05405 -0.05102 0.82391
v -0.04576 -0.01541 0.84818
v -0.27519 -0.38751 0.31318
v -0.52591 -0.27729 0.02307
v -0.54463 -0.21759 0.02933
v -0.48066 -0.36564 0.02473
v -0.08729 0.05829 0.83398
v -0.38417 -0.43746 0.12335
v -0.44398 -0.41272 0.03424
v -0.48866 -0.35395 0.02126
v -0.10148 -0.15417 0.69596
v -0.32295 -0.42779 0.21925
v -0.17584 -0.29982 0.48533
v -0.21636 -0.32134 0.43237
v -0.25700 -0.35607 0.36263
v -0.32396 -0.46003 0.17328
v -0.55557 -0.04459 0.10369
v -0.48542 0.02600 0.26097
v -0.43009 0.02670 0.35198
v -0.44125 0.03155 0.33421
v -0.33409 0.06341 0.49245
v -0.43625 0.06292 0.33847
v -0.53643 0.04997 0.15458
v -0.19404 0.07572 0.70117
v -0.28874 0.07308 0.55891
v -0.17544 0.10377 0.71865
v -0.12990 0.07869 0.78698
v -0.53461 -0.25972 0.01020
v -0.37040 0.08055 0.43526
v -0.49510 0.07844 0.23522
v -0.44630 0.10217 0.31342
v -0.56640 -0.11151 0.02997
v -0.49041 -0.35749 -0.00195
v -0.50862 -0.32461 -0.00111
v -0.04518 0.03967 0.86126
v -0.41859 -0.43464 0.05459
v -0.41283 -0.43461 0.07029
v -0.21375 -0.35148 0.40281
v -0.36095 -0.45555 0.12972
v -0.37004 -0.46165 0.10256
v -0.27955 -0.42093 0.27119
v -0.29537 -0.43289 0.24155
v -0.18572 -0.28802 0.49047
v -0.15952 -0.27804 0.52006
v -0.12848 -0.19526 0.63164
v -0.56707 -0.02014 0.06672
v -0.57182 -0.06067 0.03062
v -0.54556 0.07388 0.12481
v -0.11316 -0.20612 0.63045
v -0.40962 0.12257 0.36447
v -0.38786 0.11905 0.39854
v -0.34775 0.12440 0.45597
v -0.29094 0.10171 0.54819
v -0.33201 0.13119 0.47648
v -0.28245 0.13964 0.54560
v -0.55595 -0.19796 -0.02334
v -0.25690 0.12905 0.58835
v -0.23212 0.11207 0.63264
v -0.48345 0.13929 0.23599
v -0.52598 -0.29247 -0.03505
v -0.54389 0.09659 0.12083
v -0.56224 0.07349 0.07020
v -0.50968 0.15527 0.17562
v -0.57611 -0.00193 0.01839
v -0.43043 0.15863 0.31724
v -0.46355 0.17497 0.25400
v -0.53484 -0.26960 -0.05621
v -0.39544 0.16779 0.36664
v -0.52148 0.17307 0.13646
v -0.41384 0.22030 0.30780
v -0.47966 0.19621 0.21191
v -0.54156 0.16057 0.08739
v -0.31291 0.15907 0.49140
v -0.36355 0.20031 0.39528
v -0.39169 0.19967 0.35458
v -0.08399 0.10952 0.82058
v -0.20258 0.15109 0.65467
v -0.13954 0.13627 0.74789
v -0.17416 0.15170 0.69308
v -0.49479 0.22810 0.15657
v -0.23741 0.18492 0.58266
v -0.27868 0.19888 0.51549
v -0.31271 0.18998 0.47384
v -0.52694 0.21568 0.08065
v -0.22469 -0.40229 0.33841
v -0.45709 0.27234 0.19403
v -0.44081 -0.42777 -0.02347
v -0.49840 -0.34609 -0.08917
v -0.52053 -0.30356 -0.07734
v -0.30490 -0.47485 0.17273
v -0.22795 -0.42447 0.30998
v -0.24029 -0.44391 0.27658
v -0.25403 -0.45196 0.25500
v -0.19307 -0.35306 0.41611
v -0.20570 -0.38245 0.37474
v -0.11279 -0.26208 0.56705
v -0.30339 -0.50613 0.11715
v -0.03713 -0.08879 0.79992
v -0.07683 -0.10480 0.76452
v -0.24340 -0.48557 0.21739
v -0.27534 -0.49300 0.17570
v -0.15998 -0.31464 0.48003
v -0.13085 -0.36170 0.44331
v -0.30871 -0.51121 0.09719
v -0.31335 0.21514 0.45605
v -0.34585 0.21308 0.41222
v -0.49489 0.26841 0.11450
v -0.35990 0.24863 0.36678
v -0.41880 0.30044 0.23417
v -0.42578 0.29612 0.22685
v -0.38094 0.28857 0.30334
v -0.50382 -0.32446 -0.15479
v -0.03977 0.09657 0.85267
v -0.09817 0.14817 0.78317
v -0.44431 0.30453 0.18543
v -0.23583 0.22116 0.55573
v -0.23511 0.20731 0.56836
v -0.30699 0.26923 0.42145
v -0.24848 0.25312 0.51080
v -0.36398 0.28996 0.32627
v -0.34199 0.27164 0.37277
v -0.32149 0.28835 0.38527
v -0.47943 0.31922 0.08442
v -0.19004 0.20817 0.62583
v -0.16863 0.19549 0.66398
v -0.21118 0.23841 0.57096
v -0.44893 0.35582 0.10678
v -0.12395 0.19041 0.71937
v -0.36280 0.35102 0.26599
v -0.35807 0.31429 0.31142
v -0.29371 0.31588 0.39365
v -0.27135 0.27637 0.46030
v -0.38670 0.37104 0.20629
v -0.42308 0.34394 0.17867
v -0.41313 0.37869 0.14939
v -0.38782 0.38269 0.18898
v -0.21289 0.27020 0.53661
v -0.32456 0.34401 0.32514
v -0.15233 -0.40842 0.37762
v -0.00495 0.00338 0.86524
v -0.06830 -0.16007 0.70949
v -0.04493 -0.13563 0.74784
v -0.20478 -0.44977 0.29532
v -0.17785 -0.40456 0.36768
v -0.17717 -0.43155 0.33564
v -0.08681 -0.19181 0.66279
v -0.11413 -0.29328 0.53045
v -0.20252 -0.47517 0.26332
v -0.23297 -0.51845 0.17330
v -0.21890 -0.50710 0.20432
v -0.19668 -0.50770 0.21989
v -0.06828 -0.21285 0.64684
v -0.29515 0.38353 0.31546
v -0.27193 0.37125 0.35733
v -0.23468 0.28563 0.49524
v -0.19805 0.29343 0.52741
v -0.25406 0.30980 0.44726
v -0.14875 0.22555 0.65605
v -0.16291 0.25775 0.60497
v -0.18499 0.27306 0.56437
v -0.27521 0.34809 0.38077
v -0.25192 0.33539 0.42155
v -0.08630 0.20042 0.74244
v -0.34235 0.39570 0.23996
v -0.40875 0.41813 0.08694
v -0.04889 0.13973 0.82398
v -0.35486 0.42425 0.18100
v -0.20211 0.32441 0.48704
v -0.20130 0.33902 0.47019
v -0.29139 0.40280 0.29541
v -0.34471 0.46036 0.13468
v -0.37383 0.45579 0.08511
v -0.31409 0.42425 0.23845
v -0.23739 0.43777 0.30599
v -0.22451 0.38389 0.39159
v -0.05601 0.17143 0.79305
v -0.00241 0.04956 0.87109
v -0.11029 0.24364 0.67124
v -0.13380 0.26994 0.61815
v -0.29564 0.45858 0.20997
v -0.24960 0.45518 0.26794
v -0.15290 0.31347 0.54646
v -0.13433 0.29232 0.58923
v -0.13369 0.32254 0.55015
v 0.00018 -0.05025 0.83859
v -0.16221 0.37461 0.45873
v -0.17880 0.40492 0.40434
v -0.19000 0.41595 0.37990
v 0.00705 0.09738 0.86010
v -0.23784 0.57164 -0.01054
v -0.28490 0.54570 -0.00925
v -0.22908 0.56330 0.06594
v -0.30056 0.52916 0.03826
v -0.20950 0.57973 0.03080
v -0.18519 0.59265 0.00530
v -0.18971 0.59229 -0.04661
v -0.26920 0.55282 -0.08218
v -0.21625 0.57278 -0.14437
v -0.17242 0.59420 -0.10792
v -0.31648 0.52294 -0.07526
v -0.28935 0.53003 -0.16250
v -0.23402 0.54903 -0.22662
v -0.32407 0.50874 -0.14422
v -0.18801 0.56782 -0.23673
v -0.27175 0.52514 -0.23553
v -0.15431 0.58886 -0.19187
v -0.13814 0.60897 -0.02803
v -0.15289 0.57581 -0.25706
v -0.10113 0.61082 -0.13062
v -0.09921 0.61671 -0.05960
v -0.14186 0.60120 0.04097
v -0.10461 0.59768 -0.21528
v -0.20415 0.54093 -0.30710
v -0.20234 0.55420 -0.26584
v -0.15642 0.56189 -0.30445
v -0.15912 0.54792 -0.34521
v -0.19133 0.52434 -0.37429
v -0.09305 0.58248 -0.29202
v -0.12291 0.55325 -0.36272
v -0.12974 0.54576 -0.37781
v -0.06024 0.61575 -0.14351
v -0.05474 0.59896 -0.24884
v -0.24887 0.51098 -0.31890
v -0.25553 0.51322 -0.29329
v -0.29443 0.50814 -0.24144
v -0.25424 0.48898 -0.37831
v -0.20849 0.50668 -0.39782
v -0.18487 0.51828 -0.39658
v -0.30029 0.46799 -0.34633
v -0.32019 0.48908 -0.24072
v -0.33705 0.48189 -0.22026
v -0.23022 0.48218 -0.42651
v -0.30067 0.47625 -0.29473
v -0.28115 0.46683 -0.38769
v -0.36069 0.47482 -0.16344
v -0.11360 0.52116 -0.44731
v -0.15757 0.50907 -0.44282
v -0.07553 0.56542 -0.35773
v -0.18796 0.48040 -0.47470
v -0.22358 0.46606 -0.46650
v -0.23888 0.46018 -0.46026
v -0.14140 0.49725 -0.47882
v -0.29465 0.43464 -0.43336
v -0.37014 0.47754 -0.09265
v -0.19828 0.44092 -0.53439
v -0.17844 0.47253 -0.49744
v -0.14206 0.46287 -0.53955
v -0.16818 0.43443 -0.56710
v -0.04786 0.54882 -0.41196
v -0.07202 0.52753 -0.45312
v -0.04381 0.57782 -0.33265
v -0.23775 0.42076 -0.52904
v -0.10869 0.46913 -0.54681
v -0.29351 0.40460 -0.48790
v -0.24507 0.41658 -0.52783
v -0.35244 0.40988 -0.37855
v -0.06736 0.51053 -0.48936
v -0.07615 0.48198 -0.53812
v -0.12091 0.45626 -0.56150
v -0.02059 0.58441 -0.31634
v -0.15508 0.42674 -0.58649
v -0.32465 0.40436 -0.44111
v -0.37965 0.43856 -0.23234
v -0.34101 0.43556 -0.29901
v -0.25940 0.39296 -0.54718
v -0.18080 0.40459 -0.60008
v -0.20559 0.39294 -0.59709
v -0.10993 0.42833 -0.60695
v -0.14309 0.41325 -0.61151
v -0.35006 0.38731 -0.42649
v -0.21047 0.37927 -0.61036
v -0.24460 0.35423 -0.61104
v -0.05505 0.48711 -0.53529
v -0.31851 0.36285 -0.51563
v -0.36107 0.36527 -0.44321
v -0.29364 0.34438 -0.57156
v -0.34340 0.35777 -0.48517
v -0.38637 0.38503 -0.34444
v -0.36249 0.41751 -0.28910
v -0.35195 0.49567 0.00696
v -0.41323 0.42462 -0.14786
v -0.41070 0.41223 -0.20899
v -0.39990 0.44666 -0.10496
v -0.40093 0.45105 -0.05170
v -0.39796 0.35745 -0.37969
v -0.31115 0.33366 -0.56290
v -0.32177 0.33666 -0.54535
v -0.41312 0.43616 -0.07269
v -0.44101 0.36720 -0.22775
v -0.39527 0.41235 -0.25153
v -0.38937 0.38168 -0.29671
v -0.38398 0.33860 -0.44109
v -0.40291 0.40125 -0.25485
v -0.43392 0.35021 -0.26692
v -0.19088 0.35237 -0.65489
v -0.26755 0.31115 -0.63521
v -0.36406 0.31887 -0.50415
v -0.34132 0.29931 -0.56143
v -0.32797 0.29911 -0.57963
v -0.24969 0.32060 -0.64232
v -0.44111 0.39627 -0.11817
v -0.45629 0.36624 -0.16081
v -0.29356 0.29562 -0.62377
v -0.12427 0.38237 -0.65802
v -0.09281 0.40711 -0.64069
v -0.14073 0.36115 -0.67377
v -0.22265 0.30630 -0.67765
v -0.07418 0.44534 -0.59563
v -0.42103 0.33866 -0.29966
v -0.43061 0.31654 -0.37000
v -0.38633 0.46130 0.02560
v -0.16536 0.32736 -0.69477
v -0.19342 0.29333 -0.70850
v -0.46016 0.34093 -0.22282
v -0.46634 0.37029 -0.04470
v -0.26607 0.24719 -0.69054
v -0.23829 0.25773 -0.70547
v -0.20252 0.26514 -0.72478
v -0.12683 0.34284 -0.69826
v -0.00841 0.52377 -0.47374
v -0.07198 0.38845 -0.66864
v -0.02125 0.47437 -0.56180
v -0.03373 0.44728 -0.60125
v -0.03209 0.52126 -0.47644
v -0.01961 0.61606 -0.16656
v 0.00662 0.60085 -0.25443
v 0.01074 0.55226 -0.40984
v -0.00719 0.58320 -0.32182
v -0.12306 0.32307 -0.71806
v -0.06733 0.34525 -0.71447
v -0.08279 0.61888 0.00469
v 0.02709 0.57528 -0.34515
v -0.04038 0.62144 -0.10575
v -0.02443 0.62386 0.01387
v -0.02476 0.62638 -0.02986
v 0.01109 0.61449 -0.18009
v 0.02484 0.48829 -0.53878
v 0.00025 0.41259 -0.64940
v -0.43382 0.41098 0.01346
v -0.14432 0.26726 -0.75385
v -0.08969 0.30736 -0.74245
v 0.03366 0.43373 -0.62034
v 0.03890 0.62251 -0.09630
v -0.02630 0.35294 -0.71336
v -0.19322 0.23796 -0.74900
v -0.34091 0.48227 0.09339
v -0.37383 0.45579 0.08511
v -0.06994 0.61264 0.05612
v -0.03700 0.61910 0.04073
v -0.14614 0.58033 0.11316
v -0.08373 0.59035 0.12546
v 0.05938 0.62264 0.00074
v 0.07199 0.62156 -0.05680
v -0.03734 0.29677 -0.76110
v 0.03349 0.39007 -0.67412
v 0.03185 0.34098 -0.72444
v -0.24339 0.19795 -0.73969
v 0.02963 0.61902 0.04458
v -0.25722 0.51925 0.14580
v -0.29894 0.49107 0.14728
v -0.06017 0.25979 -0.78435
v 0.00974 0.32013 -0.74429
v -0.08346 0.22001 -0.80375
v -0.11393 0.21792 -0.79636
v -0.20823 0.54004 0.15670
v -0.15991 0.55812 0.15942
v -0.15594 0.17726 -0.80079
v -0.19605 0.17539 -0.78160
v 0.07838 0.36585 -0.69188
v -0.40875 0.41813 0.08694
v -0.44454 0.39129 0.03919
v -0.03679 0.59833 0.11868
v -0.00599 0.25292 -0.79424
v 0.04386 0.28308 -0.77094
v 0.08643 0.33987 -0.71523
v 0.08040 0.32195 -0.73296
v -0.34471 0.46036 0.13468
v -0.16613 0.53870 0.19711
v 0.09034 0.29179 -0.75498
v 0.00672 0.22739 -0.80971
v -0.05381 0.17481 -0.83169
v 0.04907 0.22489 -0.80788
v 0.07253 0.21754 -0.80788
v 0.03723 0.17517 -0.83393
v -0.00980 0.15414 -0.84396
v 0.06463 0.17349 -0.83080
v 0.14484 0.29527 -0.73212
v 0.13267 0.34459 -0.69406
v -0.09396 0.11739 -0.84398
v -0.15011 0.10460 -0.82889
v -0.19916 0.49086 0.25884
v -0.21464 0.47895 0.26483
v 0.14336 0.25527 -0.76216
v 0.12547 0.20940 -0.79696
v -0.29564 0.45858 0.20997
v -0.24960 0.45518 0.26794
v -0.01176 0.14398 -0.84755
v -0.15847 0.15088 -0.81063
v -0.05423 0.06008 -0.86403
v 0.00310 0.10603 -0.85912
v 0.07322 0.07796 -0.85817
v 0.03267 0.05757 -0.86714
v -0.11295 0.05406 -0.85174
v 0.06920 0.08670 -0.85724
v -0.39005 0.13691 -0.61536
v -0.35680 0.13646 -0.65990
v -0.34370 0.12343 -0.68062
v -0.39875 0.07863 -0.62374
v -0.33183 0.10561 -0.69982
v -0.35003 0.06488 -0.68986
v -0.35953 0.16474 -0.64300
v -0.41715 0.14947 -0.56677
v -0.44901 0.09793 -0.53345
v -0.44722 0.05210 -0.54995
v -0.41640 0.04798 -0.60353
v -0.38149 0.06972 -0.64993
v -0.39397 0.04776 -0.63696
v -0.38013 0.19287 -0.59826
v -0.35281 0.19350 -0.63494
v -0.31344 0.14837 -0.70308
v -0.33618 0.19350 -0.65516
v -0.38570 0.23263 -0.55974
v -0.42474 0.19188 -0.52590
v -0.43694 0.16940 -0.51901
v -0.44925 0.17007 -0.49399
v -0.45904 0.12432 -0.50162
v -0.47750 0.08039 -0.48035
v -0.42322 -0.00624 -0.60150
v -0.43698 -0.01169 -0.58004
v -0.43792 -0.04877 -0.59880
v -0.38155 -0.01518 -0.66144
v -0.44626 -0.01466 -0.56383
v -0.46103 -0.05557 -0.55751
v -0.47545 -0.07441 -0.53714
v -0.37642 -0.03281 -0.67151
v -0.30596 0.03824 -0.73939
v -0.47690 0.14009 -0.45281
v -0.47961 0.01013 -0.48899
v -0.49208 0.03463 -0.45749
v -0.46361 -0.02894 -0.53275
v -0.48980 0.18219 -0.38629
v -0.46266 0.20603 -0.43429
v -0.49808 0.09111 -0.42597
v -0.50623 0.14165 -0.37242
v -0.49003 -0.04953 -0.46707
v -0.51765 0.07329 -0.37711
v -0.51720 0.01867 -0.39188
v -0.42175 0.26892 -0.45807
v -0.44446 0.25679 -0.42220
v -0.47292 0.23600 -0.37407
v -0.38702 0.27394 -0.51796
v -0.42051 0.24793 -0.48388
v -0.40989 -0.06833 -0.65107
v -0.51809 0.11409 -0.34638
v -0.51374 -0.03450 -0.40022
v -0.48886 -0.08003 -0.48726
v -0.40384 0.27828 -0.48278
v -0.32936 0.22855 -0.63980
v -0.35393 0.26068 -0.58214
v -0.30476 0.20254 -0.68383
v -0.36974 0.28050 -0.53932
v -0.45197 0.28165 -0.36846
v -0.47749 -0.13827 -0.62174
v -0.45015 -0.10442 -0.63158
v -0.44031 -0.13897 -0.66842
v -0.44839 -0.16596 -0.67305
v -0.48216 -0.19119 -0.64104
v -0.49836 -0.16553 -0.59957
v -0.50783 -0.16358 -0.55398
v -0.49507 -0.22185 -0.61293
v -0.34132 0.29931 -0.56143
v -0.31688 0.26733 -0.62344
v -0.39931 0.30980 -0.45196
v -0.43061 0.31654 -0.37000
v -0.45099 0.28933 -0.35698
v -0.32797 0.29911 -0.57963
v -0.49020 0.21138 -0.33589
v -0.36406 0.31887 -0.50415
v -0.38398 0.33860 -0.44109
v -0.39796 0.35745 -0.37969
v -0.51003 -0.20569 -0.56758
v -0.36901 -0.09138 -0.69779
v -0.49874 -0.11594 -0.45981
v -0.52340 -0.08344 -0.35418
v -0.52834 0.00101 -0.35271
v -0.52067 -0.05217 -0.37559
v -0.52209 -0.05436 -0.37030
v -0.36107 0.36527 -0.44321
v -0.34340 0.35777 -0.48517
v -0.26607 0.24719 -0.69054
v -0.27275 0.14962 -0.73978
v -0.26774 0.19736 -0.72086
v -0.26400 0.08520 -0.76725
v -0.29356 0.29562 -0.62377
v -0.32848 -0.05414 -0.72036
v -0.23924 0.11529 -0.77739
v -0.26931 0.03060 -0.77147
v -0.24339 0.19795 -0.73969
v -0.26755 0.31115 -0.63521
v -0.45537 -0.22904 -0.66596
v -0.23829 0.25773 -0.70547
v -0.42285 -0.17309 -0.69369
v -0.19605 0.17539 -0.78160
v -0.49896 0.18566 -0.29530
v -0.50976 0.15298 -0.29252
v -0.53176 0.15360 -0.25349
v -0.51352 0.22346 -0.24341
v -0.49940 0.22178 -0.27162
v -0.47693 0.24795 -0.28946
v -0.51423 0.23093 -0.23122
v -0.48845 0.28954 -0.22802
v -0.46443 0.31151 -0.25829
v -0.44542 0.30305 -0.29517
v -0.54141 0.17434 -0.18810
v -0.46016 0.34093 -0.22282
v -0.43392 0.35021 -0.26692
v -0.42103 0.33866 -0.29966
v -0.55480 0.12808 -0.17307
v -0.55132 0.06241 -0.24441
v -0.54473 0.08674 -0.25395
v -0.52756 0.03340 -0.29591
v -0.52070 0.08535 -0.30452
v -0.53077 -0.00271 -0.28990
v -0.50955 0.27740 -0.14398
v -0.49081 0.30289 -0.18281
v -0.53798 0.22344 -0.07861
v -0.53074 -0.04265 -0.28738
v -0.55543 -0.00089 -0.24121
v -0.55096 -0.05469 -0.24962
v -0.56446 0.02885 -0.19100
v -0.54639 0.20141 -0.06118
v -0.55867 0.14979 -0.09208
v -0.56779 0.08902 -0.11860
v -0.53363 -0.05442 -0.28096
v -0.56992 0.07972 -0.10851
v -0.57201 0.09426 -0.04043
v -0.52552 -0.04080 -0.31020
v -0.56044 -0.04284 -0.21433
v -0.55520 -0.08435 -0.22755
v -0.50062 0.31198 -0.05737
v -0.52280 0.26718 -0.01837
v -0.49438 0.31644 -0.10625
v -0.46773 0.36287 -0.09400
v -0.45629 0.36624 -0.16081
v -0.56644 -0.03754 -0.17721
v -0.52665 -0.08954 -0.28822
v -0.54085 -0.14624 -0.24957
v -0.57462 -0.03998 -0.10117
v -0.57853 0.00017 -0.05138
v -0.54571 0.19734 0.01799
v -0.56626 0.11304 0.01735
v -0.51875 -0.13611 -0.29167
v -0.46634 0.37029 -0.04470
v -0.57770 0.00301 0.00301
v -0.44111 0.39627 -0.11817
v -0.49116 0.32598 0.01499
v -0.51316 0.27401 0.04114
v -0.50239 -0.15732 -0.41828
v -0.50683 -0.10563 -0.40583
v -0.54685 -0.15874 -0.22005
v -0.56196 -0.10838 -0.17195
v -0.57262 -0.10432 -0.04236
v -0.55750 -0.15525 -0.15489
v -0.56197 -0.15268 -0.11536
v -0.52915 -0.19389 -0.25410
v -0.50312 -0.20026 -0.29651
v -0.51760 -0.12303 -0.31615
v -0.50904 -0.16788 -0.30602
v -0.52872 -0.22798 -0.22873
v -0.49946 -0.24247 -0.57728
v -0.51232 -0.13181 -0.37278
v -0.51079 -0.16426 -0.35301
v -0.49909 -0.19100 -0.42632
v -0.55175 -0.19666 -0.13176
v -0.53410 -0.23262 -0.19434
v -0.50553 -0.23136 -0.52082
v -0.55764 -0.18868 -0.07230
v -0.56224 0.07349 0.07020
v -0.57611 -0.00193 0.01839
v -0.57182 -0.06067 0.03062
v -0.48845 -0.24731 -0.33796
v -0.54469 0.16082 0.07584
v -0.51368 -0.25946 -0.24458
v -0.48850 -0.25108 -0.29289
v -0.55595 -0.19796 -0.02334
v -0.54062 -0.23918 -0.13048
v -0.56640 -0.11151 0.02997
v -0.54262 -0.24169 -0.09562
v -0.52694 0.21568 0.08065
v -0.54156 0.16057 0.08739
v -0.49301 -0.21794 -0.39890
v -0.50044 -0.20768 -0.35513
v -0.48280 -0.25682 -0.45470
v -0.51894 -0.28066 -0.18606
v -0.50953 -0.29247 -0.21072
v -0.52340 -0.28030 -0.15703
v -0.43382 0.41098 0.01346
v -0.44454 0.39129 0.03919
v -0.47943 0.31922 0.08442
v -0.49529 -0.31654 -0.22421
v -0.47039 -0.29156 -0.29554
v -0.47146 -0.27338 -0.40005
v -0.52053 -0.30356 -0.07734
v -0.53484 -0.26960 -0.05621
v -0.49489 0.26841 0.11450
v -0.47547 -0.25770 -0.62037
v -0.46635 -0.29461 -0.36043
v -0.46201 -0.28813 -0.43244
v -0.50382 -0.32446 -0.15479
v -0.48908 -0.34269 -0.18569
v -0.47462 -0.26691 -0.42961
v -0.44893 0.35582 0.10678
v -0.22721 -0.01028 -0.80241
v -0.23258 -0.06991 -0.79299
v -0.32234 -0.09309 -0.72839
v -0.42761 -0.23225 -0.68624
v -0.48105 -0.27747 -0.54435
v -0.19222 0.07017 -0.81665
v -0.40875 0.41813 0.08694
v -0.30233 -0.12647 -0.74102
v -0.23494 -0.11433 -0.78083
v -0.14560 0.00229 -0.84400
v -0.15594 0.17726 -0.80079
v -0.15847 0.15088 -0.81063
v -0.15011 0.10460 -0.82889
v -0.18987 -0.09120 -0.81390
v -0.38084 -0.18607 -0.71542
v -0.38938 -0.23347 -0.70484
v -0.13745 -0.02677 -0.84630
v -0.11295 0.05406 -0.85174
v -0.11245 0.02290 -0.85474
v -0.23352 -0.15357 -0.77002
v -0.25531 -0.18708 -0.75093
v -0.31965 -0.22469 -0.72599
v -0.09396 0.11739 -0.84398
v -0.38259 -0.36846 -0.45818
v -0.42445 -0.32795 -0.49538
v -0.35169 -0.39401 -0.45774
v -0.42172 -0.33642 -0.44200
v -0.44717 -0.30794 -0.46596
v -0.48105 -0.27747 -0.54435
v -0.42355 -0.31670 -0.58568
v -0.46016 -0.28915 -0.59348
v -0.46635 -0.29461 -0.36043
v -0.41357 -0.32292 -0.58202
v -0.36773 -0.36325 -0.51212
v -0.31431 -0.41194 -0.48036
v -0.37937 -0.40617 -0.37858
v -0.35130 -0.40552 -0.43354
v -0.42582 -0.33708 -0.41877
v -0.44697 -0.33090 -0.35201
v -0.49946 -0.24247 -0.57728
v -0.32966 -0.45938 -0.36255
v -0.37547 -0.42024 -0.35585
v -0.32872 -0.46627 -0.31632
v -0.30162 -0.49419 -0.29212
v -0.35844 -0.44057 -0.29877
v -0.37594 -0.42389 -0.29601
v -0.28518 -0.49360 -0.35834
v -0.41312 -0.37992 -0.34866
v -0.41623 -0.37996 -0.29319
v -0.43906 -0.32953 -0.38794
v -0.47547 -0.25770 -0.62037
v -0.43842 -0.34362 -0.31368
v -0.41826 -0.37242 -0.30482
v -0.44133 -0.34468 -0.29394
v -0.22936 -0.53403 -0.33306
v -0.27886 -0.51260 -0.28995
v -0.26366 -0.54310 -0.23363
v -0.29523 -0.44968 -0.43934
v -0.28012 -0.47829 -0.40390
v -0.25180 -0.50966 -0.37116
v -0.42671 -0.29599 -0.63113
v -0.44665 -0.27383 -0.64145
v -0.36370 -0.44660 -0.28039
v -0.23761 -0.55373 -0.24584
v -0.26470 -0.46710 -0.44760
v -0.35459 -0.48001 -0.24147
v -0.40731 -0.42733 -0.25004
v -0.42392 -0.42565 -0.20630
v -0.37039 -0.48197 -0.18068
v -0.42250 -0.43627 -0.16522
v -0.33439 -0.50168 -0.22020
v -0.42432 -0.41164 -0.24479
v -0.41625 -0.45116 -0.10482
v -0.38385 -0.48094 -0.10571
v -0.32159 -0.51209 -0.21377
v -0.33762 -0.51334 -0.13787
v -0.43852 -0.40793 -0.20992
v -0.37452 -0.48988 -0.09140
v -0.29938 -0.53277 -0.17843
v -0.31397 -0.52958 -0.13402
v -0.45850 -0.39987 -0.13332
v -0.30935 -0.51056 -0.24929
v -0.46043 -0.36447 -0.24517
v -0.46557 -0.39539 -0.09530
v -0.36483 -0.49964 -0.04537
v -0.32805 -0.52583 -0.05855
v -0.34064 -0.51740 -0.05205
v -0.41123 -0.45861 -0.01969
v -0.43858 -0.43076 -0.03189
v -0.48378 -0.36155 -0.14621
v -0.47312 -0.36698 -0.19070
v -0.46637 -0.35842 -0.24043
v -0.30466 -0.54088 -0.05085
v -0.27824 -0.55336 -0.10294
v -0.47848 -0.34937 -0.21838
v -0.27045 -0.44233 -0.48380
v -0.29402 -0.41796 -0.49610
v -0.32347 -0.38649 -0.52064
v -0.31716 -0.37048 -0.56365
v -0.22342 -0.48337 -0.46453
v -0.18472 -0.51715 -0.43429
v -0.18873 -0.54909 -0.34675
v -0.17537 -0.56371 -0.31540
v -0.24553 -0.57065 -0.08972
v -0.21270 -0.58212 -0.12768
v -0.20209 -0.58430 -0.14874
v -0.25277 -0.56908 -0.04201
v -0.18284 -0.58181 -0.22095
v -0.20901 -0.45824 -0.52109
v -0.37168 -0.32479 -0.62354
v -0.25316 -0.39599 -0.57326
v -0.25867 -0.41804 -0.53480
v -0.16751 -0.56819 -0.30933
v -0.34926 -0.50678 0.01499
v -0.30946 -0.53443 0.01189
v -0.25949 -0.56456 -0.00640
v -0.13572 -0.59093 -0.25260
v -0.13655 -0.55325 -0.38827
v -0.17694 -0.59113 -0.16900
v -0.16232 -0.48696 -0.51099
v -0.19580 -0.59302 -0.04047
v -0.44081 -0.42777 -0.02347
v -0.13867 -0.50469 -0.49525
v -0.10321 -0.55049 -0.41849
v -0.14457 -0.59439 -0.21864
v -0.22008 -0.58247 -0.00624
v -0.47905 -0.37868 -0.06501
v -0.14636 -0.60572 -0.10824
v -0.23181 -0.57356 0.02444
v -0.26558 -0.36415 -0.61201
v -0.15425 -0.43092 -0.59702
v -0.10327 -0.61165 -0.15814
v -0.07120 -0.59034 -0.31471
v -0.08403 -0.59702 -0.27797
v -0.36078 -0.30490 -0.66115
v -0.23605 -0.41306 -0.56238
v -0.19803 -0.43847 -0.55864
v -0.12998 -0.47123 -0.55519
v -0.13096 -0.47379 -0.55087
v -0.14413 -0.60917 -0.03358
v -0.40911 -0.27515 -0.67049
v -0.06730 -0.52245 -0.49491
v -0.07249 -0.60925 -0.21980
v -0.04127 -0.57365 -0.38176
v -0.37987 -0.27501 -0.68475
v -0.37232 -0.28456 -0.67922
v -0.13318 -0.60972 0.00608
v -0.18351 -0.59057 0.03535
v -0.07455 -0.62300 -0.03661
v -0.01664 -0.54868 -0.45022
v -0.04242 -0.49503 -0.54831
v -0.05546 -0.51260 -0.51623
v -0.04585 -0.61845 -0.16989
v -0.23238 -0.33238 -0.66572
v -0.08086 -0.44070 -0.61546
v -0.13850 -0.42554 -0.61179
v -0.15057 -0.39630 -0.63901
v -0.17665 -0.36531 -0.65693
v -0.01781 -0.60505 -0.27121
v -0.01183 -0.59106 -0.33068
v -0.07996 -0.62099 -0.00322
v -0.02090 -0.62614 -0.08596
v -0.09554 -0.61355 0.03454
v 0.00300 -0.53749 -0.47539
v -0.03794 -0.45399 -0.60764
v -0.08940 -0.38795 -0.67219
v 0.01597 -0.57163 -0.39224
v -0.10866 -0.37111 -0.68269
v 0.04308 -0.59336 -0.31642
v -0.00784 -0.62428 -0.12439
v 0.01962 -0.51357 -0.52045
v -0.05041 -0.39638 -0.67248
v -0.19158 -0.29694 -0.71219
v -0.11307 -0.33306 -0.71604
v -0.06440 -0.34207 -0.72196
v 0.02137 -0.48209 -0.57092
v -0.13205 -0.59772 0.07060
v -0.01350 -0.41396 -0.65762
v -0.21014 -0.33617 -0.67028
v -0.24755 -0.27962 -0.70927
v -0.33506 -0.26161 -0.70672
v -0.48053 -0.32794 -0.25002
v 0.02370 -0.62638 -0.00184
v -0.00436 -0.62603 0.00625
v -0.13286 -0.27199 -0.75673
v -0.11443 -0.27627 -0.76066
v -0.47039 -0.29156 -0.29554
v -0.48908 -0.34269 -0.18569
v -0.21026 -0.56686 0.08793
v -0.28793 -0.53551 0.06462
v -0.30871 -0.51121 0.09719
v -0.37054 -0.48363 0.04321
v -0.41859 -0.43464 0.05459
v -0.44398 -0.41272 0.03424
v -0.23769 -0.54211 0.12088
v -0.49840 -0.34609 -0.08917
v -0.50382 -0.32446 -0.15479
v -0.49529 -0.31654 -0.22421
v -0.49041 -0.35749 -0.00195
v -0.16474 -0.57595 0.10979
v -0.21210 -0.56989 0.07580
v -0.00438 -0.61791 0.05531
v -0.47462 -0.26691 -0.42961
v -0.48066 -0.36564 0.02473
v -0.45537 -0.22904 -0.66596
v -0.42761 -0.23225 -0.68624
v -0.46201 -0.28813 -0.43244
v -0.37004 -0.46165 0.10256
v -0.47146 -0.27338 -0.40005
v -0.20657 -0.26084 -0.73269
v -0.08340 -0.59401 0.11405
v -0.04796 -0.30554 -0.75549
v -0.08586 -0.27206 -0.77228
v -0.04498 -0.31062 -0.75193
v 0.00336 -0.32801 -0.74098
v 0.00054 -0.37489 -0.69838
v -0.03354 -0.60331 0.10369
v -0.11161 -0.58263 0.12958
v -0.38938 -0.23347 -0.70484
v -0.14189 -0.23766 -0.77551
v -0.15810 -0.23885 -0.76754
v -0.21524 -0.19392 -0.76407
v -0.25531 -0.18708 -0.75093
v -0.11993 -0.23656 -0.78466
v -0.10771 -0.22721 -0.79417
v -0.08172 -0.21443 -0.80828
v -0.01560 -0.24584 -0.79994
v 0.02471 -0.25735 -0.79243
v -0.25218 -0.21590 -0.74238
v -0.13656 -0.17739 -0.80828
v -0.16023 -0.14952 -0.81076
v -0.31965 -0.22469 -0.72599
v -0.14194 -0.55308 0.17639
v -0.23297 -0.51845 0.17330
v -0.30339 -0.50613 0.11715
v -0.27534 -0.49300 0.17570
v -0.06377 -0.56980 0.17614
v -0.14413 -0.54337 0.19314
v -0.19668 -0.50770 0.21989
v -0.21890 -0.50710 0.20432
v -0.03327 -0.56624 0.18908
v 0.01295 -0.57829 0.16727
v -0.15020 -0.52016 0.22886
v -0.08168 -0.52062 0.25602
v -0.06476 -0.54657 0.21854
v -0.12619 -0.49966 0.27127
v -0.14914 -0.47649 0.29302
v -0.20252 -0.47517 0.26332
v -0.23494 -0.11433 -0.78083
v -0.18987 -0.09120 -0.81390
v -0.08509 -0.49496 0.29278
v -0.23352 -0.15357 -0.77002
v 0.11526 -0.61322 -0.11879
v 0.05553 -0.62189 -0.12259
v 0.07207 -0.61184 -0.20463
v 0.10108 -0.61793 -0.08429
v 0.14109 -0.61100 -0.03043
v 0.17522 -0.60045 -0.07298
v 0.15976 -0.59968 -0.14944
v 0.12710 -0.59700 -0.23476
v 0.07854 -0.60993 -0.21199
v 0.21268 -0.58527 -0.10904
v 0.21015 -0.58132 -0.16001
v 0.20155 -0.57112 -0.24497
v 0.21416 -0.57851 -0.16981
v 0.12666 -0.58797 -0.28105
v 0.15667 -0.56926 -0.32117
v 0.09962 -0.58224 -0.32834
v 0.04052 -0.60870 -0.24606
v 0.13836 -0.54931 -0.39934
v 0.18919 -0.55049 -0.34420
v 0.26095 -0.55686 -0.17262
v 0.27100 -0.55913 -0.10800
v 0.26963 -0.56316 -0.04487
v 0.25451 -0.54047 -0.26400
v 0.19496 -0.58954 0.02802
v 0.23866 -0.57399 0.01665
v 0.23520 -0.53770 -0.30798
v 0.23307 -0.52705 -0.35358
v 0.17255 -0.52647 -0.42673
v 0.31471 -0.51368 -0.23303
v 0.31425 -0.53598 -0.09097
v 0.32450 -0.52190 -0.15891
v 0.28570 -0.55298 -0.00114
v 0.26417 -0.52033 -0.30298
v 0.06961 -0.55057 -0.43500
v 0.08816 -0.53038 -0.47280
v 0.15523 -0.51467 -0.46665
v 0.34660 -0.49385 -0.22207
v 0.36050 -0.50477 -0.08286
v 0.35795 -0.49946 -0.14971
v 0.37992 -0.49107 -0.04233
v 0.35188 -0.51221 -0.01683
v 0.38428 -0.46262 -0.22230
v 0.31698 -0.48090 -0.29737
v 0.28440 -0.49001 -0.37261
v 0.23644 -0.49586 -0.42730
v 0.28148 -0.47925 -0.40258
v 0.34890 -0.44617 -0.35679
v 0.17460 -0.48784 -0.50281
v 0.31018 -0.49352 -0.28272
v 0.24565 -0.46662 -0.47401
v 0.22276 -0.45704 -0.51356
v 0.37254 -0.46311 -0.24869
v 0.32783 -0.43675 -0.41660
v 0.28320 -0.44924 -0.45923
v 0.39391 -0.46914 -0.15277
v 0.42049 -0.44061 -0.16788
v 0.38787 -0.48293 -0.07903
v 0.42468 -0.44709 -0.09549
v 0.28443 -0.43397 -0.48344
v 0.28173 -0.40991 -0.52765
v 0.32728 -0.39382 -0.50120
v 0.33418 -0.37900 -0.52574
v 0.37804 -0.38468 -0.42637
v 0.37319 -0.40872 -0.38785
v 0.37040 -0.37537 -0.46772
v 0.36953 -0.36514 -0.50201
v 0.38647 -0.34473 -0.54378
v 0.34656 -0.35422 -0.57467
v 0.42626 -0.31510 -0.58331
v 0.39435 -0.32497 -0.60310
v 0.39200 -0.31668 -0.62464
v 0.27968 -0.36913 -0.59891
v 0.44822 -0.30635 -0.50214
v 0.46554 -0.29077 -0.55670
v 0.40880 -0.34405 -0.46269
v 0.46008 -0.29040 -0.58441
v 0.24910 -0.40272 -0.56991
v 0.38917 -0.30573 -0.64556
v 0.45390 -0.28216 -0.61720
v 0.43346 -0.27932 -0.64614
v 0.35523 -0.32389 -0.63585
v 0.30650 -0.34463 -0.62387
v 0.18835 -0.43768 -0.56967
v 0.37244 -0.43158 -0.29110
v 0.41075 -0.42511 -0.25014
v 0.41944 -0.42200 -0.23811
v 0.41336 -0.43714 -0.21302
v 0.39583 -0.40010 -0.35295
v 0.42555 -0.44160 -0.13292
v 0.47946 -0.27383 -0.56868
v 0.24009 -0.38773 -0.59783
v 0.14177 -0.40970 -0.63076
v 0.14388 -0.43144 -0.60405
v 0.12751 -0.45927 -0.57532
v 0.11780 -0.47642 -0.55488
v 0.05800 -0.49383 -0.54780
v 0.40576 -0.38385 -0.36399
v 0.47575 -0.25945 -0.61262
v 0.40532 -0.35159 -0.44422
v 0.42839 -0.32902 -0.43621
v 0.44760 -0.41166 -0.16088
v 0.38125 -0.48848 -0.00901
v 0.39960 -0.39934 -0.29578
v 0.45186 -0.41278 -0.12692
v 0.44584 -0.30909 -0.42461
v 0.43906 -0.43455 -0.03890
v 0.43513 -0.43874 -0.03148
v 0.47405 -0.28102 -0.51492
v 0.45786 -0.37574 -0.23445
v 0.46888 -0.37084 -0.20634
v 0.43956 -0.38543 -0.25769
v 0.45220 -0.30523 -0.39724
v 0.38822 -0.48020 0.00805
v 0.30536 -0.53442 0.04084
v 0.21239 -0.34096 -0.66711
v 0.28844 -0.32600 -0.65766
v 0.16139 -0.38825 -0.64439
v 0.13697 -0.36088 -0.68314
v 0.47685 -0.38689 -0.05533
v 0.38704 -0.26970 -0.68459
v 0.06586 -0.44903 -0.60963
v 0.45135 -0.24705 -0.65702
v 0.34751 -0.28109 -0.68951
v 0.34745 -0.49771 0.06861
v 0.11259 -0.61133 0.03303
v 0.11673 -0.61369 0.01155
v 0.06825 -0.62405 -0.04667
v 0.23133 -0.56787 0.06145
v 0.05055 -0.62455 -0.00029
v 0.25333 -0.54699 0.09510
v 0.44779 -0.42116 -0.00042
v 0.49150 -0.36127 -0.09946
v 0.49791 -0.34054 -0.15035
v 0.49138 -0.34476 -0.17580
v 0.46986 -0.27211 -0.43833
v 0.43190 -0.35401 -0.30690
v 0.43720 -0.35723 -0.28738
v 0.46943 -0.34090 -0.25790
v 0.46627 -0.29252 -0.36093
v 0.41244 -0.25570 -0.68120
v 0.49238 -0.25478 -0.51793
v 0.49850 -0.24479 -0.55445
v 0.11342 -0.40572 -0.64690
v 0.04059 -0.41631 -0.65292
v 0.09226 -0.36175 -0.69810
v 0.14764 -0.58883 0.09083
v 0.38993 -0.47018 0.04466
v 0.38130 -0.47719 0.04684
v 0.34572 -0.49131 0.08917
v 0.44763 -0.33016 -0.30323
v 0.45863 -0.30938 -0.30746
v 0.30087 -0.51967 0.09648
v 0.49842 -0.30904 -0.22940
v 0.42991 -0.42423 0.06044
v 0.11164 -0.59955 0.08368
v 0.22301 -0.55837 0.10264
v 0.47170 -0.38675 0.01534
v 0.17829 -0.31002 -0.70896
v 0.13603 -0.29932 -0.73671
v 0.12422 -0.32838 -0.71750
v 0.21322 -0.31086 -0.69481
v 0.22592 -0.27543 -0.71822
v 0.48375 -0.24030 -0.42796
v 0.47339 -0.29096 -0.28969
v 0.08345 -0.34321 -0.71739
v 0.05108 -0.35328 -0.71488
v 0.24187 -0.27773 -0.71262
v 0.11740 -0.28811 -0.75228
v 0.49450 -0.29335 -0.25689
v 0.32417 -0.48294 0.14018
v 0.15034 -0.56706 0.14509
v 0.08018 -0.60261 0.09164
v 0.38715 -0.45400 0.09363
v 0.51372 -0.32552 -0.04156
v 0.20411 -0.54548 0.15083
v 0.23656 -0.54136 0.12895
v 0.14531 -0.57207 0.13706
v 0.41490 -0.42767 0.08985
v 0.06254 -0.28177 -0.77132
v 0.18917 -0.26810 -0.73566
v 0.39753 -0.43807 0.10514
v 0.34829 -0.26210 -0.70231
v 0.11186 -0.25260 -0.77848
v 0.21355 -0.23232 -0.74694
v 0.13552 -0.21062 -0.79421
v 0.52034 -0.30052 -0.12932
v 0.52479 -0.29966 -0.07816
v 0.36569 -0.45761 0.12489
v 0.24359 -0.51242 0.17785
v 0.29184 -0.48273 0.17893
v 0.08435 -0.57127 0.16804
v 0.07335 -0.58275 0.14693
v 0.03394 -0.58380 0.15349
v 0.28478 -0.24778 -0.72156
v 0.25945 -0.48972 0.20004
v 0.13885 -0.52968 0.22101
v 0.18430 -0.51284 0.22238
v 0.07099 -0.53159 0.24249
v 0.22474 -0.48604 0.23427
v 0.06775 -0.54322 0.22425
v 0.12200 -0.51450 0.25236
v 0.00820 -0.53951 0.23807
v 0.13781 -0.48679 0.28566
v 0.15851 -0.48108 0.28340
v 0.21256 -0.46175 0.27629
v 0.18924 -0.45930 0.29486
v 0.09372 -0.48325 0.30741
v 0.06368 -0.49623 0.29706
v 0.12489 -0.46674 0.31844
v -0.00436 -0.49499 0.30524
v -0.04209 -0.51907 0.26695
v 0.06779 -0.42722 0.38761
v 0.10382 -0.41161 0.39647
v 0.03598 -0.44866 0.36573
v -0.00393 -0.47933 0.32698
v 0.12534 -0.41503 0.38385
v 0.05922 -0.33938 0.49713
v 0.02552 -0.37249 0.46213
v 0.01418 -0.29592 0.55722
v 0.05699 -0.30453 0.54001
v 0.01459 -0.24741 0.61772
v 0.06556 -0.26042 0.59133
v 0.05304 -0.20187 0.66700
v 0.04027 -0.20822 0.66277
v -0.03648 -0.47373 0.33222
v -0.07355 -0.46761 0.33343
v -0.01513 -0.45096 0.36430
v -0.01571 -0.39596 0.43374
v 0.00151 -0.19310 0.68645
v 0.01439 -0.14469 0.74517
v 0.07823 -0.14229 0.72597
v 0.05568 -0.13614 0.74418
v 0.03053 -0.11790 0.77298
v -0.03019 -0.21457 0.65641
v -0.02724 -0.30823 0.54049
v -0.05521 -0.43433 0.38067
v -0.04238 -0.38931 0.43899
v -0.03678 -0.16699 0.71355
v -0.01583 -0.18103 0.70046
v -0.05174 -0.32213 0.51909
v -0.04171 -0.25721 0.60099
v -0.06062 -0.27496 0.57417
v -0.00693 -0.10442 0.79066
v -0.04493 -0.13563 0.74784
v -0.09044 -0.40207 0.41168
v -0.10587 -0.45349 0.34208
v -0.06916 -0.37065 0.45605
v -0.08870 -0.35337 0.47080
v -0.06828 -0.21285 0.64684
v -0.06830 -0.16007 0.70949
v -0.11279 -0.26208 0.56705
v -0.11413 -0.29328 0.53045
v -0.15233 -0.40842 0.37762
v -0.11621 -0.39916 0.40570
v -0.13085 -0.36170 0.44331
v -0.17717 -0.43155 0.33564
v -0.20478 -0.44977 0.29532
v -0.07683 -0.10480 0.76452
v -0.03713 -0.08879 0.79992
v 0.00018 -0.05025 0.83859
v 0.43118 -0.03493 0.35615
v 0.44858 0.01957 0.33170
v 0.40139 -0.02056 0.40296
v 0.39567 0.02656 0.41329
v 0.47431 0.01222 0.28915
v 0.48287 -0.00978 0.27394
v 0.47279 -0.03245 0.28948
v 0.43952 -0.04947 0.34088
v 0.35370 0.02194 0.47533
v 0.38392 0.03069 0.43064
v 0.42084 0.06559 0.37083
v 0.44795 0.05668 0.32932
v 0.37155 0.06592 0.44526
v 0.39749 0.07362 0.40508
v 0.40937 0.07971 0.38575
v 0.34803 0.05421 0.48160
v 0.29318 0.03353 0.56348
v 0.34136 0.02434 0.49332
v 0.30837 -0.01943 0.53734
v 0.26200 0.01747 0.60896
v 0.24988 0.07861 0.62197
v 0.19146 0.04298 0.71334
v 0.23594 0.01910 0.64741
v 0.38766 -0.06483 0.41487
v 0.24668 -0.02431 0.62407
v 0.20473 -0.01255 0.68696
v 0.45283 -0.08042 0.31288
v 0.48496 -0.05859 0.26422
v 0.34906 -0.05743 0.47148
v 0.49966 -0.05761 0.23753
v 0.50807 -0.03598 0.22484
v 0.42903 -0.09455 0.34556
v 0.51616 0.00633 0.21088
v 0.51675 -0.00742 0.20953
v 0.16527 -0.02727 0.73537
v 0.14755 0.03783 0.77371
v 0.27925 -0.06035 0.56704
v 0.24572 -0.06609 0.61024
v 0.49457 -0.08905 0.23919
v 0.47593 -0.10026 0.26880
v 0.12656 -0.00941 0.78948
v 0.47125 -0.11730 0.27064
v 0.45624 -0.09788 0.30220
v 0.43339 -0.11988 0.32984
v 0.39549 -0.10632 0.39049
v 0.36292 -0.10163 0.43767
v 0.51182 -0.08926 0.20557
v 0.17365 0.07636 0.73416
v 0.50716 0.05326 0.22479
v 0.48766 0.06174 0.26047
v 0.46938 0.08153 0.28862
v 0.32586 0.08769 0.50793
v 0.28194 0.09741 0.56954
v 0.22516 0.08955 0.65570
v 0.53407 -0.02285 0.17007
v 0.24304 0.10748 0.62320
v 0.52592 0.02159 0.18916
v 0.44818 0.10274 0.31845
v 0.51935 0.06128 0.19788
v 0.50824 -0.14628 0.18967
v 0.49127 -0.14910 0.22133
v 0.52203 -0.11477 0.17428
v 0.52824 -0.06011 0.17787
v 0.54467 -0.05260 0.13845
v 0.53380 -0.09197 0.15529
v 0.19044 -0.05562 0.68889
v 0.45675 -0.15972 0.27546
v 0.43030 -0.14310 0.32448
v 0.47243 -0.16373 0.24737
v 0.32523 -0.09996 0.48927
v 0.39134 -0.15277 0.37563
v 0.10477 0.05828 0.82092
v 0.10250 0.00830 0.81962
v 0.49986 -0.19464 0.18000
v 0.47918 -0.20187 0.21407
v 0.40822 -0.17709 0.33897
v 0.52692 -0.17831 0.13011
v 0.42642 -0.20016 0.29902
v 0.44795 -0.18121 0.27773
v 0.32439 -0.14486 0.46812
v 0.37111 -0.16838 0.39452
v 0.30754 -0.12837 0.49864
v 0.23938 -0.10512 0.59801
v 0.47202 -0.22143 0.21407
v 0.45272 -0.22476 0.24345
v 0.53839 -0.12469 0.12978
v 0.54244 -0.10417 0.12779
v 0.49750 -0.23433 0.15811
v 0.47986 -0.25743 0.17466
v 0.35328 -0.16692 0.41861
v 0.23158 -0.10810 0.60592
v 0.38740 -0.21004 0.34725
v 0.51180 -0.24748 0.11582
v 0.54301 -0.14896 0.10367
v 0.45913 -0.27358 0.19794
v 0.49754 -0.24534 0.14966
v 0.40195 -0.25531 0.29564
v 0.42756 -0.25040 0.26362
v 0.44311 -0.28206 0.21658
v 0.28222 -0.15529 0.51403
v 0.16052 -0.07967 0.71105
v 0.12251 -0.06114 0.76583
v 0.35168 -0.21723 0.38821
v 0.36955 -0.25000 0.34175
v 0.30167 -0.19829 0.46146
v 0.39337 -0.24734 0.31300
v 0.48317 -0.29050 0.13990
v 0.45971 -0.30007 0.17449
v 0.18981 -0.10902 0.65566
v 0.43068 -0.28756 0.23071
v 0.39064 -0.25929 0.30764
v 0.24288 -0.15776 0.55850
v 0.10136 -0.04643 0.79588
v 0.36481 -0.24751 0.34960
v 0.40898 -0.30197 0.24926
v 0.43191 -0.32683 0.19427
v 0.21008 -0.14160 0.60785
v 0.32610 -0.23363 0.40684
v 0.37265 -0.28920 0.30668
v 0.47303 -0.32487 0.12445
v 0.51503 -0.27625 0.07740
v 0.52936 -0.23365 0.07994
v 0.28830 -0.24192 0.44249
v 0.43945 -0.34444 0.16443
v 0.53033 -0.24855 0.06018
v 0.41781 -0.33939 0.20287
v 0.40509 -0.32194 0.23702
v 0.38229 -0.32299 0.26559
v 0.45248 -0.35601 0.12766
v 0.32203 -0.28526 0.36902
v 0.48772 -0.33202 0.08029
v 0.47166 -0.35395 0.08865
v 0.34343 -0.27493 0.35350
v 0.23575 -0.18792 0.54287
v 0.24308 -0.22294 0.50566
v 0.55295 -0.18440 0.03866
v 0.55217 -0.14744 0.07378
v 0.53943 -0.22720 0.05070
v 0.55873 -0.08956 0.08145
v 0.54804 0.00894 0.13470
v 0.42116 -0.36134 0.17485
v 0.35500 -0.31075 0.30933
v 0.32760 -0.31092 0.34005
v 0.06539 -0.00977 0.84195
v 0.39409 -0.35432 0.22060
v 0.38048 -0.34829 0.24407
v 0.39100 -0.36705 0.21143
v 0.34718 -0.33683 0.29441
v 0.36826 -0.35940 0.24797
v 0.26050 -0.24699 0.46707
v 0.15775 -0.13081 0.67295
v 0.17392 -0.15692 0.63331
v 0.20413 -0.18018 0.58230
v 0.15455 -0.11808 0.68736
v 0.12539 -0.11678 0.71696
v 0.43209 -0.38980 0.12010
v 0.56007 -0.13003 0.05303
v 0.56319 -0.04214 0.08077
v 0.56253 -0.03487 0.08494
v 0.54000 0.04459 0.15242
v 0.50164 -0.33030 0.03723
v 0.47956 -0.35165 0.07124
v 0.55968 0.01130 0.09817
v 0.55817 0.02804 0.10162
v 0.41475 -0.40170 0.13396
v 0.27103 -0.27424 0.43223
v 0.28000 -0.30142 0.39827
v 0.29790 -0.31692 0.36571
v 0.40025 -0.40035 0.15917
v 0.44889 -0.39459 0.07486
v 0.36795 -0.40396 0.19922
v 0.36079 -0.38660 0.22810
v 0.32956 -0.35851 0.29258
v 0.35506 -0.36186 0.26100
v 0.35135 -0.37033 0.25655
v 0.11502 -0.11184 0.73081
v 0.10889 -0.10627 0.74128
v 0.38216 -0.39947 0.18613
v 0.38629 -0.41167 0.16471
v 0.08697 -0.08550 0.77760
v 0.23258 -0.24039 0.50038
v 0.22335 -0.26226 0.48834
v 0.29886 -0.35918 0.32324
v 0.20411 -0.22634 0.54007
v 0.17865 -0.20113 0.58728
v 0.53972 -0.25529 0.00160
v 0.50908 -0.32670 0.00922
v 0.29114 -0.34176 0.34829
v 0.34227 -0.39410 0.24114
v 0.24527 -0.29953 0.43267
v 0.25685 -0.31259 0.40943
v 0.35512 -0.40836 0.20973
v 0.31141 -0.37851 0.29072
v 0.32773 -0.40720 0.24213
v 0.47170 -0.38675 0.01534
v 0.49746 -0.34377 0.02298
v 0.41490 -0.42767 0.08985
v 0.39753 -0.43807 0.10514
v 0.13943 -0.17117 0.65110
v 0.42781 -0.41080 0.09411
v 0.42991 -0.42423 0.06044
v 0.05050 -0.03394 0.83792
v 0.25132 -0.34264 0.38402
v 0.26566 -0.35962 0.35375
v 0.15004 -0.20109 0.61159
v 0.34164 -0.44277 0.18134
v 0.36730 -0.43952 0.15217
v 0.36569 -0.45761 0.12489
v 0.18875 -0.21694 0.56292
v 0.28955 -0.38347 0.30665
v 0.31287 -0.43867 0.21935
v 0.55647 -0.19859 -0.00857
v 0.27917 -0.40021 0.29778
v 0.28698 -0.42638 0.26019
v 0.29115 -0.43874 0.24100
v 0.17374 -0.24548 0.54681
v 0.18451 -0.27521 0.50759
v 0.19566 -0.28896 0.48473
v 0.20866 -0.31925 0.44317
v 0.23214 -0.35173 0.39050
v 0.56923 -0.09744 0.02619
v 0.51240 0.08964 0.20518
v 0.12788 0.09785 0.78589
v 0.48847 0.11149 0.24527
v 0.47733 0.11346 0.26501
v 0.53183 0.09032 0.16071
v 0.38351 0.11865 0.41382
v 0.39966 0.11436 0.39100
v 0.44138 0.13229 0.31913
v 0.42940 0.13489 0.33733
v 0.03819 0.01744 0.86266
v 0.05146 -0.07774 0.80548
v 0.47055 0.13021 0.27061
v 0.55922 0.03227 0.09729
v 0.54827 0.09907 0.11142
v 0.56878 -0.01329 0.06157
v 0.57546 -0.06664 -0.00574
v 0.57381 -0.02368 0.03224
v 0.50639 0.12130 0.20600
v 0.49788 0.12698 0.22089
v 0.35418 0.12790 0.45364
v 0.27544 0.15667 0.55306
v 0.55762 0.08776 0.08471
v 0.47154 0.15844 0.25568
v 0.52468 0.13092 0.16033
v 0.52849 0.11304 0.15970
v 0.53887 0.11775 0.13004
v 0.33101 0.14776 0.47862
v 0.56833 0.04088 0.05819
v 0.56761 0.06495 0.05237
v 0.17336 0.10150 0.72622
v 0.18881 0.13525 0.68756
v 0.47945 0.17423 0.23234
v 0.48660 0.16262 0.22531
v 0.49609 0.16065 0.20755
v 0.40549 0.16180 0.36245
v 0.42463 0.18328 0.32125
v 0.43202 0.17168 0.31584
v 0.37992 0.15450 0.40437
v 0.38665 0.16600 0.38872
v 0.50583 0.16032 0.18724
v 0.09452 0.09010 0.82262
v 0.30161 0.15622 0.51631
v 0.24551 0.13610 0.60674
v 0.20915 0.12292 0.66568
v 0.32718 0.15591 0.48011
v 0.36089 0.17000 0.42441
v 0.56496 0.09466 0.04798
v 0.54161 0.15184 0.09965
v 0.52186 0.17367 0.14046
v 0.57781 -0.00090 -0.00030
v 0.57272 0.04762 0.03072
v 0.57775 0.01045 -0.00065
v 0.51372 -0.32552 -0.04156
v 0.55650 0.12886 0.06164
v 0.52644 0.19287 0.11177
v 0.45579 0.20055 0.25893
v 0.44228 0.21201 0.27445
v 0.55920 -0.19179 -0.03736
v 0.57112 -0.11926 -0.02384
v 0.57082 -0.06729 0.03469
v 0.50590 0.19300 0.16500
v 0.34382 0.19024 0.43726
v 0.49263 0.20920 0.18201
v 0.47704 0.21203 0.21172
v 0.45891 0.22032 0.23957
v 0.57543 0.05107 0.00533
v 0.40874 0.21014 0.32958
v 0.40077 0.19894 0.34892
v 0.56236 0.12004 0.03997
v 0.04896 0.08404 0.85457
v 0.56945 0.10219 0.00866
v 0.37941 0.21327 0.37146
v 0.37059 0.19833 0.39397
v 0.55489 0.14929 0.04870
v 0.54651 0.16651 0.06825
v 0.54145 -0.25540 -0.07486
v 0.52479 -0.29966 -0.07816
v 0.51597 0.21844 0.11702
v 0.42104 0.23670 0.29152
v 0.51164 0.23015 0.11683
v 0.23385 0.17134 0.60188
v 0.55960 0.14777 0.02163
v 0.23468 0.18884 0.58811
v 0.27958 0.20962 0.51250
v 0.32728 0.19869 0.45510
v 0.54162 0.19505 0.05444
v 0.15400 0.15477 0.72004
v 0.33382 0.22486 0.42791
v 0.29842 0.22097 0.47878
v 0.49052 0.24424 0.15573
v 0.57066 -0.12145 -0.05193
v 0.47533 0.25888 0.17480
v 0.45740 0.25849 0.21091
v 0.43411 0.26246 0.24905
v 0.53072 0.22569 0.05748
v 0.38893 0.25122 0.32970
v 0.37872 0.24423 0.35016
v 0.34795 0.24432 0.39367
v 0.42544 0.26253 0.26352
v 0.40469 0.26850 0.29154
v 0.12473 0.14929 0.75846
v 0.51012 0.25634 0.08916
v 0.52348 0.23907 0.06672
v 0.16993 0.18322 0.67670
v 0.49190 0.26900 0.12521
v 0.49827 0.27573 0.09865
v 0.57673 0.05388 -0.03074
v 0.57853 0.00733 -0.04442
v 0.57481 -0.05124 -0.08883
v 0.46727 0.27481 0.17546
v 0.47357 0.29444 0.13902
v 0.56554 0.13483 -0.01990
v 0.55813 0.16321 0.00155
v 0.57626 0.05792 -0.03993
v 0.55425 0.17955 -0.00287
v 0.54385 0.19920 0.03614
v 0.43903 0.28100 0.22342
v 0.55852 -0.17378 -0.12080
v 0.56726 -0.12797 -0.10119
v 0.54468 -0.23442 -0.11954
v 0.10069 0.13980 0.78978
v 0.08159 0.12842 0.81361
v 0.47685 -0.38689 -0.05533
v 0.44192 0.30805 0.18973
v 0.45117 0.31858 0.15848
v 0.44617 0.31907 0.16826
v 0.35511 0.27153 0.36132
v 0.39586 0.28317 0.29209
v 0.37096 0.30056 0.31256
v 0.56993 0.10280 -0.06598
v 0.40394 0.30678 0.25686
v 0.41764 0.31063 0.23045
v 0.32027 0.27673 0.40360
v 0.30033 0.25864 0.44554
v 0.25591 0.26123 0.49900
v 0.18843 0.20842 0.63099
v 0.20714 0.23408 0.58387
v 0.50267 0.29590 0.04668
v 0.52198 0.26332 0.02428
v 0.46911 0.32511 0.10662
v 0.48213 0.32049 0.07555
v 0.35220 0.30063 0.33876
v 0.41028 0.34048 0.20918
v 0.36717 0.31810 0.30056
v 0.38614 0.32796 0.26234
v 0.31243 0.31455 0.37727
v 0.43760 0.34286 0.15463
v 0.43417 0.34013 0.16539
v 0.40301 0.35940 0.19801
v 0.37391 0.34912 0.25703
v 0.36940 0.37005 0.23846
v 0.27565 0.28015 0.45685
v 0.29558 0.31162 0.40120
v 0.34882 0.33872 0.30433
v 0.38715 -0.45400 0.09363
v 0.24735 -0.39101 0.33543
v 0.11516 0.18644 0.73480
v 0.12361 -0.17329 0.66147
v 0.31684 -0.46661 0.17607
v 0.32417 -0.48294 0.14018
v 0.07823 -0.14229 0.72597
v 0.07431 -0.11720 0.75531
v 0.24675 -0.42784 0.29326
v 0.29184 -0.48273 0.17893
v 0.26858 -0.46333 0.22972
v 0.18240 -0.32737 0.45356
v 0.14990 -0.26669 0.54148
v 0.20730 -0.36320 0.39704
v 0.20923 -0.40913 0.34352
v 0.10782 -0.21158 0.62981
v 0.09784 -0.18409 0.66716
v 0.04305 0.12569 0.83742
v 0.25945 -0.48972 0.20004
v 0.13538 -0.25543 0.56335
v 0.22474 -0.48604 0.23427
v 0.21256 -0.46175 0.27629
v 0.14927 -0.37642 0.41840
v 0.16430 -0.35180 0.43809
v 0.17138 -0.39704 0.38204
v 0.12619 -0.33205 0.48140
v 0.18789 -0.42949 0.33323
v 0.18924 -0.45930 0.29486
v 0.12129 -0.28333 0.53999
v 0.14267 -0.30749 0.50062
v 0.16408 -0.41601 0.36362
v -0.00241 0.04956 0.87109
v 0.05568 -0.13614 0.74418
v 0.09329 -0.25277 0.58958
v 0.12534 -0.41503 0.38385
v 0.05304 -0.20187 0.66700
v 0.03053 -0.11790 0.77298
v -0.00495 0.00338 0.86524
v 0.15851 -0.48108 0.28340
v 0.12489 -0.46674 0.31844
v 0.08842 -0.29572 0.54066
v 0.06556 -0.26042 0.59133
v 0.00018 -0.05025 0.83859
v -0.00693 -0.10442 0.79066
v 0.05922 -0.33938 0.49713
v 0.10382 -0.41161 0.39647
v 0.05699 -0.30453 0.54001
v 0.08060 -0.29326 0.54651
v 0.00705 0.09738 0.86010
v 0.47008 0.05426 -0.49252
v 0.48647 -0.00520 -0.46206
v 0.45645 -0.01806 -0.52934
v 0.48787 0.06024 -0.45118
v 0.46912 0.07750 -0.48861
v 0.43827 -0.00210 -0.56116
v 0.43067 0.06363 -0.56550
v 0.44020 0.09406 -0.54024
v 0.47080 -0.05386 -0.50901
v 0.43075 -0.03559 -0.58603
v 0.45199 0.12355 -0.50600
v 0.41087 0.09040 -0.59110
v 0.39473 0.05775 -0.62326
v 0.39126 -0.00334 -0.63505
v 0.37885 0.03293 -0.64887
v 0.38595 -0.03602 -0.64950
v 0.47904 0.13757 -0.43980
v 0.45124 -0.04830 -0.55443
v 0.41207 0.17067 -0.55357
v 0.40027 0.14484 -0.58642
v 0.40329 0.11342 -0.59516
v 0.43767 0.17030 -0.50797
v 0.50034 0.13426 -0.38663
v 0.45536 0.17398 -0.46970
v 0.47153 0.17493 -0.43250
v 0.51685 0.06567 -0.37154
v 0.51588 0.07960 -0.36923
v 0.51847 0.01646 -0.37706
v 0.50385 -0.01448 -0.41868
v 0.51543 0.10905 -0.35258
v 0.45609 0.19820 -0.44950
v 0.44761 0.20599 -0.46146
v 0.43739 0.20974 -0.47951
v 0.34804 0.08264 -0.67919
v 0.36882 0.10712 -0.64631
v 0.37734 0.16011 -0.61264
v 0.38637 0.17026 -0.59420
v 0.42584 0.20669 -0.50446
v 0.40547 0.21692 -0.53292
v 0.48828 0.20438 -0.35991
v 0.49366 0.18775 -0.36116
v 0.49815 0.18151 -0.34967
v 0.37686 0.19873 -0.59085
v 0.47090 0.22265 -0.39074
v 0.46635 0.21731 -0.40789
v 0.44243 0.26400 -0.41427
v 0.42652 0.23480 -0.47912
v 0.42731 0.26004 -0.45212
v 0.34144 0.15495 -0.66164
v 0.46197 -0.08436 -0.56587
v 0.43082 -0.06223 -0.60356
v 0.41283 -0.07304 -0.63645
v 0.47421 -0.08649 -0.53082
v 0.34395 0.03037 -0.69257
v 0.34265 0.18397 -0.64534
v 0.37713 0.24433 -0.55640
v 0.40029 0.25810 -0.50588
v 0.34641 0.22167 -0.61690
v 0.40837 0.27350 -0.47523
v 0.39093 0.28970 -0.48944
v 0.38020 0.28268 -0.51542
v 0.45384 0.28164 -0.36031
v 0.48563 -0.10047 -0.49883
v 0.48889 -0.06329 -0.45609
v 0.52267 0.01087 -0.36337
v 0.44160 0.28446 -0.39010
v 0.31864 0.17831 -0.67622
v 0.39946 -0.07185 -0.65065
v 0.31356 0.04521 -0.72392
v 0.28568 0.14500 -0.72476
v 0.31195 0.10724 -0.71237
v 0.33458 -0.05306 -0.70606
v 0.36023 0.26672 -0.56188
v 0.33229 0.26783 -0.59879
v 0.41160 0.29347 -0.44564
v 0.30209 0.21122 -0.67512
v 0.31983 0.24803 -0.63013
v 0.30817 0.23953 -0.64966
v 0.39971 -0.09230 -0.66302
v 0.28310 0.17821 -0.71224
v 0.27985 0.09590 -0.74618
v 0.43591 0.29774 -0.38549
v 0.41561 0.31335 -0.41069
v 0.38591 0.33615 -0.43982
v 0.34637 0.29520 -0.55423
v 0.36713 0.30426 -0.51329
v 0.35643 0.33453 -0.49412
v 0.46614 -0.13395 -0.62238
v 0.43938 -0.09854 -0.62486
v 0.43603 0.30725 -0.37044
v 0.48087 -0.14609 -0.60813
v 0.47475 -0.17459 -0.63879
v 0.49835 -0.18080 -0.59490
v 0.47792 -0.21550 -0.63883
v 0.44299 -0.14248 -0.65787
v 0.49737 -0.15227 -0.56529
v 0.44449 -0.18044 -0.67313
v 0.50087 -0.21830 -0.58858
v 0.35568 0.31565 -0.51829
v 0.26436 0.10598 -0.75672
v 0.26890 0.21967 -0.70202
v 0.29374 0.28414 -0.62966
v 0.41320 0.34679 -0.36131
v 0.39313 0.34527 -0.41157
v 0.45930 0.27735 -0.34431
v 0.31378 0.32951 -0.56115
v 0.30541 0.32216 -0.57954
v 0.42415 -0.14714 -0.67657
v 0.50640 -0.17694 -0.54683
v 0.24950 0.25637 -0.69409
v 0.26038 0.28713 -0.66024
v 0.44595 -0.21693 -0.67322
v 0.23322 0.20921 -0.73751
v 0.24958 0.16765 -0.74610
v 0.24842 0.08825 -0.77392
v 0.26063 0.03357 -0.77307
v 0.21642 0.15159 -0.77694
v 0.27100 0.31544 -0.62419
v 0.25925 0.00221 -0.77566
v 0.49268 0.20064 -0.34152
v 0.19961 0.11569 -0.79982
v 0.37708 -0.11274 -0.69116
v 0.34809 -0.07667 -0.69870
v 0.29919 -0.09366 -0.73646
v 0.50114 -0.06734 -0.41773
v 0.52225 -0.07108 -0.34977
v 0.48949 -0.10313 -0.47552
v 0.49609 -0.13350 -0.45246
v 0.24457 -0.02989 -0.78588
v 0.50200 -0.16127 -0.38672
v 0.24309 0.30456 -0.66028
v 0.21621 0.27800 -0.70370
v 0.39926 -0.17287 -0.70056
v 0.43519 -0.21212 -0.68208
v 0.19260 0.27350 -0.72303
v 0.18270 0.24176 -0.75109
v 0.18865 0.26775 -0.72972
v 0.19196 0.06106 -0.81635
v 0.17653 0.20967 -0.77360
v 0.15980 0.09529 -0.82618
v 0.21040 -0.01015 -0.81003
v 0.33445 -0.13209 -0.72022
v 0.18202 0.01409 -0.82612
v 0.15455 0.16230 -0.80709
v 0.12547 0.20940 -0.79696
v 0.16958 0.22345 -0.76950
v 0.24003 -0.06088 -0.78580
v 0.16944 0.03662 -0.83108
v 0.52300 0.05488 -0.32307
v 0.45135 -0.24705 -0.65702
v 0.11067 0.12835 -0.83612
v 0.14336 0.25527 -0.76216
v 0.14484 0.29527 -0.73212
v 0.13267 0.34459 -0.69406
v 0.49731 -0.11481 -0.43008
v 0.16765 -0.06297 -0.82904
v 0.25116 -0.10328 -0.76918
v 0.14240 0.02196 -0.84413
v 0.19745 -0.09104 -0.80808
v 0.28917 -0.12772 -0.74209
v 0.32347 -0.17770 -0.72884
v 0.40219 -0.19234 -0.70166
v 0.36654 -0.20056 -0.71579
v 0.41629 -0.23263 -0.68949
v 0.20208 0.31856 -0.67926
v 0.18489 0.33015 -0.67984
v 0.49650 -0.18636 -0.43604
v 0.47575 -0.25945 -0.61262
v 0.23264 -0.16231 -0.76578
v 0.51896 0.09239 -0.29763
v 0.50130 0.16779 -0.30391
v 0.51028 0.16061 -0.28495
v 0.53779 0.12523 -0.25244
v 0.52659 0.19489 -0.23349
v 0.51608 0.21493 -0.24527
v 0.49188 0.21098 -0.28933
v 0.52502 0.06519 -0.29062
v 0.52944 0.05602 -0.28380
v 0.54668 0.10334 -0.23870
v 0.55230 0.02967 -0.24470
v 0.52425 -0.03788 -0.32158
v 0.52694 -0.01361 -0.29409
v 0.53814 0.16518 -0.22088
v 0.52301 -0.09192 -0.29140
v 0.55307 -0.03043 -0.24291
v 0.54420 -0.12453 -0.24666
v 0.52413 -0.14321 -0.27749
v 0.50019 -0.19833 -0.30830
v 0.55767 0.09690 -0.18915
v 0.54276 0.16662 -0.19441
v 0.53423 0.20230 -0.18344
v 0.55584 0.13941 -0.14961
v 0.52714 -0.19432 -0.25656
v 0.55963 0.03654 -0.21290
v 0.56275 0.05920 -0.18478
v 0.55938 0.09406 -0.18082
v 0.54282 0.20016 -0.12621
v 0.55214 0.17650 -0.10144
v 0.56180 0.11239 -0.14245
v 0.55591 -0.08813 -0.21782
v 0.56509 0.00465 -0.18671
v 0.50400 -0.20124 -0.29104
v 0.55974 0.15160 -0.08311
v 0.56712 0.10865 -0.09492
v 0.57135 0.05127 -0.12258
v 0.56978 0.01341 -0.15254
v 0.53699 0.23151 -0.07057
v 0.55211 0.18442 -0.07261
v 0.54380 -0.16108 -0.22955
v 0.56993 0.10280 -0.06598
v 0.55173 0.19104 -0.04142
v 0.57626 0.05792 -0.03993
v 0.57235 0.00088 -0.13179
v 0.56694 -0.07399 -0.15559
v 0.57853 0.00733 -0.04442
v 0.57481 -0.05124 -0.08883
v 0.53726 0.23513 -0.02367
v 0.56864 -0.07733 -0.13948
v 0.55453 -0.16949 -0.16159
v 0.55425 0.17955 -0.00287
v 0.55813 0.16321 0.00155
v 0.56554 0.13483 -0.01990
v 0.54427 0.21339 -0.00665
v 0.48399 -0.25554 -0.29917
v 0.51766 -0.24234 -0.24906
v 0.52425 -0.24771 -0.22302
v 0.54381 -0.19439 -0.19759
v 0.56726 -0.12797 -0.10119
v 0.55852 -0.17378 -0.12080
v 0.56734 -0.10427 -0.13017
v 0.50687 -0.19431 -0.51199
v 0.50634 -0.21567 -0.52367
v 0.49850 -0.24479 -0.55445
v 0.50841 -0.16429 -0.31912
v 0.49412 -0.19885 -0.40634
v 0.54416 -0.22353 -0.15036
v 0.52311 -0.27444 -0.18284
v 0.52198 0.26332 0.02428
v 0.54468 -0.23442 -0.11954
v 0.49842 -0.30904 -0.22940
v 0.49450 -0.29335 -0.25689
v 0.47339 -0.29096 -0.28969
v 0.45863 -0.30938 -0.30746
v 0.48599 -0.24142 -0.37119
v 0.48375 -0.24030 -0.42796
v 0.53072 0.22569 0.05748
v 0.54385 0.19920 0.03614
v 0.52034 -0.30052 -0.12932
v 0.52012 -0.28995 -0.16423
v 0.54145 -0.25540 -0.07486
v 0.52479 -0.29966 -0.07816
v 0.49138 -0.34476 -0.17580
v 0.49791 -0.34054 -0.15035
v 0.46627 -0.29252 -0.36093
v 0.49238 -0.25478 -0.51793
v 0.41244 -0.25570 -0.68120
v 0.26248 -0.18020 -0.74777
v 0.37806 -0.21848 -0.70990
v 0.07322 0.07796 -0.85817
v 0.07253 0.21754 -0.80788
v 0.06463 0.17349 -0.83080
v 0.06920 0.08670 -0.85724
v 0.38704 -0.26970 -0.68459
v -0.01176 0.14398 -0.84755
v 0.03723 0.17517 -0.83393
v 0.21844 0.55631 -0.23483
v 0.24059 0.55665 -0.17917
v 0.26771 0.53534 -0.21103
v 0.21870 0.56853 -0.17163
v 0.19114 0.57997 -0.17300
v 0.17174 0.56963 -0.26070
v 0.14188 0.58139 -0.25218
v 0.13940 0.59165 -0.20586
v 0.13766 0.56610 -0.31404
v 0.21101 0.54262 -0.29539
v 0.17547 0.55085 -0.32196
v 0.13298 0.55339 -0.35696
v 0.16919 0.54413 -0.34906
v 0.23643 0.51822 -0.32989
v 0.17044 0.52406 -0.40007
v 0.23423 0.51089 -0.35686
v 0.18580 0.51473 -0.40702
v 0.22695 0.48713 -0.42263
v 0.31009 0.50074 -0.23503
v 0.26748 0.47247 -0.39982
v 0.28024 0.47221 -0.38044
v 0.30441 0.46298 -0.35813
v 0.28746 0.48343 -0.32781
v 0.27528 0.49797 -0.30081
v 0.28489 0.50075 -0.27691
v 0.30138 0.52309 -0.16273
v 0.26365 0.55405 -0.10853
v 0.29797 0.53256 -0.11276
v 0.32431 0.50001 -0.19523
v 0.21639 0.47348 -0.46192
v 0.19231 0.59064 -0.06893
v 0.23174 0.57373 -0.07095
v 0.13205 0.60624 -0.11274
v 0.24662 0.56796 -0.01751
v 0.31845 0.52428 -0.02403
v 0.34779 0.49370 -0.12538
v 0.35090 0.49182 -0.12001
v 0.35489 0.47498 -0.19339
v 0.34329 0.47544 -0.23044
v 0.35144 0.49822 -0.04666
v 0.21046 0.58438 -0.00959
v 0.34936 0.42360 -0.35637
v 0.31260 0.44308 -0.38908
v 0.34537 0.41636 -0.38239
v 0.34586 0.46537 -0.24981
v 0.37668 0.46266 -0.15589
v 0.30495 0.42738 -0.43274
v 0.26813 0.43118 -0.47791
v 0.15129 0.49928 -0.46962
v 0.19654 0.46770 -0.49187
v 0.23404 0.43001 -0.51857
v 0.34139 0.41538 -0.39222
v 0.20927 0.43945 -0.52756
v 0.19518 0.45163 -0.52039
v 0.38149 0.43278 -0.24569
v 0.37847 0.44757 -0.21369
v 0.34231 0.39793 -0.42295
v 0.39511 0.43653 -0.18984
v 0.31940 0.39406 -0.46732
v 0.25553 0.40148 -0.53848
v 0.28264 0.40045 -0.50842
v 0.31542 0.37093 -0.50736
v 0.36243 0.44366 -0.25957
v 0.32537 0.37409 -0.48851
v 0.38310 0.46939 -0.05316
v 0.38349 0.46487 -0.09887
v 0.39855 0.44826 -0.10947
v 0.41362 0.42213 -0.16323
v 0.39076 0.43538 -0.21186
v 0.41370 0.40421 -0.22820
v 0.39220 0.42116 -0.24584
v 0.39683 0.45426 -0.07204
v 0.34658 0.50261 -0.02000
v 0.28285 0.54438 0.01843
v 0.28859 0.37796 -0.53291
v 0.36005 0.36896 -0.43912
v 0.37799 0.37293 -0.39757
v 0.36702 0.39861 -0.37264
v 0.39320 0.37425 -0.35873
v 0.36029 0.41493 -0.31512
v 0.39388 0.36924 -0.36821
v 0.35356 0.42625 -0.29473
v 0.42433 0.39848 -0.20557
v 0.41744 0.38875 -0.25017
v 0.39556 0.45791 -0.03550
v 0.36577 0.48507 -0.00198
v 0.42984 0.41399 -0.10109
v 0.42419 0.42570 -0.05286
v 0.43221 0.38812 -0.20653
v 0.42847 0.39956 -0.18281
v 0.41820 0.43360 -0.02566
v 0.39032 0.37932 -0.31018
v 0.39248 0.38487 -0.28863
v 0.41320 0.34679 -0.36131
v 0.35643 0.33453 -0.49412
v 0.25736 0.37333 -0.57393
v 0.38591 0.33615 -0.43982
v 0.39313 0.34527 -0.41157
v 0.44026 0.35854 -0.24937
v 0.31378 0.32951 -0.56115
v 0.35568 0.31565 -0.51829
v 0.27484 0.34730 -0.58657
v 0.21099 0.38511 -0.60172
v 0.18096 0.43067 -0.56387
v 0.23609 0.39627 -0.56537
v 0.23660 0.34652 -0.62455
v 0.42746 0.37226 -0.25483
v 0.12618 0.47628 -0.52724
v 0.30541 0.32216 -0.57954
v 0.09060 0.55261 -0.38703
v 0.11330 0.52997 -0.42967
v 0.12477 0.49235 -0.49969
v 0.07155 0.51411 -0.48191
v 0.42660 0.33026 -0.30426
v 0.42447 0.34285 -0.28792
v 0.33176 0.50949 0.02545
v 0.27100 0.31544 -0.62419
v 0.45671 0.38367 -0.05993
v 0.45760 0.37587 -0.11172
v 0.44684 0.38885 -0.12258
v 0.43571 0.39312 -0.17172
v 0.46529 0.33522 -0.22083
v 0.47124 0.34141 -0.17347
v 0.38729 0.46264 0.01514
v 0.48562 0.31669 -0.17486
v 0.47560 0.34790 -0.11679
v 0.29374 0.28414 -0.62966
v 0.46119 0.32090 -0.25568
v 0.18801 0.36724 -0.63964
v 0.19736 0.34700 -0.65485
v 0.12689 0.42416 -0.60551
v 0.13426 0.43046 -0.59323
v 0.08317 0.46913 -0.55764
v 0.11517 0.48629 -0.51566
v 0.15131 0.36945 -0.65942
v 0.24309 0.30456 -0.66028
v 0.20208 0.31856 -0.67926
v 0.18489 0.33015 -0.67984
v 0.08802 0.57479 -0.32409
v 0.08864 0.58821 -0.27559
v 0.08846 0.52921 -0.44406
v 0.26038 0.28713 -0.66024
v 0.10757 0.60157 -0.19327
v 0.12588 0.61232 -0.04033
v 0.29727 0.52921 0.04921
v 0.06212 0.54021 -0.42920
v 0.10127 0.40176 -0.64475
v 0.19421 0.58900 0.01202
v 0.15841 0.60186 0.00683
v 0.06696 0.60803 -0.19553
v 0.09614 0.61132 -0.13899
v 0.42830 0.41981 0.00255
v 0.49944 0.27470 -0.21570
v 0.48642 0.28406 -0.24529
v 0.48068 0.30466 -0.23003
v 0.47701 0.34912 -0.09665
v 0.47331 0.36098 -0.03985
v 0.46828 0.36754 -0.00593
v 0.45461 0.28622 -0.29707
v 0.36271 0.47887 0.04762
v 0.42043 0.42315 0.03414
v 0.22758 0.56711 0.05512
v 0.39752 0.44244 0.05634
v 0.45930 0.27735 -0.34431
v 0.44322 0.30386 -0.31821
v 0.48687 0.32451 -0.13856
v 0.49752 0.31352 -0.10010
v 0.21621 0.27800 -0.70370
v 0.50086 0.31216 -0.06783
v 0.49632 0.32328 -0.03469
v 0.50496 0.29022 -0.14019
v 0.51463 0.26234 -0.16339
v 0.13267 0.34459 -0.69406
v 0.47358 0.24564 -0.30051
v 0.49330 0.32680 -0.00247
v 0.34126 0.48367 0.09033
v 0.07199 0.62156 -0.05680
v 0.05104 0.59355 -0.27514
v 0.02709 0.57528 -0.34515
v 0.03890 0.62251 -0.09630
v 0.24730 0.54141 0.10687
v 0.01074 0.55226 -0.40984
v 0.03366 0.43373 -0.62034
v 0.02484 0.48829 -0.53878
v 0.07838 0.36585 -0.69188
v 0.19742 0.57517 0.07470
v 0.18064 0.58787 0.04897
v 0.11816 0.60575 0.04994
v 0.05938 0.62264 0.00074
v 0.32092 0.49472 0.10384
v 0.29213 0.50441 0.13069
v 0.00662 0.60085 -0.25443
v 0.01109 0.61449 -0.18009
v -0.00719 0.58320 -0.32182
v 0.38954 0.44370 0.07698
v 0.37438 0.46163 0.06909
v 0.35804 0.46862 0.09149
v 0.41969 0.41903 0.05195
v 0.45414 0.37992 0.03483
v 0.16279 0.58285 0.09124
v 0.47206 0.35630 0.02474
v 0.09705 0.60934 0.05328
v 0.03349 0.39007 -0.67412
v 0.43872 0.39080 0.06501
v 0.51326 0.29059 -0.04152
v 0.26243 0.51974 0.13938
v 0.51768 0.27139 -0.10768
v 0.36627 0.44987 0.11708
v 0.51754 0.28202 -0.02340
v 0.47831 0.25334 -0.28277
v 0.41275 0.40855 0.09912
v 0.51608 0.21493 -0.24527
v 0.53699 0.23151 -0.07057
v 0.52947 0.25431 -0.04373
v 0.52334 0.23823 -0.17162
v 0.52659 0.19489 -0.23349
v 0.52690 0.25344 -0.09172
v 0.38580 0.42916 0.11906
v 0.40374 0.41027 0.11704
v 0.51015 0.29215 0.01303
v 0.49730 0.31798 0.00763
v 0.50267 0.29590 0.04668
v 0.46975 0.33665 0.08463
v 0.47768 0.33195 0.06770
v 0.45007 0.36610 0.08593
v 0.42929 0.38267 0.10943
v 0.49268 0.20064 -0.34152
v 0.49188 0.21098 -0.28933
v 0.54282 0.20016 -0.12621
v 0.53423 0.20230 -0.18344
v 0.53814 0.16518 -0.22088
v 0.50130 0.16779 -0.30391
v 0.53726 0.23513 -0.02367
v 0.35657 0.43788 0.15832
v 0.32353 0.45223 0.18562
v 0.38411 0.41509 0.14862
v 0.27763 0.49289 0.17531
v 0.24772 0.50693 0.18470
v 0.52198 0.26332 0.02428
v 0.20172 0.54251 0.15936
v 0.13441 0.57012 0.15082
v 0.39549 0.39505 0.16036
v 0.41698 0.37941 0.14287
v 0.48213 0.32049 0.07555
v 0.44083 0.35955 0.12217
v 0.46911 0.32511 0.10662
v 0.35761 0.41780 0.18991
v 0.07795 0.60477 0.08433
v 0.02963 0.61902 0.04458
v 0.14949 0.54827 0.19080
v 0.26246 0.47441 0.22676
v 0.18044 0.51068 0.24192
v 0.21937 0.48093 0.26012
v 0.40301 0.35940 0.19801
v 0.43760 0.34286 0.15463
v 0.31460 0.42412 0.24194
v 0.27868 0.44350 0.25736
v 0.35585 0.41476 0.19734
v 0.26291 0.46345 0.24422
v 0.39832 0.37582 0.18394
v 0.45117 0.31858 0.15848
v 0.35481 0.39976 0.22078
v 0.22094 0.46027 0.29165
v 0.11603 0.56120 0.18324
v 0.13227 0.52592 0.24646
v 0.36940 0.37005 0.23846
v 0.24831 0.43044 0.30929
v 0.32722 0.39246 0.26901
v 0.03985 0.59785 0.12004
v 0.28346 0.39400 0.32060
v 0.27351 0.39859 0.32587
v 0.15368 0.49650 0.28591
v 0.05775 0.56340 0.20182
v 0.07722 0.53586 0.25243
v 0.19076 0.43477 0.35558
v 0.15057 0.48128 0.31318
v 0.19415 0.43011 0.35954
v 0.12986 0.43781 0.39296
v 0.16052 0.39989 0.42802
v 0.18412 0.39714 0.41370
v 0.24172 0.37048 0.39527
v 0.21194 0.38036 0.41183
v 0.07185 0.50362 0.31260
v 0.10415 0.48457 0.33273
v 0.27277 0.35718 0.37787
v 0.30903 0.34844 0.34514
v 0.34882 0.33872 0.30433
v 0.09144 0.45655 0.38274
v 0.33506 0.36238 0.29594
v 0.37391 0.34912 0.25703
v 0.19349 0.36497 0.44835
v 0.24334 0.34610 0.42300
v 0.20706 0.31062 0.50192
v 0.17126 0.32239 0.52192
v 0.15231 0.39578 0.43958
v 0.08313 0.38910 0.48762
v 0.12099 0.34619 0.52906
v 0.11650 0.28123 0.61995
v 0.09144 0.33319 0.56444
v 0.10043 0.42522 0.42677
v 0.07886 0.29533 0.62468
v 0.04337 0.51495 0.29956
v 0.02653 0.56503 0.20413
v -0.03679 0.59833 0.11868
v -0.03700 0.61910 0.04073
v -0.02443 0.62386 0.01387
v 0.01334 0.56548 0.20426
v 0.06068 0.46693 0.37633
v 0.27541 0.31539 0.42147
v 0.05507 0.44901 0.40600
v 0.18449 0.28460 0.55491
v 0.15376 0.26521 0.60802
v 0.21712 0.26853 0.53748
v 0.14783 0.25062 0.63106
v 0.11734 0.24000 0.67201
v 0.05463 0.23326 0.72274
v 0.10488 0.22424 0.70179
v 0.05369 0.27323 0.66767
v 0.03581 0.31979 0.60487
v 0.03361 0.35721 0.54954
v -0.01988 0.52612 0.28210
v -0.00971 0.54607 0.24472
v 0.01916 0.43181 0.43846
v -0.04764 0.56660 0.19653
v -0.08373 0.59035 0.12546
v -0.00922 0.47877 0.36446
v 0.01799 0.23551 0.73059
v 0.01740 0.30827 0.62505
v 0.03267 0.35716 0.54978
v -0.03080 0.35618 0.55106
v 0.01261 0.40675 0.47732
v 0.13865 0.21024 0.68603
v 0.11516 0.18644 0.73480
v 0.16993 0.18322 0.67670
v 0.04369 0.19198 0.77844
v 0.08767 0.17845 0.76705
v -0.06886 0.55351 0.21895
v -0.11162 0.57200 0.15908
v -0.07665 0.53088 0.26113
v -0.05616 0.48369 0.34956
v 0.24689 0.31906 0.45003
v -0.04224 0.40041 0.48256
v -0.05411 0.43244 0.43113
v 0.15678 0.21454 0.66191
v 0.18843 0.20842 0.63099
v 0.20714 0.23408 0.58387
v -0.02839 0.31180 0.61769
v -0.14614 0.58033 0.11316
v 0.25591 0.26123 0.49900
v 0.27565 0.28015 0.45685
v 0.31243 0.31455 0.37727
v 0.29558 0.31162 0.40120
v -0.15991 0.55812 0.15942
v -0.01308 0.22480 0.74526
v -0.00372 0.19070 0.78802
v -0.05461 0.27045 0.67013
v -0.04018 0.35170 0.55578
v -0.10037 0.37078 0.50472
v -0.16613 0.53870 0.19711
v -0.12696 0.51321 0.27109
v -0.11318 0.47534 0.34199
v 0.00745 0.15060 0.82724
v -0.07484 0.32782 0.57883
v 0.05230 0.15457 0.81187
v 0.10069 0.13980 0.78978
v 0.08159 0.12842 0.81361
v 0.12473 0.14929 0.75846
v -0.03198 0.19920 0.77319
v -0.06543 0.24763 0.69674
v -0.11747 0.41930 0.42541
v -0.13882 0.45101 0.36580
v 0.04305 0.12569 0.83742
v -0.19916 0.49086 0.25884
v -0.20823 0.54004 0.15670
v -0.11519 0.35154 0.52338
v -0.13433 0.29232 0.58923
v -0.16221 0.37461 0.45873
v -0.17880 0.40492 0.40434
v -0.19000 0.41595 0.37990
v -0.13369 0.32254 0.55015
v -0.23739 0.43777 0.30599
v -0.21464 0.47895 0.26483
v -0.04889 0.13973 0.82398
v -0.05601 0.17143 0.79305
v -0.08630 0.20042 0.74244
v -0.11029 0.24364 0.67124
v 0.00705 0.09738 0.86010
v -0.03977 0.09657 0.85267
v -0.24960 0.45518 0.26794
v 0.10259 -0.17648 -0.81165
v -0.06176 -0.17733 -0.80445
v 0.00337 -0.17189 -0.78514
v -0.09758 -0.18615 -0.81565
v 0.05854 -0.16226 -0.78448
v -0.05749 -0.15877 -0.78515
v 0.07483 -0.13689 -0.83347
v -0.07999 -0.13484 -0.83675
v -0.01137 -0.11515 -0.85692
v -0.03364 -0.10039 -0.85922
v -0.10875 -0.11532 -0.84090
v 0.05659 -0.08222 -0.86058
v -0.03207 -0.03480 -0.86955
v -0.01471 -0.14562 -0.79330
v 0.02714 -0.14898 -0.78792
v 0.12359 -0.15009 -0.81556
v 0.05854 -0.16226 -0.78448
v 0.10259 -0.17648 -0.81165
v -0.10923 -0.14926 -0.81497
v 0.04570 -0.04182 -0.86779
v 0.09614 -0.02109 -0.85961
v 0.00379 0.03224 -0.87109
v -0.07931 -0.06582 -0.85892
v 0.00337 -0.17189 -0.78514
v 0.11525 -0.10398 -0.84201
v 0.16765 -0.06297 -0.82904
v 0.14240 0.02196 -0.84413
v 0.15897 -0.10131 -0.82566
v 0.19745 -0.09104 -0.80808
v 0.16839 -0.13352 -0.81216
v 0.09220 -0.21232 -0.80742
v 0.07357 -0.20410 -0.81593
v -0.00700 -0.20834 -0.82106
v -0.09758 -0.18615 -0.81565
v -0.08172 -0.21443 -0.80828
v -0.01560 -0.24584 -0.79994
v -0.13656 -0.17739 -0.80828
v 0.02471 -0.25735 -0.79243
v 0.13552 -0.21062 -0.79421
v 0.11186 -0.25260 -0.77848
v 0.08758 -0.12843 -0.84145
v 0.17916 -0.15430 -0.79944
v 0.23264 -0.16231 -0.76578
v 0.06544 0.03070 -0.86567
v -0.05749 -0.15877 -0.78515
v -0.13745 -0.02677 -0.84630
v 0.07322 0.07796 -0.85817
v -0.05423 0.06008 -0.86403
v -0.11245 0.02290 -0.85474
v -0.11295 0.05406 -0.85174
v -0.14560 0.00229 -0.84400
v -0.16023 -0.14952 -0.81076
v -0.18987 -0.09120 -0.81390
v -0.14938 -0.07203 -0.83646
v 0.03267 0.05757 -0.86714
v 0.06254 -0.28177 -0.77132
v -0.10923 -0.14926 -0.81497
v -0.05749 -0.15877 -0.78515
v -0.13656 -0.17739 -0.80828
v -0.16023 -0.14952 -0.81076
v 0.11525 -0.10398 -0.84201
v 0.12359 -0.15009 -0.81556
v 0.08758 -0.12843 -0.84145
v 0.16839 -0.13352 -0.81216
v 0.13552 -0.21062 -0.79421
v 0.17916 -0.15430 -0.79944
v 0.23264 -0.16231 -0.76578
v 0.26248 -0.18020 -0.74777
v 0.21355 -0.23232 -0.74694
v 0.24809 -0.21809 -0.74158
v 0.24187 -0.27773 -0.71262
v 0.28478 -0.24778 -0.72156
v 0.36680 -0.23711 -0.70870
v 0.37806 -0.21848 -0.70990
v 0.41629 -0.23263 -0.68949
v 0.38704 -0.26970 -0.68459
v 0.34829 -0.26210 -0.70231
v 0.36654 -0.20056 -0.71579
v -0.13745 -0.02677 -0.84630
v -0.14938 -0.07203 -0.83646
v -0.18987 -0.09120 -0.81390
vt 0.71039 0.37961
vt 0.74001 0.35681
vt 0.71715 0.36370
vt 0.71664 0.38461
vt 0.72622 0.38275
vt 0.75352 0.38716
vt 0.76356 0.36868
vt 0.71875 0.40054
vt 0.72744 0.40671
vt 0.75096 0.40333
vt 0.76860 0.38573
vt 0.69479 0.41147
vt 0.70430 0.42348
vt 0.72845 0.41720
vt 0.73395 0.41537
vt 0.67055 0.41333
vt 0.67204 0.42682
vt 0.67860 0.43411
vt 0.62520 0.45883
vt 0.65207 0.42012
vt 0.62981 0.43262
vt 0.60058 0.46234
vt 0.59548 0.47264
vt 0.57653 0.47053
vt 0.58018 0.45762
vt 0.60277 0.44175
vt 0.67284 0.39574
vt 0.56983 0.48344
vt 0.67498 0.43815
vt 0.65087 0.45826
vt 0.55776 0.47037
vt 0.68707 0.37286
vt 0.70610 0.36206
vt 0.66526 0.39409
vt 0.63596 0.40883
vt 0.61394 0.42313
vt 0.64272 0.41422
vt 0.54482 0.48238
vt 0.72047 0.33649
vt 0.59803 0.43526
vt 0.57749 0.44638
vt 0.66920 0.37771
vt 0.68981 0.36283
vt 0.55792 0.49537
vt 0.75112 0.32860
vt 0.73310 0.32079
vt 0.65474 0.38197
vt 0.55977 0.45985
vt 0.69104 0.35337
vt 0.70099 0.34036
vt 0.62613 0.40865
vt 0.63283 0.39598
vt 0.76894 0.33609
vt 0.71269 0.32692
vt 0.66524 0.36160
vt 0.67690 0.35695
vt 0.65071 0.36972
vt 0.56578 0.44515
vt 0.72237 0.31797
vt 0.72790 0.31136
vt 0.61672 0.40610
vt 0.59187 0.42174
vt 0.61213 0.40055
vt 0.57170 0.43529
vt 0.67711 0.33954
vt 0.69778 0.32026
vt 0.75906 0.31937
vt 0.74554 0.29858
vt 0.71288 0.30290
vt 0.70016 0.30850
vt 0.66365 0.34515
vt 0.64407 0.36613
vt 0.62937 0.38147
vt 0.60730 0.39111
vt 0.59510 0.40248
vt 0.58777 0.41140
vt 0.65505 0.34807
vt 0.71655 0.29870
vt 0.72267 0.30016
vt 0.54299 0.46275
vt 0.68427 0.31860
vt 0.73207 0.29316
vt 0.76071 0.29999
vt 0.66995 0.32071
vt 0.66025 0.33108
vt 0.63429 0.36142
vt 0.69058 0.30094
vt 0.58229 0.41443
vt 0.57417 0.41641
vt 0.72175 0.29096
vt 0.63499 0.35026
vt 0.65029 0.34079
vt 0.62234 0.36760
vt 0.61592 0.37245
vt 0.60858 0.37373
vt 0.54878 0.44408
vt 0.78768 0.35751
vt 0.70990 0.27858
vt 0.71572 0.28102
vt 0.67137 0.30708
vt 0.59764 0.39573
vt 0.72933 0.27640
vt 0.74460 0.27468
vt 0.55846 0.43213
vt 0.62005 0.35961
vt 0.68836 0.28842
vt 0.67262 0.29521
vt 0.63551 0.34198
vt 0.64580 0.32631
vt 0.65118 0.31227
vt 0.58034 0.39917
vt 0.66429 0.30437
vt 0.59529 0.37855
vt 0.53048 0.46996
vt 0.52819 0.48314
vt 0.65438 0.30256
vt 0.78212 0.30319
vt 0.78956 0.32172
vt 0.76528 0.27578
vt 0.54705 0.50047
vt 0.71606 0.26534
vt 0.75167 0.26168
vt 0.76878 0.27913
vt 0.55484 0.42098
vt 0.68221 0.27949
vt 0.60206 0.34891
vt 0.62096 0.33657
vt 0.64225 0.31806
vt 0.68992 0.26307
vt 0.78992 0.38157
vt 0.74675 0.42028
vt 0.71580 0.43128
vt 0.72241 0.43058
vt 0.66967 0.45960
vt 0.72378 0.44046
vt 0.78374 0.41528
vt 0.59717 0.48884
vt 0.64693 0.47075
vt 0.59270 0.49956
vt 0.56675 0.50016
vt 0.78865 0.30665
vt 0.69131 0.45772
vt 0.76000 0.43292
vt 0.73554 0.44933
vt 0.80421 0.35305
vt 0.77504 0.27467
vt 0.78101 0.28529
vt 0.53114 0.49996
vt 0.73966 0.25701
vt 0.73465 0.25927
vt 0.62399 0.32324
vt 0.70814 0.25969
vt 0.71580 0.25395
vt 0.66169 0.28683
vt 0.67075 0.27981
vt 0.60441 0.35361
vt 0.59283 0.35981
vt 0.57022 0.39995
vt 0.80399 0.38463
vt 0.81032 0.36838
vt 0.79534 0.41926
vt 0.56563 0.39596
vt 0.71934 0.46190
vt 0.70713 0.46504
vt 0.68715 0.47394
vt 0.65288 0.47829
vt 0.68027 0.47868
vt 0.65611 0.49010
vt 0.80777 0.32034
vt 0.64032 0.49195
vt 0.62368 0.49189
vt 0.76440 0.45170
vt 0.79631 0.29020
vt 0.79857 0.42584
vt 0.81246 0.41340
vt 0.78543 0.44999
vt 0.82065 0.38480
vt 0.73804 0.46746
vt 0.76063 0.46510
vt 0.80607 0.29390
vt 0.72134 0.47658
vt 0.79934 0.45158
vt 0.74444 0.48658
vt 0.77599 0.46716
vt 0.81422 0.44270
vt 0.67647 0.48965
vt 0.71273 0.49103
vt 0.72715 0.48557
vt 0.55390 0.51492
vt 0.61744 0.50748
vt 0.58295 0.51399
vt 0.60346 0.51248
vt 0.79603 0.47178
vt 0.64446 0.51023
vt 0.66928 0.50638
vt 0.68410 0.49780
vt 0.81996 0.46034
vt 0.63592 0.29927
vt 0.78550 0.49091
vt 0.76444 0.24711
vt 0.80181 0.26435
vt 0.80628 0.27996
vt 0.68452 0.25736
vt 0.64091 0.28858
vt 0.64945 0.27851
vt 0.65672 0.27369
vt 0.61607 0.32370
vt 0.62531 0.30952
vt 0.57300 0.36948
vt 0.69391 0.23873
vt 0.52565 0.45565
vt 0.54037 0.44568
vt 0.65964 0.25706
vt 0.67560 0.25036
vt 0.59798 0.34296
vt 0.59405 0.32165
vt 0.69912 0.23410
vt 0.69136 0.50421
vt 0.70713 0.49763
vt 0.81181 0.48150
vt 0.72456 0.50410
vt 0.77266 0.50562
vt 0.77508 0.50318
vt 0.74812 0.51011
vt 0.82404 0.25969
vt 0.53655 0.51711
vt 0.56863 0.52346
vt 0.78945 0.50147
vt 0.65484 0.51997
vt 0.65006 0.51649
vt 0.70500 0.51927
vt 0.67165 0.52598
vt 0.73995 0.51372
vt 0.72287 0.51331
vt 0.71846 0.52141
vt 0.82339 0.49727
vt 0.62856 0.52470
vt 0.61425 0.52503
vt 0.64899 0.52893
vt 0.81697 0.51292
vt 0.59269 0.53109
vt 0.76206 0.52917
vt 0.74557 0.52094
vt 0.71527 0.53367
vt 0.69052 0.52772
vt 0.78323 0.52940
vt 0.79256 0.51545
vt 0.80289 0.52596
vt 0.78925 0.53205
vt 0.66149 0.53697
vt 0.74050 0.53485
vt 0.60905 0.29900
vt 0.51625 0.49209
vt 0.54315 0.42010
vt 0.53208 0.43251
vt 0.63627 0.27724
vt 0.61800 0.30023
vt 0.62229 0.28713
vt 0.55398 0.40407
vt 0.57788 0.35450
vt 0.64059 0.26440
vt 0.66386 0.23917
vt 0.65473 0.24661
vt 0.64584 0.24720
vt 0.55013 0.39430
vt 0.74329 0.55053
vt 0.72769 0.55195
vt 0.67710 0.53697
vt 0.66415 0.54587
vt 0.69498 0.53959
vt 0.61621 0.53659
vt 0.63491 0.54281
vt 0.65041 0.54288
vt 0.71948 0.54541
vt 0.70413 0.54662
vt 0.58159 0.54028
vt 0.77100 0.54433
vt 0.82390 0.53662
vt 0.54899 0.52862
vt 0.79158 0.54899
vt 0.67862 0.55330
vt 0.68450 0.55733
vt 0.75014 0.55618
vt 0.80697 0.56018
vt 0.82404 0.55317
vt 0.77075 0.55715
vt 0.74383 0.57610
vt 0.71338 0.56461
vt 0.56088 0.53691
vt 0.51912 0.50699
vt 0.60810 0.54853
vt 0.62831 0.55155
vt 0.77979 0.56969
vt 0.75762 0.57812
vt 0.65462 0.55993
vt 0.63833 0.55774
vt 0.65178 0.56630
vt 0.51313 0.47298
vt 0.68573 0.57470
vt 0.70584 0.57947
vt 0.71517 0.58010
vt 0.52244 0.52277
vt 0.69686 0.73275
vt 0.69610 0.71634
vt 0.72052 0.73232
vt 0.71020 0.70855
vt 0.71012 0.74069
vt 0.70294 0.74971
vt 0.68705 0.74950
vt 0.67434 0.72318
vt 0.65658 0.74173
vt 0.66870 0.75591
vt 0.67514 0.70593
vt 0.64906 0.71624
vt 0.63060 0.73543
vt 0.65360 0.70327
vt 0.62845 0.75092
vt 0.62670 0.72193
vt 0.64306 0.76215
vt 0.69388 0.76572
vt 0.62259 0.76227
vt 0.66292 0.77890
vt 0.68499 0.77859
vt 0.71507 0.76237
vt 0.63635 0.77803
vt 0.60561 0.74439
vt 0.61891 0.74576
vt 0.60741 0.76049
vt 0.59418 0.75885
vt 0.58407 0.74734
vt 0.61197 0.78116
vt 0.58883 0.77031
vt 0.58379 0.76769
vt 0.65940 0.79198
vt 0.62597 0.79374
vt 0.60027 0.72812
vt 0.60821 0.72591
vt 0.62405 0.71340
vt 0.58080 0.72513
vt 0.57585 0.74076
vt 0.57683 0.74887
vt 0.58916 0.70846
vt 0.62329 0.70352
vt 0.62915 0.69734
vt 0.56551 0.73211
vt 0.60546 0.70779
vt 0.57645 0.71477
vt 0.64616 0.68848
vt 0.56055 0.77068
vt 0.56176 0.75644
vt 0.59050 0.78565
vt 0.55026 0.74488
vt 0.55200 0.73277
vt 0.55356 0.72753
vt 0.54961 0.76034
vt 0.56000 0.70752
vt 0.66800 0.68472
vt 0.52880 0.73826
vt 0.54255 0.74708
vt 0.52818 0.75717
vt 0.51769 0.74677
vt 0.57199 0.79294
vt 0.55832 0.78382
vt 0.59862 0.79636
vt 0.52904 0.72425
vt 0.52572 0.76774
vt 0.54058 0.70499
vt 0.52909 0.72161
vt 0.57505 0.68592
vt 0.54568 0.78374
vt 0.52856 0.77866
vt 0.52037 0.76293
vt 0.60382 0.80416
vt 0.51074 0.74999
vt 0.55515 0.69468
vt 0.62307 0.67890
vt 0.60147 0.68998
vt 0.52093 0.71480
vt 0.50485 0.74016
vt 0.50495 0.73152
vt 0.50344 0.76368
vt 0.50143 0.75236
vt 0.55824 0.68423
vt 0.49943 0.72869
vt 0.49676 0.71547
vt 0.52917 0.78553
vt 0.52789 0.69233
vt 0.55100 0.67786
vt 0.50836 0.69859
vt 0.53694 0.68319
vt 0.58369 0.67100
vt 0.60328 0.68063
vt 0.69929 0.69026
vt 0.64857 0.66526
vt 0.62886 0.66529
vt 0.66291 0.67177
vt 0.67959 0.67104
vt 0.57050 0.66402
vt 0.50989 0.69157
vt 0.51570 0.68838
vt 0.67253 0.66560
vt 0.62032 0.64907
vt 0.61556 0.67040
vt 0.59847 0.66684
vt 0.54941 0.66653
vt 0.61385 0.66644
vt 0.60638 0.64828
vt 0.48230 0.73212
vt 0.48405 0.70326
vt 0.52652 0.67146
vt 0.50630 0.67710
vt 0.50052 0.68167
vt 0.48294 0.71026
vt 0.65661 0.65154
vt 0.64140 0.64276
vt 0.48594 0.69281
vt 0.48325 0.75513
vt 0.49026 0.76685
vt 0.47642 0.74819
vt 0.46975 0.71754
vt 0.50741 0.77601
vt 0.59445 0.64993
vt 0.57063 0.64664
vt 0.70416 0.67477
vt 0.46631 0.73748
vt 0.45789 0.72548
vt 0.62022 0.63846
vt 0.67906 0.63790
vt 0.45715 0.69675
vt 0.45386 0.70727
vt 0.44875 0.71975
vt 0.46622 0.75062
vt 0.54969 0.80317
vt 0.47875 0.77136
vt 0.51852 0.79483
vt 0.50418 0.78847
vt 0.54944 0.79554
vt 0.65247 0.80502
vt 0.62408 0.81325
vt 0.57124 0.81176
vt 0.60182 0.80839
vt 0.45743 0.74992
vt 0.45920 0.76871
vt 0.70526 0.78244
vt 0.59298 0.81887
vt 0.67154 0.79778
vt 0.70948 0.80081
vt 0.69567 0.80161
vt 0.64831 0.81488
vt 0.52484 0.81075
vt 0.48372 0.79580
vt 0.69890 0.65306
vt 0.43897 0.73813
vt 0.44652 0.75845
vt 0.49316 0.80848
vt 0.67552 0.82280
vt 0.45833 0.78183
vt 0.43674 0.72000
vt 0.72678 0.68872
vt 0.72351 0.67533
vt 0.72187 0.78473
vt 0.71794 0.79591
vt 0.73808 0.75711
vt 0.74405 0.77685
vt 0.70661 0.82791
vt 0.68853 0.83278
vt 0.43660 0.77320
vt 0.47115 0.80425
vt 0.44930 0.79875
vt 0.43280 0.69929
vt 0.72014 0.81773
vt 0.74551 0.71630
vt 0.74520 0.70031
vt 0.42505 0.76286
vt 0.44199 0.78979
vt 0.41349 0.75206
vt 0.41665 0.74259
vt 0.75050 0.73286
vt 0.75285 0.74910
vt 0.40887 0.72537
vt 0.41526 0.71233
vt 0.45855 0.81645
vt 0.72313 0.65872
vt 0.70685 0.64558
vt 0.74355 0.79229
vt 0.41743 0.77869
vt 0.42545 0.79698
vt 0.44694 0.81635
vt 0.43952 0.81251
vt 0.74050 0.68285
vt 0.76534 0.74385
vt 0.42714 0.81286
vt 0.40731 0.78035
vt 0.39467 0.75687
vt 0.40362 0.79345
vt 0.39989 0.80048
vt 0.38700 0.78515
vt 0.38350 0.76847
vt 0.38476 0.79395
vt 0.42816 0.83203
vt 0.44878 0.83278
vt 0.38062 0.73866
vt 0.38424 0.71964
vt 0.78591 0.72501
vt 0.78757 0.71866
vt 0.41245 0.82778
vt 0.39565 0.81774
vt 0.76687 0.69433
vt 0.78794 0.70508
vt 0.38024 0.76688
vt 0.40041 0.72186
vt 0.35797 0.74519
vt 0.36654 0.76754
vt 0.35112 0.78662
vt 0.34824 0.77182
vt 0.36294 0.72615
vt 0.35424 0.78626
vt 0.92877 0.75765
vt 0.93268 0.74060
vt 0.93048 0.73215
vt 0.91067 0.75288
vt 0.92672 0.72394
vt 0.91261 0.72660
vt 0.94052 0.74739
vt 0.92908 0.77558
vt 0.91010 0.78612
vt 0.89668 0.77855
vt 0.89931 0.75901
vt 0.91015 0.74258
vt 0.90202 0.74646
vt 0.94614 0.76434
vt 0.94966 0.75035
vt 0.94134 0.72299
vt 0.95168 0.74237
vt 0.95695 0.77815
vt 0.94032 0.79046
vt 0.93233 0.79268
vt 0.93095 0.80132
vt 0.91654 0.79787
vt 0.90132 0.80385
vt 0.88192 0.75700
vt 0.87851 0.76478
vt 0.86728 0.75731
vt 0.88443 0.73315
vt 0.87640 0.77057
vt 0.86231 0.77193
vt 0.85481 0.77857
vt 0.87969 0.72819
vt 0.91000 0.70408
vt 0.91875 0.81476
vt 0.87970 0.79790
vt 0.88569 0.80980
vt 0.86976 0.78106
vt 0.92899 0.83754
vt 0.93942 0.82191
vt 0.90176 0.82244
vt 0.91521 0.84136
vt 0.85955 0.80267
vt 0.89381 0.83796
vt 0.87747 0.83108
vt 0.96275 0.81374
vt 0.95622 0.82610
vt 0.94640 0.84207
vt 0.96878 0.79250
vt 0.95693 0.80500
vt 0.86498 0.73699
vt 0.90542 0.84908
vt 0.86119 0.82596
vt 0.85053 0.79493
vt 0.96784 0.80499
vt 0.96276 0.74763
vt 0.96913 0.76911
vt 0.95818 0.73021
vt 0.97296 0.78451
vt 0.96213 0.84402
vt 0.83650 0.75083
vt 0.84933 0.74646
vt 0.84046 0.73338
vt 0.83199 0.73189
vt 0.82140 0.74359
vt 0.82659 0.75778
vt 0.82546 0.77172
vt 0.81074 0.75104
vt 0.98228 0.77539
vt 0.97580 0.75256
vt 0.97762 0.81521
vt 0.97520 0.84341
vt 0.96445 0.84778
vt 0.98395 0.76830
vt 0.93689 0.85395
vt 0.98511 0.79617
vt 0.98821 0.81823
vt 0.99171 0.83915
vt 0.81330 0.76596
vt 0.86291 0.71555
vt 0.83771 0.80286
vt 0.84387 0.83900
vt 0.87028 0.84304
vt 0.85463 0.83339
vt 0.85369 0.83504
vt 0.99937 0.81635
vt 0.99959 0.80145
vt 0.97633 0.72475
vt 0.94656 0.70647
vt 0.96124 0.71368
vt 0.92873 0.69315
vt 0.98734 0.75051
vt 0.87899 0.70487
vt 0.94036 0.68816
vt 0.91206 0.68865
vt 0.96443 0.70426
vt 0.99550 0.74406
vt 0.81227 0.73015
vt 0.98314 0.71642
vt 0.83260 0.72180
vt 0.96326 0.68264
vt 0.92781 0.86626
vt 0.91717 0.86640
vt 0.91398 0.88001
vt 0.93622 0.88502
vt 0.93792 0.87527
vt 0.94860 0.86914
vt 0.93807 0.88900
vt 0.95800 0.89099
vt 0.96798 0.88116
vt 0.96888 0.86762
vt 0.91790 0.90132
vt 0.97651 0.89329
vt 0.98363 0.87807
vt 0.98274 0.86617
vt 0.90278 0.90488
vt 0.88489 0.88071
vt 0.89282 0.87836
vt 0.87830 0.86197
vt 0.89487 0.86104
vt 0.86673 0.86262
vt 0.95036 0.91739
vt 0.96073 0.90557
vt 0.93019 0.93658
vt 0.85410 0.86199
vt 0.86527 0.87975
vt 0.84902 0.87503
vt 0.87268 0.89648
vt 0.92254 0.94142
vt 0.90697 0.93056
vt 0.88885 0.92073
vt 0.85011 0.86382
vt 0.88568 0.92359
vt 0.88808 0.94506
vt 0.85553 0.85467
vt 0.85148 0.88676
vt 0.83914 0.88106
vt 0.95957 0.94529
vt 0.94312 0.95636
vt 0.96269 0.93005
vt 0.97933 0.93488
vt 0.98318 0.91361
vt 0.85188 0.89858
vt 0.83919 0.85979
vt 0.82044 0.87148
vt 0.84865 0.92217
vt 0.85931 0.93900
vt 0.91945 0.96596
vt 0.89257 0.96353
vt 0.82439 0.85658
vt 0.98060 0.95080
vt 0.85848 0.95608
vt 0.99320 0.92776
vt 0.96313 0.96848
vt 0.94484 0.97534
vt 0.82263 0.81457
vt 0.83863 0.82083
vt 0.81575 0.88054
vt 0.82989 0.89766
vt 0.82673 0.93818
vt 0.81475 0.90118
vt 0.81422 0.91361
vt 0.80548 0.86795
vt 0.80371 0.85208
vt 0.82949 0.84928
vt 0.81457 0.85044
vt 0.79409 0.87477
vt 0.80208 0.76085
vt 0.82908 0.83062
vt 0.81793 0.83562
vt 0.81197 0.81074
vt 0.80097 0.90669
vt 0.79159 0.88545
vt 0.80367 0.77921
vt 0.80135 0.92559
vt 0.87914 0.97941
vt 0.85645 0.96081
vt 0.83761 0.96260
vt 0.79008 0.83661
vt 0.90702 0.98352
vt 0.78423 0.86803
vt 0.78680 0.85072
vt 0.79646 0.94054
vt 0.78736 0.90520
vt 0.82161 0.96055
vt 0.78529 0.91599
vt 0.92515 0.98669
vt 0.90687 0.98739
vt 0.80200 0.81845
vt 0.80389 0.83297
vt 0.79150 0.79916
vt 0.77568 0.88564
vt 0.77248 0.87711
vt 0.77485 0.89484
vt 0.99548 0.97077
vt 0.98771 0.97846
vt 0.96114 0.99089
vt 0.76462 0.87125
vt 0.77304 0.84756
vt 0.78332 0.81557
vt 0.76406 0.91874
vt 0.77442 0.92726
vt 0.94364 0.99943
vt 0.79979 0.74398
vt 0.77480 0.82704
vt 0.77942 0.80460
vt 0.75973 0.89313
vt 0.75431 0.88204
vt 0.78672 0.80667
vt 0.97552 0.99959
vt 0.90457 0.66903
vt 0.88561 0.66639
vt 0.86781 0.69807
vt 0.81412 0.71903
vt 0.78818 0.76992
vt 0.93241 0.66534
vt 0.99959 0.99562
vt 0.85969 0.68752
vt 0.87110 0.66470
vt 0.91701 0.64236
vt 0.96853 0.66934
vt 0.96032 0.66554
vt 0.94737 0.65575
vt 0.88350 0.64985
vt 0.83331 0.70658
vt 0.81770 0.70569
vt 0.90884 0.63708
vt 0.93620 0.63739
vt 0.92680 0.63377
vt 0.85860 0.66193
vt 0.84561 0.66699
vt 0.82729 0.68412
vt 0.95744 0.63945
vt 0.40218 0.06453
vt 0.41016 0.04305
vt 0.40497 0.07745
vt 0.39327 0.04935
vt 0.39851 0.03510
vt 0.42113 0.01501
vt 0.43888 0.03492
vt 0.43854 0.01990
vt 0.36235 0.03494
vt 0.43848 0.03879
vt 0.42067 0.06333
vt 0.41541 0.08850
vt 0.37785 0.07960
vt 0.39745 0.08173
vt 0.38540 0.05018
vt 0.36221 0.04905
vt 0.43068 0.00041
vt 0.37800 0.10316
vt 0.37138 0.08530
vt 0.36456 0.10852
vt 0.36070 0.12218
vt 0.35597 0.09807
vt 0.35312 0.09078
vt 0.38133 0.12015
vt 0.36501 0.06854
vt 0.34731 0.07218
vt 0.37429 0.04770
vt 0.44664 0.00766
vt 0.35074 0.05670
vt 0.35047 0.06880
vt 0.34412 0.05794
vt 0.38002 0.14221
vt 0.36266 0.13101
vt 0.34888 0.14518
vt 0.40432 0.10329
vt 0.39508 0.11493
vt 0.38836 0.12967
vt 0.45296 0.02746
vt 0.45514 0.01759
vt 0.34994 0.09994
vt 0.35528 0.15170
vt 0.40944 0.11321
vt 0.33981 0.11266
vt 0.33532 0.08951
vt 0.32052 0.08997
vt 0.32060 0.11582
vt 0.30878 0.09677
vt 0.33644 0.12340
vt 0.33156 0.08299
vt 0.29216 0.10789
vt 0.29741 0.12090
vt 0.33629 0.12877
vt 0.31312 0.13361
vt 0.31940 0.08256
vt 0.29479 0.12634
vt 0.32941 0.14115
vt 0.31529 0.14225
vt 0.29364 0.08442
vt 0.34760 0.12766
vt 0.32654 0.06416
vt 0.28102 0.08612
vt 0.28310 0.13581
vt 0.29232 0.14718
vt 0.28867 0.14366
vt 0.26775 0.12065
vt 0.26647 0.10720
vt 0.29309 0.06862
vt 0.30833 0.06745
vt 0.32430 0.06192
vt 0.29358 0.15596
vt 0.31158 0.15784
vt 0.31585 0.05921
vt 0.42014 0.10463
vt 0.42210 0.09349
vt 0.42745 0.07855
vt 0.44174 0.07415
vt 0.41821 0.12466
vt 0.41299 0.14170
vt 0.38812 0.15292
vt 0.38114 0.16109
vt 0.31233 0.16959
vt 0.32668 0.17452
vt 0.33360 0.17491
vt 0.29850 0.17348
vt 0.35503 0.17125
vt 0.43688 0.12000
vt 0.45539 0.04730
vt 0.45061 0.09464
vt 0.43744 0.09964
vt 0.38032 0.16411
vt 0.26770 0.14849
vt 0.27502 0.16196
vt 0.28778 0.17579
vt 0.36884 0.18044
vt 0.40500 0.16237
vt 0.34206 0.17953
vt 0.43771 0.13679
vt 0.30578 0.19038
vt 0.26326 0.10717
vt 0.43512 0.14639
vt 0.41684 0.16753
vt 0.35895 0.18230
vt 0.29331 0.18763
vt 0.26930 0.08273
vt 0.32993 0.19566
vt 0.28313 0.18778
vt 0.46274 0.08338
vt 0.46599 0.12466
vt 0.34816 0.20105
vt 0.39253 0.18985
vt 0.38144 0.19114
vt 0.46902 0.04424
vt 0.44834 0.10275
vt 0.44979 0.11704
vt 0.45434 0.13953
vt 0.45286 0.13989
vt 0.31073 0.20566
vt 0.46809 0.02581
vt 0.44236 0.16660
vt 0.36774 0.20149
vt 0.41380 0.18899
vt 0.47604 0.03253
vt 0.47447 0.03646
vt 0.30172 0.21359
vt 0.28696 0.20315
vt 0.32035 0.22384
vt 0.43546 0.18627
vt 0.46114 0.16549
vt 0.44997 0.16673
vt 0.35812 0.21465
vt 0.48547 0.08356
vt 0.47872 0.14378
vt 0.47235 0.12687
vt 0.48130 0.11754
vt 0.48651 0.10449
vt 0.38751 0.20918
vt 0.40372 0.20319
vt 0.31104 0.22660
vt 0.33970 0.23157
vt 0.29903 0.22718
vt 0.44494 0.18793
vt 0.48067 0.15733
vt 0.49849 0.13063
vt 0.42351 0.20236
vt 0.50104 0.12242
vt 0.40678 0.21900
vt 0.35113 0.23011
vt 0.46018 0.18597
vt 0.50240 0.14229
vt 0.50862 0.08626
vt 0.51437 0.11371
vt 0.52084 0.12814
vt 0.47597 0.17908
vt 0.28417 0.22177
vt 0.50106 0.15556
vt 0.48936 0.08997
vt 0.50236 0.06785
vt 0.49064 0.04077
vt 0.32509 0.05026
vt 0.32379 0.25368
vt 0.31820 0.24747
vt 0.53182 0.09655
vt 0.53450 0.10231
vt 0.34061 0.03773
vt 0.30400 0.05842
vt 0.26761 0.20130
vt 0.26238 0.17453
vt 0.24798 0.17068
vt 0.25513 0.14330
vt 0.24215 0.12457
vt 0.24383 0.11157
vt 0.25278 0.19681
vt 0.27276 0.06801
vt 0.29160 0.05419
vt 0.31498 0.04647
vt 0.24686 0.08237
vt 0.26795 0.21735
vt 0.27108 0.19950
vt 0.30538 0.25384
vt 0.38331 0.02136
vt 0.23985 0.08935
vt 0.46590 0.00410
vt 0.47540 0.01119
vt 0.38589 0.02921
vt 0.23507 0.14793
vt 0.37424 0.02571
vt 0.51773 0.07483
vt 0.27850 0.24061
vt 0.53715 0.12566
vt 0.54197 0.10916
vt 0.53579 0.12749
vt 0.53668 0.14419
vt 0.51854 0.15190
vt 0.28836 0.25265
vt 0.26983 0.23489
vt 0.48634 0.02082
vt 0.54145 0.08761
vt 0.53711 0.08340
vt 0.53692 0.05900
vt 0.52920 0.04684
vt 0.54686 0.09335
vt 0.55263 0.09493
vt 0.56228 0.09978
vt 0.56343 0.12422
vt 0.56516 0.13830
vt 0.52155 0.05347
vt 0.56195 0.07714
vt 0.56482 0.06506
vt 0.50485 0.03714
vt 0.25016 0.23258
vt 0.23552 0.20448
vt 0.24219 0.17477
vt 0.22666 0.19051
vt 0.26255 0.25467
vt 0.24431 0.23426
vt 0.22523 0.22192
vt 0.22684 0.21289
vt 0.26299 0.26507
vt 0.27620 0.27447
vt 0.23085 0.23755
vt 0.23314 0.26191
vt 0.24869 0.26076
vt 0.21985 0.25138
vt 0.20704 0.24810
vt 0.20702 0.22696
vt 0.55477 0.03699
vt 0.57374 0.04465
vt 0.21930 0.26707
vt 0.54403 0.04566
vt 0.36537 0.26244
vt 0.35860 0.24655
vt 0.38165 0.24044
vt 0.35473 0.26318
vt 0.34625 0.28058
vt 0.36183 0.28415
vt 0.37926 0.27022
vt 0.39678 0.25077
vt 0.38438 0.24118
vt 0.37644 0.28970
vt 0.38932 0.28240
vt 0.41030 0.26915
vt 0.39242 0.28227
vt 0.40873 0.24478
vt 0.42371 0.24747
vt 0.41740 0.23185
vt 0.38823 0.22722
vt 0.44218 0.23265
vt 0.43502 0.25313
vt 0.40045 0.29504
vt 0.38495 0.30639
vt 0.36813 0.31445
vt 0.42424 0.28166
vt 0.33853 0.30346
vt 0.34759 0.31425
vt 0.43313 0.27054
vt 0.44513 0.26384
vt 0.45534 0.23800
vt 0.42621 0.30323
vt 0.38755 0.32165
vt 0.40761 0.31576
vt 0.35925 0.32558
vt 0.43733 0.27982
vt 0.44220 0.21043
vt 0.45552 0.21014
vt 0.46415 0.22825
vt 0.42929 0.31459
vt 0.39357 0.33761
vt 0.41135 0.32764
vt 0.38625 0.35000
vt 0.37436 0.34437
vt 0.43731 0.32711
vt 0.44717 0.29722
vt 0.46050 0.27597
vt 0.46698 0.25523
vt 0.46886 0.27130
vt 0.47037 0.29813
vt 0.47845 0.22850
vt 0.44098 0.29664
vt 0.48342 0.25176
vt 0.49140 0.24007
vt 0.44277 0.32017
vt 0.48397 0.28381
vt 0.48708 0.26463
vt 0.41960 0.33946
vt 0.42995 0.34705
vt 0.39787 0.34749
vt 0.41040 0.35865
vt 0.49548 0.26187
vt 0.50966 0.25513
vt 0.51154 0.27249
vt 0.52087 0.27093
vt 0.50084 0.29951
vt 0.48659 0.30256
vt 0.51166 0.29092
vt 0.52175 0.28536
vt 0.53755 0.28348
vt 0.53839 0.26695
vt 0.55713 0.28826
vt 0.55614 0.27604
vt 0.56228 0.27213
vt 0.53324 0.24420
vt 0.54152 0.31038
vt 0.55979 0.30500
vt 0.52034 0.30466
vt 0.56576 0.29829
vt 0.51677 0.23975
vt 0.56870 0.26834
vt 0.57414 0.29138
vt 0.57889 0.28114
vt 0.55918 0.26014
vt 0.54674 0.24809
vt 0.50317 0.22291
vt 0.45875 0.31721
vt 0.45243 0.33365
vt 0.45062 0.33801
vt 0.44137 0.33858
vt 0.48176 0.31509
vt 0.42118 0.35373
vt 0.56724 0.30776
vt 0.52469 0.23322
vt 0.51577 0.20134
vt 0.50643 0.20604
vt 0.49348 0.20599
vt 0.48509 0.20643
vt 0.47368 0.19200
vt 0.48820 0.31751
vt 0.58017 0.29986
vt 0.51404 0.30658
vt 0.51858 0.31649
vt 0.43492 0.35877
vt 0.37765 0.35578
vt 0.46795 0.32696
vt 0.42615 0.36523
vt 0.52111 0.32569
vt 0.39803 0.37300
vt 0.39505 0.37265
vt 0.55223 0.31687
vt 0.46056 0.35424
vt 0.45511 0.36240
vt 0.46348 0.34470
vt 0.51546 0.33325
vt 0.37445 0.36136
vt 0.35137 0.33856
vt 0.54569 0.21472
vt 0.55580 0.23782
vt 0.52508 0.20447
vt 0.53564 0.19150
vt 0.41264 0.38743
vt 0.58462 0.26222
vt 0.49501 0.18478
vt 0.59037 0.28589
vt 0.57881 0.24994
vt 0.35105 0.35813
vt 0.32615 0.28163
vt 0.33227 0.27973
vt 0.34088 0.25945
vt 0.33479 0.31917
vt 0.32680 0.26083
vt 0.32905 0.33170
vt 0.38972 0.38364
vt 0.42999 0.38773
vt 0.44768 0.38419
vt 0.45346 0.37741
vt 0.53375 0.33420
vt 0.48181 0.33912
vt 0.47661 0.34337
vt 0.47393 0.35845
vt 0.50997 0.34558
vt 0.58978 0.27045
vt 0.55976 0.32428
vt 0.57134 0.31931
vt 0.51642 0.19136
vt 0.50662 0.17108
vt 0.53282 0.17697
vt 0.31557 0.29976
vt 0.36521 0.36915
vt 0.36293 0.36619
vt 0.34521 0.36181
vt 0.48675 0.34719
vt 0.49274 0.35225
vt 0.33582 0.34753
vt 0.47476 0.37546
vt 0.36974 0.38925
vt 0.31276 0.28869
vt 0.32262 0.32375
vt 0.39181 0.39824
vt 0.55690 0.19811
vt 0.55948 0.18154
vt 0.54776 0.18196
vt 0.55809 0.21025
vt 0.57246 0.20965
vt 0.53826 0.34526
vt 0.49299 0.36212
vt 0.53933 0.17103
vt 0.53262 0.16274
vt 0.57259 0.21530
vt 0.56273 0.17336
vt 0.48489 0.37230
vt 0.32730 0.36562
vt 0.30095 0.30968
vt 0.30654 0.28130
vt 0.35156 0.37908
vt 0.42166 0.40974
vt 0.30654 0.32688
vt 0.31727 0.33285
vt 0.30246 0.30670
vt 0.35871 0.39006
vt 0.56083 0.15424
vt 0.57328 0.19604
vt 0.35094 0.38658
vt 0.58598 0.24794
vt 0.57553 0.16646
vt 0.58732 0.20029
vt 0.59188 0.16961
vt 0.45027 0.40068
vt 0.43677 0.41082
vt 0.33888 0.37806
vt 0.30392 0.34550
vt 0.31077 0.36283
vt 0.28550 0.29453
vt 0.29022 0.28791
vt 0.28318 0.27803
vt 0.58630 0.22572
vt 0.29931 0.35628
vt 0.27635 0.32045
vt 0.28193 0.33531
vt 0.26037 0.30411
vt 0.28338 0.35191
vt 0.26582 0.29963
vt 0.26386 0.32165
vt 0.25306 0.28486
vt 0.25448 0.33392
vt 0.25800 0.34050
vt 0.26752 0.35760
vt 0.25818 0.35384
vt 0.24092 0.32396
vt 0.24059 0.31230
vt 0.24072 0.33679
vt 0.22782 0.29310
vt 0.23565 0.27525
vt 0.20697 0.33205
vt 0.20783 0.34626
vt 0.21120 0.31722
vt 0.21997 0.29728
vt 0.21524 0.35106
vt 0.16138 0.35239
vt 0.17114 0.33361
vt 0.12994 0.34993
vt 0.14321 0.36093
vt 0.10436 0.36304
vt 0.12248 0.37529
vt 0.08865 0.38740
vt 0.08887 0.38180
vt 0.21290 0.28846
vt 0.20611 0.27767
vt 0.20400 0.30100
vt 0.17629 0.31453
vt 0.07292 0.37339
vt 0.04926 0.39080
vt 0.06491 0.41082
vt 0.05478 0.40598
vt 0.03888 0.40303
vt 0.08005 0.35644
vt 0.12999 0.33288
vt 0.19076 0.29195
vt 0.16954 0.30723
vt 0.05377 0.36663
vt 0.06374 0.37064
vt 0.13428 0.32070
vt 0.10143 0.34101
vt 0.10900 0.32936
vt 0.02480 0.39395
vt 0.03646 0.37163
vt 0.17149 0.28716
vt 0.19663 0.26960
vt 0.15735 0.30238
vt 0.14702 0.29938
vt 0.07582 0.34223
vt 0.04793 0.35569
vt 0.09948 0.31171
vt 0.11527 0.30375
vt 0.17206 0.26205
vt 0.16851 0.27824
vt 0.14904 0.28101
vt 0.18358 0.24696
vt 0.19349 0.23157
vt 0.01925 0.36554
vt 0.01344 0.38624
vt 0.00041 0.40885
vt 0.19526 0.87068
vt 0.20982 0.88328
vt 0.18071 0.88086
vt 0.18236 0.89593
vt 0.22335 0.87569
vt 0.22596 0.86741
vt 0.21817 0.86288
vt 0.19871 0.86457
vt 0.15997 0.90270
vt 0.17669 0.89942
vt 0.20095 0.90198
vt 0.21436 0.89389
vt 0.17495 0.91187
vt 0.18977 0.90891
vt 0.19704 0.90821
vt 0.16100 0.91313
vt 0.12985 0.91763
vt 0.15384 0.90576
vt 0.13305 0.89874
vt 0.11196 0.91878
vt 0.11321 0.93870
vt 0.07790 0.93936
vt 0.09856 0.92413
vt 0.17086 0.86970
vt 0.10133 0.90869
vt 0.08061 0.92019
vt 0.20426 0.85220
vt 0.22335 0.85226
vt 0.15162 0.87920
vt 0.23217 0.84920
vt 0.23888 0.85376
vt 0.19108 0.85236
vt 0.24816 0.86415
vt 0.24706 0.86002
vt 0.06122 0.92240
vt 0.05610 0.94533
vt 0.11659 0.89089
vt 0.09991 0.89496
vt 0.22761 0.84053
vt 0.21639 0.84106
vt 0.04438 0.93436
vt 0.21340 0.83649
vt 0.20551 0.84592
vt 0.19286 0.84318
vt 0.17356 0.85475
vt 0.15731 0.86218
vt 0.23836 0.83630
vt 0.07331 0.95187
vt 0.24864 0.87955
vt 0.23788 0.88655
vt 0.23041 0.89606
vt 0.15457 0.92680
vt 0.13333 0.93784
vt 0.10213 0.94633
vt 0.25763 0.85075
vt 0.11480 0.94790
vt 0.25668 0.86588
vt 0.22221 0.90639
vt 0.25804 0.87858
vt 0.23559 0.81829
vt 0.22503 0.82140
vt 0.24479 0.82526
vt 0.25074 0.84111
vt 0.26374 0.83842
vt 0.25366 0.82934
vt 0.07304 0.90839
vt 0.20543 0.82511
vt 0.19116 0.83594
vt 0.21425 0.82049
vt 0.13873 0.86937
vt 0.17143 0.83966
vt 0.04003 0.95695
vt 0.03550 0.94298
vt 0.23154 0.80343
vt 0.21931 0.80558
vt 0.18041 0.82811
vt 0.24955 0.80189
vt 0.19053 0.81655
vt 0.20119 0.81931
vt 0.13873 0.85378
vt 0.16179 0.83760
vt 0.13032 0.86247
vt 0.09733 0.88221
vt 0.21611 0.80000
vt 0.20558 0.80266
vt 0.25710 0.81697
vt 0.26042 0.82252
vt 0.23231 0.78945
vt 0.22308 0.78485
vt 0.15314 0.84110
vt 0.09372 0.88243
vt 0.17136 0.81969
vt 0.24345 0.78044
vt 0.26165 0.80688
vt 0.21241 0.78302
vt 0.23321 0.78526
vt 0.18128 0.80020
vt 0.19385 0.79772
vt 0.20436 0.78280
vt 0.11918 0.85673
vt 0.05990 0.90470
vt 0.04305 0.91731
vt 0.15457 0.82270
vt 0.16518 0.80737
vt 0.13032 0.83745
vt 0.17651 0.80464
vt 0.22858 0.77098
vt 0.21538 0.77241
vt 0.07446 0.88883
vt 0.19830 0.78288
vt 0.17603 0.80049
vt 0.10122 0.86178
vt 0.03441 0.92547
vt 0.16277 0.80907
vt 0.18857 0.78082
vt 0.20310 0.76681
vt 0.08545 0.87300
vt 0.14373 0.82021
vt 0.16980 0.79150
vt 0.22714 0.75888
vt 0.25044 0.76727
vt 0.25643 0.77984
vt 0.12733 0.82212
vt 0.20974 0.75786
vt 0.25997 0.77307
vt 0.19724 0.76402
vt 0.18868 0.77338
vt 0.17765 0.77643
vt 0.21969 0.74978
vt 0.14614 0.80013
vt 0.23966 0.75109
vt 0.23272 0.74547
vt 0.15495 0.80140
vt 0.10003 0.85086
vt 0.10604 0.83563
vt 0.27567 0.78857
vt 0.27065 0.80356
vt 0.26599 0.77793
vt 0.27607 0.82093
vt 0.27210 0.85557
vt 0.20223 0.75389
vt 0.16358 0.78531
vt 0.15115 0.78885
vt 0.02201 0.94147
vt 0.18713 0.76151
vt 0.17969 0.76613
vt 0.18738 0.75645
vt 0.16278 0.77552
vt 0.17526 0.76311
vt 0.11564 0.82358
vt 0.06180 0.88485
vt 0.07077 0.87181
vt 0.08563 0.85821
vt 0.05946 0.89055
vt 0.04727 0.89502
vt 0.21443 0.73809
vt 0.27904 0.80588
vt 0.28223 0.83436
vt 0.28190 0.83695
vt 0.27056 0.86810
vt 0.25294 0.74582
vt 0.23861 0.74385
vt 0.28338 0.85186
vt 0.28427 0.85715
vt 0.20665 0.73595
vt 0.12270 0.81101
vt 0.12930 0.79857
vt 0.13868 0.78994
vt 0.19800 0.73954
vt 0.22812 0.73057
vt 0.18191 0.74315
vt 0.17560 0.75214
vt 0.15742 0.76847
vt 0.16942 0.76383
vt 0.16884 0.76062
vt 0.04273 0.89831
vt 0.03994 0.90130
vt 0.18824 0.74307
vt 0.19282 0.73648
vt 0.03044 0.91236
vt 0.10313 0.82961
vt 0.10145 0.82130
vt 0.14406 0.77165
vt 0.08985 0.83876
vt 0.07682 0.85238
vt 0.27575 0.76323
vt 0.26171 0.74300
vt 0.13861 0.78006
vt 0.16808 0.75116
vt 0.11448 0.80305
vt 0.12074 0.79625
vt 0.17645 0.74288
vt 0.15202 0.76176
vt 0.16350 0.74690
vt 0.24805 0.72458
vt 0.25455 0.73964
vt 0.21471 0.72128
vt 0.20647 0.71973
vt 0.05787 0.86967
vt 0.21784 0.72770
vt 0.22534 0.71846
vt 0.01697 0.93485
vt 0.12201 0.78363
vt 0.13007 0.77477
vt 0.06526 0.85530
vt 0.17663 0.72780
vt 0.18908 0.72541
vt 0.19325 0.71546
vt 0.08257 0.84446
vt 0.14327 0.76181
vt 0.16227 0.73353
vt 0.28710 0.77823
vt 0.14128 0.75518
vt 0.14871 0.74219
vt 0.15263 0.73580
vt 0.07957 0.83332
vt 0.08724 0.81916
vt 0.09325 0.81213
vt 0.10198 0.79759
vt 0.11537 0.78120
vt 0.29109 0.81174
vt 0.25846 0.88794
vt 0.05539 0.96478
vt 0.24744 0.89960
vt 0.24109 0.90273
vt 0.27262 0.88269
vt 0.19038 0.92399
vt 0.19808 0.91959
vt 0.22435 0.91565
vt 0.21831 0.91886
vt 0.01466 0.95182
vt 0.01797 0.91855
vt 0.24061 0.90864
vt 0.28605 0.85788
vt 0.28875 0.87940
vt 0.29139 0.84029
vt 0.30423 0.81652
vt 0.29873 0.83372
vt 0.26107 0.89767
vt 0.25674 0.90128
vt 0.17690 0.93225
vt 0.14273 0.95500
vt 0.29578 0.87285
vt 0.24779 0.91561
vt 0.27651 0.89501
vt 0.27509 0.88944
vt 0.28482 0.88731
vt 0.16919 0.94205
vt 0.29870 0.85574
vt 0.30313 0.86221
vt 0.07765 0.95871
vt 0.09301 0.96516
vt 0.25674 0.91766
vt 0.25819 0.91304
vt 0.26386 0.91016
vt 0.21145 0.93086
vt 0.22718 0.93235
vt 0.22831 0.92781
vt 0.19618 0.93420
vt 0.20245 0.93582
vt 0.27043 0.90752
vt 0.04030 0.96686
vt 0.15604 0.94994
vt 0.12226 0.95517
vt 0.10045 0.95827
vt 0.16912 0.94494
vt 0.18995 0.94205
vt 0.30766 0.87069
vt 0.29750 0.89436
vt 0.28654 0.90610
vt 0.31105 0.83635
vt 0.30767 0.85446
vt 0.31263 0.83964
vt 0.27631 0.73566
vt 0.30702 0.88281
vt 0.29726 0.90895
vt 0.24964 0.92974
vt 0.24508 0.93564
vt 0.29613 0.77617
vt 0.30249 0.79894
vt 0.29251 0.82141
vt 0.28020 0.91531
vt 0.18635 0.95068
vt 0.27588 0.92274
vt 0.26627 0.92743
vt 0.25747 0.93382
vt 0.31568 0.85249
vt 0.22583 0.94250
vt 0.21842 0.94137
vt 0.31277 0.87759
vt 0.02380 0.96976
vt 0.32040 0.86846
vt 0.21113 0.94943
vt 0.20236 0.94742
vt 0.31305 0.88778
vt 0.30865 0.89549
vt 0.29721 0.75186
vt 0.29090 0.73797
vt 0.29762 0.91804
vt 0.24055 0.94645
vt 0.29856 0.92197
vt 0.12542 0.96663
vt 0.32132 0.88427
vt 0.13094 0.97105
vt 0.15946 0.96807
vt 0.18023 0.95609
vt 0.31560 0.90333
vt 0.08122 0.97620
vt 0.19114 0.96156
vt 0.17223 0.96741
vt 0.28694 0.93137
vt 0.31026 0.79446
vt 0.28157 0.93881
vt 0.26943 0.94327
vt 0.25661 0.94975
vt 0.31725 0.91398
vt 0.22772 0.95695
vt 0.22010 0.95737
vt 0.20430 0.96369
vt 0.25158 0.95176
vt 0.24198 0.95784
vt 0.06620 0.97951
vt 0.30943 0.92786
vt 0.31535 0.91951
vt 0.09763 0.98117
vt 0.29859 0.93636
vt 0.30770 0.93572
vt 0.32686 0.84902
vt 0.32513 0.83314
vt 0.33036 0.80997
vt 0.28232 0.94455
vt 0.29565 0.94715
vt 0.33278 0.87550
vt 0.32917 0.88708
vt 0.33018 0.84917
vt 0.33218 0.89201
vt 0.32179 0.90274
vt 0.26635 0.95301
vt 0.32243 0.76922
vt 0.32352 0.78564
vt 0.31308 0.75146
vt 0.05320 0.98038
vt 0.04266 0.97953
vt 0.26812 0.71335
vt 0.27923 0.95862
vt 0.29045 0.95862
vt 0.28711 0.96005
vt 0.21692 0.96910
vt 0.24235 0.96336
vt 0.23547 0.97300
vt 0.34331 0.86025
vt 0.25572 0.96727
vt 0.26518 0.96505
vt 0.20132 0.97748
vt 0.18534 0.97678
vt 0.16501 0.98595
vt 0.11488 0.98456
vt 0.13266 0.98794
vt 0.32587 0.93768
vt 0.33071 0.92397
vt 0.30823 0.95477
vt 0.31813 0.94959
vt 0.22583 0.97698
vt 0.27368 0.97382
vt 0.24024 0.97814
vt 0.25437 0.97639
vt 0.21150 0.98869
vt 0.29275 0.96768
vt 0.28893 0.96794
vt 0.27816 0.97997
vt 0.25674 0.98426
vt 0.26385 0.99028
vt 0.18110 0.98713
vt 0.20231 0.99133
vt 0.23911 0.98719
vt 0.20540 0.71247
vt 0.12680 0.76213
vt 0.07438 0.99133
vt 0.05184 0.87020
vt 0.17001 0.71857
vt 0.17811 0.70809
vt 0.03136 0.88804
vt 0.02783 0.89992
vt 0.13213 0.74485
vt 0.16207 0.71275
vt 0.14751 0.72553
vt 0.09280 0.79569
vt 0.07284 0.82545
vt 0.10708 0.77778
vt 0.11433 0.75622
vt 0.05032 0.85357
vt 0.04331 0.86711
vt 0.02853 0.98298
vt 0.14916 0.71226
vt 0.06601 0.83152
vt 0.13384 0.71690
vt 0.12423 0.73022
vt 0.08712 0.77423
vt 0.08921 0.78532
vt 0.09819 0.76374
vt 0.07266 0.79583
vt 0.10932 0.74745
vt 0.11475 0.73255
vt 0.06435 0.81903
vt 0.07534 0.80690
vt 0.09832 0.75485
vt 0.00498 0.96443
vt 0.02266 0.89234
vt 0.05033 0.83440
vt 0.08420 0.75593
vt 0.02969 0.85971
vt 0.01290 0.90185
vt 0.00103 0.95005
vt 0.10705 0.72227
vt 0.09250 0.72999
vt 0.05440 0.81366
vt 0.04174 0.83083
vt 0.00133 0.93099
vt 0.00041 0.90801
vt 0.05072 0.79181
vt 0.07623 0.75756
vt 0.04500 0.80885
vt 0.05139 0.81483
vt 0.01305 0.97808
vt 0.80602 0.12656
vt 0.81934 0.14390
vt 0.79659 0.15104
vt 0.81980 0.12279
vt 0.80608 0.11912
vt 0.78439 0.14730
vt 0.77979 0.12672
vt 0.78703 0.11616
vt 0.80582 0.16159
vt 0.77751 0.15901
vt 0.79703 0.10545
vt 0.76891 0.11928
vt 0.75871 0.13060
vt 0.75667 0.15033
vt 0.74997 0.13918
vt 0.75275 0.16119
vt 0.81860 0.09800
vt 0.78988 0.16183
vt 0.77638 0.09248
vt 0.76667 0.10196
vt 0.76589 0.11219
vt 0.79262 0.09072
vt 0.83654 0.09642
vt 0.80554 0.08784
vt 0.81808 0.08577
vt 0.84592 0.11715
vt 0.84582 0.11273
vt 0.84676 0.13283
vt 0.83447 0.14472
vt 0.84925 0.10264
vt 0.81025 0.07910
vt 0.80543 0.07714
vt 0.79883 0.07673
vt 0.73554 0.12436
vt 0.74696 0.11578
vt 0.75552 0.09800
vt 0.76150 0.09413
vt 0.79041 0.07884
vt 0.77919 0.07668
vt 0.83961 0.07253
vt 0.84078 0.07800
vt 0.84499 0.07932
vt 0.75982 0.08481
vt 0.82776 0.06825
vt 0.82253 0.07085
vt 0.81548 0.05562
vt 0.79634 0.06846
vt 0.80290 0.05879
vt 0.73688 0.10114
vt 0.78946 0.17430
vt 0.77368 0.16846
vt 0.76217 0.17307
vt 0.80114 0.17333
vt 0.73252 0.14102
vt 0.74035 0.09135
vt 0.76731 0.06845
vt 0.78412 0.06181
vt 0.74701 0.07812
vt 0.79314 0.05523
vt 0.78588 0.05021
vt 0.77736 0.05368
vt 0.83163 0.04673
vt 0.81245 0.17624
vt 0.82403 0.16214
vt 0.85146 0.13386
vt 0.82133 0.04741
vt 0.72837 0.09401
vt 0.75600 0.17300
vt 0.71876 0.13700
vt 0.71107 0.10572
vt 0.72005 0.11743
vt 0.72857 0.16787
vt 0.76218 0.06099
vt 0.74754 0.06182
vt 0.80103 0.04698
vt 0.72450 0.08317
vt 0.73787 0.06958
vt 0.73106 0.07297
vt 0.75358 0.18019
vt 0.71271 0.09479
vt 0.70585 0.12158
vt 0.82127 0.04255
vt 0.81059 0.03831
vt 0.79706 0.03135
vt 0.76075 0.05067
vt 0.77495 0.04591
vt 0.77738 0.03404
vt 0.77672 0.19341
vt 0.77060 0.18154
vt 0.82514 0.03839
vt 0.78273 0.19666
vt 0.77541 0.20609
vt 0.78943 0.20623
vt 0.77702 0.21752
vt 0.76475 0.19707
vt 0.79619 0.19656
vt 0.76267 0.20872
vt 0.79266 0.21652
vt 0.77121 0.04190
vt 0.70003 0.11856
vt 0.71110 0.08079
vt 0.73170 0.05669
vt 0.82283 0.02353
vt 0.80573 0.02673
vt 0.83723 0.04700
vt 0.75170 0.03820
vt 0.74561 0.04148
vt 0.75708 0.19877
vt 0.80299 0.20302
vt 0.70778 0.06778
vt 0.71724 0.05616
vt 0.76370 0.21934
vt 0.69553 0.08472
vt 0.69811 0.09870
vt 0.69299 0.12430
vt 0.69643 0.14135
vt 0.68427 0.10410
vt 0.72730 0.04497
vt 0.69573 0.15117
vt 0.84595 0.07248
vt 0.67604 0.11565
vt 0.74262 0.18735
vt 0.73356 0.17544
vt 0.71389 0.18133
vt 0.83705 0.16155
vt 0.85966 0.15901
vt 0.82011 0.17596
vt 0.82918 0.18443
vt 0.69030 0.16128
vt 0.85151 0.18987
vt 0.71285 0.04957
vt 0.69753 0.05978
vt 0.74711 0.20693
vt 0.75958 0.21831
vt 0.68779 0.06145
vt 0.68010 0.07302
vt 0.68552 0.06355
vt 0.67125 0.13295
vt 0.67450 0.08426
vt 0.66120 0.12190
vt 0.67722 0.15517
vt 0.72638 0.19369
vt 0.66698 0.14761
vt 0.66297 0.10005
vt 0.65674 0.08337
vt 0.67340 0.07936
vt 0.68929 0.17104
vt 0.66278 0.14053
vt 0.86177 0.11790
vt 0.76923 0.22825
vt 0.64625 0.11043
vt 0.66759 0.06728
vt 0.67337 0.05219
vt 0.67691 0.03199
vt 0.83538 0.17732
vt 0.66269 0.17202
vt 0.69533 0.18457
vt 0.65320 0.14505
vt 0.67434 0.18084
vt 0.71037 0.19239
vt 0.72210 0.20818
vt 0.74784 0.21286
vt 0.73609 0.21551
vt 0.75395 0.22509
vt 0.69817 0.04382
vt 0.69350 0.03905
vt 0.83705 0.20029
vt 0.78491 0.23031
vt 0.69118 0.20374
vt 0.86746 0.10440
vt 0.86023 0.08047
vt 0.86718 0.08185
vt 0.88169 0.09199
vt 0.88285 0.06856
vt 0.87724 0.06259
vt 0.86136 0.06554
vt 0.87146 0.11285
vt 0.87446 0.11548
vt 0.88764 0.09830
vt 0.88988 0.12177
vt 0.86697 0.14714
vt 0.87459 0.13817
vt 0.88932 0.07752
vt 0.87903 0.16301
vt 0.89347 0.14050
vt 0.89641 0.17030
vt 0.88627 0.17849
vt 0.87794 0.19849
vt 0.90389 0.09782
vt 0.89787 0.07572
vt 0.89887 0.06342
vt 0.91391 0.08218
vt 0.89589 0.19314
vt 0.89972 0.11802
vt 0.90740 0.10948
vt 0.90670 0.09829
vt 0.91743 0.06100
vt 0.92693 0.06752
vt 0.91780 0.09049
vt 0.90412 0.15729
vt 0.90961 0.12668
vt 0.88368 0.19846
vt 0.93431 0.07471
vt 0.93306 0.08925
vt 0.92742 0.10885
vt 0.91992 0.12224
vt 0.93328 0.04732
vt 0.93568 0.06331
vt 0.90344 0.18085
vt 0.94257 0.08966
vt 0.94525 0.05938
vt 0.95308 0.10266
vt 0.92704 0.12515
vt 0.92307 0.14982
vt 0.95416 0.11889
vt 0.94301 0.13949
vt 0.94814 0.04334
vt 0.92827 0.15009
vt 0.92516 0.18019
vt 0.95828 0.06091
vt 0.96065 0.06604
vt 0.95551 0.07671
vt 0.95499 0.04972
vt 0.88287 0.21706
vt 0.90012 0.20810
vt 0.90865 0.20826
vt 0.91480 0.18979
vt 0.94244 0.16431
vt 0.93809 0.17973
vt 0.93237 0.15812
vt 0.81397 0.20643
vt 0.81133 0.21327
vt 0.80325 0.22360
vt 0.87313 0.18773
vt 0.84701 0.20290
vt 0.93063 0.19696
vt 0.92206 0.21507
vt 0.96190 0.03017
vt 0.94062 0.19921
vt 0.90830 0.22920
vt 0.89892 0.22579
vt 0.88703 0.22839
vt 0.88200 0.23604
vt 0.85978 0.21510
vt 0.84218 0.21714
vt 0.97498 0.04070
vt 0.96969 0.05151
vt 0.93953 0.22155
vt 0.92833 0.21942
vt 0.95519 0.20448
vt 0.95546 0.21939
vt 0.92602 0.23906
vt 0.93392 0.23640
vt 0.86482 0.23190
vt 0.81505 0.22556
vt 0.75536 0.23276
vt 0.70210 0.20920
vt 0.74028 0.22117
vt 0.63189 0.12594
vt 0.63989 0.07900
vt 0.63405 0.09395
vt 0.63087 0.12291
vt 0.74872 0.23906
vt 0.60829 0.10064
vt 0.62536 0.09239
vt 0.38621 0.57749
vt 0.37170 0.56643
vt 0.38423 0.55966
vt 0.36717 0.57292
vt 0.36483 0.58173
vt 0.38952 0.59410
vt 0.38414 0.60283
vt 0.36974 0.60027
vt 0.40316 0.60816
vt 0.40440 0.58358
vt 0.40913 0.59673
vt 0.41656 0.61218
vt 0.41721 0.60029
vt 0.41817 0.57716
vt 0.43404 0.60258
vt 0.42650 0.57947
vt 0.43785 0.59795
vt 0.44755 0.58501
vt 0.39667 0.54631
vt 0.44482 0.57001
vt 0.44000 0.56464
vt 0.43598 0.55477
vt 0.42414 0.55888
vt 0.41417 0.56133
vt 0.40751 0.55680
vt 0.37360 0.54482
vt 0.35339 0.55344
vt 0.35846 0.54227
vt 0.38617 0.53882
vt 0.45991 0.59017
vt 0.33447 0.57269
vt 0.33914 0.56057
vt 0.34125 0.59497
vt 0.32554 0.55093
vt 0.33532 0.52764
vt 0.36818 0.52540
vt 0.36696 0.52386
vt 0.38958 0.52723
vt 0.39952 0.53371
vt 0.34567 0.51780
vt 0.31946 0.56140
vt 0.44246 0.53712
vt 0.44761 0.55300
vt 0.45066 0.53986
vt 0.40623 0.53330
vt 0.38119 0.51632
vt 0.46173 0.55740
vt 0.47236 0.57250
vt 0.45591 0.61187
vt 0.46824 0.59791
vt 0.48253 0.58582
vt 0.45345 0.54177
vt 0.48269 0.59469
vt 0.47840 0.59927
vt 0.41010 0.51885
vt 0.39923 0.51898
vt 0.46468 0.54219
vt 0.39430 0.51078
vt 0.47688 0.55256
vt 0.49323 0.57851
vt 0.48603 0.56778
vt 0.49157 0.55475
vt 0.41221 0.52667
vt 0.48617 0.55043
vt 0.35158 0.50612
vt 0.36503 0.50960
vt 0.37032 0.50418
vt 0.38895 0.50123
vt 0.40053 0.51376
vt 0.40954 0.50437
vt 0.41189 0.51427
vt 0.35898 0.50206
vt 0.33748 0.51716
vt 0.31951 0.53524
vt 0.49663 0.56581
vt 0.47426 0.53481
vt 0.46239 0.52607
vt 0.45117 0.53036
vt 0.45154 0.51799
vt 0.43211 0.52801
vt 0.45497 0.51799
vt 0.42455 0.52936
vt 0.40406 0.49857
vt 0.41787 0.50275
vt 0.34809 0.49954
vt 0.33473 0.50804
vt 0.37256 0.48982
vt 0.35725 0.48868
vt 0.40578 0.49486
vt 0.39755 0.49555
vt 0.34837 0.48896
vt 0.43638 0.51355
vt 0.42944 0.51173
vt 0.45683 0.50808
vt 0.49535 0.53668
vt 0.50771 0.57829
vt 0.48059 0.52267
vt 0.47120 0.51891
vt 0.42197 0.49151
vt 0.51363 0.55536
vt 0.50539 0.53687
vt 0.51628 0.57150
vt 0.51182 0.59563
vt 0.49304 0.60530
vt 0.50079 0.58612
vt 0.52562 0.58635
vt 0.42154 0.49768
vt 0.47417 0.62211
vt 0.51987 0.55880
vt 0.42308 0.62711
vt 0.43902 0.62220
vt 0.46417 0.62155
vt 0.45408 0.63763
vt 0.44228 0.49426
vt 0.43565 0.49577
vt 0.32306 0.51748
vt 0.53236 0.57275
vt 0.36456 0.47373
vt 0.38052 0.47707
vt 0.38195 0.48320
vt 0.39531 0.49152
vt 0.41716 0.47818
vt 0.40278 0.47325
vt 0.33264 0.49749
vt 0.40643 0.46492
vt 0.38559 0.46780
vt 0.54046 0.56277
vt 0.42916 0.47955
vt 0.52459 0.60416
vt 0.53267 0.60088
vt 0.50384 0.62425
vt 0.49964 0.62154
vt 0.48217 0.63694
vt 0.46909 0.62521
vt 0.52856 0.61706
vt 0.54346 0.58345
vt 0.54481 0.59903
vt 0.54233 0.60538
vt 0.40232 0.62427
vt 0.38693 0.62089
vt 0.44208 0.63066
vt 0.54735 0.57636
vt 0.36310 0.60906
vt 0.31939 0.59013
vt 0.31263 0.52654
vt 0.43526 0.63822
vt 0.51757 0.63349
vt 0.31165 0.56399
vt 0.30929 0.57535
vt 0.36031 0.62165
vt 0.34569 0.60814
vt 0.34170 0.48128
vt 0.42392 0.45687
vt 0.43125 0.46489
vt 0.42399 0.46914
vt 0.37955 0.46568
vt 0.36141 0.46333
vt 0.35045 0.46241
vt 0.44677 0.47742
vt 0.32051 0.50294
vt 0.33164 0.48063
vt 0.30332 0.54849
vt 0.32238 0.48741
vt 0.46237 0.48054
vt 0.45048 0.48657
vt 0.39488 0.46257
vt 0.38502 0.45379
vt 0.55989 0.59291
vt 0.37561 0.44941
vt 0.36438 0.44947
vt 0.39981 0.45116
vt 0.41028 0.44509
vt 0.54207 0.62372
vt 0.45366 0.46417
vt 0.35415 0.44751
vt 0.30614 0.50471
vt 0.31863 0.60808
vt 0.38388 0.63248
vt 0.40493 0.64468
vt 0.32758 0.62178
vt 0.29107 0.53488
vt 0.42575 0.65351
vt 0.50375 0.65476
vt 0.47207 0.65489
vt 0.53624 0.64183
vt 0.29458 0.55519
vt 0.29987 0.56367
vt 0.29254 0.58212
vt 0.30005 0.60564
vt 0.30007 0.51010
vt 0.28927 0.51598
vt 0.37397 0.64480
vt 0.35091 0.63755
vt 0.39491 0.65386
vt 0.31556 0.48747
vt 0.31592 0.49509
vt 0.30772 0.49799
vt 0.32650 0.47820
vt 0.33641 0.46409
vt 0.28606 0.56331
vt 0.34225 0.45593
vt 0.28919 0.58779
vt 0.52607 0.65607
vt 0.32542 0.46680
vt 0.37035 0.43897
vt 0.28353 0.52475
vt 0.39259 0.44055
vt 0.30138 0.49011
vt 0.36583 0.43407
vt 0.44713 0.46311
vt 0.31219 0.47298
vt 0.44092 0.44232
vt 0.38643 0.42264
vt 0.37539 0.42698
vt 0.41592 0.43837
vt 0.44012 0.43392
vt 0.39008 0.43255
vt 0.30311 0.48137
vt 0.30585 0.47361
vt 0.35328 0.43404
vt 0.35202 0.44354
vt 0.34189 0.43271
vt 0.32464 0.44561
vt 0.33094 0.44446
vt 0.32114 0.45670
vt 0.31141 0.46267
vt 0.47255 0.45477
vt 0.45516 0.45069
vt 0.40734 0.41985
vt 0.42420 0.42852
vt 0.44043 0.42264
vt 0.46567 0.43947
vt 0.37145 0.41825
vt 0.28831 0.48614
vt 0.27670 0.49408
vt 0.29426 0.47605
vt 0.27480 0.51322
vt 0.26886 0.52192
vt 0.35299 0.42304
vt 0.27111 0.54113
vt 0.26572 0.56275
vt 0.29206 0.46806
vt 0.29987 0.46147
vt 0.32944 0.43982
vt 0.30918 0.45356
vt 0.31795 0.44061
vt 0.27895 0.47892
vt 0.27787 0.58901
vt 0.28319 0.60868
vt 0.25595 0.55186
vt 0.25794 0.50890
vt 0.24450 0.53351
vt 0.24333 0.51741
vt 0.28130 0.45466
vt 0.29897 0.44708
vt 0.25866 0.48567
vt 0.25032 0.49663
vt 0.27652 0.47798
vt 0.25274 0.50526
vt 0.28519 0.46090
vt 0.29984 0.43764
vt 0.26915 0.47296
vt 0.23381 0.51062
vt 0.25406 0.56292
vt 0.23745 0.54742
vt 0.26483 0.46146
vt 0.23101 0.49704
vt 0.25119 0.47391
vt 0.26249 0.59458
vt 0.23064 0.48055
vt 0.22799 0.48346
vt 0.22812 0.53377
vt 0.24095 0.57643
vt 0.22860 0.56232
vt 0.21054 0.50797
vt 0.21938 0.52959
vt 0.20965 0.50603
vt 0.19187 0.52038
vt 0.18393 0.50311
vt 0.19100 0.49793
vt 0.20234 0.48018
vt 0.19424 0.48809
vt 0.20964 0.55305
vt 0.20766 0.53996
vt 0.21063 0.47122
vt 0.22435 0.46303
vt 0.24098 0.45433
vt 0.19037 0.53412
vt 0.24292 0.46349
vt 0.25888 0.45422
vt 0.18040 0.48688
vt 0.19305 0.47279
vt 0.16318 0.46895
vt 0.15355 0.47873
vt 0.17930 0.50349
vt 0.15551 0.51582
vt 0.14633 0.49522
vt 0.11528 0.47746
vt 0.13124 0.49758
vt 0.17742 0.52276
vt 0.10974 0.48922
vt 0.20965 0.56340
vt 0.23587 0.58470
vt 0.25150 0.61626
vt 0.27426 0.62830
vt 0.28389 0.62867
vt 0.23394 0.58827
vt 0.18823 0.54429
vt 0.19568 0.45861
vt 0.17804 0.54020
vt 0.14311 0.46569
vt 0.12242 0.46588
vt 0.15117 0.45541
vt 0.11394 0.46294
vt 0.09742 0.46580
vt 0.07406 0.47681
vt 0.08605 0.46392
vt 0.09240 0.48840
vt 0.11068 0.50631
vt 0.12849 0.51802
vt 0.20535 0.58371
vt 0.21831 0.58759
vt 0.16236 0.54396
vt 0.22660 0.60611
vt 0.24146 0.62796
vt 0.18146 0.56579
vt 0.06658 0.48613
vt 0.10132 0.50754
vt 0.12827 0.51823
vt 0.11740 0.53536
vt 0.14881 0.53816
vt 0.09373 0.45365
vt 0.07469 0.45187
vt 0.09810 0.44059
vt 0.05343 0.46835
vt 0.06126 0.45544
vt 0.21626 0.60787
vt 0.22643 0.62972
vt 0.20203 0.60246
vt 0.17814 0.58101
vt 0.18393 0.46444
vt 0.13776 0.55190
vt 0.15232 0.56503
vt 0.10338 0.45144
vt 0.11581 0.44399
vt 0.13385 0.44765
vt 0.09596 0.52144
vt 0.23326 0.64703
vt 0.16673 0.44666
vt 0.18292 0.44857
vt 0.21336 0.45249
vt 0.20397 0.45425
vt 0.21683 0.64260
vt 0.05653 0.49153
vt 0.04338 0.47989
vt 0.07339 0.51764
vt 0.11412 0.53689
vt 0.11856 0.56257
vt 0.20408 0.63751
vt 0.18929 0.61384
vt 0.16956 0.59724
vt 0.03028 0.46743
vt 0.09943 0.54126
vt 0.04153 0.45737
vt 0.05239 0.44320
vt 0.04176 0.44461
vt 0.06536 0.44045
vt 0.04312 0.49042
vt 0.06197 0.51490
vt 0.14127 0.58251
vt 0.15625 0.59938
vt 0.02944 0.45306
vt 0.17712 0.63502
vt 0.20680 0.65607
vt 0.10877 0.56263
vt 0.08097 0.55413
vt 0.11897 0.58743
vt 0.13339 0.60233
vt 0.13891 0.60994
vt 0.09480 0.56192
vt 0.15134 0.63624
vt 0.17124 0.63797
vt 0.01894 0.48196
vt 0.02982 0.49166
vt 0.04029 0.51034
vt 0.05893 0.53133
vt 0.01320 0.45690
vt 0.00615 0.47063
vt 0.16074 0.64659
vt 0.64684 0.58836
vt 0.59448 0.58428
vt 0.61548 0.57879
vt 0.58285 0.58836
vt 0.63319 0.57784
vt 0.59621 0.57597
vt 0.13992 0.11977
vt 0.16563 0.07888
vt 0.16216 0.10181
vt 0.16949 0.09786
vt 0.17531 0.07395
vt 0.16132 0.12544
vt 0.18742 0.10805
vt 0.14332 0.08915
vt 0.13502 0.09939
vt 0.12644 0.12955
vt 0.12726 0.10671
vt 0.11952 0.12156
vt 0.16392 0.06674
vt 0.17413 0.12847
vt 0.17189 0.14556
vt 0.20051 0.12818
vt 0.18544 0.09002
vt 0.13140 0.08970
vt 0.14587 0.13861
vt 0.14835 0.15966
vt 0.17558 0.16557
vt 0.13914 0.15156
vt 0.13493 0.16450
vt 0.12806 0.14987
vt 0.10912 0.11629
vt 0.11315 0.11072
vt 0.11743 0.08581
vt 0.13085 0.05992
vt 0.12081 0.06227
vt 0.10545 0.07931
vt 0.13595 0.04831
vt 0.09757 0.09205
vt 0.10622 0.13016
vt 0.09331 0.12115
vt 0.14209 0.12610
vt 0.11980 0.15035
vt 0.10699 0.16557
vt 0.19068 0.14524
vt 0.14440 0.07461
vt 0.20441 0.07829
vt 0.20196 0.15549
vt 0.21695 0.11616
vt 0.21560 0.09414
vt 0.22436 0.09861
vt 0.21445 0.08060
vt 0.17156 0.05243
vt 0.19216 0.05141
vt 0.19303 0.06773
vt 0.20324 0.14040
vt 0.08573 0.10379
vt 0.49508 0.46945
vt 0.48805 0.45128
vt 0.48605 0.47846
vt 0.49508 0.48596
vt 0.93724 0.40423
vt 0.92367 0.39379
vt 0.92657 0.40917
vt 0.93437 0.38296
vt 0.90708 0.38130
vt 0.92928 0.37620
vt 0.93246 0.35627
vt 0.93043 0.34402
vt 0.90895 0.35165
vt 0.91738 0.34311
vt 0.89787 0.33478
vt 0.91298 0.32747
vt 0.92651 0.30468
vt 0.93340 0.30384
vt 0.93369 0.28943
vt 0.91891 0.29251
vt 0.91652 0.30614
vt 0.93724 0.30968
vt 0.70755 0.98307
vt 0.72149 0.97647
vt 0.73626 0.98307
vn -0.8129 -0.2261 0.5367
vn -0.8499 -0.2470 0.4655
vn -0.8098 -0.2780 0.5166
vn -0.8269 -0.1899 0.5292
vn -0.8408 -0.1773 0.5115
vn -0.8863 -0.1037 0.4513
vn -0.9028 -0.1608 0.3988
vn -0.8390 -0.1134 0.5321
vn -0.8511 -0.0665 0.5207
vn -0.8812 -0.0362 0.4713
vn -0.9121 -0.0828 0.4015
vn -0.8200 -0.1173 0.5601
vn -0.8329 -0.0360 0.5522
vn -0.8525 -0.0158 0.5225
vn -0.8584 -0.0136 0.5129
vn -0.8019 -0.1736 0.5716
vn -0.8179 -0.0987 0.5668
vn -0.8252 -0.0416 0.5633
vn -0.8315 -0.0434 0.5539
vn -0.7965 -0.1970 0.5717
vn -0.7973 -0.2071 0.5669
vn -0.8198 -0.1148 0.5611
vn -0.8260 -0.0423 0.5620
vn -0.7927 -0.1627 0.5875
vn -0.7684 -0.2685 0.5809
vn -0.7772 -0.2688 0.5690
vn -0.7782 -0.2520 0.5752
vn -0.7906 -0.0476 0.6105
vn -0.8263 -0.0286 0.5625
vn -0.8322 0.0314 0.5536
vn -0.7112 -0.2960 0.6376
vn -0.7646 -0.3123 0.5637
vn -0.7862 -0.3098 0.5347
vn -0.7649 -0.2826 0.5789
vn -0.7513 -0.3158 0.5795
vn -0.7465 -0.3340 0.5755
vn -0.7745 -0.2622 0.5756
vn -0.6367 -0.2428 0.7319
vn -0.7855 -0.3576 0.5050
vn -0.7453 -0.3385 0.5744
vn -0.7163 -0.3798 0.5853
vn -0.7401 -0.3418 0.5792
vn -0.7544 -0.3461 0.5578
vn -0.7320 0.0606 0.6786
vn -0.8582 -0.3176 0.4032
vn -0.8004 -0.3875 0.4573
vn -0.7212 -0.3693 0.5861
vn -0.6811 -0.3909 0.6191
vn -0.7417 -0.3780 0.5541
vn -0.7430 -0.3927 0.5420
vn -0.7311 -0.3570 0.5814
vn -0.7100 -0.3888 0.5872
vn -0.9073 -0.2552 0.3343
vn -0.7517 -0.4108 0.5160
vn -0.6984 -0.4172 0.5815
vn -0.7161 -0.4025 0.5703
vn -0.6823 -0.4309 0.5905
vn -0.6493 -0.4673 0.6000
vn -0.7653 -0.4233 0.4849
vn -0.7721 -0.4390 0.4596
vn -0.6996 -0.4102 0.5851
vn -0.6733 -0.4528 0.5844
vn -0.6668 -0.4558 0.5896
vn -0.6364 -0.4931 0.5932
vn -0.6810 -0.4592 0.5704
vn -0.6983 -0.4716 0.5385
vn -0.8735 -0.3375 0.3509
vn -0.8092 -0.4612 0.3640
vn -0.7110 -0.5071 0.4872
vn -0.6822 -0.5110 0.5230
vn -0.6578 -0.4803 0.5801
vn -0.6554 -0.4658 0.5945
vn -0.6577 -0.4617 0.5952
vn -0.6154 -0.5153 0.5965
vn -0.6083 -0.5266 0.5939
vn -0.6115 -0.5251 0.5919
vn -0.6402 -0.4945 0.5878
vn -0.7151 -0.5176 0.4698
vn -0.7374 -0.4993 0.4549
vn -0.5406 -0.4997 0.6768
vn -0.6555 -0.5101 0.5568
vn -0.7562 -0.5132 0.4059
vn -0.8580 -0.4223 0.2925
vn -0.6174 -0.5383 0.5736
vn -0.6133 -0.5319 0.5839
vn -0.6124 -0.5146 0.6001
vn -0.6368 -0.5595 0.5305
vn -0.5969 -0.5404 0.5931
vn -0.5590 -0.5754 0.5970
vn -0.7181 -0.5416 0.4370
vn -0.5819 -0.5475 0.6014
vn -0.6075 -0.5314 0.5904
vn -0.5902 -0.5364 0.6033
vn -0.5823 -0.5447 0.6035
vn -0.5568 -0.5689 0.6052
vn -0.5049 -0.5921 0.6280
vn -0.9500 -0.1509 0.2734
vn -0.6551 -0.6127 0.4421
vn -0.6795 -0.5940 0.4306
vn -0.5893 -0.5788 0.5637
vn -0.5925 -0.5410 0.5969
vn -0.7168 -0.5938 0.3656
vn -0.7637 -0.5774 0.2889
vn -0.5268 -0.5942 0.6078
vn -0.5553 -0.5688 0.6067
vn -0.6028 -0.6091 0.5154
vn -0.5654 -0.6146 0.5501
vn -0.5600 -0.5701 0.6012
vn -0.5537 -0.5848 0.5928
vn -0.5347 -0.6094 0.5855
vn -0.5168 -0.6090 0.6017
vn -0.5595 -0.6027 0.5690
vn -0.5129 -0.6071 0.6069
vn -0.3834 -0.5287 0.7573
vn -0.3707 -0.3745 0.8499
vn -0.5208 -0.6292 0.5770
vn -0.9169 -0.3595 0.1732
vn -0.9469 -0.2663 0.1804
vn -0.8275 -0.5319 0.1795
vn -0.6330 0.0909 0.7688
vn -0.6500 -0.6583 0.3797
vn -0.7562 -0.6234 0.1991
vn -0.8438 -0.5085 0.1714
vn -0.4343 -0.6618 0.6110
vn -0.5625 -0.6502 0.5107
vn -0.4374 -0.6548 0.6164
vn -0.4857 -0.6263 0.6098
vn -0.5182 -0.6157 0.5936
vn -0.5541 -0.6971 0.4549
vn -0.9509 -0.0654 0.3026
vn -0.8708 0.0328 0.4905
vn -0.8403 0.0268 0.5415
vn -0.8449 0.0363 0.5338
vn -0.8277 0.0856 0.5546
vn -0.8415 0.0877 0.5331
vn -0.9219 0.0739 0.3803
vn -0.8189 0.1317 0.5586
vn -0.8293 0.1081 0.5482
vn -0.7899 0.2392 0.5647
vn -0.7508 0.1741 0.6371
vn -0.9341 -0.3287 0.1393
vn -0.8240 0.1186 0.5540
vn -0.8769 0.1142 0.4670
vn -0.8413 0.1523 0.5186
vn -0.9774 -0.1350 0.1628
vn -0.8486 -0.5171 0.1118
vn -0.8859 -0.4496 0.1143
vn -0.3952 -0.0231 0.9183
vn -0.7091 -0.6619 0.2429
vn -0.6989 -0.6598 0.2762
vn -0.4593 -0.6490 0.6065
vn -0.6111 -0.6896 0.3886
vn -0.6257 -0.7036 0.3369
vn -0.5078 -0.6601 0.5535
vn -0.5234 -0.6666 0.5308
vn -0.4656 -0.6371 0.6143
vn -0.4276 -0.6618 0.6158
vn -0.4534 -0.6535 0.6061
vn -0.9725 -0.0289 0.2311
vn -0.9847 -0.0791 0.1552
vn -0.9353 0.1103 0.3362
vn -0.4004 -0.6839 0.6099
vn -0.8216 0.1894 0.5377
vn -0.8165 0.1866 0.5464
vn -0.8096 0.2051 0.5500
vn -0.8195 0.1742 0.5460
vn -0.8059 0.2229 0.5485
vn -0.7979 0.2622 0.5428
vn -0.9715 -0.2334 0.0425
vn -0.8016 0.2531 0.5416
vn -0.8088 0.2248 0.5434
vn -0.8605 0.2069 0.4655
vn -0.9225 -0.3856 0.0188
vn -0.9332 0.1439 0.3292
vn -0.9649 0.1114 0.2379
vn -0.8858 0.2284 0.4041
vn -0.9925 -0.0017 0.1221
vn -0.8202 0.2450 0.5169
vn -0.8374 0.2632 0.4791
vn -0.9395 -0.3420 -0.0167
vn -0.8015 0.2681 0.5345
vn -0.9011 0.2540 0.3515
vn -0.7885 0.3444 0.5095
vn -0.8477 0.2910 0.4435
vn -0.9330 0.2377 0.2702
vn -0.7884 0.2852 0.5450
vn -0.7740 0.3329 0.5386
vn -0.7860 0.3208 0.5285
vn -0.5787 0.3703 0.7267
vn -0.7601 0.3553 0.5440
vn -0.7068 0.3948 0.5870
vn -0.7347 0.3925 0.5533
vn -0.8622 0.3344 0.3805
vn -0.7436 0.3955 0.5391
vn -0.7488 0.3835 0.5406
vn -0.7665 0.3425 0.5433
vn -0.9133 0.3164 0.2565
vn -0.4424 -0.6758 0.5896
vn -0.8086 0.4049 0.4269
vn -0.7509 -0.6587 0.0483
vn -0.8669 -0.4960 -0.0494
vn -0.9128 -0.4068 -0.0371
vn -0.5228 -0.7225 0.4525
vn -0.4344 -0.6916 0.5771
vn -0.4423 -0.7029 0.5571
vn -0.4582 -0.7053 0.5410
vn -0.4247 -0.6675 0.6116
vn -0.4265 -0.6757 0.6012
vn -0.3404 -0.7090 0.6176
vn -0.5161 -0.7781 0.3580
vn -0.2411 -0.6664 0.7055
vn -0.4189 -0.6375 0.6466
vn -0.4299 -0.7487 0.5046
vn -0.4750 -0.7537 0.4542
vn -0.3953 -0.6785 0.6191
vn -0.3043 -0.7212 0.6223
vn -0.5246 -0.7899 0.3175
vn -0.7472 0.3852 0.5416
vn -0.7599 0.3621 0.5399
vn -0.8623 0.3936 0.3186
vn -0.7437 0.4098 0.5282
vn -0.7596 0.4560 0.4638
vn -0.7680 0.4476 0.4580
vn -0.7332 0.4557 0.5048
vn -0.8836 -0.4528 -0.1193
vn -0.3350 0.3543 0.8730
vn -0.5795 0.5063 0.6386
vn -0.7866 0.4544 0.4182
vn -0.7015 0.4664 0.5389
vn -0.7170 0.4422 0.5389
vn -0.6992 0.4728 0.5362
vn -0.6753 0.5035 0.5389
vn -0.7204 0.4662 0.5135
vn -0.7184 0.4531 0.5279
vn -0.6932 0.4892 0.5294
vn -0.8398 0.4728 0.2667
vn -0.6735 0.5030 0.5416
vn -0.6637 0.5102 0.5470
vn -0.6572 0.5263 0.5396
vn -0.7886 0.5318 0.3088
vn -0.5847 0.5776 0.5696
vn -0.6838 0.5465 0.4834
vn -0.7011 0.5016 0.5067
vn -0.6502 0.5451 0.5293
vn -0.6689 0.5131 0.5379
vn -0.6998 0.5640 0.4385
vn -0.7513 0.5166 0.4107
vn -0.7319 0.5696 0.3741
vn -0.6975 0.5798 0.4212
vn -0.6192 0.5702 0.5399
vn -0.6546 0.5584 0.5097
vn -0.3202 -0.7269 0.6075
vn -0.0567 -0.2850 0.9569
vn -0.3102 -0.7195 0.6213
vn -0.2362 -0.7296 0.6418
vn -0.3868 -0.7254 0.5693
vn -0.3676 -0.7090 0.6018
vn -0.3518 -0.7261 0.5908
vn -0.3393 -0.7131 0.6135
vn -0.3165 -0.7165 0.6217
vn -0.3722 -0.7500 0.5467
vn -0.4054 -0.7971 0.4475
vn -0.3865 -0.7825 0.4881
vn -0.3519 -0.7880 0.5052
vn -0.2572 -0.7437 0.6171
vn -0.5988 0.6228 0.5036
vn -0.5838 0.6255 0.5176
vn -0.6260 0.5636 0.5389
vn -0.5708 0.6177 0.5410
vn -0.6202 0.5724 0.5363
vn -0.5815 0.6014 0.5479
vn -0.5598 0.6254 0.5437
vn -0.5765 0.6117 0.5417
vn -0.6061 0.5977 0.5248
vn -0.5930 0.6035 0.5331
vn -0.4492 0.6696 0.5915
vn -0.6400 0.6119 0.4646
vn -0.7255 0.6305 0.2759
vn -0.3552 0.5571 0.7507
vn -0.6442 0.6444 0.4120
vn -0.5412 0.6446 0.5400
vn -0.5243 0.6591 0.5392
vn -0.5814 0.6461 0.4944
vn -0.6228 0.6978 0.3538
vn -0.6702 0.6901 0.2732
vn -0.5941 0.6584 0.4622
vn -0.4919 0.7148 0.4971
vn -0.5150 0.6762 0.5268
vn -0.3564 0.6535 0.6678
vn -0.0357 0.0485 0.9982
vn -0.4587 0.6942 0.5547
vn -0.4809 0.6852 0.5471
vn -0.5548 0.7071 0.4384
vn -0.4968 0.7245 0.4778
vn -0.4667 0.6964 0.5451
vn -0.4519 0.7049 0.5468
vn -0.4142 0.7274 0.5471
vn -0.0098 -0.5731 0.8194
vn -0.4219 0.7279 0.5405
vn -0.4260 0.7326 0.5308
vn -0.4364 0.7312 0.5243
vn 0.0478 0.3785 0.9244
vn -0.4368 0.8981 0.0505
vn -0.5235 0.8503 0.0534
vn -0.4176 0.8780 0.2342
vn -0.5492 0.8179 0.1713
vn -0.3827 0.9108 0.1551
vn -0.3387 0.9363 0.0923
vn -0.3479 0.9367 -0.0395
vn -0.4968 0.8648 -0.0727
vn -0.4048 0.9057 -0.1258
vn -0.3196 0.9432 -0.0903
vn -0.5817 0.8106 -0.0674
vn -0.5401 0.8286 -0.1475
vn -0.4494 0.8692 -0.2064
vn -0.5993 0.7896 -0.1320
vn -0.3661 0.9069 -0.2083
vn -0.5179 0.8221 -0.2364
vn -0.2955 0.9413 -0.1630
vn -0.2531 0.9674 0.0038
vn -0.3010 0.9269 -0.2242
vn -0.1901 0.9761 -0.1050
vn -0.1832 0.9819 -0.0481
vn -0.2585 0.9493 0.1791
vn -0.2038 0.9621 -0.1813
vn -0.4452 0.8582 -0.2554
vn -0.4116 0.8765 -0.2496
vn -0.3128 0.9108 -0.2695
vn -0.3212 0.8956 -0.3079
vn -0.3857 0.8607 -0.3324
vn -0.1873 0.9481 -0.2569
vn -0.2507 0.9115 -0.3260
vn -0.2652 0.9023 -0.3400
vn -0.1154 0.9867 -0.1143
vn -0.1095 0.9710 -0.2125
vn -0.5494 0.8161 -0.1796
vn -0.5611 0.7786 -0.2810
vn -0.5558 0.7859 -0.2710
vn -0.5035 0.7994 -0.3278
vn -0.4197 0.8361 -0.3532
vn -0.3746 0.8569 -0.3541
vn -0.6084 0.7704 -0.1904
vn -0.5961 0.7516 -0.2824
vn -0.6272 0.7500 -0.2102
vn -0.4628 0.8020 -0.3777
vn -0.6365 0.7142 -0.2911
vn -0.5517 0.7637 -0.3352
vn -0.6625 0.7339 -0.1498
vn -0.2361 0.8816 -0.4087
vn -0.3242 0.8570 -0.4006
vn -0.1551 0.9337 -0.3227
vn -0.3859 0.8172 -0.4281
vn -0.4539 0.7882 -0.4156
vn -0.4821 0.7755 -0.4077
vn -0.2937 0.8499 -0.4376
vn -0.5802 0.7223 -0.3763
vn -0.6741 0.7338 -0.0841
vn -0.4107 0.7716 -0.4857
vn -0.3687 0.8126 -0.4514
vn -0.2979 0.8140 -0.4987
vn -0.3529 0.7747 -0.5247
vn -0.1004 0.9212 -0.3760
vn -0.1511 0.8963 -0.4169
vn -0.0904 0.9502 -0.2981
vn -0.4876 0.7330 -0.4743
vn -0.2298 0.8290 -0.5099
vn -0.5863 0.6889 -0.4262
vn -0.5016 0.7250 -0.4720
vn -0.6747 0.6689 -0.3120
vn -0.1425 0.8796 -0.4539
vn -0.1621 0.8488 -0.5033
vn -0.2557 0.8123 -0.5242
vn -0.0436 0.9585 -0.2816
vn -0.3277 0.7697 -0.5479
vn -0.6340 0.6736 -0.3799
vn -0.6921 0.6760 -0.2532
vn -0.7018 0.6728 -0.2342
vn -0.5322 0.6903 -0.4902
vn -0.3820 0.7348 -0.5605
vn -0.4325 0.7116 -0.5537
vn -0.2358 0.7828 -0.5759
vn -0.3052 0.7566 -0.5782
vn -0.6756 0.6409 -0.3644
vn -0.4445 0.6919 -0.5689
vn -0.5141 0.6457 -0.5646
vn -0.1182 0.8571 -0.5015
vn -0.6375 0.6254 -0.4501
vn -0.6978 0.6084 -0.3782
vn -0.6028 0.6123 -0.5116
vn -0.6756 0.6073 -0.4181
vn -0.7593 0.6451 -0.0859
vn -0.6763 0.6119 -0.4102
vn -0.6412 0.7616 0.0938
vn -0.7459 0.6523 -0.1348
vn -0.7456 0.6386 -0.1904
vn -0.7225 0.6847 -0.0956
vn -0.7226 0.6897 -0.0457
vn -0.7512 0.5833 -0.3091
vn -0.6340 0.5903 -0.4996
vn -0.6498 0.5897 -0.4796
vn -0.7428 0.6663 -0.0650
vn -0.7908 0.5671 -0.2302
vn -0.6862 0.6087 -0.3982
vn -0.7423 0.6049 -0.2883
vn -0.7363 0.5640 -0.3739
vn -0.6879 0.5852 -0.4293
vn -0.7018 0.4889 -0.5181
vn -0.4110 0.6620 -0.6268
vn -0.5651 0.5764 -0.5903
vn -0.7159 0.5473 -0.4335
vn -0.6892 0.5302 -0.4938
vn -0.6692 0.5353 -0.5154
vn -0.5304 0.5967 -0.6021
vn -0.7893 0.6048 -0.1064
vn -0.8154 0.5609 -0.1431
vn -0.6141 0.5438 -0.5720
vn -0.2711 0.7211 -0.6376
vn -0.2026 0.7600 -0.6176
vn -0.3081 0.6883 -0.6567
vn -0.4820 0.5852 -0.6520
vn -0.1604 0.8091 -0.5653
vn -0.8008 0.5559 -0.2228
vn -0.8070 0.5198 -0.2803
vn -0.6964 0.7041 0.1390
vn -0.3641 0.6338 -0.6824
vn -0.4271 0.5747 -0.6981
vn -0.8230 0.5270 -0.2119
vn -0.8280 0.5595 -0.0377
vn -0.5761 0.4782 -0.6629
vn -0.5221 0.5043 -0.6878
vn -0.4509 0.5273 -0.7202
vn -0.2821 0.6658 -0.6907
vn -0.0203 0.8981 -0.4394
vn -0.1608 0.7390 -0.6542
vn -0.0480 0.8465 -0.5302
vn -0.0754 0.8160 -0.5732
vn -0.0692 0.8944 -0.4419
vn -0.0400 0.9902 -0.1336
vn 0.0100 0.9759 -0.2179
vn 0.0187 0.9271 -0.3743
vn -0.0171 0.9577 -0.2872
vn -0.2771 0.6379 -0.7185
vn -0.1550 0.6800 -0.7167
vn -0.1530 0.9840 0.0911
vn 0.0508 0.9491 -0.3109
vn -0.0777 0.9935 -0.0830
vn -0.0479 0.9923 0.1145
vn -0.0486 0.9988 -0.0008
vn 0.0183 0.9892 -0.1457
vn 0.0493 0.8611 -0.5060
vn -0.0027 0.7758 -0.6309
vn -0.7742 0.6237 0.1083
vn -0.3310 0.5461 -0.7696
vn -0.2077 0.6206 -0.7561
vn 0.0708 0.8004 -0.5953
vn 0.0700 0.9947 -0.0755
vn -0.0635 0.6948 -0.7164
vn -0.4377 0.4845 -0.7574
vn -0.6156 0.7330 0.2893
vn -0.6702 0.6901 0.2732
vn -0.1294 0.9686 0.2124
vn -0.0705 0.9814 0.1785
vn -0.2674 0.9108 0.3145
vn -0.1552 0.9315 0.3290
vn 0.1073 0.9909 0.0809
vn 0.1308 0.9904 -0.0454
vn -0.0913 0.6103 -0.7869
vn 0.0728 0.7455 -0.6625
vn 0.0715 0.6775 -0.7320
vn -0.5444 0.4001 -0.7373
vn 0.0522 0.9809 0.1872
vn -0.4742 0.8011 0.3653
vn -0.5474 0.7508 0.3698
vn -0.1463 0.5478 -0.8237
vn 0.0196 0.6477 -0.7616
vn -0.2034 0.4749 -0.8562
vn -0.2726 0.4665 -0.8415
vn -0.3873 0.8423 0.3749
vn -0.2984 0.8781 0.3741
vn -0.3708 0.3817 -0.8466
vn -0.4556 0.3698 -0.8097
vn 0.1780 0.7068 -0.6847
vn -0.7255 0.6305 0.2759
vn -0.7887 0.5909 0.1695
vn -0.0702 0.9449 0.3197
vn -0.0183 0.5394 -0.8419
vn 0.1035 0.5880 -0.8022
vn 0.1998 0.6686 -0.7162
vn 0.1879 0.6435 -0.7420
vn -0.6228 0.6978 0.3538
vn -0.3179 0.8526 0.4148
vn 0.2151 0.5954 -0.7741
vn 0.0131 0.4942 -0.8693
vn -0.1373 0.3904 -0.9104
vn 0.1201 0.4875 -0.8648
vn 0.1799 0.4713 -0.8634
vn 0.0923 0.3922 -0.9152
vn -0.0289 0.3492 -0.9366
vn 0.1636 0.3866 -0.9076
vn 0.3402 0.5873 -0.7344
vn 0.3036 0.6641 -0.6833
vn -0.2374 0.2652 -0.9345
vn -0.3674 0.2317 -0.9007
vn -0.4003 0.7874 0.4687
vn -0.4318 0.7675 0.4738
vn 0.3448 0.5230 -0.7795
vn 0.3114 0.4463 -0.8390
vn -0.5548 0.7071 0.4384
vn -0.4968 0.7245 0.4778
vn -0.0339 0.3275 -0.9443
vn -0.3803 0.3284 -0.8646
vn -0.1431 0.1381 -0.9800
vn 0.0042 0.2437 -0.9698
vn 0.1919 0.1781 -0.9651
vn 0.0833 0.1328 -0.9876
vn -0.2859 0.1223 -0.9504
vn 0.1808 0.1981 -0.9634
vn -0.7954 0.2539 -0.5503
vn -0.7488 0.2598 -0.6098
vn -0.7312 0.2382 -0.6393
vn -0.8155 0.1458 -0.5600
vn -0.7152 0.2064 -0.6677
vn -0.7480 0.1253 -0.6518
vn -0.7476 0.3102 -0.5872
vn -0.8280 0.2697 -0.4917
vn -0.8742 0.1725 -0.4538
vn -0.8775 0.0918 -0.4708
vn -0.8412 0.0874 -0.5337
vn -0.7931 0.1312 -0.5948
vn -0.8118 0.0889 -0.5771
vn -0.7707 0.3532 -0.5304
vn -0.7318 0.3618 -0.5776
vn -0.6787 0.2911 -0.6743
vn -0.7065 0.3664 -0.6054
vn -0.7685 0.4152 -0.4869
vn -0.8274 0.3383 -0.4484
vn -0.8469 0.2979 -0.4405
vn -0.8603 0.2954 -0.4155
vn -0.8805 0.2162 -0.4219
vn -0.9060 0.1371 -0.4004
vn -0.8380 0.1569 -0.5226
vn -0.8597 0.1726 -0.4807
vn -0.8079 0.3526 -0.4721
vn -0.7614 0.1333 -0.6344
vn -0.8763 0.1704 -0.4507
vn -0.8728 0.3344 -0.3555
vn -0.9002 0.3501 -0.2590
vn -0.7234 0.1771 -0.6673
vn -0.6794 0.0767 -0.7298
vn -0.8956 0.2383 -0.3757
vn -0.9128 0.0179 -0.4080
vn -0.9239 0.0579 -0.3782
vn -0.9068 0.1764 -0.3828
vn -0.9007 0.3025 -0.3119
vn -0.8654 0.3479 -0.3606
vn -0.9245 0.1518 -0.3498
vn -0.9306 0.2345 -0.2811
vn -0.9515 0.0611 -0.3014
vn -0.9488 0.1195 -0.2922
vn -0.9484 0.0307 -0.3157
vn -0.8029 0.4550 -0.3851
vn -0.8320 0.4292 -0.3515
vn -0.8737 0.3912 -0.2893
vn -0.7591 0.4759 -0.4442
vn -0.8074 0.4256 -0.4086
vn -0.6805 0.3895 -0.6207
vn -0.9771 0.1924 -0.0903
vn -0.9443 -0.0534 -0.3248
vn -0.9608 0.1982 -0.1936
vn -0.7789 0.4753 -0.4092
vn -0.6882 0.4272 -0.5864
vn -0.7176 0.4691 -0.5147
vn -0.6536 0.3910 -0.6480
vn -0.7345 0.4921 -0.4673
vn -0.8422 0.4653 -0.2725
vn -0.7950 0.4106 -0.4466
vn -0.7067 0.4898 -0.5105
vn -0.6207 0.3766 -0.6876
vn -0.6425 0.2317 -0.7304
vn -0.8247 0.0589 -0.5625
vn -0.9122 0.2520 -0.3231
vn -0.9685 0.2296 -0.0960
vn -0.8943 -0.2120 -0.3939
vn -0.6892 0.5302 -0.4938
vn -0.6594 0.4927 -0.5679
vn -0.7642 0.5198 -0.3819
vn -0.8070 0.5198 -0.2803
vn -0.8511 0.4828 -0.2061
vn -0.6692 0.5353 -0.5154
vn -0.9321 0.3605 0.0351
vn -0.7159 0.5473 -0.4335
vn -0.7363 0.5640 -0.3739
vn -0.7512 0.5833 -0.3091
vn -0.9883 -0.0750 -0.1325
vn -0.5460 0.2848 -0.7879
vn -0.9891 0.1256 -0.0767
vn -0.9779 -0.1054 -0.1807
vn -0.9874 0.0029 -0.1584
vn -0.9540 -0.0700 -0.2916
vn -0.9585 -0.0718 -0.2758
vn -0.6978 0.6084 -0.3782
vn -0.6756 0.6073 -0.4181
vn -0.5761 0.4782 -0.6629
vn -0.6081 0.3026 -0.7339
vn -0.5897 0.3924 -0.7059
vn -0.6018 0.1761 -0.7789
vn -0.6141 0.5438 -0.5720
vn -0.6402 0.0564 -0.7661
vn -0.5515 0.2416 -0.7984
vn -0.6158 0.0634 -0.7854
vn -0.5444 0.4001 -0.7373
vn -0.5651 0.5764 -0.5903
vn -0.6612 -0.2733 -0.6987
vn -0.5221 0.5043 -0.6878
vn -0.5210 0.1563 -0.8391
vn -0.4556 0.3698 -0.8097
vn -0.9032 0.2989 -0.3080
vn -0.9007 0.2402 -0.3619
vn -0.8878 0.2268 -0.4004
vn -0.8875 0.3400 -0.3111
vn -0.7910 0.3107 -0.5271
vn -0.8245 0.3784 -0.4208
vn -0.9052 0.3566 -0.2311
vn -0.8661 0.4470 -0.2239
vn -0.7686 0.4490 -0.4556
vn -0.8147 0.4832 -0.3206
vn -0.9520 0.2680 -0.1479
vn -0.8230 0.5270 -0.2119
vn -0.7018 0.4889 -0.5181
vn -0.8008 0.5559 -0.2228
vn -0.9711 0.1970 -0.1347
vn -0.9450 0.0940 -0.3133
vn -0.9062 0.1270 -0.4033
vn -0.9558 0.0532 -0.2891
vn -0.9857 0.1427 -0.0895
vn -0.9145 -0.0028 -0.4045
vn -0.9001 0.4187 -0.1202
vn -0.8722 0.4635 -0.1561
vn -0.9407 0.3334 -0.0626
vn -0.8944 -0.0468 -0.4448
vn -0.9580 -0.0001 -0.2869
vn -0.9293 -0.0533 -0.3654
vn -0.9878 0.0448 -0.1489
vn -0.9523 0.3014 -0.0484
vn -0.9710 0.2278 -0.0721
vn -0.9862 0.1370 -0.0930
vn -0.8593 -0.0545 -0.5085
vn -0.9888 0.1228 -0.0853
vn -0.9890 0.1452 -0.0283
vn -0.9982 -0.0534 0.0257
vn -0.9837 -0.0416 -0.1747
vn -0.9736 -0.0856 -0.2118
vn -0.8837 0.4657 -0.0479
vn -0.9178 0.3960 0.0281
vn -0.8749 0.4758 -0.0908
vn -0.8313 0.5497 -0.0825
vn -0.8154 0.5609 -0.1431
vn -0.9898 -0.0360 -0.1380
vn -0.8933 -0.0941 -0.4395
vn -0.9149 -0.1544 -0.3731
vn -0.9961 -0.0414 -0.0779
vn -0.9991 0.0015 -0.0413
vn -0.9484 0.2940 0.1185
vn -0.9778 0.1726 0.1187
vn -0.9081 -0.1511 -0.3906
vn -0.8280 0.5595 -0.0377
vn -0.9964 0.0057 0.0843
vn -0.7893 0.6048 -0.1064
vn -0.8666 0.4865 0.1106
vn -0.8985 0.4040 0.1717
vn -0.9965 -0.0639 -0.0538
vn -0.9714 -0.0542 -0.2310
vn -0.9655 -0.1749 -0.1930
vn -0.9848 -0.1113 -0.1335
vn -0.9931 -0.1158 -0.0209
vn -0.9787 -0.1680 -0.1181
vn -0.9828 -0.1658 -0.0818
vn -0.8818 -0.2120 -0.4213
vn -0.9206 -0.2459 -0.3034
vn -0.9838 -0.1514 0.0957
vn -0.9745 -0.2111 -0.0765
vn -0.9343 -0.2737 -0.2283
vn -0.9044 -0.3881 -0.1771
vn -0.9628 -0.1347 -0.2342
vn -0.9715 -0.1960 -0.1336
vn -0.9883 -0.1433 0.0519
vn -0.9701 -0.2232 -0.0955
vn -0.9468 -0.2798 -0.1591
vn -0.9487 -0.3013 0.0957
vn -0.9757 -0.2154 -0.0390
vn -0.9649 0.1114 0.2379
vn -0.9925 -0.0017 0.1221
vn -0.9847 -0.0791 0.1552
vn -0.9385 -0.3430 0.0398
vn -0.9390 0.2387 0.2474
vn -0.8857 -0.3202 -0.3361
vn -0.8664 -0.3191 -0.3840
vn -0.9715 -0.2334 0.0425
vn -0.9531 -0.2878 -0.0934
vn -0.9774 -0.1350 0.1628
vn -0.9546 -0.2924 -0.0579
vn -0.9133 0.3164 0.2565
vn -0.9330 0.2377 0.2702
vn -0.9633 -0.2660 -0.0367
vn -0.9605 -0.2597 -0.0998
vn -0.8807 -0.4520 0.1418
vn -0.9184 -0.3651 -0.1522
vn -0.9023 -0.3903 -0.1832
vn -0.9240 -0.3625 -0.1214
vn -0.7742 0.6237 0.1083
vn -0.7887 0.5909 0.1695
vn -0.8398 0.4728 0.2667
vn -0.8721 -0.4394 -0.2155
vn -0.8511 -0.4047 -0.3343
vn -0.8900 -0.4512 -0.0660
vn -0.9128 -0.4068 -0.0371
vn -0.9395 -0.3420 -0.0167
vn -0.8623 0.3936 0.3186
vn -0.7510 -0.5086 -0.4211
vn -0.8782 -0.4562 -0.1437
vn -0.8325 -0.5540 0.0114
vn -0.8836 -0.4528 -0.1193
vn -0.8562 -0.4936 -0.1523
vn -0.8809 -0.4703 0.0528
vn -0.7886 0.5318 0.3088
vn -0.5361 -0.0196 -0.8439
vn -0.5441 -0.1474 -0.8259
vn -0.5288 0.0833 -0.8447
vn -0.5097 -0.2988 -0.8068
vn -0.7677 -0.6406 -0.0174
vn -0.4616 0.1526 -0.8739
vn -0.7255 0.6305 0.2759
vn -0.4282 -0.0017 -0.9037
vn -0.5340 -0.2328 -0.8128
vn -0.3623 0.0067 -0.9320
vn -0.3708 0.3817 -0.8466
vn -0.3803 0.3284 -0.8646
vn -0.3674 0.2317 -0.9007
vn -0.4556 -0.1972 -0.8681
vn -0.3527 0.0180 -0.9355
vn -0.3422 -0.3132 -0.8859
vn -0.3435 -0.0571 -0.9374
vn -0.2859 0.1223 -0.9504
vn -0.2856 0.0524 -0.9569
vn -0.4456 -0.2660 -0.8548
vn -0.3062 -0.2598 -0.9158
vn -0.1739 -0.2911 -0.9408
vn -0.2374 0.2652 -0.9345
vn -0.6247 -0.7441 -0.2367
vn -0.6137 -0.7877 -0.0541
vn -0.5958 -0.7363 -0.3208
vn -0.7124 -0.6897 -0.1294
vn -0.7299 -0.6834 0.0158
vn -0.7677 -0.6406 -0.0174
vn -0.4690 -0.8517 -0.2337
vn -0.6370 -0.7269 -0.2567
vn -0.8782 -0.4562 -0.1437
vn -0.4371 -0.8704 -0.2267
vn -0.5044 -0.8298 -0.2388
vn -0.5461 -0.7436 -0.3857
vn -0.6882 -0.6444 -0.3333
vn -0.6227 -0.7030 -0.3437
vn -0.7499 -0.6398 -0.1684
vn -0.8391 -0.5257 -0.1399
vn -0.9044 -0.3881 -0.1771
vn -0.6062 -0.7463 -0.2748
vn -0.6932 -0.6850 -0.2243
vn -0.6593 -0.7519 0.0017
vn -0.5965 -0.7400 -0.3109
vn -0.6826 -0.6904 -0.2396
vn -0.6880 -0.6590 -0.3038
vn -0.5343 -0.8018 -0.2677
vn -0.7744 -0.6133 -0.1552
vn -0.7246 -0.5768 -0.3770
vn -0.7991 -0.5657 -0.2035
vn -0.7510 -0.5086 -0.4211
vn -0.8369 -0.5457 0.0413
vn -0.7872 -0.6054 -0.1173
vn -0.7796 -0.5084 -0.3658
vn -0.4593 -0.8603 -0.2214
vn -0.5622 -0.7682 -0.3062
vn -0.4686 -0.8610 -0.1976
vn -0.5578 -0.7286 -0.3976
vn -0.5246 -0.7738 -0.3549
vn -0.4741 -0.8240 -0.3103
vn -0.4700 -0.7592 -0.4503
vn -0.5802 -0.6233 -0.5242
vn -0.5996 -0.6267 -0.4977
vn -0.4333 -0.8754 -0.2142
vn -0.5086 -0.7607 -0.4033
vn -0.6021 -0.7445 -0.2886
vn -0.6690 -0.6366 -0.3835
vn -0.7276 -0.6641 -0.1723
vn -0.6301 -0.7638 -0.1400
vn -0.7201 -0.6820 -0.1279
vn -0.5758 -0.7961 -0.1862
vn -0.7104 -0.6185 -0.3357
vn -0.7045 -0.7065 -0.0674
vn -0.6474 -0.7591 -0.0685
vn -0.5551 -0.8139 -0.1719
vn -0.5722 -0.8144 -0.0972
vn -0.7558 -0.6299 -0.1788
vn -0.6312 -0.7737 -0.0552
vn -0.5154 -0.8469 -0.1310
vn -0.5337 -0.8406 -0.0923
vn -0.7868 -0.6097 -0.0961
vn -0.5369 -0.7855 -0.3078
vn -0.7789 -0.5254 -0.3426
vn -0.7989 -0.5987 -0.0566
vn -0.6152 -0.7882 -0.0138
vn -0.5540 -0.8321 -0.0274
vn -0.5748 -0.8180 -0.0214
vn -0.6963 -0.7156 0.0557
vn -0.7465 -0.6650 0.0241
vn -0.8400 -0.5314 -0.1099
vn -0.8232 -0.5455 -0.1571
vn -0.7993 -0.5189 -0.3029
vn -0.5161 -0.8563 -0.0220
vn -0.4745 -0.8779 -0.0641
vn -0.8375 -0.5092 -0.1983
vn -0.5269 -0.7224 -0.4478
vn -0.5203 -0.7445 -0.4184
vn -0.4765 -0.8032 -0.3575
vn -0.3784 -0.8406 -0.3877
vn -0.4406 -0.7933 -0.4202
vn -0.3658 -0.8486 -0.3821
vn -0.3652 -0.8866 -0.2838
vn -0.3389 -0.9066 -0.2515
vn -0.4214 -0.9053 -0.0527
vn -0.3710 -0.9252 -0.0794
vn -0.3558 -0.9298 -0.0947
vn -0.4326 -0.9015 -0.0144
vn -0.3335 -0.9299 -0.1551
vn -0.4241 -0.7606 -0.4915
vn -0.2886 -0.8601 -0.4206
vn -0.4007 -0.7602 -0.5115
vn -0.4655 -0.7441 -0.4792
vn -0.3188 -0.9156 -0.2452
vn -0.5905 -0.7948 0.1399
vn -0.5253 -0.8412 0.1285
vn -0.4444 -0.8924 0.0783
vn -0.2545 -0.9498 -0.1818
vn -0.2693 -0.9049 -0.3296
vn -0.3163 -0.9424 -0.1084
vn -0.3329 -0.8125 -0.4786
vn -0.3401 -0.9403 -0.0131
vn -0.7509 -0.6587 0.0483
vn -0.2843 -0.8421 -0.4582
vn -0.2067 -0.9088 -0.3624
vn -0.2665 -0.9523 -0.1488
vn -0.3805 -0.9216 0.0766
vn -0.8257 -0.5635 -0.0251
vn -0.2592 -0.9638 -0.0618
vn -0.3997 -0.9036 0.1539
vn -0.3016 -0.7862 -0.5394
vn -0.3277 -0.7367 -0.5914
vn -0.1876 -0.9777 -0.0945
vn -0.1375 -0.9590 -0.2478
vn -0.1603 -0.9652 -0.2064
vn -0.2361 -0.7662 -0.5977
vn -0.4304 -0.7356 -0.5230
vn -0.4095 -0.7351 -0.5403
vn -0.2724 -0.7975 -0.5383
vn -0.2740 -0.8009 -0.5325
vn -0.2542 -0.9671 0.0027
vn -0.4004 -0.6203 -0.6745
vn -0.1383 -0.8778 -0.4587
vn -0.1355 -0.9800 -0.1456
vn -0.0814 -0.9431 -0.3224
vn -0.2887 -0.6063 -0.7410
vn -0.2630 -0.6621 -0.7017
vn -0.2361 -0.9660 0.1051
vn -0.3206 -0.9305 0.1773
vn -0.1344 -0.9909 -0.0063
vn -0.0347 -0.9156 -0.4005
vn -0.0893 -0.8426 -0.5310
vn -0.1149 -0.8656 -0.4875
vn -0.0850 -0.9912 -0.1018
vn -0.2369 -0.7034 -0.6702
vn -0.1751 -0.7662 -0.6183
vn -0.2972 -0.7338 -0.6109
vn -0.3278 -0.6921 -0.6431
vn -0.3469 -0.6635 -0.6629
vn -0.0351 -0.9796 -0.1980
vn -0.0244 -0.9637 -0.2658
vn -0.1442 -0.9863 0.0803
vn -0.0397 -0.9981 -0.0465
vn -0.1713 -0.9699 0.1732
vn 0.0029 -0.9015 -0.4328
vn -0.0828 -0.7886 -0.6093
vn -0.2015 -0.6992 -0.6859
vn 0.0271 -0.9425 -0.3332
vn -0.2463 -0.6745 -0.6960
vn 0.0783 -0.9652 -0.2495
vn -0.0165 -0.9974 -0.0697
vn 0.0358 -0.8692 -0.4932
vn -0.1150 -0.7167 -0.6878
vn -0.2872 -0.5968 -0.7493
vn -0.2633 -0.6341 -0.7270
vn -0.1531 -0.6562 -0.7389
vn 0.0403 -0.8266 -0.5614
vn -0.2342 -0.9390 0.2518
vn -0.0326 -0.7408 -0.6709
vn -0.2758 -0.6759 -0.6834
vn -0.1624 -0.5785 -0.7993
vn -0.1695 -0.5080 -0.8445
vn -0.8070 -0.4442 -0.3892
vn 0.0393 -0.9958 0.0832
vn -0.0104 -0.9945 0.1039
vn -0.3147 -0.5462 -0.7763
vn -0.2735 -0.5565 -0.7846
vn -0.8511 -0.4047 -0.3343
vn -0.8562 -0.4936 -0.1523
vn -0.3649 -0.8850 0.2892
vn -0.4904 -0.8354 0.2482
vn -0.5246 -0.7899 0.3175
vn -0.6260 -0.7510 0.2102
vn -0.7091 -0.6619 0.2429
vn -0.7562 -0.6234 0.1991
vn -0.4098 -0.8385 0.3591
vn -0.8669 -0.4960 -0.0494
vn -0.8836 -0.4528 -0.1193
vn -0.8721 -0.4394 -0.2155
vn -0.8486 -0.5171 0.1118
vn -0.2895 -0.8974 0.3330
vn -0.3677 -0.8913 0.2654
vn -0.0105 -0.9758 0.2186
vn -0.8809 -0.4703 0.0528
vn -0.8275 -0.5319 0.1795
vn -0.6612 -0.2733 -0.6987
vn -0.5097 -0.2988 -0.8068
vn -0.8325 -0.5540 0.0114
vn -0.6257 -0.7036 0.3369
vn -0.8900 -0.4512 -0.0660
vn -0.2756 -0.5156 -0.8113
vn -0.1502 -0.9285 0.3397
vn -0.1180 -0.6109 -0.7829
vn -0.2088 -0.5546 -0.8055
vn -0.1107 -0.6187 -0.7778
vn 0.0045 -0.6462 -0.7632
vn -0.0021 -0.6962 -0.7178
vn -0.0624 -0.9460 0.3180
vn -0.1992 -0.9074 0.3699
vn -0.3422 -0.3132 -0.8859
vn -0.3381 -0.4890 -0.8041
vn -0.3730 -0.4878 -0.7892
vn -0.3808 -0.3611 -0.8512
vn -0.3062 -0.2598 -0.9158
vn -0.2896 -0.4909 -0.8217
vn -0.2627 -0.4767 -0.8389
vn -0.2032 -0.4572 -0.8658
vn -0.0421 -0.5173 -0.8548
vn 0.0569 -0.5364 -0.8420
vn -0.2375 -0.3451 -0.9080
vn -0.2579 -0.2867 -0.9227
vn -0.3685 -0.3233 -0.8716
vn -0.1739 -0.2911 -0.9408
vn -0.2531 -0.8576 0.4477
vn -0.4054 -0.7971 0.4475
vn -0.5161 -0.7781 0.3580
vn -0.4750 -0.7537 0.4542
vn -0.1166 -0.8873 0.4461
vn -0.2582 -0.8435 0.4710
vn -0.3519 -0.7880 0.5052
vn -0.3865 -0.7825 0.4881
vn -0.0625 -0.8835 0.4642
vn 0.0205 -0.9013 0.4327
vn -0.2732 -0.8134 0.5136
vn -0.1539 -0.8277 0.5396
vn -0.1201 -0.8570 0.5012
vn -0.2378 -0.7988 0.5526
vn -0.2850 -0.7718 0.5684
vn -0.3722 -0.7500 0.5467
vn -0.5340 -0.2328 -0.8128
vn -0.4556 -0.1972 -0.8681
vn -0.1651 -0.8057 0.5689
vn -0.4456 -0.2660 -0.8548
vn 0.1988 -0.9776 -0.0688
vn 0.0954 -0.9931 -0.0689
vn 0.1288 -0.9829 -0.1319
vn 0.1728 -0.9839 -0.0464
vn 0.2395 -0.9708 0.0106
vn 0.2966 -0.9541 -0.0414
vn 0.2780 -0.9559 -0.0948
vn 0.2332 -0.9584 -0.1646
vn 0.1413 -0.9802 -0.1389
vn 0.3609 -0.9300 -0.0699
vn 0.3636 -0.9250 -0.1103
vn 0.3689 -0.9100 -0.1894
vn 0.3719 -0.9206 -0.1191
vn 0.2381 -0.9478 -0.2122
vn 0.2983 -0.9191 -0.2573
vn 0.1900 -0.9457 -0.2636
vn 0.0718 -0.9826 -0.1712
vn 0.2706 -0.9006 -0.3402
vn 0.3640 -0.8883 -0.2800
vn 0.4481 -0.8846 -0.1291
vn 0.4560 -0.8869 -0.0739
vn 0.4517 -0.8920 -0.0198
vn 0.4736 -0.8299 -0.2949
vn 0.3292 -0.9305 0.1604
vn 0.4014 -0.9059 0.1348
vn 0.4971 -0.8431 -0.2051
vn 0.4443 -0.8523 -0.2758
vn 0.3388 -0.8646 -0.3710
vn 0.5427 -0.8089 -0.2263
vn 0.5262 -0.8482 -0.0606
vn 0.5485 -0.8267 -0.1249
vn 0.4793 -0.8727 0.0928
vn 0.5572 -0.8055 -0.2016
vn 0.1349 -0.9144 -0.3816
vn 0.1746 -0.8863 -0.4289
vn 0.3094 -0.8536 -0.4192
vn 0.5924 -0.7801 -0.2014
vn 0.6036 -0.7955 -0.0529
vn 0.6028 -0.7890 -0.1187
vn 0.6372 -0.7706 -0.0104
vn 0.5904 -0.8052 0.0563
vn 0.6548 -0.7263 -0.2090
vn 0.6302 -0.7337 -0.2543
vn 0.5270 -0.7916 -0.3092
vn 0.4544 -0.8086 -0.3737
vn 0.5260 -0.7748 -0.3506
vn 0.6460 -0.7261 -0.2357
vn 0.3503 -0.8134 -0.4644
vn 0.5722 -0.7149 -0.4019
vn 0.4798 -0.7656 -0.4285
vn 0.4446 -0.7584 -0.4766
vn 0.6180 -0.6972 -0.3632
vn 0.6087 -0.6997 -0.3741
vn 0.5434 -0.7299 -0.4146
vn 0.6642 -0.7372 -0.1240
vn 0.7136 -0.6862 -0.1412
vn 0.6502 -0.7582 -0.0484
vn 0.7161 -0.6950 -0.0647
vn 0.5412 -0.7214 -0.4321
vn 0.4797 -0.7596 -0.4392
vn 0.5264 -0.7749 -0.3499
vn 0.4780 -0.8147 -0.3283
vn 0.6668 -0.6833 -0.2974
vn 0.6816 -0.6441 -0.3472
vn 0.6074 -0.7497 -0.2627
vn 0.5414 -0.8073 -0.2347
vn 0.4608 -0.8666 -0.1917
vn 0.3626 -0.8720 -0.3288
vn 0.4941 -0.8416 -0.2179
vn 0.3756 -0.8694 -0.3209
vn 0.3544 -0.8365 -0.4180
vn 0.3290 -0.8027 -0.4974
vn 0.6757 -0.7365 0.0329
vn 0.6896 -0.7201 -0.0771
vn 0.6656 -0.7327 -0.1416
vn 0.6544 -0.7265 -0.2096
vn 0.4162 -0.7520 -0.5112
vn 0.3365 -0.7819 -0.5249
vn 0.6272 -0.6743 -0.3897
vn 0.5248 -0.6469 -0.5534
vn 0.2561 -0.8377 -0.4823
vn 0.2470 -0.8307 -0.4989
vn 0.3845 -0.7406 -0.5511
vn 0.6593 -0.6409 -0.3930
vn 0.6732 -0.6277 -0.3908
vn 0.7096 -0.6425 -0.2894
vn 0.7064 -0.6813 -0.1921
vn 0.7383 -0.6444 -0.1991
vn 0.7197 -0.6864 -0.1047
vn 0.7754 -0.6185 -0.1270
vn 0.3697 -0.7485 -0.5505
vn 0.2954 -0.7150 -0.6337
vn 0.2962 -0.7434 -0.5997
vn 0.2599 -0.7843 -0.5633
vn 0.2388 -0.8092 -0.5368
vn 0.1149 -0.8402 -0.5300
vn 0.7474 -0.6019 -0.2812
vn 0.7716 -0.5081 -0.3827
vn 0.6895 -0.6995 -0.1878
vn 0.7470 -0.6539 -0.1201
vn 0.7647 -0.6300 -0.1354
vn 0.6405 -0.7638 0.0801
vn 0.7135 -0.6207 -0.3251
vn 0.7699 -0.6305 -0.0987
vn 0.8059 -0.5864 -0.0818
vn 0.7436 -0.6687 0.0020
vn 0.7363 -0.6763 0.0230
vn 0.7620 -0.6411 0.0911
vn 0.7871 -0.5542 -0.2707
vn 0.8141 -0.5494 -0.1878
vn 0.7042 -0.5361 -0.4656
vn 0.8414 -0.5203 -0.1462
vn 0.6524 -0.7474 0.1251
vn 0.5121 -0.8361 0.1969
vn 0.2806 -0.6789 -0.6785
vn 0.1797 -0.7690 -0.6135
vn 0.3402 -0.6808 -0.6487
vn 0.2959 -0.6556 -0.6947
vn 0.8176 -0.5755 -0.0188
vn 0.3298 -0.5543 -0.7642
vn 0.1338 -0.7800 -0.6113
vn 0.6466 -0.3976 -0.6511
vn 0.2072 -0.6106 -0.7643
vn 0.5830 -0.7684 0.2640
vn 0.1919 -0.9666 0.1699
vn 0.1990 -0.9728 0.1183
vn 0.1163 -0.9929 -0.0234
vn 0.3892 -0.8900 0.2376
vn 0.0861 -0.9924 0.0874
vn 0.4263 -0.8500 0.3095
vn 0.7607 -0.6397 0.1104
vn 0.8488 -0.5243 -0.0677
vn 0.8670 -0.4821 -0.1261
vn 0.8565 -0.4925 -0.1543
vn 0.8679 -0.4930 0.0615
vn 0.8229 -0.5621 -0.0825
vn 0.7253 -0.4973 -0.4761
vn 0.7594 -0.4494 -0.4705
vn 0.8846 -0.4395 -0.1563
vn 0.4402 -0.4585 -0.7720
vn 0.8768 -0.4692 0.1057
vn 0.9175 -0.3943 -0.0532
vn 0.2375 -0.7170 -0.6554
vn 0.0837 -0.7420 -0.6651
vn 0.2010 -0.6703 -0.7144
vn 0.2510 -0.9226 0.2929
vn 0.6551 -0.7242 0.2154
vn 0.6404 -0.7361 0.2193
vn 0.5805 -0.7541 0.3072
vn 0.8480 -0.5028 -0.1675
vn 0.8837 -0.4617 -0.0769
vn 0.5052 -0.8024 0.3177
vn 0.8746 -0.4161 -0.2488
vn 0.7256 -0.6380 0.2576
vn 0.1905 -0.9417 0.2774
vn 0.3762 -0.8683 0.3232
vn 0.8066 -0.5709 0.1533
vn 0.3165 -0.6027 -0.7325
vn 0.3088 -0.5844 -0.7504
vn 0.2768 -0.6263 -0.7288
vn 0.2484 -0.6315 -0.7345
vn 0.2254 -0.5418 -0.8098
vn 0.9370 -0.3414 0.0738
vn 0.8122 -0.3735 -0.4481
vn 0.1852 -0.6537 -0.7338
vn 0.1125 -0.6701 -0.7337
vn 0.1880 -0.5526 -0.8120
vn 0.2699 -0.5722 -0.7744
vn 0.8106 -0.3590 -0.4627
vn 0.5453 -0.7323 0.4079
vn 0.2568 -0.8798 0.4000
vn 0.1371 -0.9463 0.2927
vn 0.6504 -0.6876 0.3229
vn 0.8945 -0.4472 0.0004
vn 0.3473 -0.8416 0.4136
vn 0.3995 -0.8354 0.3775
vn 0.2480 -0.8887 0.3856
vn 0.6984 -0.6409 0.3187
vn 0.1454 -0.5728 -0.8067
vn 0.3228 -0.5223 -0.7893
vn 0.6678 -0.6574 0.3493
vn 0.2118 -0.4890 -0.8462
vn 0.2641 -0.5160 -0.8149
vn 0.3219 -0.4238 -0.8466
vn 0.3280 -0.4360 -0.8381
vn 0.9127 -0.3957 -0.1025
vn 0.9185 -0.3930 -0.0435
vn 0.6141 -0.6892 0.3846
vn 0.4162 -0.7846 0.4596
vn 0.4962 -0.7326 0.4658
vn 0.1456 -0.8888 0.4346
vn 0.1259 -0.9076 0.4004
vn 0.0575 -0.9098 0.4109
vn 0.1540 -0.4129 -0.8976
vn 0.4467 -0.7483 0.4905
vn 0.2456 -0.8266 0.5064
vn 0.3249 -0.7962 0.5104
vn 0.1272 -0.8403 0.5271
vn 0.3971 -0.7528 0.5250
vn 0.1198 -0.8530 0.5079
vn 0.2211 -0.8138 0.5374
vn 0.0123 -0.8526 0.5224
vn 0.2573 -0.7844 0.5643
vn 0.2948 -0.7722 0.5629
vn 0.3895 -0.7323 0.5586
vn 0.3545 -0.7411 0.5702
vn 0.1788 -0.7958 0.5786
vn 0.1194 -0.8114 0.5722
vn 0.2415 -0.7747 0.5844
vn -0.0113 -0.8161 0.5778
vn -0.0815 -0.8317 0.5493
vn 0.1407 -0.7747 0.6164
vn 0.2197 -0.7558 0.6168
vn 0.0711 -0.7894 0.6097
vn -0.0107 -0.8065 0.5911
vn 0.2612 -0.7468 0.6115
vn 0.1471 -0.7632 0.6292
vn 0.0573 -0.7741 0.6305
vn 0.0369 -0.7780 0.6272
vn 0.1548 -0.7637 0.6267
vn 0.0445 -0.7811 0.6229
vn 0.2017 -0.7568 0.6217
vn 0.2007 -0.7587 0.6198
vn 0.1494 -0.7696 0.6208
vn -0.0753 -0.8011 0.5938
vn -0.1492 -0.7909 0.5935
vn -0.0341 -0.7922 0.6094
vn -0.0390 -0.7773 0.6280
vn 0.0001 -0.7813 0.6242
vn 0.0655 -0.7624 0.6438
vn 0.3588 -0.6933 0.6250
vn 0.2717 -0.7203 0.6382
vn 0.1631 -0.7272 0.6667
vn -0.1204 -0.7744 0.6211
vn -0.0807 -0.7739 0.6281
vn -0.1189 -0.7798 0.6146
vn -0.1005 -0.7717 0.6281
vn -0.1735 -0.7590 0.6275
vn -0.0754 -0.7761 0.6261
vn -0.1426 -0.7646 0.6285
vn -0.1409 -0.7698 0.6225
vn -0.1892 -0.7588 0.6233
vn -0.0509 -0.7191 0.6931
vn -0.2362 -0.7296 0.6418
vn -0.2014 -0.7572 0.6213
vn -0.2152 -0.7732 0.5966
vn -0.1668 -0.7599 0.6283
vn -0.2187 -0.7473 0.6275
vn -0.2572 -0.7437 0.6171
vn -0.3102 -0.7195 0.6213
vn -0.3404 -0.7090 0.6176
vn -0.3165 -0.7165 0.6217
vn -0.3202 -0.7269 0.6075
vn -0.2553 -0.7434 0.6182
vn -0.3043 -0.7212 0.6223
vn -0.3518 -0.7261 0.5908
vn -0.3868 -0.7254 0.5693
vn -0.4189 -0.6375 0.6466
vn -0.2411 -0.6664 0.7055
vn -0.0098 -0.5731 0.8194
vn 0.8363 -0.0767 0.5429
vn 0.8496 0.0172 0.5271
vn 0.8281 -0.0619 0.5572
vn 0.8316 0.0206 0.5550
vn 0.8644 0.0095 0.5027
vn 0.8696 -0.0232 0.4932
vn 0.8602 -0.0608 0.5064
vn 0.8375 -0.0980 0.5376
vn 0.8251 0.0033 0.5650
vn 0.8293 0.0262 0.5582
vn 0.8369 0.0932 0.5394
vn 0.8487 0.0792 0.5230
vn 0.8253 0.0926 0.5571
vn 0.8292 0.1073 0.5485
vn 0.8315 0.1182 0.5429
vn 0.8244 0.0682 0.5618
vn 0.8261 0.0143 0.5633
vn 0.8245 0.0053 0.5658
vn 0.8144 -0.1006 0.5716
vn 0.8259 -0.0363 0.5627
vn 0.8225 0.1290 0.5539
vn 0.8225 0.0175 0.5685
vn 0.8264 -0.0436 0.5613
vn 0.8121 -0.1459 0.5650
vn 0.8077 -0.1557 0.5686
vn 0.8055 -0.1614 0.5701
vn 0.8385 -0.1434 0.5256
vn 0.8665 -0.0983 0.4894
vn 0.8042 -0.1536 0.5741
vn 0.8803 -0.0927 0.4653
vn 0.8908 -0.0581 0.4508
vn 0.8205 -0.1759 0.5440
vn 0.9013 0.0065 0.4332
vn 0.9016 -0.0139 0.4324
vn 0.7642 -0.2560 0.5921
vn 0.7864 -0.0138 0.6176
vn 0.7892 -0.2111 0.5767
vn 0.7753 -0.2581 0.5764
vn 0.8713 -0.1417 0.4699
vn 0.8517 -0.1653 0.4972
vn 0.7200 -0.2407 0.6509
vn 0.8439 -0.1929 0.5006
vn 0.8367 -0.1695 0.5208
vn 0.8149 -0.2138 0.5388
vn 0.7991 -0.2121 0.5625
vn 0.7873 -0.2245 0.5742
vn 0.8904 -0.1363 0.4342
vn 0.8051 0.1430 0.5756
vn 0.8918 0.0774 0.4458
vn 0.8737 0.0898 0.4780
vn 0.8589 0.1213 0.4976
vn 0.8175 0.1395 0.5588
vn 0.8142 0.1701 0.5551
vn 0.8166 0.1672 0.5525
vn 0.9224 -0.0341 0.3847
vn 0.8078 0.2102 0.5507
vn 0.9128 0.0304 0.4072
vn 0.8434 0.1566 0.5139
vn 0.9047 0.0902 0.4164
vn 0.8789 -0.2092 0.4287
vn 0.8575 -0.2260 0.4622
vn 0.9013 -0.1657 0.4002
vn 0.9133 -0.0894 0.3973
vn 0.9371 -0.0754 0.3409
vn 0.9198 -0.1332 0.3690
vn 0.7556 -0.3051 0.5797
vn 0.8200 -0.2613 0.5093
vn 0.8046 -0.2506 0.5383
vn 0.8338 -0.2567 0.4888
vn 0.7748 -0.2494 0.5809
vn 0.7754 -0.2875 0.5623
vn 0.6888 0.0863 0.7198
vn 0.6683 -0.1845 0.7207
vn 0.8609 -0.2652 0.4343
vn 0.8319 -0.2895 0.4735
vn 0.7752 -0.3121 0.5492
vn 0.9054 -0.2260 0.3595
vn 0.7798 -0.3321 0.5308
vn 0.8054 -0.2949 0.5142
vn 0.7431 -0.3265 0.5841
vn 0.7544 -0.3243 0.5707
vn 0.7473 -0.3149 0.5851
vn 0.7331 -0.3490 0.5838
vn 0.8187 -0.3150 0.4802
vn 0.7954 -0.3339 0.5059
vn 0.9256 -0.1624 0.3418
vn 0.9327 -0.1389 0.3328
vn 0.8534 -0.3093 0.4196
vn 0.8229 -0.3487 0.4486
vn 0.7441 -0.3358 0.5775
vn 0.7245 -0.3655 0.5844
vn 0.7435 -0.3700 0.5570
vn 0.8790 -0.3157 0.3573
vn 0.9341 -0.1825 0.3067
vn 0.7898 -0.3820 0.4799
vn 0.8528 -0.3222 0.4110
vn 0.7334 -0.4058 0.5455
vn 0.7602 -0.3797 0.5272
vn 0.7665 -0.4027 0.5002
vn 0.7098 -0.3851 0.5898
vn 0.6875 -0.4188 0.5932
vn 0.6391 -0.4409 0.6302
vn 0.7109 -0.4055 0.5747
vn 0.7070 -0.4300 0.5615
vn 0.6856 -0.4262 0.5902
vn 0.7295 -0.4057 0.5506
vn 0.8252 -0.3908 0.4078
vn 0.7851 -0.4161 0.4588
vn 0.6844 -0.4318 0.5875
vn 0.7496 -0.4176 0.5136
vn 0.7209 -0.4194 0.5518
vn 0.6769 -0.4367 0.5925
vn 0.5978 -0.4322 0.6752
vn 0.7043 -0.4320 0.5633
vn 0.7190 -0.4492 0.5303
vn 0.7384 -0.4673 0.4862
vn 0.6637 -0.4579 0.5915
vn 0.6784 -0.4468 0.5832
vn 0.6874 -0.4637 0.5590
vn 0.8051 -0.4491 0.3875
vn 0.8884 -0.3555 0.2905
vn 0.9140 -0.2870 0.2867
vn 0.6368 -0.4921 0.5935
vn 0.7454 -0.4905 0.4515
vn 0.9184 -0.3066 0.2502
vn 0.7155 -0.4914 0.4966
vn 0.7060 -0.4755 0.5248
vn 0.6795 -0.4917 0.5446
vn 0.7660 -0.5070 0.3953
vn 0.6399 -0.5059 0.5784
vn 0.8349 -0.4598 0.3025
vn 0.8032 -0.5025 0.3200
vn 0.6678 -0.4766 0.5717
vn 0.6357 -0.4893 0.5971
vn 0.6062 -0.5220 0.6001
vn 0.9588 -0.2108 0.1904
vn 0.9520 -0.1731 0.2526
vn 0.9354 -0.2721 0.2257
vn 0.9612 -0.1118 0.2521
vn 0.9428 0.0135 0.3331
vn 0.7141 -0.5223 0.4662
vn 0.6570 -0.4996 0.5646
vn 0.6284 -0.5229 0.5759
vn 0.4817 -0.3238 0.8144
vn 0.6795 -0.5229 0.5147
vn 0.6653 -0.5225 0.5333
vn 0.6707 -0.5414 0.5070
vn 0.6332 -0.5319 0.5623
vn 0.6455 -0.5430 0.5372
vn 0.6029 -0.5269 0.5991
vn 0.6028 -0.5298 0.5966
vn 0.5922 -0.5408 0.5974
vn 0.6064 -0.5238 0.5983
vn 0.6168 -0.5135 0.5965
vn 0.5534 -0.5688 0.6085
vn 0.7284 -0.5688 0.3820
vn 0.9668 -0.1487 0.2080
vn 0.9681 -0.0589 0.2436
vn 0.9667 -0.0486 0.2511
vn 0.9313 0.0654 0.3585
vn 0.8653 -0.4560 0.2080
vn 0.8191 -0.4981 0.2845
vn 0.9615 0.0174 0.2742
vn 0.9591 0.0415 0.2800
vn 0.6980 -0.5899 0.4060
vn 0.5915 -0.5419 0.5971
vn 0.5817 -0.5578 0.5920
vn 0.5920 -0.5546 0.5847
vn 0.6749 -0.5884 0.4453
vn 0.7604 -0.5806 0.2910
vn 0.6274 -0.6009 0.4953
vn 0.6241 -0.5804 0.5230
vn 0.6007 -0.5666 0.5640
vn 0.6285 -0.5536 0.5463
vn 0.6198 -0.5656 0.5440
vn 0.5328 -0.5807 0.6156
vn 0.5235 -0.5826 0.6217
vn 0.6485 -0.5904 0.4805
vn 0.6518 -0.6085 0.4526
vn 0.4797 -0.5812 0.6574
vn 0.5754 -0.5527 0.6029
vn 0.5412 -0.5832 0.6058
vn 0.5646 -0.5897 0.5776
vn 0.5507 -0.5754 0.6046
vn 0.5400 -0.5865 0.6037
vn 0.9433 -0.3116 0.1146
vn 0.8826 -0.4491 0.1392
vn 0.5669 -0.5809 0.5841
vn 0.5973 -0.5984 0.5340
vn 0.5387 -0.5890 0.6024
vn 0.5442 -0.5881 0.5982
vn 0.6084 -0.6112 0.5063
vn 0.5677 -0.5990 0.5647
vn 0.5729 -0.6209 0.5350
vn 0.8066 -0.5709 0.1533
vn 0.8578 -0.4837 0.1737
vn 0.6984 -0.6409 0.3187
vn 0.6678 -0.6574 0.3493
vn 0.5025 -0.6182 0.6044
vn 0.7214 -0.6092 0.3294
vn 0.7256 -0.6380 0.2576
vn 0.3647 -0.4659 0.8062
vn 0.5162 -0.6160 0.5950
vn 0.5233 -0.6162 0.5887
vn 0.4848 -0.6300 0.6067
vn 0.5792 -0.6639 0.4730
vn 0.6183 -0.6562 0.4325
vn 0.6141 -0.6892 0.3846
vn 0.5375 -0.5875 0.6050
vn 0.5380 -0.6183 0.5728
vn 0.5402 -0.6655 0.5151
vn 0.9716 -0.2225 0.0802
vn 0.5150 -0.6406 0.5696
vn 0.5111 -0.6619 0.5483
vn 0.5109 -0.6737 0.5339
vn 0.4785 -0.6315 0.6101
vn 0.4673 -0.6380 0.6120
vn 0.4735 -0.6339 0.6115
vn 0.4692 -0.6387 0.6099
vn 0.4825 -0.6385 0.5996
vn 0.9835 -0.1089 0.1446
vn 0.8956 0.1339 0.4242
vn 0.7257 0.2645 0.6351
vn 0.8701 0.1690 0.4630
vn 0.8607 0.1727 0.4790
vn 0.9193 0.1337 0.3702
vn 0.8153 0.1915 0.5465
vn 0.8211 0.1811 0.5413
vn 0.8338 0.2061 0.5121
vn 0.8271 0.2120 0.5206
vn 0.3157 -0.1792 0.9318
vn 0.3189 -0.6237 0.7136
vn 0.8529 0.1998 0.4824
vn 0.9609 0.0475 0.2727
vn 0.9435 0.1445 0.2982
vn 0.9781 -0.0179 0.2072
vn 0.9952 -0.0737 0.0650
vn 0.9886 -0.0327 0.1470
vn 0.8865 0.1828 0.4250
vn 0.8771 0.1923 0.4402
vn 0.8056 0.2154 0.5519
vn 0.7759 0.3092 0.5499
vn 0.9593 0.1268 0.2523
vn 0.8484 0.2436 0.4700
vn 0.9079 0.1949 0.3711
vn 0.9139 0.1678 0.3695
vn 0.9287 0.1732 0.3280
vn 0.7919 0.2616 0.5517
vn 0.9778 0.0595 0.2008
vn 0.9774 0.0935 0.1896
vn 0.7874 0.2361 0.5694
vn 0.7644 0.3313 0.5531
vn 0.8522 0.2663 0.4503
vn 0.8610 0.2478 0.4441
vn 0.8709 0.2434 0.4268
vn 0.8076 0.2616 0.5286
vn 0.8095 0.2912 0.5099
vn 0.8176 0.2712 0.5079
vn 0.8008 0.2566 0.5413
vn 0.7981 0.2742 0.5364
vn 0.8819 0.2414 0.4050
vn 0.6323 0.2635 0.7286
vn 0.7814 0.2923 0.5513
vn 0.7868 0.2828 0.5486
vn 0.7883 0.2755 0.5502
vn 0.7865 0.2789 0.5510
vn 0.7873 0.2904 0.5439
vn 0.9740 0.1358 0.1814
vn 0.9332 0.2221 0.2824
vn 0.9019 0.2581 0.3465
vn 0.9974 -0.0001 0.0726
vn 0.9872 0.0689 0.1439
vn 0.9973 0.0162 0.0717
vn 0.8945 -0.4472 0.0004
vn 0.9597 0.1859 0.2106
vn 0.9086 0.2852 0.3052
vn 0.8258 0.3099 0.4713
vn 0.8118 0.3300 0.4818
vn 0.9778 -0.2095 0.0010
vn 0.9920 -0.1235 0.0274
vn 0.9843 -0.0808 0.1572
vn 0.8787 0.2893 0.3798
vn 0.7700 0.3332 0.5441
vn 0.8604 0.3152 0.4004
vn 0.8427 0.3222 0.4313
vn 0.8233 0.3380 0.4559
vn 0.9935 0.0738 0.0861
vn 0.7896 0.3375 0.5124
vn 0.7900 0.3230 0.5211
vn 0.9710 0.1725 0.1654
vn 0.3888 0.2733 0.8799
vn 0.9847 0.1464 0.0944
vn 0.7718 0.3539 0.5282
vn 0.7757 0.3341 0.5354
vn 0.9587 0.2160 0.1851
vn 0.9435 0.2426 0.2259
vn 0.9508 -0.3069 -0.0412
vn 0.9185 -0.3930 -0.0435
vn 0.8919 0.3246 0.3149
vn 0.7871 0.3724 0.4917
vn 0.8850 0.3425 0.3153
vn 0.7486 0.3760 0.5461
vn 0.9689 0.2134 0.1254
vn 0.7295 0.4125 0.5456
vn 0.7305 0.4093 0.5467
vn 0.7585 0.3567 0.5454
vn 0.9372 0.2861 0.1994
vn 0.6999 0.4358 0.5659
vn 0.7427 0.3958 0.5400
vn 0.7292 0.4136 0.5452
vn 0.8538 0.3661 0.3701
vn 0.9921 -0.1222 -0.0298
vn 0.8328 0.3896 0.3932
vn 0.8126 0.3926 0.4307
vn 0.7888 0.4045 0.4629
vn 0.9195 0.3339 0.2072
vn 0.7577 0.4061 0.5108
vn 0.7547 0.4008 0.5193
vn 0.7367 0.4172 0.5322
vn 0.7810 0.4074 0.4734
vn 0.7613 0.4234 0.4911
vn 0.6501 0.4674 0.5991
vn 0.8835 0.3818 0.2714
vn 0.9070 0.3549 0.2269
vn 0.6793 0.4854 0.5503
vn 0.8543 0.4021 0.3293
vn 0.8645 0.4118 0.2883
vn 0.9970 0.0778 -0.0040
vn 0.9993 0.0117 -0.0348
vn 0.9964 -0.0501 -0.0685
vn 0.8207 0.4137 0.3942
vn 0.8267 0.4411 0.3492
vn 0.9807 0.1942 0.0241
vn 0.9684 0.2369 0.0781
vn 0.9961 0.0835 -0.0273
vn 0.9627 0.2620 0.0675
vn 0.9428 0.2924 0.1598
vn 0.7880 0.4287 0.4420
vn 0.9792 -0.1802 -0.0931
vn 0.9893 -0.1254 -0.0748
vn 0.9585 -0.2699 -0.0915
vn 0.5927 0.4766 0.6492
vn 0.5316 0.4640 0.7086
vn 0.8176 -0.5755 -0.0188
vn 0.7845 0.4654 0.4099
vn 0.7941 0.4787 0.3745
vn 0.7876 0.4801 0.3862
vn 0.7234 0.4520 0.5219
vn 0.7474 0.4473 0.4912
vn 0.7181 0.4824 0.5017
vn 0.9876 0.1476 -0.0531
vn 0.7446 0.4755 0.4685
vn 0.7570 0.4757 0.4481
vn 0.6964 0.4811 0.5325
vn 0.6978 0.4705 0.5401
vn 0.6634 0.5141 0.5437
vn 0.6648 0.5108 0.5450
vn 0.6501 0.5300 0.5445
vn 0.8765 0.4442 0.1858
vn 0.9093 0.3939 0.1341
vn 0.8195 0.4871 0.3021
vn 0.8414 0.4807 0.2470
vn 0.7030 0.4927 0.5129
vn 0.7396 0.5183 0.4293
vn 0.7053 0.5071 0.4953
vn 0.7183 0.5108 0.4724
vn 0.6615 0.5358 0.5247
vn 0.7730 0.5155 0.3698
vn 0.7689 0.5121 0.3829
vn 0.7255 0.5462 0.4186
vn 0.6964 0.5435 0.4686
vn 0.6824 0.5723 0.4547
vn 0.6606 0.5213 0.5403
vn 0.6495 0.5447 0.5305
vn 0.6772 0.5428 0.4968
vn 0.6504 -0.6876 0.3229
vn 0.4783 -0.6542 0.5859
vn 0.5617 0.5898 0.5801
vn 0.4603 -0.6474 0.6075
vn 0.5371 -0.7044 0.4641
vn 0.5453 -0.7323 0.4079
vn 0.3588 -0.6933 0.6250
vn 0.3779 -0.6679 0.6412
vn 0.4561 -0.6847 0.5685
vn 0.4962 -0.7326 0.4658
vn 0.4695 -0.7112 0.5231
vn 0.4190 -0.6682 0.6147
vn 0.4096 -0.6737 0.6151
vn 0.4364 -0.6659 0.6051
vn 0.4118 -0.6934 0.5913
vn 0.3678 -0.6992 0.6131
vn 0.3717 -0.6972 0.6130
vn 0.3138 0.5074 0.8025
vn 0.4467 -0.7483 0.4905
vn 0.3892 -0.6855 0.6152
vn 0.3971 -0.7528 0.5250
vn 0.3895 -0.7323 0.5586
vn 0.3259 -0.7163 0.6170
vn 0.3691 -0.6950 0.6170
vn 0.3557 -0.7113 0.6062
vn 0.3062 -0.7197 0.6231
vn 0.3669 -0.7201 0.5889
vn 0.3545 -0.7411 0.5702
vn 0.3313 -0.7114 0.6198
vn 0.3586 -0.6980 0.6198
vn 0.3336 -0.7262 0.6011
vn -0.0357 0.0485 0.9982
vn 0.2717 -0.7203 0.6382
vn 0.2865 -0.7314 0.6188
vn 0.2612 -0.7468 0.6115
vn 0.2007 -0.7587 0.6198
vn 0.1631 -0.7272 0.6667
vn -0.0567 -0.2850 0.9569
vn 0.2948 -0.7722 0.5629
vn 0.2415 -0.7747 0.5844
vn 0.2419 -0.7431 0.6239
vn 0.2017 -0.7568 0.6217
vn -0.0098 -0.5731 0.8194
vn -0.0509 -0.7191 0.6931
vn 0.1471 -0.7632 0.6292
vn 0.2197 -0.7558 0.6168
vn 0.1548 -0.7637 0.6267
vn 0.2233 -0.7487 0.6242
vn 0.0478 0.3785 0.9244
vn 0.9007 0.0897 -0.4250
vn 0.9187 -0.0070 -0.3948
vn 0.8983 0.1066 -0.4262
vn 0.9178 0.0974 -0.3849
vn 0.8977 0.1278 -0.4216
vn 0.8711 0.0906 -0.4826
vn 0.8586 0.1096 -0.5008
vn 0.8657 0.1597 -0.4745
vn 0.9267 0.1905 -0.3240
vn 0.8355 0.2519 -0.4884
vn 0.8740 0.2061 -0.4401
vn 0.8336 0.1581 -0.5293
vn 0.8181 0.1033 -0.5657
vn 0.8039 0.0883 -0.5882
vn 0.8002 0.0603 -0.5966
vn 0.7515 0.1994 -0.6289
vn 0.8995 0.2222 -0.3762
vn 0.8728 0.2790 -0.4004
vn 0.8209 0.2924 -0.4905
vn 0.8124 0.2529 -0.5254
vn 0.8215 0.1990 -0.5343
vn 0.8498 0.2849 -0.4434
vn 0.9221 0.2120 -0.3238
vn 0.8681 0.2859 -0.4059
vn 0.8847 0.2827 -0.3706
vn 0.9514 0.1032 -0.2902
vn 0.9511 0.1251 -0.2824
vn 0.9520 0.0267 -0.3048
vn 0.9350 -0.0214 -0.3541
vn 0.9690 0.1747 -0.1748
vn 0.8634 0.3233 -0.3873
vn 0.8525 0.3378 -0.3990
vn 0.8405 0.3466 -0.4165
vn 0.7558 0.1539 -0.6364
vn 0.7800 0.1946 -0.5948
vn 0.7811 0.2844 -0.5559
vn 0.7902 0.2988 -0.5351
vn 0.8283 0.3455 -0.4410
vn 0.8022 0.3677 -0.4704
vn 0.9138 0.3294 -0.2378
vn 0.9214 0.3014 -0.2455
vn 0.9440 0.2955 -0.1468
vn 0.7715 0.3482 -0.5325
vn 0.8736 0.3560 -0.3318
vn 0.8696 0.3492 -0.3491
vn 0.8317 0.4259 -0.3562
vn 0.8219 0.3881 -0.4169
vn 0.8160 0.4252 -0.3916
vn 0.7346 0.2850 -0.6157
vn 0.8338 0.4462 -0.3250
vn 0.7768 0.3933 -0.4918
vn 0.6965 0.4147 -0.5856
vn 0.8996 0.3677 -0.2357
vn 0.7546 0.0577 -0.6537
vn 0.7297 0.3345 -0.5964
vn 0.7597 0.4197 -0.4967
vn 0.7849 0.4318 -0.4444
vn 0.7251 0.3953 -0.5639
vn 0.7902 0.4515 -0.4144
vn 0.7641 0.4815 -0.4293
vn 0.7525 0.4756 -0.4555
vn 0.8561 0.4564 -0.2424
vn 0.9486 0.2835 -0.1409
vn 0.9555 0.0448 -0.2916
vn 0.9668 0.0182 -0.2548
vn 0.8257 0.4559 -0.3324
vn 0.6965 0.3321 -0.6361
vn 0.6738 0.3770 -0.6355
vn 0.7099 0.0877 -0.6988
vn 0.6524 0.2817 -0.7036
vn 0.7006 0.2055 -0.6833
vn 0.6719 0.0763 -0.7367
vn 0.7310 0.4600 -0.5040
vn 0.6919 0.4727 -0.5458
vn 0.7882 0.4789 -0.3865
vn 0.6629 0.3937 -0.6368
vn 0.6796 0.4470 -0.5817
vn 0.6644 0.4380 -0.6056
vn 0.6064 0.4223 -0.6737
vn 0.6408 0.3428 -0.6870
vn 0.6510 0.1898 -0.7350
vn 0.8161 0.4769 -0.3266
vn 0.7870 0.5052 -0.3541
vn 0.7433 0.5485 -0.3828
vn 0.7034 0.5076 -0.4976
vn 0.7288 0.5120 -0.4547
vn 0.7047 0.5590 -0.4369
vn 0.7481 0.4707 -0.4678
vn 0.6943 0.5087 -0.5091
vn 0.8190 0.4935 -0.2927
vn 0.8211 0.4167 -0.3901
vn 0.7923 0.2378 -0.5620
vn 0.9351 0.1800 -0.3051
vn 0.8159 -0.1237 -0.5648
vn 0.6361 0.4163 -0.6497
vn 0.9211 0.3495 -0.1713
vn 0.6296 0.1766 -0.7566
vn 0.9538 -0.1558 -0.2569
vn 0.7098 0.5329 -0.4607
vn 0.6229 0.2122 -0.7529
vn 0.6062 0.4198 -0.6755
vn 0.6285 0.5133 -0.5844
vn 0.7883 0.5621 -0.2503
vn 0.7496 0.5579 -0.3562
vn 0.8842 0.4590 -0.0865
vn 0.6451 0.5707 -0.5081
vn 0.6347 0.5640 -0.5282
vn 0.5562 0.3668 -0.7458
vn 0.9839 0.1699 -0.0549
vn 0.5618 0.4879 -0.6680
vn 0.5721 0.5318 -0.6244
vn 0.6300 -0.1318 -0.7653
vn 0.5444 0.4142 -0.7295
vn 0.5848 0.3337 -0.7394
vn 0.5965 0.1799 -0.7822
vn 0.6233 0.0686 -0.7789
vn 0.5244 0.3123 -0.7922
vn 0.5815 0.5694 -0.5811
vn 0.6216 0.0060 -0.7833
vn 0.9426 0.3302 -0.0495
vn 0.4958 0.2443 -0.8334
vn 0.5059 0.3505 -0.7882
vn 0.6099 0.1918 -0.7689
vn 0.5693 -0.0019 -0.8221
vn 0.9454 -0.0535 -0.3215
vn 0.9847 -0.0881 -0.1505
vn 0.9729 0.1919 -0.1289
vn 0.9941 0.0995 -0.0434
vn 0.5940 -0.0578 -0.8024
vn 0.9760 -0.1303 -0.1746
vn 0.5362 0.5653 -0.6268
vn 0.4934 0.5354 -0.6855
vn 0.4400 0.1795 -0.8799
vn 0.5736 -0.0906 -0.8141
vn 0.4474 0.5371 -0.7151
vn 0.4344 0.4879 -0.7571
vn 0.4407 0.5292 -0.7251
vn 0.4854 0.1310 -0.8644
vn 0.4283 0.4332 -0.7930
vn 0.4096 0.2081 -0.8882
vn 0.5268 -0.0192 -0.8498
vn 0.4168 0.1654 -0.8938
vn 0.4655 0.0314 -0.8845
vn 0.3880 0.3487 -0.8531
vn 0.3114 0.4463 -0.8390
vn 0.4101 0.4601 -0.7875
vn 0.5835 -0.1188 -0.8034
vn 0.4362 0.0802 -0.8963
vn 0.9897 0.0885 0.1124
vn 0.6466 -0.3976 -0.6511
vn 0.2861 0.2862 -0.9144
vn 0.3448 0.5230 -0.7795
vn 0.3402 0.5873 -0.7344
vn 0.3036 0.6641 -0.6833
vn 0.9855 0.0229 -0.1682
vn 0.4303 -0.1320 -0.8930
vn 0.5766 -0.1735 -0.7984
vn 0.3723 0.0494 -0.9268
vn 0.4936 -0.1854 -0.8497
vn 0.4697 -0.0302 -0.8823
vn 0.2806 -0.0025 -0.9598
vn 0.4341 0.0483 -0.8996
vn 0.3074 -0.0490 -0.9503
vn 0.4710 -0.2698 -0.8399
vn 0.4548 0.6026 -0.6558
vn 0.4174 0.6260 -0.6588
vn 0.9934 -0.0913 0.0698
vn 0.7716 -0.5081 -0.3827
vn 0.4545 -0.2577 -0.8527
vn 0.9527 0.1439 -0.2677
vn 0.9540 0.2730 -0.1239
vn 0.8450 0.2269 -0.4842
vn 0.8989 0.1768 -0.4009
vn 0.9227 0.2917 -0.2519
vn 0.8863 0.3168 -0.3378
vn 0.8469 0.3118 -0.4307
vn 0.9090 0.0958 -0.4057
vn 0.8671 0.0779 -0.4919
vn 0.9477 0.1508 -0.2812
vn 0.9440 0.0435 -0.3271
vn 0.9924 -0.0508 0.1117
vn 0.9395 -0.0192 -0.3421
vn 0.9478 0.2466 -0.2019
vn 0.9106 -0.0960 -0.4019
vn 0.9491 -0.0304 -0.3136
vn 0.9265 -0.1232 -0.3554
vn 0.8288 -0.1362 -0.5427
vn 0.9674 -0.2475 -0.0535
vn 0.9773 0.1420 -0.1574
vn 0.9548 0.2479 -0.1642
vn 0.9401 0.3034 -0.1555
vn 0.9711 0.2038 -0.1242
vn 0.8673 -0.2015 -0.4552
vn 0.9817 0.0546 -0.1827
vn 0.9844 0.0870 -0.1529
vn 0.9791 0.1376 -0.1501
vn 0.9491 0.2969 -0.1056
vn 0.9623 0.2588 -0.0838
vn 0.9796 0.1633 -0.1175
vn 0.9769 -0.0852 -0.1958
vn 0.9880 0.0080 -0.1543
vn 0.8782 -0.2249 -0.4222
vn 0.9731 0.2201 -0.0678
vn 0.9847 0.1565 -0.0771
vn 0.9922 0.0747 -0.0998
vn 0.9919 0.0207 -0.1250
vn 0.9369 0.3446 -0.0584
vn 0.9609 0.2703 -0.0595
vn 0.9558 -0.1693 -0.2405
vn 0.9876 0.1476 -0.0531
vn 0.9595 0.2801 -0.0308
vn 0.9961 0.0835 -0.0273
vn 0.9942 0.0024 -0.1074
vn 0.9895 -0.0686 -0.1269
vn 0.9993 0.0117 -0.0348
vn 0.9964 -0.0501 -0.0685
vn 0.9367 0.3498 0.0145
vn 0.9911 -0.0719 -0.1121
vn 0.9751 -0.1756 -0.1353
vn 0.9627 0.2620 0.0675
vn 0.9684 0.2369 0.0781
vn 0.9807 0.1942 0.0241
vn 0.9473 0.3151 0.0583
vn 0.9047 -0.3345 -0.2638
vn 0.8787 -0.2784 -0.3879
vn 0.9280 -0.2981 -0.2237
vn 0.9615 -0.2121 -0.1748
vn 0.9893 -0.1254 -0.0748
vn 0.9792 -0.1802 -0.0931
vn 0.9897 -0.0990 -0.1031
vn 0.9944 -0.0007 0.1058
vn 0.9841 -0.1579 0.0817
vn 0.9175 -0.3943 -0.0532
vn 0.9759 -0.1993 0.0885
vn 0.9822 -0.1847 -0.0351
vn 0.9593 -0.2529 -0.1254
vn 0.9242 -0.3455 -0.1628
vn 0.9093 0.3939 0.1341
vn 0.9585 -0.2699 -0.0915
vn 0.8746 -0.4161 -0.2488
vn 0.8106 -0.3590 -0.4627
vn 0.8122 -0.3735 -0.4481
vn 0.8837 -0.4617 -0.0769
vn 0.9379 -0.3191 -0.1365
vn 0.9370 -0.3414 0.0738
vn 0.9195 0.3339 0.2072
vn 0.9428 0.2924 0.1598
vn 0.9127 -0.3957 -0.1025
vn 0.9159 -0.3754 -0.1423
vn 0.9508 -0.3069 -0.0412
vn 0.9185 -0.3930 -0.0435
vn 0.8565 -0.4925 -0.1543
vn 0.8670 -0.4821 -0.1261
vn 0.8846 -0.4395 -0.1563
vn 0.8768 -0.4692 0.1057
vn 0.4402 -0.4585 -0.7720
vn 0.3403 -0.1960 -0.9197
vn 0.3257 -0.1681 -0.9304
vn 0.1919 0.1781 -0.9651
vn 0.1799 0.4713 -0.8634
vn 0.1636 0.3866 -0.9076
vn 0.1808 0.1981 -0.9634
vn 0.3298 -0.5543 -0.7642
vn -0.0339 0.3275 -0.9443
vn 0.0923 0.3922 -0.9152
vn 0.4189 0.8836 -0.2090
vn 0.4524 0.8787 -0.1524
vn 0.5058 0.8427 -0.1846
vn 0.4108 0.9002 -0.1444
vn 0.3591 0.9221 -0.1442
vn 0.3313 0.9159 -0.2266
vn 0.2725 0.9373 -0.2173
vn 0.2638 0.9491 -0.1722
vn 0.2694 0.9217 -0.2791
vn 0.4558 0.8514 -0.2596
vn 0.3465 0.8932 -0.2864
vn 0.2634 0.9096 -0.3214
vn 0.3346 0.8889 -0.3130
vn 0.4996 0.8359 -0.2273
vn 0.3420 0.8675 -0.3611
vn 0.4673 0.8307 -0.3026
vn 0.3732 0.8521 -0.3670
vn 0.4550 0.8057 -0.3792
vn 0.5812 0.7761 -0.2445
vn 0.5278 0.7718 -0.3545
vn 0.5494 0.7665 -0.3325
vn 0.6012 0.7533 -0.2667
vn 0.6136 0.7823 -0.1070
vn 0.6070 0.7613 -0.2279
vn 0.5661 0.7281 -0.3865
vn 0.5609 0.8159 -0.1402
vn 0.4884 0.8679 -0.0909
vn 0.5507 0.8292 -0.0957
vn 0.6040 0.7785 -0.1706
vn 0.4396 0.7951 -0.4179
vn 0.3541 0.9335 -0.0562
vn 0.4275 0.9021 -0.0586
vn 0.2436 0.9657 -0.0899
vn 0.4540 0.8904 0.0321
vn 0.5837 0.8118 0.0140
vn 0.6381 0.7623 -0.1081
vn 0.6430 0.7589 -0.1034
vn 0.6554 0.7361 -0.1693
vn 0.6362 0.7348 -0.2352
vn 0.6407 0.7668 -0.0396
vn 0.3869 0.9206 0.0535
vn 0.6838 0.6921 -0.2311
vn 0.6071 0.7184 -0.3396
vn 0.6634 0.6728 -0.3275
vn 0.6264 0.6927 -0.3574
vn 0.6883 0.7126 -0.1357
vn 0.5997 0.7032 -0.3820
vn 0.5402 0.7244 -0.4284
vn 0.3103 0.8475 -0.4305
vn 0.4044 0.7968 -0.4490
vn 0.4823 0.7381 -0.4718
vn 0.6571 0.6725 -0.3405
vn 0.4350 0.7597 -0.4834
vn 0.4057 0.7794 -0.4775
vn 0.6811 0.6479 -0.3410
vn 0.6952 0.6924 -0.1931
vn 0.6637 0.6501 -0.3699
vn 0.7208 0.6730 -0.1658
vn 0.6318 0.6555 -0.4136
vn 0.5280 0.6937 -0.4899
vn 0.5731 0.6803 -0.4570
vn 0.6338 0.6267 -0.4533
vn 0.6310 0.6318 -0.4501
vn 0.6475 0.6265 -0.4339
vn 0.6938 0.7188 -0.0451
vn 0.6961 0.7129 -0.0850
vn 0.7211 0.6864 -0.0944
vn 0.7483 0.6480 -0.1420
vn 0.7151 0.6727 -0.1900
vn 0.7488 0.6212 -0.2310
vn 0.6961 0.6298 -0.3445
vn 0.7167 0.6946 -0.0614
vn 0.6324 0.7743 0.0247
vn 0.5188 0.8458 0.1245
vn 0.5900 0.6482 -0.4814
vn 0.6982 0.6042 -0.3840
vn 0.7210 0.6016 -0.3437
vn 0.7022 0.6437 -0.3043
vn 0.7573 0.6095 -0.2343
vn 0.7419 0.6697 0.0318
vn 0.7506 0.5956 -0.2862
vn 0.6997 0.6415 -0.3145
vn 0.7683 0.6140 -0.1810
vn 0.7237 0.5727 -0.3850
vn 0.7141 0.6999 -0.0177
vn 0.6642 0.7441 0.0718
vn 0.7703 0.6318 -0.0868
vn 0.7598 0.6486 -0.0448
vn 0.7808 0.5977 -0.1820
vn 0.7731 0.6140 -0.1590
vn 0.7503 0.6610 0.0091
vn 0.7815 0.6239 -0.0043
vn 0.6996 0.5655 -0.4369
vn 0.7883 0.5621 -0.2503
vn 0.7047 0.5590 -0.4369
vn 0.5401 0.6559 -0.5273
vn 0.7433 0.5485 -0.3828
vn 0.7496 0.5579 -0.3562
vn 0.7603 0.5286 -0.3774
vn 0.6451 0.5707 -0.5081
vn 0.7098 0.5329 -0.4607
vn 0.5778 0.6128 -0.5391
vn 0.4534 0.6915 -0.5624
vn 0.3836 0.7607 -0.5237
vn 0.4958 0.6955 -0.5200
vn 0.5120 0.6284 -0.5856
vn 0.7258 0.5379 -0.4289
vn 0.2641 0.8307 -0.4902
vn 0.6347 0.5640 -0.5282
vn 0.1800 0.9189 -0.3511
vn 0.2291 0.8908 -0.3924
vn 0.2584 0.8482 -0.4623
vn 0.1458 0.8827 -0.4467
vn 0.8294 0.5455 -0.1202
vn 0.7355 0.5044 -0.4523
vn 0.6046 0.7840 0.1405
vn 0.5815 0.5694 -0.5811
vn 0.8109 0.5830 -0.0507
vn 0.8142 0.5727 -0.0959
vn 0.7979 0.5934 -0.1056
vn 0.7836 0.6031 -0.1491
vn 0.8320 0.5149 -0.2063
vn 0.8393 0.5226 -0.1500
vn 0.6987 0.7062 0.1142
vn 0.8618 0.4843 -0.1508
vn 0.8423 0.5296 -0.1000
vn 0.6285 0.5133 -0.5844
vn 0.7723 0.4612 -0.4368
vn 0.4141 0.6767 -0.6088
vn 0.4379 0.6451 -0.6261
vn 0.2753 0.7713 -0.5739
vn 0.2894 0.7766 -0.5595
vn 0.1752 0.8334 -0.5241
vn 0.2398 0.8444 -0.4791
vn 0.3385 0.6928 -0.6367
vn 0.5362 0.5653 -0.6268
vn 0.4548 0.6026 -0.6558
vn 0.4174 0.6260 -0.6588
vn 0.1716 0.9417 -0.2893
vn 0.1704 0.9557 -0.2399
vn 0.1789 0.8954 -0.4077
vn 0.5721 0.5318 -0.6244
vn 0.2021 0.9663 -0.1592
vn 0.2300 0.9728 -0.0286
vn 0.5426 0.8167 0.1963
vn 0.1239 0.9110 -0.3933
vn 0.2242 0.7501 -0.6222
vn 0.3561 0.9280 0.1095
vn 0.2897 0.9522 0.0965
vn 0.1249 0.9791 -0.1604
vn 0.1777 0.9778 -0.1107
vn 0.7652 0.6385 0.0825
vn 0.8863 0.4206 -0.1939
vn 0.8400 0.4230 -0.3397
vn 0.8525 0.4657 -0.2375
vn 0.8436 0.5306 -0.0823
vn 0.8363 0.5475 -0.0286
vn 0.8280 0.5574 0.0608
vn 0.8437 0.4547 -0.2853
vn 0.6552 0.7309 0.1910
vn 0.7502 0.6419 0.1587
vn 0.4162 0.8846 0.2102
vn 0.7114 0.6709 0.2090
vn 0.8842 0.4590 -0.0865
vn 0.8589 0.5031 0.0954
vn 0.8611 0.4944 -0.1190
vn 0.8756 0.4755 -0.0849
vn 0.4934 0.5354 -0.6855
vn 0.8795 0.4724 -0.0570
vn 0.8720 0.4893 -0.0152
vn 0.8896 0.4408 -0.1198
vn 0.9067 0.3979 -0.1396
vn 0.3036 0.6641 -0.6833
vn 0.8940 0.3982 -0.2054
vn 0.8665 0.4943 0.0695
vn 0.6158 0.7365 0.2798
vn 0.1308 0.9904 -0.0454
vn 0.0967 0.9662 -0.2391
vn 0.0508 0.9491 -0.3109
vn 0.0700 0.9947 -0.0755
vn 0.4522 0.8376 0.3064
vn 0.0187 0.9271 -0.3743
vn 0.0708 0.8004 -0.5953
vn 0.0493 0.8611 -0.5060
vn 0.1780 0.7068 -0.6847
vn 0.3603 0.8984 0.2511
vn 0.3298 0.9233 0.1969
vn 0.2146 0.9562 0.1990
vn 0.1073 0.9909 0.0809
vn 0.5815 0.7555 0.3018
vn 0.5334 0.7743 0.3405
vn 0.0100 0.9759 -0.2179
vn 0.0183 0.9892 -0.1457
vn -0.0171 0.9577 -0.2872
vn 0.6965 0.6717 0.2523
vn 0.6725 0.7012 0.2369
vn 0.6438 0.7117 0.2812
vn 0.7472 0.6342 0.1988
vn 0.8028 0.5744 0.1598
vn 0.2965 0.9125 0.2819
vn 0.8315 0.5386 0.1360
vn 0.1758 0.9626 0.2063
vn 0.0728 0.7455 -0.6625
vn 0.7756 0.5893 0.2263
vn 0.8984 0.4380 -0.0317
vn 0.4822 0.8025 0.3513
vn 0.9078 0.4095 -0.0910
vn 0.6573 0.6821 0.3205
vn 0.9053 0.4245 0.0152
vn 0.7848 0.3573 -0.5064
vn 0.7322 0.6156 0.2913
vn 0.8863 0.3168 -0.3378
vn 0.9369 0.3446 -0.0584
vn 0.9241 0.3805 -0.0351
vn 0.9214 0.3600 -0.1462
vn 0.9227 0.2917 -0.2519
vn 0.9217 0.3803 -0.0768
vn 0.6891 0.6489 0.3227
vn 0.7178 0.6188 0.3191
vn 0.8917 0.4397 0.1076
vn 0.8720 0.4802 0.0945
vn 0.8765 0.4442 0.1858
vn 0.8215 0.5049 0.2650
vn 0.8354 0.4986 0.2312
vn 0.7911 0.5499 0.2679
vn 0.7581 0.5753 0.3070
vn 0.9426 0.3302 -0.0495
vn 0.8469 0.3118 -0.4307
vn 0.9491 0.2969 -0.1056
vn 0.9401 0.3034 -0.1555
vn 0.9478 0.2466 -0.2019
vn 0.9540 0.2730 -0.1239
vn 0.9367 0.3498 0.0145
vn 0.6441 0.6664 0.3756
vn 0.5939 0.6944 0.4063
vn 0.6878 0.6286 0.3630
vn 0.5143 0.7615 0.3944
vn 0.4635 0.7890 0.4032
vn 0.9093 0.3939 0.1341
vn 0.3750 0.8485 0.3734
vn 0.2483 0.8990 0.3608
vn 0.7073 0.5978 0.3773
vn 0.7399 0.5714 0.3549
vn 0.8414 0.4807 0.2470
vn 0.7762 0.5397 0.3259
vn 0.8195 0.4871 0.3021
vn 0.6505 0.6389 0.4108
vn 0.1407 0.9527 0.2692
vn 0.0522 0.9809 0.1872
vn 0.2823 0.8698 0.4045
vn 0.5002 0.7441 0.4428
vn 0.3533 0.8194 0.4514
vn 0.4329 0.7714 0.4664
vn 0.7255 0.5462 0.4186
vn 0.7730 0.5155 0.3698
vn 0.5935 0.6629 0.4563
vn 0.5382 0.7020 0.4664
vn 0.6491 0.6354 0.4183
vn 0.5063 0.7316 0.4565
vn 0.7153 0.5701 0.4041
vn 0.7941 0.4787 0.3745
vn 0.6531 0.6164 0.4399
vn 0.4474 0.7505 0.4864
vn 0.2175 0.8923 0.3956
vn 0.2599 0.8528 0.4529
vn 0.6824 0.5723 0.4547
vn 0.5057 0.7057 0.4963
vn 0.6246 0.6195 0.4756
vn 0.0711 0.9443 0.3214
vn 0.5744 0.6463 0.5024
vn 0.5594 0.6577 0.5045
vn 0.3133 0.8186 0.4815
vn 0.1077 0.9045 0.4126
vn 0.1508 0.8771 0.4561
vn 0.4158 0.7485 0.5166
vn 0.3155 0.8081 0.4974
vn 0.4247 0.7425 0.5180
vn 0.2999 0.7932 0.5301
vn 0.3880 0.7489 0.5372
vn 0.4330 0.7266 0.5334
vn 0.5418 0.6538 0.5282
vn 0.4920 0.6889 0.5323
vn 0.1484 0.8553 0.4964
vn 0.2224 0.8325 0.5074
vn 0.5898 0.6147 0.5237
vn 0.6336 0.5786 0.5136
vn 0.6772 0.5428 0.4968
vn 0.2074 0.8236 0.5278
vn 0.6501 0.5792 0.4919
vn 0.6964 0.5435 0.4686
vn 0.4772 0.6937 0.5395
vn 0.5655 0.6283 0.5343
vn 0.5545 0.6298 0.5440
vn 0.4836 0.6839 0.5463
vn 0.3754 0.7535 0.5397
vn 0.2230 0.8055 0.5490
vn 0.3516 0.7579 0.5496
vn 0.4151 0.7249 0.5498
vn 0.2872 0.7831 0.5516
vn 0.2436 0.8063 0.5390
vn 0.2860 0.7827 0.5528
vn 0.0865 0.8683 0.4884
vn 0.0479 0.9087 0.4146
vn -0.0702 0.9449 0.3197
vn -0.0705 0.9814 0.1785
vn -0.0479 0.9923 0.1145
vn 0.0226 0.9096 0.4148
vn 0.1347 0.8398 0.5260
vn 0.6280 0.5658 0.5343
vn 0.1271 0.8354 0.5347
vn 0.5524 0.6302 0.5456
vn 0.5247 0.6526 0.5467
vn 0.6172 0.5679 0.5446
vn 0.5344 0.6441 0.5473
vn 0.4779 0.6816 0.5541
vn 0.2609 0.7712 0.5806
vn 0.4665 0.6815 0.5638
vn 0.2177 0.8001 0.5590
vn 0.1212 0.8236 0.5541
vn 0.0993 0.8269 0.5536
vn -0.0431 0.8778 0.4770
vn -0.0218 0.8930 0.4496
vn 0.0437 0.8389 0.5425
vn -0.0930 0.9084 0.4077
vn -0.1552 0.9315 0.3290
vn -0.0235 0.8529 0.5216
vn 0.0836 0.8040 0.5887
vn 0.0591 0.8296 0.5552
vn 0.0964 0.8272 0.5536
vn -0.1000 0.8268 0.5536
vn 0.0294 0.8353 0.5490
vn 0.5801 0.5964 0.5548
vn 0.5617 0.5898 0.5801
vn 0.6793 0.4854 0.5503
vn 0.2506 0.7236 0.6431
vn 0.4811 0.6223 0.6175
vn -0.1354 0.8932 0.4288
vn -0.2089 0.9050 0.3707
vn -0.1565 0.8724 0.4631
vn -0.1270 0.8475 0.5154
vn 0.5953 0.5962 0.5387
vn -0.1182 0.8272 0.5494
vn -0.1379 0.8298 0.5407
vn 0.6089 0.5727 0.5488
vn 0.6648 0.5108 0.5450
vn 0.6501 0.5300 0.5445
vn -0.1086 0.8250 0.5546
vn -0.2674 0.9108 0.3145
vn 0.6634 0.5141 0.5437
vn 0.6606 0.5213 0.5403
vn 0.6615 0.5358 0.5247
vn 0.6495 0.5447 0.5305
vn -0.2984 0.8781 0.3741
vn -0.0773 0.7949 0.6018
vn -0.0322 0.7470 0.6640
vn -0.2339 0.7952 0.5594
vn -0.1306 0.8226 0.5534
vn -0.2879 0.7848 0.5488
vn -0.3179 0.8526 0.4148
vn -0.2612 0.8418 0.4723
vn -0.2528 0.8209 0.5121
vn 0.0435 0.6362 0.7703
vn -0.2516 0.7949 0.5520
vn 0.3416 0.6112 0.7139
vn 0.5927 0.4766 0.6492
vn 0.5316 0.4640 0.7086
vn 0.6501 0.4674 0.5991
vn -0.1948 0.7468 0.6358
vn -0.3003 0.7675 0.5664
vn -0.2940 0.7902 0.5378
vn -0.3183 0.7918 0.5213
vn 0.3138 0.5074 0.8025
vn -0.4003 0.7874 0.4687
vn -0.3873 0.8423 0.3749
vn -0.3408 0.7636 0.5485
vn -0.4519 0.7049 0.5468
vn -0.4219 0.7279 0.5405
vn -0.4260 0.7326 0.5308
vn -0.4364 0.7312 0.5243
vn -0.4142 0.7274 0.5471
vn -0.4919 0.7148 0.4971
vn -0.4318 0.7675 0.4738
vn -0.3552 0.5571 0.7507
vn -0.3564 0.6535 0.6678
vn -0.4492 0.6696 0.5915
vn -0.4587 0.6942 0.5547
vn 0.0478 0.3785 0.9244
vn -0.3350 0.3543 0.8730
vn -0.4968 0.7245 0.4778
vn -0.0481 0.6234 -0.7804
vn 0.1132 0.9335 -0.3402
vn -0.0044 0.7957 -0.6057
vn -0.1761 -0.0024 -0.9844
vn -0.2102 0.1057 -0.9719
vn 0.2201 -0.1782 -0.9591
vn 0.0035 -0.8915 -0.4530
vn -0.0571 -0.7821 -0.6206
vn -0.0336 -0.2917 -0.9559
vn -0.0904 -0.2270 -0.9697
vn -0.2733 -0.2563 -0.9272
vn 0.1469 -0.1850 -0.9717
vn -0.0873 -0.0771 -0.9932
vn 0.0288 -0.9106 -0.4124
vn -0.0548 -0.8380 -0.5429
vn -0.1055 -0.6950 -0.7112
vn -0.2102 0.1057 -0.9719
vn -0.0481 0.6234 -0.7804
vn 0.1787 -0.8425 -0.5083
vn 0.1186 -0.0931 -0.9886
vn 0.2543 -0.0449 -0.9661
vn 0.0061 0.0749 -0.9972
vn -0.2051 -0.1472 -0.9676
vn -0.0044 0.7957 -0.6057
vn 0.2986 -0.2274 -0.9269
vn 0.4303 -0.1320 -0.8930
vn 0.3723 0.0494 -0.9268
vn 0.4056 -0.2140 -0.8886
vn 0.4936 -0.1854 -0.8497
vn 0.4216 -0.2779 -0.8631
vn 0.2248 -0.4497 -0.8644
vn 0.1841 -0.4116 -0.8926
vn -0.0216 -0.4305 -0.9023
vn -0.1761 -0.0024 -0.9844
vn -0.2032 -0.4572 -0.8658
vn -0.0421 -0.5173 -0.8548
vn -0.2579 -0.2867 -0.9227
vn 0.0569 -0.5364 -0.8420
vn 0.3280 -0.4360 -0.8381
vn 0.2641 -0.5160 -0.8149
vn 0.1641 -0.5472 -0.8207
vn 0.4415 -0.3157 -0.8399
vn 0.4545 -0.2577 -0.8527
vn 0.1722 0.0708 -0.9825
vn 0.2201 -0.1782 -0.9591
vn -0.3435 -0.0571 -0.9374
vn 0.1919 0.1781 -0.9651
vn -0.1431 0.1381 -0.9800
vn -0.2856 0.0524 -0.9569
vn -0.2859 0.1223 -0.9504
vn -0.3623 0.0067 -0.9320
vn -0.3685 -0.3233 -0.8716
vn -0.4556 -0.1972 -0.8681
vn -0.3688 -0.1579 -0.9160
vn 0.0833 0.1328 -0.9876
vn 0.1454 -0.5728 -0.8067
vn 0.1787 -0.8425 -0.5083
vn 0.2201 -0.1782 -0.9591
vn -0.2579 -0.2867 -0.9227
vn -0.3685 -0.3233 -0.8716
vn 0.2986 -0.2274 -0.9269
vn -0.1055 -0.6950 -0.7112
vn 0.1641 -0.5472 -0.8207
vn 0.4216 -0.2779 -0.8631
vn 0.3280 -0.4360 -0.8381
vn 0.4415 -0.3157 -0.8399
vn 0.4545 -0.2577 -0.8527
vn 0.3403 -0.1960 -0.9197
vn 0.3219 -0.4238 -0.8466
vn 0.2661 -0.3337 -0.9043
vn 0.1880 -0.5526 -0.8120
vn 0.1540 -0.4129 -0.8976
vn 0.2759 -0.3122 -0.9091
vn 0.3257 -0.1681 -0.9304
vn 0.4710 -0.2698 -0.8399
vn 0.3298 -0.5543 -0.7642
vn 0.2118 -0.4890 -0.8462
vn 0.3074 -0.0490 -0.9503
vn -0.3435 -0.0571 -0.9374
vn -0.3688 -0.1579 -0.9160
vn -0.4556 -0.1972 -0.8681
f 692/692/692 675/675/675 693/693/693
f 667/667/667 661/661/661 675/675/675
f 667/667/667 675/675/675 692/692/692
f 643/643/643 658/658/658 661/661/661
f 662/662/662 661/661/661 667/667/667
f 159/159/159 177/177/177 160/160/160
f 649/649/649 643/643/643 661/661/661
f 649/649/649 661/661/661 662/662/662
f 648/648/648 643/643/643 649/649/649
f 667/667/667 664/664/664 662/662/662
f 664/664/664 649/649/649 662/662/662
f 691/691/691 667/667/667 692/692/692
f 649/649/649 646/646/646 648/648/648
f 675/675/675 690/690/690 698/698/698
f 675/675/675 698/698/698 700/700/700
f 675/675/675 677/677/677 690/690/690
f 676/676/676 677/677/677 675/675/675
f 700/700/700 693/693/693 675/675/675
f 674/674/674 676/676/676 675/675/675
f 661/661/661 674/674/674 675/675/675
f 145/145/145 159/159/159 160/160/160
f 661/661/661 652/652/652 674/674/674
f 159/159/159 145/145/145 130/130/130
f 651/651/651 652/652/652 661/661/661
f 661/661/661 658/658/658 651/651/651
f 643/643/643 651/651/651 658/658/658
f 643/643/643 641/641/641 651/651/651
f 175/175/175 177/177/177 159/159/159
f 174/174/174 159/159/159 161/161/161
f 175/175/175 159/159/159 174/174/174
f 646/646/646 643/643/643 648/648/648
f 691/691/691 664/664/664 667/667/667
f 631/631/631 643/643/643 646/646/646
f 691/691/691 703/703/703 664/664/664
f 631/631/631 646/646/646 649/649/649
f 645/645/645 631/631/631 649/649/649
f 644/644/644 645/645/645 649/649/649
f 644/644/644 649/649/649 663/663/663
f 663/663/663 649/649/649 664/664/664
f 698/698/698 690/690/690 701/701/701
f 677/677/677 687/687/687 690/690/690
f 677/677/677 676/676/676 687/687/687
f 169/169/169 118/118/118 145/145/145
f 118/118/118 97/97/97 145/145/145
f 674/674/674 673/673/673 676/676/676
f 652/652/652 673/673/673 674/674/674
f 97/97/97 130/130/130 145/145/145
f 642/642/642 652/652/652 651/651/651
f 136/136/136 159/159/159 130/130/130
f 651/651/651 641/641/641 642/642/642
f 643/643/643 632/632/632 641/641/641
f 161/161/161 159/159/159 136/136/136
f 631/631/631 632/632/632 643/643/643
f 703/703/703 695/695/695 664/664/664
f 644/644/644 631/631/631 645/645/645
f 627/627/627 631/631/631 644/644/644
f 698/698/698 716/716/716 717/717/717
f 701/701/701 716/716/716 698/698/698
f 169/169/169 180/180/180 173/173/173
f 118/118/118 173/173/173 141/141/141
f 169/169/169 173/173/173 118/118/118
f 687/687/687 699/699/699 690/690/690
f 690/690/690 699/699/699 701/701/701
f 687/687/687 688/688/688 699/699/699
f 676/676/676 688/688/688 687/687/687
f 673/673/673 688/688/688 676/676/676
f 53/53/53 97/97/97 118/118/118
f 652/652/652 660/660/660 673/673/673
f 652/652/652 659/659/659 660/660/660
f 642/642/642 659/659/659 652/652/652
f 97/97/97 11/11/11 130/130/130
f 641/641/641 640/640/640 642/642/642
f 632/632/632 640/640/640 641/641/641
f 632/632/632 636/636/636 640/640/640
f 11/11/11 136/136/136 130/130/130
f 619/619/619 633/633/633 632/632/632
f 174/174/174 185/185/185 175/175/175
f 631/631/631 619/619/619 632/632/632
f 627/627/627 619/619/619 631/631/631
f 664/664/664 695/695/695 663/663/663
f 663/663/663 695/695/695 703/703/703
f 627/627/627 644/644/644 639/639/639
f 699/699/699 709/709/709 701/701/701
f 688/688/688 709/709/709 699/699/699
f 53/53/53 118/118/118 117/117/117
f 673/673/673 682/682/682 688/688/688
f 678/678/678 682/682/682 673/673/673
f 660/660/660 678/678/678 673/673/673
f 7/7/7 97/97/97 53/53/53
f 665/665/665 678/678/678 660/660/660
f 11/11/11 97/97/97 7/7/7
f 659/659/659 665/665/665 660/660/660
f 647/647/647 640/640/640 659/659/659
f 640/640/640 647/647/647 642/642/642
f 642/642/642 647/647/647 659/659/659
f 7/7/7 6/6/6 11/11/11
f 634/634/634 598/598/598 636/636/636
f 634/634/634 636/636/636 632/632/632
f 635/635/635 598/598/598 634/634/634
f 633/633/633 634/634/634 632/632/632
f 633/633/633 619/619/619 634/634/634
f 182/182/182 185/185/185 174/174/174
f 182/182/182 174/174/174 176/176/176
f 627/627/627 623/623/623 619/619/619
f 620/620/620 619/619/619 623/623/623
f 637/637/637 623/623/623 627/627/627
f 627/627/627 639/639/639 637/637/637
f 702/702/702 663/663/663 703/703/703
f 644/644/644 663/663/663 654/654/654
f 670/670/670 663/663/663 702/702/702
f 644/644/644 654/654/654 639/639/639
f 180/180/180 202/202/202 173/173/173
f 117/117/117 141/141/141 173/173/173
f 701/701/701 709/709/709 716/716/716
f 688/688/688 707/707/707 709/709/709
f 141/141/141 117/117/117 118/118/118
f 682/682/682 707/707/707 688/688/688
f 682/682/682 696/696/696 707/707/707
f 67/67/67 53/53/53 117/117/117
f 67/67/67 45/45/45 53/53/53
f 678/678/678 696/696/696 682/682/682
f 680/680/680 665/665/665 659/659/659
f 597/597/597 680/680/680 659/659/659
f 600/600/600 597/597/597 598/598/598
f 640/640/640 597/597/597 659/659/659
f 636/636/636 650/650/650 640/640/640
f 640/640/640 650/650/650 597/597/597
f 598/598/598 599/599/599 600/600/600
f 597/597/597 650/650/650 598/598/598
f 636/636/636 598/598/598 650/650/650
f 568/568/568 599/599/599 598/598/598
f 6/6/6 10/10/10 11/11/11
f 598/598/598 560/560/560 568/568/568
f 559/559/559 560/560/560 598/598/598
f 598/598/598 635/635/635 559/559/559
f 567/567/567 559/559/559 635/635/635
f 619/619/619 635/635/635 634/634/634
f 136/136/136 174/174/174 161/161/161
f 174/174/174 136/136/136 176/176/176
f 619/619/619 617/617/617 618/618/618
f 620/620/620 617/617/617 619/619/619
f 639/639/639 654/654/654 653/653/653
f 663/663/663 669/669/669 654/654/654
f 670/670/670 669/669/669 663/663/663
f 637/637/637 639/639/639 653/653/653
f 202/202/202 225/225/225 201/201/201
f 173/173/173 147/147/147 117/117/117
f 707/707/707 722/722/722 709/709/709
f 709/709/709 722/722/722 716/716/716
f 708/708/708 722/722/722 707/707/707
f 696/696/696 708/708/708 707/707/707
f 53/53/53 45/45/45 2/2/2
f 678/678/678 679/679/679 696/696/696
f 671/671/671 689/689/689 686/686/686
f 594/594/594 689/689/689 671/671/671
f 594/594/594 582/582/582 581/581/581
f 582/582/582 594/594/594 671/671/671
f 665/665/665 679/679/679 678/678/678
f 53/53/53 2/2/2 7/7/7
f 681/681/681 679/679/679 665/665/665
f 596/596/596 582/582/582 671/671/671
f 684/684/684 671/671/671 685/685/685
f 680/680/680 685/685/685 681/681/681
f 680/680/680 681/681/681 665/665/665
f 684/684/684 685/685/685 597/597/597
f 597/597/597 685/685/685 680/680/680
f 597/597/597 671/671/671 684/684/684
f 597/597/597 672/672/672 671/671/671
f 599/599/599 597/597/597 600/600/600
f 599/599/599 558/558/558 597/597/597
f 131/131/131 11/11/11 10/10/10
f 143/143/143 136/136/136 131/131/131
f 131/131/131 136/136/136 11/11/11
f 143/143/143 176/176/176 136/136/136
f 557/557/557 559/559/559 567/567/567
f 619/619/619 567/567/567 635/635/635
f 619/619/619 618/618/618 567/567/567
f 617/617/617 567/567/567 618/618/618
f 620/620/620 621/621/621 617/617/617
f 182/182/182 197/197/197 185/185/185
f 182/182/182 193/193/193 197/197/197
f 197/197/197 193/193/193 220/220/220
f 670/670/670 702/702/702 718/718/718
f 653/653/653 655/655/655 637/637/637
f 202/202/202 201/201/201 173/173/173
f 173/173/173 201/201/201 146/146/146
f 173/173/173 146/146/146 147/147/147
f 922/922/922 815/815/815 921/921/921
f 147/147/147 146/146/146 117/117/117
f 117/117/117 146/146/146 83/83/83
f 696/696/696 713/713/713 708/708/708
f 708/708/708 713/713/713 722/722/722
f 696/696/696 714/714/714 713/713/713
f 83/83/83 67/67/67 117/117/117
f 594/594/594 683/683/683 689/689/689
f 679/679/679 697/697/697 696/696/696
f 594/594/594 583/583/583 683/683/683
f 594/594/594 581/581/581 583/583/583
f 685/685/685 705/705/705 694/694/694
f 685/685/685 694/694/694 681/681/681
f 681/681/681 694/694/694 679/679/679
f 685/685/685 704/704/704 705/705/705
f 685/685/685 686/686/686 704/704/704
f 685/685/685 671/671/671 686/686/686
f 547/547/547 581/581/581 582/582/582
f 672/672/672 596/596/596 671/671/671
f 6/6/6 7/7/7 2/2/2
f 597/597/597 596/596/596 672/672/672
f 597/597/597 558/558/558 596/596/596
f 568/568/568 558/558/558 599/599/599
f 559/559/559 552/552/552 560/560/560
f 559/559/559 556/556/556 552/552/552
f 557/557/557 556/556/556 559/559/559
f 176/176/176 143/143/143 172/172/172
f 567/567/567 617/617/617 590/590/590
f 567/567/567 590/590/590 557/557/557
f 590/590/590 554/554/554 557/557/557
f 176/176/176 193/193/193 182/182/182
f 623/623/623 621/621/621 620/620/620
f 624/624/624 623/623/623 637/637/637
f 638/638/638 624/624/624 637/637/637
f 654/654/654 666/666/666 653/653/653
f 712/712/712 670/670/670 718/718/718
f 654/654/654 669/669/669 666/666/666
f 921/921/921 852/852/852 924/924/924
f 713/713/713 723/723/723 722/722/722
f 146/146/146 123/123/123 83/83/83
f 912/912/912 907/907/907 923/923/923
f 68/68/68 67/67/67 83/83/83
f 697/697/697 714/714/714 696/696/696
f 683/683/683 730/730/730 689/689/689
f 583/583/583 719/719/719 683/683/683
f 686/686/686 689/689/689 706/706/706
f 705/705/705 704/704/704 694/694/694
f 679/679/679 694/694/694 697/697/697
f 686/686/686 706/706/706 704/704/704
f 704/704/704 706/706/706 724/724/724
f 581/581/581 580/580/580 583/583/583
f 547/547/547 576/576/576 581/581/581
f 569/569/569 582/582/582 596/596/596
f 558/558/558 569/569/569 596/596/596
f 560/560/560 552/552/552 568/568/568
f 552/552/552 540/540/540 551/551/551
f 552/552/552 556/556/556 540/540/540
f 556/556/556 557/557/557 540/540/540
f 172/172/172 184/184/184 176/176/176
f 193/193/193 176/176/176 184/184/184
f 621/621/621 622/622/622 617/617/617
f 623/623/623 622/622/622 621/621/621
f 624/624/624 622/622/622 623/623/623
f 628/628/628 638/638/638 637/637/637
f 670/670/670 712/712/712 669/669/669
f 666/666/666 655/655/655 653/653/653
f 656/656/656 637/637/637 655/655/655
f 815/815/815 809/809/809 921/921/921
f 921/921/921 809/809/809 852/852/852
f 146/146/146 119/119/119 123/123/123
f 913/913/913 816/816/816 922/922/922
f 922/922/922 816/816/816 815/815/815
f 923/923/923 820/820/820 913/913/913
f 913/913/913 820/820/820 816/816/816
f 119/119/119 83/83/83 123/123/123
f 83/83/83 119/119/119 68/68/68
f 923/923/923 907/907/907 820/820/820
f 68/68/68 45/45/45 67/67/67
f 45/45/45 68/68/68 46/46/46
f 776/776/776 756/756/756 765/765/765
f 765/765/765 756/756/756 754/754/754
f 689/689/689 730/730/730 706/706/706
f 694/694/694 720/720/720 697/697/697
f 697/697/697 720/720/720 714/714/714
f 724/724/724 715/715/715 704/704/704
f 704/704/704 715/715/715 694/694/694
f 613/613/613 719/719/719 583/583/583
f 583/583/583 580/580/580 613/613/613
f 576/576/576 580/580/580 581/581/581
f 2/2/2 5/5/5 6/6/6
f 569/569/569 547/547/547 582/582/582
f 558/558/558 547/547/547 569/569/569
f 547/547/547 558/558/558 546/546/546
f 6/6/6 9/9/9 10/10/10
f 568/568/568 552/552/552 558/558/558
f 552/552/552 551/551/551 558/558/558
f 550/550/550 540/540/540 557/557/557
f 550/550/550 557/557/557 554/554/554
f 590/590/590 563/563/563 554/554/554
f 590/590/590 617/617/617 622/622/622
f 220/220/220 193/193/193 199/199/199
f 624/624/624 625/625/625 622/622/622
f 628/628/628 624/624/624 638/638/638
f 637/637/637 657/657/657 628/628/628
f 656/656/656 657/657/657 637/637/637
f 852/852/852 814/814/814 924/924/924
f 924/924/924 814/814/814 929/929/929
f 815/815/815 806/806/806 809/809/809
f 907/907/907 817/817/817 820/820/820
f 820/820/820 817/817/817 816/816/816
f 119/119/119 122/122/122 68/68/68
f 907/907/907 808/808/808 817/817/817
f 907/907/907 912/912/912 808/808/808
f 706/706/706 730/730/730 724/724/724
f 715/715/715 720/720/720 694/694/694
f 757/757/757 764/764/764 912/912/912
f 928/928/928 932/932/932 934/934/934
f 576/576/576 579/579/579 580/580/580
f 1/1/1 2/2/2 3/3/3
f 2/2/2 1/1/1 4/4/4
f 6/6/6 5/5/5 8/8/8
f 547/547/547 543/543/543 576/576/576
f 8/8/8 9/9/9 6/6/6
f 558/558/558 553/553/553 546/546/546
f 558/558/558 551/551/551 553/553/553
f 15/15/15 131/131/131 10/10/10
f 540/540/540 527/527/527 551/551/551
f 551/551/551 527/527/527 545/545/545
f 143/143/143 131/131/131 135/135/135
f 144/144/144 172/172/172 143/143/143
f 540/540/540 550/550/550 539/539/539
f 554/554/554 539/539/539 550/550/550
f 554/554/554 538/538/538 539/539/539
f 184/184/184 172/172/172 179/179/179
f 554/554/554 563/563/563 555/555/555
f 199/199/199 193/193/193 184/184/184
f 588/588/588 563/563/563 590/590/590
f 626/626/626 590/590/590 622/622/622
f 220/220/220 199/199/199 236/236/236
f 628/628/628 625/625/625 624/624/624
f 712/712/712 725/725/725 669/669/669
f 666/666/666 656/656/656 655/655/655
f 668/668/668 657/657/657 656/656/656
f 852/852/852 809/809/809 814/814/814
f 929/929/929 814/814/814 847/847/847
f 119/119/119 200/200/200 122/122/122
f 802/802/802 793/793/793 816/816/816
f 816/816/816 793/793/793 815/815/815
f 815/815/815 793/793/793 806/806/806
f 816/816/816 808/808/808 802/802/802
f 122/122/122 103/103/103 68/68/68
f 817/817/817 808/808/808 816/816/816
f 912/912/912 779/779/779 808/808/808
f 60/60/60 46/46/46 68/68/68
f 764/764/764 777/777/777 912/912/912
f 754/754/754 750/750/750 753/753/753
f 754/754/754 753/753/753 928/928/928
f 776/776/776 786/786/786 756/756/756
f 776/776/776 787/787/787 786/786/786
f 928/928/928 753/753/753 932/932/932
f 721/721/721 720/720/720 715/715/715
f 39/39/39 45/45/45 46/46/46
f 45/45/45 39/39/39 2/2/2
f 39/39/39 33/33/33 2/2/2
f 580/580/580 579/579/579 613/613/613
f 2/2/2 4/4/4 5/5/5
f 543/543/543 577/577/577 576/576/576
f 546/546/546 543/543/543 547/547/547
f 14/14/14 15/15/15 10/10/10
f 13/13/13 10/10/10 9/9/9
f 14/14/14 10/10/10 13/13/13
f 14/14/14 131/131/131 15/15/15
f 551/551/551 545/545/545 553/553/553
f 14/14/14 13/13/13 131/131/131
f 133/133/133 135/135/135 131/131/131
f 540/540/540 526/526/526 527/527/527
f 143/143/143 135/135/135 144/144/144
f 540/540/540 539/539/539 526/526/526
f 172/172/172 144/144/144 179/179/179
f 554/554/554 555/555/555 538/538/538
f 575/575/575 562/562/562 563/563/563
f 590/590/590 626/626/626 588/588/588
f 588/588/588 575/575/575 563/563/563
f 625/625/625 626/626/626 622/622/622
f 228/228/228 236/236/236 199/199/199
f 626/626/626 625/625/625 628/628/628
f 415/415/415 402/402/402 427/427/427
f 669/669/669 725/725/725 711/711/711
f 710/710/710 666/666/666 669/669/669
f 806/806/806 795/795/795 809/809/809
f 122/122/122 149/149/149 103/103/103
f 103/103/103 102/102/102 68/68/68
f 102/102/102 82/82/82 68/68/68
f 82/82/82 60/60/60 68/68/68
f 912/912/912 777/777/777 779/779/779
f 750/750/750 754/754/754 755/755/755
f 754/754/754 756/756/756 755/755/755
f 932/932/932 753/753/753 757/757/757
f 60/60/60 39/39/39 46/46/46
f 930/930/930 787/787/787 776/776/776
f 729/729/729 613/613/613 615/615/615
f 579/579/579 615/615/615 613/613/613
f 2/2/2 33/33/33 3/3/3
f 576/576/576 578/578/578 579/579/579
f 578/578/578 576/576/576 577/577/577
f 553/553/553 545/545/545 546/546/546
f 132/132/132 131/131/131 13/13/13
f 132/132/132 133/133/133 131/131/131
f 539/539/539 538/538/538 526/526/526
f 562/562/562 538/538/538 555/555/555
f 562/562/562 555/555/555 563/563/563
f 228/228/228 240/240/240 236/236/236
f 629/629/629 626/626/626 628/628/628
f 666/666/666 668/668/668 656/656/656
f 669/669/669 711/711/711 710/710/710
f 798/798/798 814/814/814 809/809/809
f 806/806/806 793/793/793 795/795/795
f 795/795/795 798/798/798 809/809/809
f 797/797/797 802/802/802 808/808/808
f 103/103/103 149/149/149 102/102/102
f 779/779/779 797/797/797 808/808/808
f 764/764/764 773/773/773 777/777/777
f 60/60/60 82/82/82 79/79/79
f 763/763/763 775/775/775 757/757/757
f 757/757/757 775/775/775 764/764/764
f 753/753/753 752/752/752 757/757/757
f 59/59/59 39/39/39 60/60/60
f 39/39/39 59/59/59 54/54/54
f 931/931/931 787/787/787 930/930/930
f 33/33/33 39/39/39 49/49/49
f 8/8/8 5/5/5 4/4/4
f 545/545/545 543/543/543 546/546/546
f 545/545/545 542/542/542 543/543/543
f 13/13/13 9/9/9 8/8/8
f 545/545/545 527/527/527 542/542/542
f 526/526/526 521/521/521 527/527/527
f 537/537/537 526/526/526 538/538/538
f 179/179/179 144/144/144 178/178/178
f 538/538/538 536/536/536 537/537/537
f 561/561/561 538/538/538 562/562/562
f 561/561/561 536/536/536 538/538/538
f 183/183/183 199/199/199 179/179/179
f 179/179/179 199/199/199 184/184/184
f 588/588/588 562/562/562 575/575/575
f 626/626/626 630/630/630 588/588/588
f 630/630/630 587/587/587 588/588/588
f 630/630/630 626/626/626 629/629/629
f 240/240/240 228/228/228 248/248/248
f 401/401/401 414/414/414 428/428/428
f 397/397/397 428/428/428 452/452/452
f 847/847/847 813/813/813 919/919/919
f 797/797/797 774/774/774 792/792/792
f 82/82/82 102/102/102 90/90/90
f 779/779/779 778/778/778 774/774/774
f 779/779/779 774/774/774 797/797/797
f 777/777/777 778/778/778 779/779/779
f 82/82/82 90/90/90 79/79/79
f 775/775/775 763/763/763 764/764/764
f 79/79/79 78/78/78 60/60/60
f 750/750/750 752/752/752 753/753/753
f 757/757/757 752/752/752 763/763/763
f 78/78/78 69/69/69 60/60/60
f 69/69/69 59/59/59 60/60/60
f 69/69/69 54/54/54 59/59/59
f 50/50/50 39/39/39 54/54/54
f 50/50/50 49/49/49 39/39/39
f 579/579/579 578/578/578 615/615/615
f 566/566/566 578/578/578 577/577/577
f 566/566/566 577/577/577 543/543/543
f 4/4/4 12/12/12 8/8/8
f 542/542/542 541/541/541 543/543/543
f 527/527/527 541/541/541 542/542/542
f 527/527/527 528/528/528 541/541/541
f 135/135/135 163/163/163 144/144/144
f 521/521/521 526/526/526 525/525/525
f 178/178/178 144/144/144 163/163/163
f 537/537/537 536/536/536 526/526/526
f 526/526/526 536/536/536 525/525/525
f 178/178/178 183/183/183 179/179/179
f 561/561/561 565/565/565 536/536/536
f 183/183/183 222/222/222 199/199/199
f 223/223/223 199/199/199 222/222/222
f 562/562/562 587/587/587 561/561/561
f 223/223/223 228/228/228 199/199/199
f 587/587/587 562/562/562 588/588/588
f 247/247/247 248/248/248 228/228/228
f 402/402/402 407/407/407 427/427/427
f 394/394/394 402/402/402 415/415/415
f 414/414/414 394/394/394 415/415/415
f 725/725/725 732/732/732 711/711/711
f 452/452/452 484/484/484 483/483/483
f 401/401/401 428/428/428 397/397/397
f 814/814/814 813/813/813 847/847/847
f 797/797/797 793/793/793 802/802/802
f 797/797/797 792/792/792 793/793/793
f 149/149/149 150/150/150 102/102/102
f 777/777/777 773/773/773 778/778/778
f 761/761/761 773/773/773 764/764/764
f 78/78/78 79/79/79 90/90/90
f 763/763/763 761/761/761 764/764/764
f 750/750/750 755/755/755 758/758/758
f 756/756/756 786/786/786 755/755/755
f 787/787/787 866/866/866 786/786/786
f 66/66/66 50/50/50 54/54/54
f 931/931/931 866/866/866 787/787/787
f 1/1/1 3/3/3 33/33/33
f 12/12/12 13/13/13 8/8/8
f 543/543/543 541/541/541 544/544/544
f 133/133/133 132/132/132 135/135/135
f 521/521/521 528/528/528 527/527/527
f 163/163/163 183/183/183 178/178/178
f 570/570/570 565/565/565 561/561/561
f 228/228/228 223/223/223 222/222/222
f 422/422/422 391/391/391 423/423/423
f 228/228/228 222/222/222 246/246/246
f 404/404/404 407/407/407 402/402/402
f 395/395/395 402/402/402 394/394/394
f 814/814/814 798/798/798 813/813/813
f 813/813/813 839/839/839 919/919/919
f 839/839/839 918/918/918 919/919/919
f 774/774/774 771/771/771 792/792/792
f 102/102/102 99/99/99 90/90/90
f 90/90/90 99/99/99 98/98/98
f 78/78/78 90/90/90 98/98/98
f 773/773/773 761/761/761 767/767/767
f 778/778/778 773/773/773 774/774/774
f 752/752/752 750/750/750 749/749/749
f 69/69/69 70/70/70 54/54/54
f 835/835/835 755/755/755 786/786/786
f 70/70/70 66/66/66 54/54/54
f 870/870/870 866/866/866 931/931/931
f 49/49/49 43/43/43 33/33/33
f 729/729/729 615/615/615 741/741/741
f 615/615/615 740/740/740 741/741/741
f 32/32/32 1/1/1 33/33/33
f 595/595/595 578/578/578 566/566/566
f 1/1/1 12/12/12 4/4/4
f 548/548/548 566/566/566 543/543/543
f 543/543/543 544/544/544 548/548/548
f 12/12/12 17/17/17 13/13/13
f 541/541/541 528/528/528 544/544/544
f 521/521/521 529/529/529 528/528/528
f 135/135/135 164/164/164 163/163/163
f 525/525/525 518/518/518 521/521/521
f 163/163/163 164/164/164 181/181/181
f 536/536/536 535/535/535 525/525/525
f 163/163/163 181/181/181 183/183/183
f 565/565/565 564/564/564 536/536/536
f 564/564/564 535/535/535 536/536/536
f 570/570/570 564/564/564 565/565/565
f 222/222/222 183/183/183 224/224/224
f 587/587/587 593/593/593 561/561/561
f 228/228/228 246/246/246 247/247/247
f 404/404/404 422/422/422 407/407/407
f 247/247/247 246/246/246 248/248/248
f 404/404/404 402/402/402 406/406/406
f 248/248/248 278/278/278 240/240/240
f 395/395/395 394/394/394 376/376/376
f 401/401/401 394/394/394 414/414/414
f 452/452/452 424/424/424 397/397/397
f 798/798/798 803/803/803 813/813/813
f 794/794/794 795/795/795 793/793/793
f 795/795/795 794/794/794 798/798/798
f 153/153/153 150/150/150 149/149/149
f 150/150/150 153/153/153 102/102/102
f 121/121/121 98/98/98 102/102/102
f 153/153/153 121/121/121 102/102/102
f 99/99/99 102/102/102 98/98/98
f 771/771/771 774/774/774 773/773/773
f 78/78/78 98/98/98 69/69/69
f 763/763/763 752/752/752 761/761/761
f 758/758/758 759/759/759 750/750/750
f 755/755/755 835/835/835 758/758/758
f 835/835/835 786/786/786 860/860/860
f 786/786/786 866/866/866 870/870/870
f 944/944/944 870/870/870 931/931/931
f 43/43/43 32/32/32 33/33/33
f 615/615/615 578/578/578 595/595/595
f 135/135/135 132/132/132 13/13/13
f 13/13/13 134/134/134 135/135/135
f 528/528/528 529/529/529 530/530/530
f 135/135/135 165/165/165 164/164/164
f 525/525/525 531/531/531 518/518/518
f 535/535/535 531/531/531 525/525/525
f 188/188/188 183/183/183 181/181/181
f 561/561/561 586/586/586 570/570/570
f 593/593/593 586/586/586 561/561/561
f 246/246/246 222/222/222 242/242/242
f 391/391/391 398/398/398 423/423/423
f 422/422/422 404/404/404 391/391/391
f 403/403/403 406/406/406 402/402/402
f 376/376/376 403/403/403 402/402/402
f 395/395/395 376/376/376 402/402/402
f 394/394/394 348/348/348 376/376/376
f 394/394/394 357/357/357 348/348/348
f 401/401/401 396/396/396 394/394/394
f 483/483/483 424/424/424 452/452/452
f 460/460/460 424/424/424 483/483/483
f 357/357/357 396/396/396 401/401/401
f 357/357/357 401/401/401 397/397/397
f 799/799/799 803/803/803 798/798/798
f 803/803/803 810/810/810 813/813/813
f 813/813/813 810/810/810 839/839/839
f 798/798/798 794/794/794 799/799/799
f 918/918/918 839/839/839 917/917/917
f 917/917/917 933/933/933 918/918/918
f 792/792/792 791/791/791 793/793/793
f 771/771/771 788/788/788 792/792/792
f 87/87/87 69/69/69 98/98/98
f 752/752/752 749/749/749 761/761/761
f 87/87/87 70/70/70 69/69/69
f 786/786/786 870/870/870 860/860/860
f 32/32/32 43/43/43 49/49/49
f 1/1/1 32/32/32 27/27/27
f 27/27/27 16/16/16 1/1/1
f 12/12/12 1/1/1 16/16/16
f 530/530/530 544/544/544 528/528/528
f 134/134/134 13/13/13 29/29/29
f 142/142/142 165/165/165 135/135/135
f 164/164/164 165/165/165 181/181/181
f 188/188/188 221/221/221 183/183/183
f 221/221/221 224/224/224 183/183/183
f 586/586/586 564/564/564 570/570/570
f 592/592/592 564/564/564 586/586/586
f 224/224/224 242/242/242 222/222/222
f 224/224/224 233/233/233 242/242/242
f 592/592/592 586/586/586 593/593/593
f 249/249/249 248/248/248 246/246/246
f 249/249/249 280/280/280 248/248/248
f 403/403/403 404/404/404 406/406/406
f 403/403/403 376/376/376 404/404/404
f 280/280/280 278/278/278 248/248/248
f 285/285/285 278/278/278 284/284/284
f 396/396/396 357/357/357 394/394/394
f 794/794/794 793/793/793 791/791/791
f 153/153/153 98/98/98 121/121/121
f 767/767/767 771/771/771 773/773/773
f 771/771/771 770/770/770 788/788/788
f 749/749/749 762/762/762 761/761/761
f 749/749/749 750/750/750 751/751/751
f 66/66/66 49/49/49 50/50/50
f 66/66/66 65/65/65 49/49/49
f 740/740/740 747/747/747 741/741/741
f 566/566/566 548/548/548 595/595/595
f 18/18/18 29/29/29 13/13/13
f 134/134/134 142/142/142 135/135/135
f 529/529/529 521/521/521 523/523/523
f 531/531/531 532/532/532 518/518/518
f 187/187/187 221/221/221 188/188/188
f 574/574/574 535/535/535 564/564/564
f 221/221/221 233/233/233 224/224/224
f 591/591/591 574/574/574 564/564/564
f 592/592/592 591/591/591 564/564/564
f 398/398/398 388/388/388 405/405/405
f 398/398/398 369/369/369 388/388/388
f 242/242/242 277/277/277 246/246/246
f 398/398/398 391/391/391 369/369/369
f 246/246/246 280/280/280 249/249/249
f 392/392/392 404/404/404 376/376/376
f 393/393/393 397/397/397 424/424/424
f 794/794/794 803/803/803 799/799/799
f 916/916/916 933/933/933 917/917/917
f 788/788/788 791/791/791 792/792/792
f 98/98/98 153/153/153 152/152/152
f 749/749/749 751/751/751 762/762/762
f 824/824/824 823/823/823 759/759/759
f 70/70/70 87/87/87 66/66/66
f 87/87/87 81/81/81 66/66/66
f 81/81/81 65/65/65 66/66/66
f 944/944/944 871/871/871 870/870/870
f 65/65/65 56/56/56 49/49/49
f 49/49/49 42/42/42 32/32/32
f 49/49/49 55/55/55 42/42/42
f 42/42/42 34/34/34 32/32/32
f 34/34/34 27/27/27 32/32/32
f 615/615/615 595/595/595 733/733/733
f 17/17/17 12/12/12 16/16/16
f 530/530/530 523/523/523 544/544/544
f 530/530/530 529/529/529 523/523/523
f 518/518/518 520/520/520 521/521/521
f 518/518/518 519/519/519 520/520/520
f 518/518/518 524/524/524 519/519/519
f 524/524/524 518/518/518 532/532/532
f 181/181/181 165/165/165 188/188/188
f 188/188/188 165/165/165 187/187/187
f 532/532/532 531/531/531 535/535/535
f 221/221/221 187/187/187 219/219/219
f 601/601/601 591/591/591 592/592/592
f 369/369/369 383/383/383 388/388/388
f 404/404/404 392/392/392 391/391/391
f 284/284/284 278/278/278 280/280/280
f 460/460/460 490/490/490 459/459/459
f 424/424/424 460/460/460 393/393/393
f 357/357/357 316/316/316 348/348/348
f 393/393/393 357/357/357 397/397/397
f 801/801/801 803/803/803 794/794/794
f 839/839/839 840/840/840 917/917/917
f 771/771/771 768/768/768 770/770/770
f 129/129/129 98/98/98 152/152/152
f 129/129/129 106/106/106 98/98/98
f 106/106/106 87/87/87 98/98/98
f 758/758/758 835/835/835 824/824/824
f 759/759/759 758/758/758 824/824/824
f 944/944/944 906/906/906 871/871/871
f 56/56/56 55/55/55 49/49/49
f 548/548/548 608/608/608 595/595/595
f 17/17/17 18/18/18 13/13/13
f 18/18/18 17/17/17 29/29/29
f 544/544/544 549/549/549 548/548/548
f 521/521/521 522/522/522 523/523/523
f 167/167/167 165/165/165 142/142/142
f 187/187/187 218/218/218 219/219/219
f 571/571/571 532/532/532 535/535/535
f 572/572/572 571/571/571 535/535/535
f 234/234/234 233/233/233 221/221/221
f 574/574/574 584/584/584 535/535/535
f 584/584/584 572/572/572 535/535/535
f 591/591/591 584/584/584 574/574/574
f 387/387/387 411/411/411 410/410/410
f 233/233/233 243/243/243 242/242/242
f 602/602/602 591/591/591 601/601/601
f 243/243/243 266/266/266 242/242/242
f 277/277/277 280/280/280 246/246/246
f 277/277/277 286/286/286 280/280/280
f 392/392/392 377/377/377 391/391/391
f 392/392/392 376/376/376 377/377/377
f 376/376/376 348/348/348 344/344/344
f 459/459/459 393/393/393 460/460/460
f 801/801/801 810/810/810 803/803/803
f 810/810/810 811/811/811 812/812/812
f 810/810/810 812/812/812 839/839/839
f 794/794/794 800/800/800 801/801/801
f 916/916/916 917/917/917 840/840/840
f 791/791/791 796/796/796 794/794/794
f 788/788/788 770/770/770 769/769/769
f 788/788/788 769/769/769 791/791/791
f 767/767/767 768/768/768 771/771/771
f 770/770/770 768/768/768 769/769/769
f 767/767/767 761/761/761 766/766/766
f 762/762/762 766/766/766 761/761/761
f 750/750/750 759/759/759 751/751/751
f 84/84/84 81/81/81 87/87/87
f 81/81/81 84/84/84 65/65/65
f 71/71/71 55/55/55 65/65/65
f 957/957/957 906/906/906 944/944/944
f 65/65/65 55/55/55 56/56/56
f 728/728/728 733/733/733 595/595/595
f 16/16/16 27/27/27 20/20/20
f 595/595/595 608/608/608 728/728/728
f 16/16/16 19/19/19 17/17/17
f 29/29/29 30/30/30 134/134/134
f 521/521/521 520/520/520 522/522/522
f 134/134/134 167/167/167 142/142/142
f 524/524/524 532/532/532 519/519/519
f 519/519/519 532/532/532 520/520/520
f 584/584/584 571/571/571 572/572/572
f 266/266/266 243/243/243 251/251/251
f 390/390/390 387/387/387 410/410/410
f 369/369/369 375/375/375 383/383/383
f 343/343/343 377/377/377 376/376/376
f 344/344/344 343/343/343 376/376/376
f 393/393/393 313/313/313 357/357/357
f 811/811/811 839/839/839 812/812/812
f 810/810/810 801/801/801 811/811/811
f 210/210/210 153/153/153 217/217/217
f 153/153/153 210/210/210 152/152/152
f 769/769/769 807/807/807 791/791/791
f 768/768/768 767/767/767 766/766/766
f 125/125/125 129/129/129 203/203/203
f 125/125/125 106/106/106 129/129/129
f 125/125/125 107/107/107 106/106/106
f 759/759/759 823/823/823 760/760/760
f 759/759/759 760/760/760 751/751/751
f 107/107/107 87/87/87 106/106/106
f 100/100/100 84/84/84 87/87/87
f 870/870/870 871/871/871 860/860/860
f 85/85/85 65/65/65 84/84/84
f 65/65/65 85/85/85 71/71/71
f 47/47/47 42/42/42 55/55/55
f 47/47/47 34/34/34 42/42/42
f 615/615/615 733/733/733 740/740/740
f 34/34/34 20/20/20 27/27/27
f 20/20/20 19/19/19 16/16/16
f 29/29/29 17/17/17 30/30/30
f 523/523/523 549/549/549 544/544/544
f 134/134/134 30/30/30 138/138/138
f 532/532/532 533/533/533 520/520/520
f 534/534/534 533/533/533 532/532/532
f 165/165/165 167/167/167 187/187/187
f 571/571/571 534/534/534 532/532/532
f 218/218/218 221/221/221 219/219/219
f 585/585/585 571/571/571 584/584/584
f 235/235/235 234/234/234 221/221/221
f 235/235/235 233/233/233 234/234/234
f 589/589/589 585/585/585 584/584/584
f 244/244/244 243/243/243 233/233/233
f 387/387/387 412/412/412 411/411/411
f 387/387/387 390/390/390 388/388/388
f 387/387/387 388/388/388 383/383/383
f 266/266/266 277/277/277 242/242/242
f 391/391/391 342/342/342 369/369/369
f 391/391/391 377/377/377 342/342/342
f 490/490/490 473/473/473 459/459/459
f 314/314/314 344/344/344 348/348/348
f 306/306/306 393/393/393 459/459/459
f 818/818/818 811/811/811 801/801/801
f 796/796/796 800/800/800 794/794/794
f 800/800/800 804/804/804 801/801/801
f 915/915/915 916/916/916 840/840/840
f 791/791/791 800/800/800 796/796/796
f 152/152/152 210/210/210 129/129/129
f 762/762/762 783/783/783 766/766/766
f 751/751/751 783/783/783 762/762/762
f 155/155/155 107/107/107 125/125/125
f 107/107/107 100/100/100 87/87/87
f 824/824/824 835/835/835 855/855/855
f 77/77/77 55/55/55 71/71/71
f 57/57/57 47/47/47 55/55/55
f 740/740/740 746/746/746 747/747/747
f 740/740/740 733/733/733 746/746/746
f 35/35/35 34/34/34 47/47/47
f 548/548/548 549/549/549 608/608/608
f 134/134/134 168/168/168 167/167/167
f 167/167/167 168/168/168 186/186/186
f 186/186/186 187/187/187 167/167/167
f 571/571/571 533/533/533 534/534/534
f 196/196/196 218/218/218 187/187/187
f 231/231/231 221/221/221 218/218/218
f 231/231/231 235/235/235 221/221/221
f 235/235/235 244/244/244 233/233/233
f 244/244/244 251/251/251 243/243/243
f 400/400/400 412/412/412 387/387/387
f 283/283/283 277/277/277 266/266/266
f 387/387/387 383/383/383 375/375/375
f 356/356/356 375/375/375 369/369/369
f 347/347/347 369/369/369 342/342/342
f 293/293/293 280/280/280 286/286/286
f 342/342/342 377/377/377 346/346/346
f 284/284/284 280/280/280 293/293/293
f 346/346/346 377/377/377 343/343/343
f 316/316/316 357/357/357 313/313/313
f 811/811/811 818/818/818 839/839/839
f 804/804/804 805/805/805 801/801/801
f 766/766/766 783/783/783 784/784/784
f 751/751/751 760/760/760 783/783/783
f 85/85/85 77/77/77 71/71/71
f 77/77/77 72/72/72 55/55/55
f 72/72/72 57/57/57 55/55/55
f 35/35/35 20/20/20 34/34/34
f 19/19/19 30/30/30 17/17/17
f 168/168/168 134/134/134 166/166/166
f 533/533/533 522/522/522 520/520/520
f 186/186/186 196/196/196 187/187/187
f 589/589/589 607/607/607 585/585/585
f 399/399/399 412/412/412 400/400/400
f 399/399/399 400/400/400 387/387/387
f 375/375/375 367/367/367 387/387/387
f 356/356/356 369/369/369 347/347/347
f 343/343/343 344/344/344 314/314/314
f 316/316/316 314/314/314 348/348/348
f 306/306/306 459/459/459 473/473/473
f 310/310/310 316/316/316 313/313/313
f 393/393/393 304/304/304 313/313/313
f 393/393/393 306/306/306 304/304/304
f 804/804/804 818/818/818 805/805/805
f 805/805/805 818/818/818 801/801/801
f 791/791/791 807/807/807 800/800/800
f 807/807/807 769/769/769 782/782/782
f 768/768/768 766/766/766 769/769/769
f 784/784/784 772/772/772 766/766/766
f 112/112/112 100/100/100 107/107/107
f 112/112/112 84/84/84 100/100/100
f 112/112/112 116/116/116 84/84/84
f 116/116/116 110/110/110 84/84/84
f 110/110/110 85/85/85 84/84/84
f 92/92/92 77/77/77 85/85/85
f 57/57/57 52/52/52 47/47/47
f 52/52/52 35/35/35 47/47/47
f 35/35/35 37/37/37 20/20/20
f 20/20/20 21/21/21 19/19/19
f 522/522/522 549/549/549 523/523/523
f 166/166/166 134/134/134 138/138/138
f 533/533/533 606/606/606 522/522/522
f 522/522/522 606/606/606 549/549/549
f 196/196/196 186/186/186 168/168/168
f 571/571/571 573/573/573 533/533/533
f 218/218/218 196/196/196 195/195/195
f 218/218/218 232/232/232 231/231/231
f 389/389/389 416/416/416 399/399/399
f 416/416/416 412/412/412 399/399/399
f 244/244/244 267/267/267 251/251/251
f 389/389/389 399/399/399 387/387/387
f 356/356/356 367/367/367 375/375/375
f 287/287/287 277/277/277 283/283/283
f 286/286/286 277/277/277 287/287/287
f 338/338/338 346/346/346 343/343/343
f 839/839/839 818/818/818 840/840/840
f 203/203/203 129/129/129 210/210/210
f 203/203/203 155/155/155 125/125/125
f 760/760/760 822/822/822 821/821/821
f 822/822/822 760/760/760 823/823/823
f 154/154/154 107/107/107 155/155/155
f 116/116/116 107/107/107 154/154/154
f 823/823/823 824/824/824 836/836/836
f 116/116/116 112/112/112 107/107/107
f 860/860/860 855/855/855 835/835/835
f 110/110/110 109/109/109 85/85/85
f 92/92/92 72/72/72 77/77/77
f 72/72/72 52/52/52 57/57/57
f 948/948/948 954/954/954 957/957/957
f 728/728/728 734/734/734 733/733/733
f 35/35/35 36/36/36 37/37/37
f 21/21/21 20/20/20 36/36/36
f 36/36/36 20/20/20 37/37/37
f 166/166/166 170/170/170 168/168/168
f 168/168/168 195/195/195 196/196/196
f 533/533/533 573/573/573 604/604/604
f 603/603/603 573/573/573 571/571/571
f 585/585/585 603/603/603 571/571/571
f 603/603/603 585/585/585 607/607/607
f 244/244/244 235/235/235 231/231/231
f 267/267/267 244/244/244 274/274/274
f 367/367/367 378/378/378 387/387/387
f 267/267/267 266/266/266 251/251/251
f 508/508/508 473/473/473 490/490/490
f 343/343/343 318/318/318 338/338/338
f 306/306/306 473/473/473 472/472/472
f 318/318/318 343/343/343 314/314/314
f 306/306/306 305/305/305 304/304/304
f 832/832/832 840/840/840 818/818/818
f 804/804/804 819/819/819 818/818/818
f 804/804/804 807/807/807 782/782/782
f 804/804/804 800/800/800 807/807/807
f 769/769/769 781/781/781 782/782/782
f 214/214/214 203/203/203 210/210/210
f 769/769/769 766/766/766 772/772/772
f 760/760/760 821/821/821 783/783/783
f 823/823/823 821/821/821 822/822/822
f 109/109/109 92/92/92 85/85/85
f 860/860/860 871/871/871 879/879/879
f 109/109/109 108/108/108 92/92/92
f 108/108/108 91/91/91 92/92/92
f 91/91/91 72/72/72 92/92/92
f 86/86/86 73/73/73 72/72/72
f 73/73/73 52/52/52 72/72/72
f 52/52/52 51/51/51 35/35/35
f 36/36/36 35/35/35 51/51/51
f 608/608/608 727/727/727 728/728/728
f 728/728/728 727/727/727 734/734/734
f 549/549/549 610/610/610 608/608/608
f 549/549/549 606/606/606 610/610/610
f 30/30/30 19/19/19 138/138/138
f 533/533/533 604/604/604 606/606/606
f 168/168/168 194/194/194 195/195/195
f 605/605/605 604/604/604 573/573/573
f 603/603/603 605/605/605 573/573/573
f 232/232/232 245/245/245 231/231/231
f 231/231/231 245/245/245 244/244/244
f 389/389/389 409/409/409 416/416/416
f 342/342/342 339/339/339 347/347/347
f 346/346/346 336/336/336 342/342/342
f 338/338/338 337/337/337 346/346/346
f 314/314/314 316/316/316 310/310/310
f 310/310/310 313/313/313 304/304/304
f 782/782/782 819/819/819 804/804/804
f 819/819/819 829/829/829 818/818/818
f 818/818/818 829/829/829 832/832/832
f 916/916/916 959/959/959 960/960/960
f 772/772/772 780/780/780 769/769/769
f 781/781/781 769/769/769 780/780/780
f 781/781/781 780/780/780 782/782/782
f 959/959/959 961/961/961 960/960/960
f 772/772/772 784/784/784 785/785/785
f 784/784/784 783/783/783 790/790/790
f 214/214/214 213/213/213 203/203/203
f 213/213/213 155/155/155 203/203/203
f 821/821/821 825/825/825 783/783/783
f 213/213/213 206/206/206 155/155/155
f 855/855/855 860/860/860 879/879/879
f 879/879/879 871/871/871 906/906/906
f 905/905/905 906/906/906 957/957/957
f 86/86/86 72/72/72 91/91/91
f 22/22/22 19/19/19 21/21/21
f 19/19/19 23/23/23 137/137/137
f 170/170/170 166/166/166 138/138/138
f 606/606/606 604/604/604 609/609/609
f 194/194/194 229/229/229 195/195/195
f 195/195/195 232/232/232 218/218/218
f 244/244/244 245/245/245 232/232/232
f 607/607/607 612/612/612 603/603/603
f 270/270/270 275/275/275 244/244/244
f 385/385/385 409/409/409 389/389/389
f 244/244/244 275/275/275 274/274/274
f 378/378/378 385/385/385 387/387/387
f 385/385/385 389/389/389 387/387/387
f 356/356/356 365/365/365 367/367/367
f 293/293/293 286/286/286 287/287/287
f 354/354/354 356/356/356 347/347/347
f 346/346/346 337/337/337 336/336/336
f 303/303/303 310/310/310 304/304/304
f 832/832/832 841/841/841 840/840/840
f 782/782/782 829/829/829 819/819/819
f 840/840/840 914/914/914 915/915/915
f 780/780/780 789/789/789 782/782/782
f 784/784/784 790/790/790 825/825/825
f 790/790/790 783/783/783 825/825/825
f 205/205/205 154/154/154 155/155/155
f 206/206/206 205/205/205 155/155/155
f 837/837/837 834/834/834 823/823/823
f 205/205/205 116/116/116 154/154/154
f 836/836/836 837/837/837 823/823/823
f 128/128/128 109/109/109 110/110/110
f 879/879/879 906/906/906 905/905/905
f 957/957/957 954/954/954 905/905/905
f 105/105/105 93/93/93 86/86/86
f 93/93/93 73/73/73 86/86/86
f 74/74/74 52/52/52 73/73/73
f 733/733/733 734/734/734 745/745/745
f 608/608/608 726/726/726 727/727/727
f 608/608/608 610/610/610 726/726/726
f 22/22/22 23/23/23 19/19/19
f 137/137/137 138/138/138 19/19/19
f 137/137/137 171/171/171 138/138/138
f 170/170/170 194/194/194 168/168/168
f 229/229/229 232/232/232 195/195/195
f 368/368/368 378/378/378 367/367/367
f 365/365/365 368/368/368 367/367/367
f 266/266/266 287/287/287 283/283/283
f 354/354/354 365/365/365 356/356/356
f 294/294/294 293/293/293 287/287/287
f 505/505/505 473/473/473 508/508/508
f 472/472/472 473/473/473 504/504/504
f 336/336/336 339/339/339 342/342/342
f 338/338/338 318/318/318 337/337/337
f 472/472/472 305/305/305 306/306/306
f 310/310/310 311/311/311 314/314/314
f 841/841/841 832/832/832 854/854/854
f 841/841/841 854/854/854 840/840/840
f 840/840/840 854/854/854 914/914/914
f 914/914/914 916/916/916 915/915/915
f 920/920/920 916/916/916 914/914/914
f 772/772/772 785/785/785 780/780/780
f 213/213/213 214/214/214 262/262/262
f 823/823/823 834/834/834 821/821/821
f 837/837/837 836/836/836 834/834/834
f 204/204/204 116/116/116 205/205/205
f 824/824/824 855/855/855 836/836/836
f 151/151/151 109/109/109 128/128/128
f 151/151/151 108/108/108 109/109/109
f 105/105/105 86/86/86 91/91/91
f 52/52/52 61/61/61 51/51/51
f 36/36/36 26/26/26 21/21/21
f 26/26/26 22/22/22 21/21/21
f 171/171/171 194/194/194 170/170/170
f 609/609/609 604/604/604 616/616/616
f 604/604/604 605/605/605 611/611/611
f 605/605/605 603/603/603 611/611/611
f 614/614/614 611/611/611 603/603/603
f 430/430/430 429/429/429 420/420/420
f 420/420/420 429/429/429 409/409/409
f 268/268/268 270/270/270 244/244/244
f 413/413/413 420/420/420 409/409/409
f 413/413/413 409/409/409 385/385/385
f 288/288/288 267/267/267 274/274/274
f 509/509/509 505/505/505 508/508/508
f 345/345/345 347/347/347 339/339/339
f 473/473/473 505/505/505 504/504/504
f 314/314/314 315/315/315 318/318/318
f 315/315/315 314/314/314 311/311/311
f 303/303/303 304/304/304 305/305/305
f 832/832/832 851/851/851 854/854/854
f 782/782/782 830/830/830 829/829/829
f 920/920/920 959/959/959 916/916/916
f 825/825/825 826/826/826 784/784/784
f 821/821/821 834/834/834 825/825/825
f 836/836/836 861/861/861 834/834/834
f 204/204/204 198/198/198 116/116/116
f 198/198/198 110/110/110 116/116/116
f 128/128/128 110/110/110 198/198/198
f 198/198/198 151/151/151 128/128/128
f 108/108/108 126/126/126 91/91/91
f 126/126/126 105/105/105 91/91/91
f 954/954/954 935/935/935 905/905/905
f 94/94/94 73/73/73 93/93/93
f 94/94/94 95/95/95 73/73/73
f 95/95/95 74/74/74 73/73/73
f 74/74/74 63/63/63 52/52/52
f 63/63/63 61/61/61 52/52/52
f 733/733/733 745/745/745 746/746/746
f 61/61/61 36/36/36 51/51/51
f 171/171/171 170/170/170 138/138/138
f 604/604/604 611/611/611 616/616/616
f 194/194/194 230/230/230 229/229/229
f 268/268/268 244/244/244 232/232/232
f 282/282/282 275/275/275 270/270/270
f 385/385/385 420/420/420 413/413/413
f 288/288/288 274/274/274 275/275/275
f 282/282/282 288/288/288 275/275/275
f 384/384/384 385/385/385 378/378/378
f 288/288/288 266/266/266 267/267/267
f 353/353/353 354/354/354 347/347/347
f 345/345/345 353/353/353 347/347/347
f 340/340/340 345/345/345 339/339/339
f 330/330/330 339/339/339 336/336/336
f 478/478/478 305/305/305 472/472/472
f 831/831/831 830/830/830 782/782/782
f 782/782/782 789/789/789 831/831/831
f 914/914/914 854/854/854 926/926/926
f 784/784/784 826/826/826 785/785/785
f 213/213/213 205/205/205 206/206/206
f 836/836/836 856/856/856 861/861/861
f 904/904/904 879/879/879 905/905/905
f 151/151/151 127/127/127 108/108/108
f 126/126/126 108/108/108 127/127/127
f 935/935/935 954/954/954 948/948/948
f 74/74/74 75/75/75 63/63/63
f 63/63/63 36/36/36 61/61/61
f 63/63/63 62/62/62 36/36/36
f 974/974/974 947/947/947 977/977/977
f 62/62/62 40/40/40 36/36/36
f 40/40/40 26/26/26 36/36/36
f 610/610/610 731/731/731 726/726/726
f 606/606/606 731/731/731 610/610/610
f 137/137/137 139/139/139 171/171/171
f 194/194/194 171/171/171 190/190/190
f 470/470/470 430/430/430 458/458/458
f 230/230/230 239/239/239 229/229/229
f 268/268/268 281/281/281 270/270/270
f 281/281/281 282/282/282 270/270/270
f 365/365/365 378/378/378 368/368/368
f 287/287/287 266/266/266 288/288/288
f 326/326/326 330/330/330 336/336/336
f 336/336/336 337/337/337 326/326/326
f 326/326/326 337/337/337 318/318/318
f 315/315/315 326/326/326 318/318/318
f 309/309/309 311/311/311 310/310/310
f 846/846/846 829/829/829 830/830/830
f 846/846/846 851/851/851 832/832/832
f 780/780/780 828/828/828 789/789/789
f 780/780/780 785/785/785 826/826/826
f 964/964/964 965/965/965 959/959/959
f 213/213/213 262/262/262 263/263/263
f 825/825/825 834/834/834 845/845/845
f 261/261/261 256/256/256 205/205/205
f 256/256/256 204/204/204 205/205/205
f 836/836/836 855/855/855 856/856/856
f 208/208/208 151/151/151 198/198/198
f 898/898/898 905/905/905 935/935/935
f 95/95/95 94/94/94 93/93/93
f 105/105/105 95/95/95 93/93/93
f 977/977/977 947/947/947 948/948/948
f 75/75/75 62/62/62 63/63/63
f 727/727/727 726/726/726 739/739/739
f 26/26/26 25/25/25 22/22/22
f 609/609/609 731/731/731 606/606/606
f 139/139/139 190/190/190 171/171/171
f 470/470/470 458/458/458 481/481/481
f 194/194/194 239/239/239 230/230/230
f 250/250/250 232/232/232 229/229/229
f 239/239/239 250/250/250 229/229/229
f 250/250/250 269/269/269 232/232/232
f 269/269/269 268/268/268 232/232/232
f 426/426/426 430/430/430 420/420/420
f 269/269/269 281/281/281 268/268/268
f 420/420/420 385/385/385 408/408/408
f 378/378/378 380/380/380 384/384/384
f 301/301/301 287/287/287 288/288/288
f 358/358/358 365/365/365 354/354/354
f 352/352/352 353/353/353 345/345/345
f 2308/2308/2308 2315/2315/2315 2307/2307/2307
f 330/330/330 340/340/340 339/339/339
f 308/308/308 303/303/303 307/307/307
f 851/851/851 873/873/873 854/854/854
f 833/833/833 831/831/831 789/789/789
f 925/925/925 854/854/854 873/873/873
f 854/854/854 925/925/925 926/926/926
f 828/828/828 780/780/780 827/827/827
f 959/959/959 920/920/920 914/914/914
f 780/780/780 826/826/826 827/827/827
f 264/264/264 261/261/261 213/213/213
f 213/213/213 261/261/261 205/205/205
f 834/834/834 861/861/861 862/862/862
f 256/256/256 198/198/198 204/204/204
f 258/258/258 198/198/198 256/256/256
f 861/861/861 856/856/856 862/862/862
f 257/257/257 208/208/208 198/198/198
f 207/207/207 127/127/127 151/151/151
f 948/948/948 947/947/947 935/935/935
f 101/101/101 75/75/75 74/74/74
f 41/41/41 26/26/26 40/40/40
f 731/731/731 609/609/609 616/616/616
f 190/190/190 139/139/139 192/192/192
f 237/237/237 194/194/194 190/190/190
f 237/237/237 239/239/239 194/194/194
f 431/431/431 458/458/458 430/430/430
f 408/408/408 385/385/385 384/384/384
f 299/299/299 288/288/288 282/282/282
f 380/380/380 378/378/378 365/365/365
f 300/300/300 301/301/301 288/288/288
f 379/379/379 380/380/380 365/365/365
f 353/353/353 358/358/358 354/354/354
f 478/478/478 472/472/472 504/504/504
f 315/315/315 327/327/327 326/326/326
f 321/321/321 327/327/327 315/315/315
f 321/321/321 315/315/315 317/317/317
f 311/311/311 317/317/317 315/315/315
f 307/307/307 303/303/303 305/305/305
f 303/303/303 309/309/309 310/310/310
f 832/832/832 829/829/829 846/846/846
f 838/838/838 789/789/789 828/828/828
f 963/963/963 959/959/959 958/958/958
f 963/963/963 964/964/964 959/959/959
f 263/263/263 264/264/264 213/213/213
f 258/258/258 257/257/257 198/198/198
f 855/855/855 879/879/879 856/856/856
f 898/898/898 883/883/883 904/904/904
f 905/905/905 898/898/898 904/904/904
f 156/156/156 105/105/105 126/126/126
f 156/156/156 95/95/95 105/105/105
f 113/113/113 101/101/101 74/74/74
f 956/956/956 947/947/947 974/974/974
f 739/739/739 734/734/734 727/727/727
f 238/238/238 237/237/237 190/190/190
f 480/480/480 481/481/481 458/458/458
f 272/272/272 273/273/273 239/239/239
f 269/269/269 250/250/250 239/239/239
f 273/273/273 269/269/269 239/239/239
f 426/426/426 431/431/431 430/430/430
f 297/297/297 282/282/282 281/281/281
f 425/425/425 420/420/420 408/408/408
f 300/300/300 288/288/288 299/299/299
f 353/353/353 352/352/352 358/358/358
f 345/345/345 340/340/340 352/352/352
f 309/309/309 303/303/303 308/308/308
f 846/846/846 873/873/873 851/851/851
f 830/830/830 831/831/831 853/853/853
f 925/925/925 914/914/914 926/926/926
f 789/789/789 838/838/838 842/842/842
f 914/914/914 958/958/958 959/959/959
f 972/972/972 1234/1234/1234 973/973/973
f 257/257/257 151/151/151 208/208/208
f 882/882/882 856/856/856 883/883/883
f 904/904/904 883/883/883 879/879/879
f 856/856/856 879/879/879 883/883/883
f 252/252/252 207/207/207 151/151/151
f 207/207/207 126/126/126 127/127/127
f 215/215/215 156/156/156 126/126/126
f 910/910/910 935/935/935 947/947/947
f 113/113/113 74/74/74 95/95/95
f 111/111/111 76/76/76 75/75/75
f 76/76/76 62/62/62 75/75/75
f 62/62/62 41/41/41 40/40/40
f 41/41/41 25/25/25 26/26/26
f 24/24/24 22/22/22 25/25/25
f 23/23/23 22/22/22 24/24/24
f 137/137/137 23/23/23 139/139/139
f 23/23/23 140/140/140 139/139/139
f 616/616/616 736/736/736 731/731/731
f 238/238/238 190/190/190 192/192/192
f 237/237/237 272/272/272 239/239/239
f 295/295/295 269/269/269 273/273/273
f 426/426/426 420/420/420 425/425/425
f 281/281/281 269/269/269 295/295/295
f 379/379/379 384/384/384 380/380/380
f 358/358/358 379/379/379 365/365/365
f 2308/2308/2308 2307/2307/2307 2297/2297/2297
f 359/359/359 358/358/358 352/352/352
f 340/340/340 350/350/350 352/352/352
f 2300/2300/2300 2299/2299/2299 2285/2285/2285
f 341/341/341 340/340/340 330/330/330
f 326/326/326 327/327/327 321/321/321
f 319/319/319 317/317/317 311/311/311
f 308/308/308 307/307/307 305/305/305
f 844/844/844 853/853/853 831/831/831
f 830/830/830 853/853/853 846/846/846
f 846/846/846 853/853/853 865/865/865
f 846/846/846 872/872/872 873/873/873
f 833/833/833 844/844/844 831/831/831
f 789/789/789 842/842/842 833/833/833
f 925/925/925 958/958/958 914/914/914
f 972/972/972 973/973/973 964/964/964
f 834/834/834 856/856/856 863/863/863
f 834/834/834 862/862/862 856/856/856
f 893/893/893 883/883/883 898/898/898
f 156/156/156 157/157/157 95/95/95
f 157/157/157 113/113/113 95/95/95
f 111/111/111 101/101/101 113/113/113
f 111/111/111 75/75/75 101/101/101
f 88/88/88 62/62/62 76/76/76
f 64/64/64 41/41/41 62/62/62
f 974/974/974 975/975/975 956/956/956
f 726/726/726 742/742/742 739/739/739
f 24/24/24 28/28/28 23/23/23
f 731/731/731 735/735/735 726/726/726
f 28/28/28 140/140/140 23/23/23
f 736/736/736 737/737/737 731/731/731
f 426/426/426 458/458/458 431/431/431
f 379/379/379 408/408/408 384/384/384
f 361/361/361 379/379/379 358/358/358
f 361/361/361 358/358/358 360/360/360
f 360/360/360 358/358/358 359/359/359
f 350/350/350 340/340/340 341/341/341
f 2285/2285/2285 2299/2299/2299 2286/2286/2286
f 326/326/326 329/329/329 330/330/330
f 305/305/305 478/478/478 463/463/463
f 312/312/312 319/319/319 311/311/311
f 311/311/311 309/309/309 312/312/312
f 308/308/308 305/305/305 324/324/324
f 865/865/865 872/872/872 846/846/846
f 833/833/833 853/853/853 844/844/844
f 902/902/902 925/925/925 873/873/873
f 825/825/825 845/845/845 826/826/826
f 834/834/834 863/863/863 864/864/864
f 972/972/972 1233/1233/1233 1234/1234/1234
f 258/258/258 252/252/252 257/257/257
f 252/252/252 151/151/151 257/257/257
f 252/252/252 126/126/126 207/207/207
f 157/157/157 156/156/156 215/215/215
f 910/910/910 898/898/898 935/935/935
f 946/946/946 910/910/910 947/947/947
f 946/946/946 947/947/947 945/945/945
f 955/955/955 945/945/945 947/947/947
f 955/955/955 947/947/947 956/956/956
f 111/111/111 88/88/88 76/76/76
f 88/88/88 89/89/89 62/62/62
f 2394/2394/2394 2395/2395/2395 2396/2396/2396
f 735/735/735 742/742/742 726/726/726
f 140/140/140 191/191/191 139/139/139
f 731/731/731 737/737/737 738/738/738
f 238/238/238 192/192/192 241/241/241
f 238/238/238 271/271/271 237/237/237
f 272/272/272 237/237/237 271/271/271
f 453/453/453 458/458/458 426/426/426
f 272/272/272 296/296/296 273/273/273
f 296/296/296 295/295/295 273/273/273
f 408/408/408 379/379/379 417/417/417
f 374/374/374 382/382/382 379/379/379
f 374/374/374 379/379/379 361/361/361
f 2296/2296/2296 2305/2305/2305 2304/2304/2304
f 2307/2307/2307 2305/2305/2305 2297/2297/2297
f 2299/2299/2299 2308/2308/2308 2297/2297/2297
f 352/352/352 360/360/360 359/359/359
f 330/330/330 350/350/350 341/341/341
f 328/328/328 329/329/329 326/326/326
f 321/321/321 328/328/328 326/326/326
f 478/478/478 479/479/479 463/463/463
f 872/872/872 902/902/902 873/873/873
f 827/827/827 826/826/826 843/843/843
f 963/963/963 968/968/968 964/964/964
f 964/964/964 968/968/968 971/971/971
f 972/972/972 964/964/964 971/971/971
f 864/864/864 845/845/845 834/834/834
f 856/856/856 882/882/882 881/881/881
f 893/893/893 882/882/882 883/883/883
f 209/209/209 113/113/113 157/157/157
f 89/89/89 111/111/111 158/158/158
f 89/89/89 88/88/88 111/111/111
f 89/89/89 64/64/64 62/62/62
f 58/58/58 25/25/25 41/41/41
f 48/48/48 31/31/31 25/25/25
f 31/31/31 24/24/24 25/25/25
f 735/735/735 731/731/731 744/744/744
f 731/731/731 738/738/738 743/743/743
f 44/44/44 140/140/140 28/28/28
f 192/192/192 139/139/139 191/191/191
f 192/192/192 191/191/191 241/241/241
f 480/480/480 458/458/458 477/477/477
f 458/458/458 453/453/453 477/477/477
f 425/425/425 453/453/453 426/426/426
f 297/297/297 281/281/281 295/295/295
f 419/419/419 425/425/425 408/408/408
f 299/299/299 282/282/282 297/297/297
f 417/417/417 419/419/419 408/408/408
f 2305/2305/2305 2296/2296/2296 2297/2297/2297
f 355/355/355 352/352/352 350/350/350
f 478/478/478 491/491/491 479/479/479
f 319/319/319 321/321/321 317/317/317
f 324/324/324 305/305/305 463/463/463
f 309/309/309 308/308/308 324/324/324
f 833/833/833 850/850/850 857/857/857
f 842/842/842 850/850/850 833/833/833
f 833/833/833 857/857/857 853/853/853
f 827/827/827 843/843/843 828/828/828
f 848/848/848 826/826/826 845/845/845
f 252/252/252 216/216/216 126/126/126
f 910/910/910 899/899/899 898/898/898
f 260/260/260 157/157/157 215/215/215
f 910/910/910 946/946/946 945/945/945
f 209/209/209 111/111/111 113/113/113
f 2326/2326/2326 2367/2367/2367 2368/2368/2368
f 64/64/64 58/58/58 41/41/41
f 58/58/58 48/48/48 25/25/25
f 28/28/28 24/24/24 31/31/31
f 743/743/743 744/744/744 731/731/731
f 241/241/241 271/271/271 238/238/238
f 2303/2303/2303 2306/2306/2306 2301/2301/2301
f 382/382/382 417/417/417 379/379/379
f 2304/2304/2304 2303/2303/2303 2296/2296/2296
f 360/360/360 374/374/374 361/361/361
f 355/355/355 360/360/360 352/352/352
f 330/330/330 329/329/329 349/349/349
f 332/332/332 329/329/329 328/328/328
f 324/324/324 320/320/320 309/309/309
f 872/872/872 865/865/865 888/888/888
f 857/857/857 850/850/850 842/842/842
f 826/826/826 849/849/849 843/843/843
f 848/848/848 849/849/849 826/826/826
f 971/971/971 968/968/968 963/963/963
f 972/972/972 1230/1230/1230 1233/1233/1233
f 882/882/882 893/893/893 891/891/891
f 893/893/893 898/898/898 899/899/899
f 126/126/126 216/216/216 215/215/215
f 260/260/260 209/209/209 157/157/157
f 911/911/911 910/910/910 945/945/945
f 162/162/162 158/158/158 111/111/111
f 124/124/124 64/64/64 89/89/89
f 2369/2369/2369 2326/2326/2326 2368/2368/2368
f 2361/2361/2361 2326/2326/2326 2369/2369/2369
f 292/292/292 296/296/296 272/272/272
f 442/442/442 453/453/453 425/425/425
f 432/432/432 425/425/425 419/419/419
f 2284/2284/2284 2296/2296/2296 2303/2303/2303
f 360/360/360 382/382/382 374/374/374
f 366/366/366 372/372/372 360/360/360
f 2299/2299/2299 2287/2287/2287 2286/2286/2286
f 2299/2299/2299 2297/2297/2297 2287/2287/2287
f 349/349/349 350/350/350 330/330/330
f 329/329/329 333/333/333 349/349/349
f 321/321/321 332/332/332 328/328/328
f 319/319/319 325/325/325 321/321/321
f 2251/2251/2251 2274/2274/2274 2264/2264/2264
f 857/857/857 842/842/842 868/868/868
f 936/936/936 943/943/943 902/902/902
f 842/842/842 838/838/838 859/859/859
f 925/925/925 943/943/943 958/958/958
f 972/972/972 1223/1223/1223 1230/1230/1230
f 1222/1222/1222 1231/1231/1231 1230/1230/1230
f 1232/1232/1232 1230/1230/1230 1231/1231/1231
f 216/216/216 260/260/260 215/215/215
f 209/209/209 162/162/162 111/111/111
f 949/949/949 945/945/945 955/955/955
f 158/158/158 162/162/162 89/89/89
f 162/162/162 124/124/124 89/89/89
f 2374/2374/2374 2375/2375/2375 2372/2372/2372
f 124/124/124 104/104/104 64/64/64
f 96/96/96 58/58/58 64/64/64
f 104/104/104 96/96/96 64/64/64
f 96/96/96 48/48/48 58/58/58
f 191/191/191 140/140/140 189/189/189
f 503/503/503 511/511/511 480/480/480
f 502/502/502 503/503/503 480/480/480
f 276/276/276 241/241/241 191/191/191
f 291/291/291 271/271/271 241/241/241
f 291/291/291 272/272/272 271/271/271
f 291/291/291 292/292/292 272/272/272
f 425/425/425 432/432/432 442/442/442
f 381/381/381 417/417/417 382/382/382
f 381/381/381 382/382/382 360/360/360
f 372/372/372 381/381/381 360/360/360
f 349/349/349 355/355/355 350/350/350
f 332/332/332 349/349/349 333/333/333
f 332/332/332 333/333/333 329/329/329
f 2264/2264/2264 2279/2279/2279 2285/2285/2285
f 331/331/331 332/332/332 321/321/321
f 464/464/464 324/324/324 463/463/463
f 312/312/312 322/322/322 319/319/319
f 322/322/322 312/312/312 323/323/323
f 312/312/312 309/309/309 320/320/320
f 857/857/857 874/874/874 853/853/853
f 874/874/874 865/865/865 853/853/853
f 886/886/886 888/888/888 865/865/865
f 888/888/888 936/936/936 902/902/902
f 859/859/859 828/828/828 858/858/858
f 828/828/828 859/859/859 838/838/838
f 943/943/943 925/925/925 902/902/902
f 843/843/843 858/858/858 828/828/828
f 963/963/963 969/969/969 971/971/971
f 971/971/971 1223/1223/1223 972/972/972
f 856/856/856 881/881/881 880/880/880
f 1223/1223/1223 1222/1222/1222 1230/1230/1230
f 881/881/881 882/882/882 880/880/880
f 880/880/880 882/882/882 891/891/891
f 1231/1231/1231 1222/1222/1222 1232/1232/1232
f 911/911/911 899/899/899 910/910/910
f 911/911/911 945/945/945 949/949/949
f 949/949/949 955/955/955 950/950/950
f 2352/2352/2352 2349/2349/2349 2350/2350/2350
f 2367/2367/2367 2326/2326/2326 2334/2334/2334
f 48/48/48 80/80/80 31/31/31
f 80/80/80 38/38/38 31/31/31
f 38/38/38 28/28/28 31/31/31
f 44/44/44 28/28/28 38/38/38
f 738/738/738 748/748/748 743/743/743
f 189/189/189 227/227/227 191/191/191
f 291/291/291 241/241/241 276/276/276
f 453/453/453 476/476/476 477/477/477
f 476/476/476 453/453/453 474/474/474
f 291/291/291 296/296/296 292/292/292
f 2302/2302/2302 2312/2312/2312 2295/2295/2295
f 453/453/453 454/454/454 474/474/474
f 442/442/442 454/454/454 453/453/453
f 417/417/417 442/442/442 432/432/432
f 417/417/417 432/432/432 419/419/419
f 2301/2301/2301 2284/2284/2284 2303/2303/2303
f 349/349/349 360/360/360 355/355/355
f 2264/2264/2264 2285/2285/2285 2265/2265/2265
f 2274/2274/2274 2279/2279/2279 2264/2264/2264
f 322/322/322 325/325/325 319/319/319
f 312/312/312 320/320/320 323/323/323
f 444/444/444 320/320/320 324/324/324
f 888/888/888 902/902/902 872/872/872
f 857/857/857 868/868/868 878/878/878
f 848/848/848 867/867/867 849/849/849
f 845/845/845 867/867/867 848/848/848
f 863/863/863 856/856/856 880/880/880
f 1222/1222/1222 1225/1225/1225 1232/1232/1232
f 899/899/899 911/911/911 937/937/937
f 1219/1219/1219 1228/1228/1228 1229/1229/1229
f 911/911/911 949/949/949 950/950/950
f 951/951/951 950/950/950 955/955/955
f 2349/2349/2349 2352/2352/2352 2360/2360/2360
f 2372/2372/2372 2373/2373/2373 2374/2374/2374
f 2334/2334/2334 2326/2326/2326 2323/2323/2323
f 96/96/96 104/104/104 124/124/124
f 96/96/96 80/80/80 48/48/48
f 502/502/502 512/512/512 516/516/516
f 189/189/189 44/44/44 120/120/120
f 189/189/189 140/140/140 44/44/44
f 276/276/276 191/191/191 227/227/227
f 297/297/297 295/295/295 296/296/296
f 2306/2306/2306 2302/2302/2302 2282/2282/2282
f 443/443/443 442/442/442 417/417/417
f 434/434/434 443/443/443 417/417/417
f 366/366/366 381/381/381 372/372/372
f 2287/2287/2287 2297/2297/2297 2269/2269/2269
f 349/349/349 366/366/366 360/360/360
f 363/363/363 349/349/349 332/332/332
f 2285/2285/2285 2286/2286/2286 2265/2265/2265
f 362/362/362 332/332/332 351/351/351
f 331/331/331 351/351/351 332/332/332
f 865/865/865 874/874/874 886/886/886
f 843/843/843 849/849/849 858/858/858
f 864/864/864 867/867/867 845/845/845
f 971/971/971 1203/1203/1203 1223/1223/1223
f 1232/1232/1232 1225/1225/1225 1229/1229/1229
f 937/937/937 900/900/900 899/899/899
f 938/938/938 937/937/937 911/911/911
f 951/951/951 938/938/938 911/911/911
f 951/951/951 911/911/911 950/950/950
f 259/259/259 124/124/124 162/162/162
f 2366/2366/2366 2328/2328/2328 2361/2361/2361
f 2364/2364/2364 2328/2328/2328 2366/2366/2366
f 494/494/494 502/502/502 480/480/480
f 494/494/494 480/480/480 477/477/477
f 2282/2282/2282 2302/2302/2302 2295/2295/2295
f 443/443/443 454/454/454 442/442/442
f 434/434/434 417/417/417 418/418/418
f 2296/2296/2296 2269/2269/2269 2297/2297/2297
f 421/421/421 418/418/418 381/381/381
f 366/366/366 421/421/421 381/381/381
f 2286/2286/2286 2287/2287/2287 2266/2266/2266
f 362/362/362 363/363/363 332/332/332
f 2263/2263/2263 2264/2264/2264 2265/2265/2265
f 325/325/325 331/331/331 321/321/321
f 334/334/334 325/325/325 322/322/322
f 461/461/461 444/444/444 324/324/324
f 461/461/461 324/324/324 464/464/464
f 858/858/858 849/849/849 869/869/869
f 963/963/963 958/958/958 969/969/969
f 864/864/864 863/863/863 867/867/867
f 976/976/976 1203/1203/1203 971/971/971
f 880/880/880 876/876/876 863/863/863
f 890/890/890 880/880/880 891/891/891
f 1203/1203/1203 1222/1222/1222 1223/1223/1223
f 897/897/897 899/899/899 900/900/900
f 1224/1224/1224 1225/1225/1225 1222/1222/1222
f 1217/1217/1217 1219/1219/1219 1229/1229/1229
f 209/209/209 265/265/265 162/162/162
f 265/265/265 259/259/259 162/162/162
f 124/124/124 254/254/254 96/96/96
f 255/255/255 212/212/212 96/96/96
f 2361/2361/2361 2338/2338/2338 2326/2326/2326
f 279/279/279 227/227/227 189/189/189
f 510/510/510 502/502/502 494/494/494
f 2311/2311/2311 2295/2295/2295 2312/2312/2312
f 474/474/474 454/454/454 467/467/467
f 2306/2306/2306 2282/2282/2282 2289/2289/2289
f 2301/2301/2301 2306/2306/2306 2289/2289/2289
f 418/418/418 417/417/417 381/381/381
f 371/371/371 421/421/421 366/366/366
f 2287/2287/2287 2269/2269/2269 2266/2266/2266
f 349/349/349 371/371/371 366/366/366
f 349/349/349 363/363/363 370/370/370
f 464/464/464 485/485/485 461/461/461
f 323/323/323 320/320/320 444/444/444
f 842/842/842 859/859/859 868/868/868
f 888/888/888 942/942/942 936/936/936
f 958/958/958 943/943/943 962/962/962
f 966/966/966 970/970/970 958/958/958
f 969/969/969 958/958/958 970/970/970
f 969/969/969 976/976/976 971/971/971
f 867/867/867 863/863/863 876/876/876
f 1203/1203/1203 1213/1213/1213 1222/1222/1222
f 899/899/899 897/897/897 893/893/893
f 1225/1225/1225 1217/1217/1217 1229/1229/1229
f 937/937/937 938/938/938 951/951/951
f 265/265/265 124/124/124 259/259/259
f 2319/2319/2319 2321/2321/2321 2317/2317/2317
f 254/254/254 255/255/255 96/96/96
f 2325/2325/2325 2323/2323/2323 2326/2326/2326
f 211/211/211 80/80/80 96/96/96
f 2325/2325/2325 2326/2326/2326 2338/2338/2338
f 2361/2361/2361 2328/2328/2328 2338/2338/2338
f 114/114/114 38/38/38 80/80/80
f 38/38/38 114/114/114 115/115/115
f 120/120/120 44/44/44 38/38/38
f 289/289/289 276/276/276 227/227/227
f 2289/2289/2289 2284/2284/2284 2301/2301/2301
f 2284/2284/2284 2268/2268/2268 2296/2296/2296
f 421/421/421 434/434/434 418/418/418
f 2268/2268/2268 2269/2269/2269 2296/2296/2296
f 370/370/370 371/371/371 349/349/349
f 2266/2266/2266 2265/2265/2265 2286/2286/2286
f 2264/2264/2264 2263/2263/2263 2250/2250/2250
f 2250/2250/2250 2251/2251/2251 2264/2264/2264
f 334/334/334 335/335/335 325/325/325
f 962/962/962 943/943/943 936/936/936
f 962/962/962 966/966/966 958/958/958
f 869/869/869 849/849/849 867/867/867
f 1203/1203/1203 976/976/976 969/969/969
f 1214/1214/1214 1225/1225/1225 1224/1224/1224
f 1219/1219/1219 1217/1217/1217 1212/1212/1212
f 1219/1219/1219 1218/1218/1218 1228/1228/1228
f 1228/1228/1228 1218/1218/1218 1226/1226/1226
f 265/265/265 254/254/254 124/124/124
f 2334/2334/2334 2329/2329/2329 2360/2360/2360
f 2334/2334/2334 2323/2323/2323 2329/2329/2329
f 212/212/212 211/211/211 96/96/96
f 80/80/80 211/211/211 114/114/114
f 2363/2363/2363 2364/2364/2364 2365/2365/2365
f 148/148/148 120/120/120 38/38/38
f 120/120/120 226/226/226 189/189/189
f 289/289/289 227/227/227 279/279/279
f 443/443/443 467/467/467 454/454/454
f 2289/2289/2289 2273/2273/2273 2284/2284/2284
f 386/386/386 421/421/421 371/371/371
f 386/386/386 371/371/371 370/370/370
f 364/364/364 362/362/362 351/351/351
f 364/364/364 351/351/351 331/331/331
f 335/335/335 331/331/331 325/325/325
f 438/438/438 335/335/335 334/334/334
f 334/334/334 322/322/322 323/323/323
f 462/462/462 444/444/444 461/461/461
f 878/878/878 887/887/887 857/857/857
f 858/858/858 884/884/884 859/859/859
f 858/858/858 869/869/869 885/885/885
f 970/970/970 966/966/966 969/969/969
f 867/867/867 876/876/876 877/877/877
f 969/969/969 1187/1187/1187 1203/1203/1203
f 1202/1202/1202 1213/1213/1213 1203/1203/1203
f 1224/1224/1224 1222/1222/1222 1214/1214/1214
f 893/893/893 897/897/897 891/891/891
f 1214/1214/1214 1217/1217/1217 1225/1225/1225
f 939/939/939 900/900/900 937/937/937
f 951/951/951 952/952/952 937/937/937
f 2348/2348/2348 2350/2350/2350 2349/2349/2349
f 1211/1211/1211 1227/1227/1227 1226/1226/1226
f 1227/1227/1227 1215/1215/1215 1221/1221/1221
f 148/148/148 38/38/38 115/115/115
f 2364/2364/2364 2363/2363/2363 2328/2328/2328
f 148/148/148 226/226/226 120/120/120
f 502/502/502 510/510/510 512/512/512
f 2294/2294/2294 2311/2311/2311 2310/2310/2310
f 494/494/494 477/477/477 476/476/476
f 2295/2295/2295 2311/2311/2311 2294/2294/2294
f 486/486/486 474/474/474 467/467/467
f 2282/2282/2282 2295/2295/2295 2280/2280/2280
f 2256/2256/2256 2284/2284/2284 2283/2283/2283
f 2284/2284/2284 2256/2256/2256 2268/2268/2268
f 436/436/436 451/451/451 421/421/421
f 435/435/435 436/436/436 421/421/421
f 435/435/435 421/421/421 386/386/386
f 2252/2252/2252 2265/2265/2265 2266/2266/2266
f 2247/2247/2247 2263/2263/2263 2265/2265/2265
f 335/335/335 364/364/364 331/331/331
f 447/447/447 334/334/334 323/323/323
f 886/886/886 927/927/927 888/888/888
f 927/927/927 942/942/942 888/888/888
f 859/859/859 884/884/884 868/868/868
f 936/936/936 942/942/942 966/966/966
f 885/885/885 884/884/884 858/858/858
f 936/936/936 966/966/966 962/962/962
f 869/869/869 867/867/867 875/875/875
f 877/877/877 889/889/889 867/867/867
f 875/875/875 867/867/867 889/889/889
f 1188/1188/1188 969/969/969 966/966/966
f 1187/1187/1187 1202/1202/1202 1203/1203/1203
f 876/876/876 880/880/880 890/890/890
f 1222/1222/1222 1213/1213/1213 1214/1214/1214
f 903/903/903 897/897/897 900/900/900
f 940/940/940 900/900/900 939/939/939
f 1218/1218/1218 1211/1211/1211 1226/1226/1226
f 2350/2350/2350 2348/2348/2348 2351/2351/2351
f 1211/1211/1211 1215/1215/1215 1227/1227/1227
f 1221/1221/1221 1220/1220/1220 1235/1235/1235
f 1220/1220/1220 1236/1236/1236 1235/1235/1235
f 2338/2338/2338 2328/2328/2328 2325/2325/2325
f 279/279/279 189/189/189 226/226/226
f 474/474/474 494/494/494 476/476/476
f 2289/2289/2289 2282/2282/2282 2273/2273/2273
f 2283/2283/2283 2284/2284/2284 2273/2273/2273
f 457/457/457 443/443/443 434/434/434
f 451/451/451 434/434/434 421/421/421
f 386/386/386 370/370/370 363/363/363
f 335/335/335 373/373/373 364/364/364
f 438/438/438 373/373/373 335/335/335
f 438/438/438 334/334/334 446/446/446
f 447/447/447 323/323/323 444/444/444
f 895/895/895 887/887/887 878/878/878
f 887/887/887 874/874/874 857/857/857
f 874/874/874 927/927/927 886/886/886
f 1188/1188/1188 1187/1187/1187 969/969/969
f 876/876/876 890/890/890 901/901/901
f 890/890/890 891/891/891 897/897/897
f 1214/1214/1214 1213/1213/1213 1202/1202/1202
f 1204/1204/1204 1205/1205/1205 1214/1214/1214
f 2317/2317/2317 2321/2321/2321 2318/2318/2318
f 1216/1216/1216 1221/1221/1221 1215/1215/1215
f 2363/2363/2363 2337/2337/2337 2328/2328/2328
f 253/253/253 148/148/148 115/115/115
f 148/148/148 290/290/290 226/226/226
f 302/302/302 226/226/226 290/290/290
f 2294/2294/2294 2310/2310/2310 2309/2309/2309
f 2295/2295/2295 2294/2294/2294 2280/2280/2280
f 457/457/457 467/467/467 443/443/443
f 386/386/386 363/363/363 435/435/435
f 437/437/437 435/435/435 363/363/363
f 2247/2247/2247 2265/2265/2265 2252/2252/2252
f 363/363/363 433/433/433 437/437/437
f 2263/2263/2263 2247/2247/2247 2250/2250/2250
f 440/440/440 362/362/362 364/364/364
f 461/461/461 485/485/485 462/462/462
f 447/447/447 446/446/446 334/334/334
f 875/875/875 892/892/892 869/869/869
f 1179/1179/1179 1187/1187/1187 966/966/966
f 966/966/966 1187/1187/1187 1188/1188/1188
f 897/897/897 903/903/903 890/890/890
f 1202/1202/1202 1204/1204/1204 1214/1214/1214
f 1217/1217/1217 1214/1214/1214 1205/1205/1205
f 900/900/900 940/940/940 903/903/903
f 940/940/940 939/939/939 937/937/937
f 937/937/937 952/952/952 940/940/940
f 1212/1212/1212 1211/1211/1211 1218/1218/1218
f 2351/2351/2351 2348/2348/2348 2353/2353/2353
f 2360/2360/2360 2330/2330/2330 2339/2339/2339
f 2360/2360/2360 2329/2329/2329 2330/2330/2330
f 2323/2323/2323 2325/2325/2325 2324/2324/2324
f 298/298/298 114/114/114 211/211/211
f 1220/1220/1220 1237/1237/1237 1236/1236/1236
f 114/114/114 298/298/298 115/115/115
f 290/290/290 148/148/148 253/253/253
f 510/510/510 513/513/513 512/512/512
f 510/510/510 494/494/494 498/498/498
f 2294/2294/2294 2309/2309/2309 2288/2288/2288
f 2283/2283/2283 2273/2273/2273 2256/2256/2256
f 362/362/362 433/433/433 363/363/363
f 2250/2250/2250 2247/2247/2247 2248/2248/2248
f 373/373/373 440/440/440 364/364/364
f 2251/2251/2251 2250/2250/2250 2233/2233/2233
f 2233/2233/2233 2230/2230/2230 2251/2251/2251
f 439/439/439 373/373/373 438/438/438
f 448/448/448 438/438/438 446/446/446
f 448/448/448 446/446/446 447/447/447
f 444/444/444 462/462/462 447/447/447
f 887/887/887 908/908/908 874/874/874
f 874/874/874 908/908/908 909/909/909
f 874/874/874 909/909/909 927/927/927
f 884/884/884 878/878/878 868/868/868
f 966/966/966 942/942/942 967/967/967
f 889/889/889 877/877/877 876/876/876
f 1204/1204/1204 1202/1202/1202 1192/1192/1192
f 1205/1205/1205 1212/1212/1212 1217/1217/1217
f 1218/1218/1218 1219/1219/1219 1212/1212/1212
f 1215/1215/1215 1211/1211/1211 1206/1206/1206
f 1216/1216/1216 1215/1215/1215 1206/1206/1206
f 1216/1216/1216 1206/1206/1206 1221/1221/1221
f 2322/2322/2322 2329/2329/2329 2323/2323/2323
f 1220/1220/1220 1221/1221/1221 1207/1207/1207
f 253/253/253 115/115/115 298/298/298
f 2313/2313/2313 2309/2309/2309 2314/2314/2314
f 2309/2309/2309 2313/2313/2313 2288/2288/2288
f 2294/2294/2294 2288/2288/2288 2281/2281/2281
f 494/494/494 497/497/497 498/498/498
f 474/474/474 497/497/497 494/494/494
f 486/486/486 493/493/493 474/474/474
f 2256/2256/2256 2273/2273/2273 2254/2254/2254
f 451/451/451 469/469/469 457/457/457
f 434/434/434 451/451/451 457/457/457
f 435/435/435 451/451/451 436/436/436
f 2269/2269/2269 2257/2257/2257 2249/2249/2249
f 2249/2249/2249 2266/2266/2266 2269/2269/2269
f 2252/2252/2252 2266/2266/2266 2249/2249/2249
f 435/435/435 437/437/437 433/433/433
f 2233/2233/2233 2250/2250/2250 2248/2248/2248
f 441/441/441 440/440/440 373/373/373
f 2233/2233/2233 2229/2229/2229 2230/2230/2230
f 449/449/449 439/439/439 438/438/438
f 884/884/884 980/980/980 878/878/878
f 876/876/876 901/901/901 1073/1073/1073
f 1205/1205/1205 1204/1204/1204 1191/1191/1191
f 941/941/941 1121/1121/1121 903/903/903
f 903/903/903 940/940/940 941/941/941
f 1195/1195/1195 1212/1212/1212 1205/1205/1205
f 1196/1196/1196 1198/1198/1198 1212/1212/1212
f 1198/1198/1198 1211/1211/1211 1212/1212/1212
f 1198/1198/1198 1206/1206/1206 1211/1211/1211
f 2322/2322/2322 2323/2323/2323 2324/2324/2324
f 2325/2325/2325 2328/2328/2328 2327/2327/2327
f 2363/2363/2363 2370/2370/2370 2337/2337/2337
f 512/512/512 514/514/514 515/515/515
f 513/513/513 514/514/514 512/512/512
f 493/493/493 497/497/497 474/474/474
f 2282/2282/2282 2280/2280/2280 2253/2253/2253
f 2282/2282/2282 2253/2253/2253 2273/2273/2273
f 467/467/467 457/457/457 475/475/475
f 2268/2268/2268 2256/2256/2256 2246/2246/2246
f 2269/2269/2269 2268/2268/2268 2246/2246/2246
f 2269/2269/2269 2246/2246/2246 2257/2257/2257
f 435/435/435 433/433/433 450/450/450
f 441/441/441 373/373/373 439/439/439
f 2230/2230/2230 2229/2229/2229 2199/2199/2199
f 2195/2195/2195 2231/2231/2231 2230/2230/2230
f 2232/2232/2232 2231/2231/2231 2195/2195/2195
f 979/979/979 895/895/895 878/878/878
f 979/979/979 878/878/878 980/980/980
f 885/885/885 994/994/994 884/884/884
f 927/927/927 1170/1170/1170 942/942/942
f 869/869/869 892/892/892 894/894/894
f 892/892/892 875/875/875 889/889/889
f 967/967/967 1179/1179/1179 966/966/966
f 896/896/896 876/876/876 1073/1073/1073
f 1192/1192/1192 1202/1202/1202 1187/1187/1187
f 1191/1191/1191 1192/1192/1192 1187/1187/1187
f 1204/1204/1204 1192/1192/1192 1191/1191/1191
f 903/903/903 901/901/901 890/890/890
f 1191/1191/1191 1195/1195/1195 1205/1205/1205
f 1196/1196/1196 1212/1212/1212 1195/1195/1195
f 2349/2349/2349 2333/2333/2333 2348/2348/2348
f 2316/2316/2316 2319/2319/2319 2317/2317/2317
f 2316/2316/2316 2317/2317/2317 2318/2318/2318
f 1206/1206/1206 1207/1207/1207 1221/1221/1221
f 1644/1644/1644 1650/1650/1650 1468/1468/1468
f 2294/2294/2294 2281/2281/2281 2280/2280/2280
f 487/487/487 486/486/486 467/467/467
f 2254/2254/2254 2273/2273/2273 2253/2253/2253
f 475/475/475 487/487/487 467/467/467
f 457/457/457 469/469/469 475/475/475
f 2256/2256/2256 2254/2254/2254 2255/2255/2255
f 455/455/455 451/451/451 435/435/435
f 440/440/440 433/433/433 362/362/362
f 440/440/440 441/441/441 445/445/445
f 456/456/456 449/449/449 438/438/438
f 887/887/887 1106/1106/1106 908/908/908
f 869/869/869 894/894/894 885/885/885
f 1170/1170/1170 967/967/967 942/942/942
f 876/876/876 896/896/896 889/889/889
f 1189/1189/1189 1195/1195/1195 1191/1191/1191
f 1194/1194/1194 1196/1196/1196 1195/1195/1195
f 940/940/940 952/952/952 953/953/953
f 1196/1196/1196 1197/1197/1197 1198/1198/1198
f 1198/1198/1198 1201/1201/1201 1206/1206/1206
f 1649/1649/1649 1469/1469/1469 1656/1656/1656
f 1655/1655/1655 1656/1656/1656 1469/1469/1469
f 2328/2328/2328 2335/2335/2335 2327/2327/2327
f 2337/2337/2337 2335/2335/2335 2328/2328/2328
f 1439/1439/1439 1650/1650/1650 1655/1655/1655
f 1650/1650/1650 1439/1439/1439 1468/1468/1468
f 2280/2280/2280 2261/2261/2261 2253/2253/2253
f 468/468/468 469/469/469 451/451/451
f 2256/2256/2256 2255/2255/2255 2246/2246/2246
f 450/450/450 455/455/455 435/435/435
f 2228/2228/2228 2247/2247/2247 2252/2252/2252
f 433/433/433 440/440/440 450/450/450
f 2228/2228/2228 2233/2233/2233 2247/2247/2247
f 2248/2248/2248 2247/2247/2247 2233/2233/2233
f 2118/2118/2118 2105/2105/2105 2120/2120/2120
f 2232/2232/2232 2195/2195/2195 2175/2175/2175
f 456/456/456 438/438/438 448/448/448
f 465/465/465 456/456/456 448/448/448
f 895/895/895 1104/1104/1104 887/887/887
f 994/994/994 885/885/885 894/894/894
f 967/967/967 1170/1170/1170 1179/1179/1179
f 903/903/903 1121/1121/1121 901/901/901
f 941/941/941 940/940/940 1121/1121/1121
f 1198/1198/1198 1197/1197/1197 1199/1199/1199
f 1199/1199/1199 1200/1200/1200 1198/1198/1198
f 1206/1206/1206 1201/1201/1201 1207/1207/1207
f 1220/1220/1220 1207/1207/1207 1210/1210/1210
f 2325/2325/2325 2327/2327/2327 2324/2324/2324
f 510/510/510 514/514/514 513/513/513
f 2288/2288/2288 2313/2313/2313 2298/2298/2298
f 498/498/498 497/497/497 510/510/510
f 2281/2281/2281 2288/2288/2288 2261/2261/2261
f 2261/2261/2261 2280/2280/2280 2281/2281/2281
f 493/493/493 495/495/495 497/497/497
f 486/486/486 495/495/495 493/493/493
f 487/487/487 496/496/496 486/486/486
f 2244/2244/2244 2253/2253/2253 2242/2242/2242
f 469/469/469 487/487/487 475/475/475
f 2254/2254/2254 2245/2245/2245 2255/2255/2255
f 455/455/455 468/468/468 451/451/451
f 2039/2039/2039 2110/2110/2110 2108/2108/2108
f 2229/2229/2229 2233/2233/2233 2228/2228/2228
f 2195/2195/2195 2230/2230/2230 2199/2199/2199
f 2118/2118/2118 2119/2119/2119 2076/2076/2076
f 447/447/447 471/471/471 448/448/448
f 979/979/979 1104/1104/1104 895/895/895
f 1104/1104/1104 1106/1106/1106 887/887/887
f 994/994/994 980/980/980 884/884/884
f 908/908/908 1149/1149/1149 909/909/909
f 909/909/909 1149/1149/1149 927/927/927
f 892/892/892 889/889/889 1011/1011/1011
f 889/889/889 1012/1012/1012 1011/1011/1011
f 1187/1187/1187 1179/1179/1179 1175/1175/1175
f 1185/1185/1185 1187/1187/1187 1175/1175/1175
f 901/901/901 1121/1121/1121 1098/1098/1098
f 940/940/940 1143/1143/1143 1121/1121/1121
f 1198/1198/1198 1200/1200/1200 1201/1201/1201
f 2347/2347/2347 2353/2353/2353 2348/2348/2348
f 2330/2330/2330 2332/2332/2332 2339/2339/2339
f 2330/2330/2330 2329/2329/2329 2322/2322/2322
f 1208/1208/1208 1209/1209/1209 1207/1207/1207
f 1209/1209/1209 1210/1210/1210 1207/1207/1207
f 2324/2324/2324 2356/2356/2356 2322/2322/2322
f 1655/1655/1655 1469/1469/1469 1439/1439/1439
f 1381/1381/1381 1468/1468/1468 1439/1439/1439
f 1528/1528/1528 1661/1661/1661 1644/1644/1644
f 510/510/510 517/517/517 514/514/514
f 1661/1661/1661 1528/1528/1528 1630/1630/1630
f 2254/2254/2254 2253/2253/2253 2244/2244/2244
f 2245/2245/2245 2254/2254/2254 2244/2244/2244
f 2257/2257/2257 2246/2246/2246 2249/2249/2249
f 2249/2249/2249 2236/2236/2236 2252/2252/2252
f 2234/2234/2234 2228/2228/2228 2252/2252/2252
f 2059/2059/2059 2110/2110/2110 2039/2039/2039
f 2072/2072/2072 2039/2039/2039 2108/2108/2108
f 2104/2104/2104 2105/2105/2105 2118/2118/2118
f 2076/2076/2076 2104/2104/2104 2118/2118/2118
f 448/448/448 471/471/471 465/465/465
f 908/908/908 1102/1102/1102 1149/1149/1149
f 927/927/927 1149/1149/1149 1170/1170/1170
f 892/892/892 993/993/993 894/894/894
f 1170/1170/1170 1177/1177/1177 1179/1179/1179
f 1073/1073/1073 1012/1012/1012 889/889/889
f 889/889/889 896/896/896 1073/1073/1073
f 1187/1187/1187 1185/1185/1185 1191/1191/1191
f 1189/1189/1189 1194/1194/1194 1195/1195/1195
f 1156/1156/1156 940/940/940 953/953/953
f 1156/1156/1156 1143/1143/1143 940/940/940
f 2347/2347/2347 2346/2346/2346 2353/2353/2353
f 1208/1208/1208 1207/1207/1207 1201/1201/1201
f 2320/2320/2320 2316/2316/2316 2318/2318/2318
f 2327/2327/2327 2356/2356/2356 2324/2324/2324
f 2337/2337/2337 2336/2336/2336 2335/2335/2335
f 2359/2359/2359 2336/2336/2336 2337/2337/2337
f 1528/1528/1528 1644/1644/1644 1468/1468/1468
f 2290/2290/2290 2288/2288/2288 2298/2298/2298
f 2261/2261/2261 2288/2288/2288 2290/2290/2290
f 496/496/496 499/499/499 497/497/497
f 496/496/496 497/497/497 495/495/495
f 496/496/496 495/495/495 486/486/486
f 487/487/487 469/469/469 492/492/492
f 2255/2255/2255 2245/2245/2245 2246/2246/2246
f 468/468/468 482/482/482 469/469/469
f 2109/2109/2109 2111/2111/2111 2129/2129/2129
f 2249/2249/2249 2246/2246/2246 2222/2222/2222
f 2236/2236/2236 2249/2249/2249 2214/2214/2214
f 2234/2234/2234 2252/2252/2252 2236/2236/2236
f 2228/2228/2228 2234/2234/2234 2209/2209/2209
f 2229/2229/2229 2228/2228/2228 2200/2200/2200
f 2072/2072/2072 2108/2108/2108 2036/2036/2036
f 2036/2036/2036 2108/2108/2108 2105/2105/2105
f 2195/2195/2195 2174/2174/2174 2175/2175/2175
f 2076/2076/2076 2119/2119/2119 2106/2106/2106
f 2174/2174/2174 2115/2115/2115 2175/2175/2175
f 993/993/993 991/991/991 894/894/894
f 1170/1170/1170 1149/1149/1149 1169/1169/1169
f 1169/1169/1169 1168/1168/1168 1170/1170/1170
f 892/892/892 1011/1011/1011 993/993/993
f 1168/1168/1168 1177/1177/1177 1170/1170/1170
f 1175/1175/1175 1179/1179/1179 1177/1177/1177
f 1194/1194/1194 1197/1197/1197 1196/1196/1196
f 1645/1645/1645 1469/1469/1469 1649/1649/1649
f 2359/2359/2359 2337/2337/2337 2370/2370/2370
f 1528/1528/1528 1580/1580/1580 1630/1630/1630
f 2292/2292/2292 2290/2290/2290 2298/2298/2298
f 2253/2253/2253 2261/2261/2261 2242/2242/2242
f 2227/2227/2227 2245/2245/2245 2244/2244/2244
f 2245/2245/2245 2227/2227/2227 2246/2246/2246
f 2222/2222/2222 2214/2214/2214 2249/2249/2249
f 2110/2110/2110 2059/2059/2059 2109/2109/2109
f 2065/2065/2065 2036/2036/2036 2105/2105/2105
f 2066/2066/2066 2065/2065/2065 2105/2105/2105
f 2104/2104/2104 2066/2066/2066 2105/2105/2105
f 466/466/466 456/456/456 465/465/465
f 908/908/908 1106/1106/1106 1102/1102/1102
f 986/986/986 980/980/980 994/994/994
f 978/978/978 979/979/979 980/980/980
f 894/894/894 991/991/991 985/985/985
f 1184/1184/1184 1191/1191/1191 1185/1185/1185
f 1194/1194/1194 1189/1189/1189 1190/1190/1190
f 1143/1143/1143 1142/1142/1142 1121/1121/1121
f 1121/1121/1121 1142/1142/1142 1122/1122/1122
f 1156/1156/1156 1142/1142/1142 1143/1143/1143
f 1659/1659/1659 1660/1660/1660 1654/1654/1654
f 2346/2346/2346 2371/2371/2371 2353/2353/2353
f 1200/1200/1200 1208/1208/1208 1201/1201/1201
f 2333/2333/2333 2347/2347/2347 2348/2348/2348
f 2330/2330/2330 2331/2331/2331 2332/2332/2332
f 1620/1620/1620 1645/1645/1645 1619/1619/1619
f 1620/1620/1620 1469/1469/1469 1645/1645/1645
f 1620/1620/1620 1417/1417/1417 1469/1469/1469
f 2370/2370/2370 2362/2362/2362 2359/2359/2359
f 1309/1309/1309 1528/1528/1528 1468/1468/1468
f 1499/1499/1499 1580/1580/1580 1528/1528/1528
f 1925/1925/1925 1812/1812/1812 1923/1923/1923
f 1812/1812/1812 1925/1925/1925 1926/1926/1926
f 2292/2292/2292 2291/2291/2291 2290/2290/2290
f 2290/2290/2290 2291/2291/2291 2261/2261/2261
f 488/488/488 469/469/469 482/482/482
f 2246/2246/2246 2225/2225/2225 2222/2222/2222
f 2057/2057/2057 2073/2073/2073 2109/2109/2109
f 2059/2059/2059 2057/2057/2057 2109/2109/2109
f 2236/2236/2236 2214/2214/2214 2234/2234/2234
f 2059/2059/2059 2039/2039/2039 2034/2034/2034
f 2199/2199/2199 2229/2229/2229 2200/2200/2200
f 978/978/978 981/981/981 979/979/979
f 1168/1168/1168 1175/1175/1175 1177/1177/1177
f 1191/1191/1191 1184/1184/1184 1189/1189/1189
f 1098/1098/1098 1121/1121/1121 1070/1070/1070
f 1122/1122/1122 1120/1120/1120 1121/1121/1121
f 1145/1145/1145 1142/1142/1142 1156/1156/1156
f 1653/1653/1653 1660/1660/1660 1659/1659/1659
f 1646/1646/1646 1628/1628/1628 1648/1648/1648
f 1654/1654/1654 1646/1646/1646 1648/1648/1648
f 1648/1648/1648 1629/1629/1629 1619/1619/1619
f 2322/2322/2322 2331/2331/2331 2330/2330/2330
f 2327/2327/2327 2340/2340/2340 2356/2356/2356
f 1417/1417/1417 1350/1350/1350 1469/1469/1469
f 2336/2336/2336 2327/2327/2327 2335/2335/2335
f 1350/1350/1350 1439/1439/1439 1469/1469/1469
f 1439/1439/1439 1350/1350/1350 1381/1381/1381
f 1310/1310/1310 1468/1468/1468 1381/1381/1381
f 1309/1309/1309 1468/1468/1468 1310/1310/1310
f 1528/1528/1528 1309/1309/1309 1499/1499/1499
f 2262/2262/2262 2261/2261/2261 2291/2291/2291
f 2261/2261/2261 2262/2262/2262 2259/2259/2259
f 2242/2242/2242 2261/2261/2261 2259/2259/2259
f 2242/2242/2242 2227/2227/2227 2244/2244/2244
f 496/496/496 487/487/487 492/492/492
f 492/492/492 469/469/469 489/489/489
f 469/469/469 488/488/488 489/489/489
f 2225/2225/2225 2246/2246/2246 2227/2227/2227
f 2073/2073/2073 2111/2111/2111 2109/2109/2109
f 2214/2214/2214 2209/2209/2209 2234/2234/2234
f 2067/2067/2067 2039/2039/2039 2072/2072/2072
f 2200/2200/2200 2228/2228/2228 2209/2209/2209
f 2190/2190/2190 2195/2195/2195 2199/2199/2199
f 2076/2076/2076 2066/2066/2066 2104/2104/2104
f 2195/2195/2195 2167/2167/2167 2174/2174/2174
f 2115/2115/2115 2174/2174/2174 2128/2128/2128
f 1103/1103/1103 1106/1106/1106 1104/1104/1104
f 894/894/894 985/985/985 994/994/994
f 994/994/994 985/985/985 986/986/986
f 1073/1073/1073 1013/1013/1013 1012/1012/1012
f 1175/1175/1175 1184/1184/1184 1185/1185/1185
f 901/901/901 1098/1098/1098 1073/1073/1073
f 1658/1658/1658 1647/1647/1647 1657/1657/1657
f 1653/1653/1653 1654/1654/1654 1660/1660/1660
f 2346/2346/2346 2355/2355/2355 2371/2371/2371
f 2347/2347/2347 2333/2333/2333 2346/2346/2346
f 2322/2322/2322 2356/2356/2356 2331/2331/2331
f 1619/1619/1619 1417/1417/1417 1620/1620/1620
f 1926/1926/1926 1922/1922/1922 1812/1812/1812
f 1921/1921/1921 1812/1812/1812 1922/1922/1922
f 2259/2259/2259 2243/2243/2243 2242/2242/2242
f 507/507/507 496/496/496 492/492/492
f 2241/2241/2241 2242/2242/2242 2243/2243/2243
f 2227/2227/2227 2242/2242/2242 2241/2241/2241
f 489/489/489 488/488/488 492/492/492
f 2214/2214/2214 2222/2222/2222 2226/2226/2226
f 2190/2190/2190 2167/2167/2167 2195/2195/2195
f 2069/2069/2069 2066/2066/2066 2076/2076/2076
f 2103/2103/2103 2077/2077/2077 2076/2076/2076
f 2103/2103/2103 2076/2076/2076 2106/2106/2106
f 986/986/986 985/985/985 980/980/980
f 1102/1102/1102 1132/1132/1132 1149/1149/1149
f 1169/1169/1169 1149/1149/1149 1168/1168/1168
f 995/995/995 1011/1011/1011 1012/1012/1012
f 1173/1173/1173 1178/1178/1178 1175/1175/1175
f 1175/1175/1175 1178/1178/1178 1184/1184/1184
f 1073/1073/1073 1098/1098/1098 1072/1072/1072
f 1189/1189/1189 1184/1184/1184 1186/1186/1186
f 1071/1071/1071 1098/1098/1098 1070/1070/1070
f 1070/1070/1070 1121/1121/1121 1069/1069/1069
f 1121/1121/1121 1120/1120/1120 1069/1069/1069
f 1635/1635/1635 1657/1657/1657 1647/1647/1647
f 1657/1657/1657 1638/1638/1638 1659/1659/1659
f 1638/1638/1638 1653/1653/1653 1659/1659/1659
f 1160/1160/1160 1145/1145/1145 1156/1156/1156
f 1641/1641/1641 1654/1654/1654 1653/1653/1653
f 1641/1641/1641 1646/1646/1646 1654/1654/1654
f 1648/1648/1648 1628/1628/1628 1629/1629/1629
f 2331/2331/2331 2333/2333/2333 2332/2332/2332
f 1414/1414/1414 1417/1417/1417 1619/1619/1619
f 2336/2336/2336 2340/2340/2340 2327/2327/2327
f 1310/1310/1310 1381/1381/1381 1350/1350/1350
f 1923/1923/1923 1812/1812/1812 1920/1920/1920
f 1580/1580/1580 1499/1499/1499 1460/1460/1460
f 488/488/488 500/500/500 492/492/492
f 482/482/482 500/500/500 488/488/488
f 2222/2222/2222 2225/2225/2225 2223/2223/2223
f 2209/2209/2209 2214/2214/2214 2210/2210/2210
f 2060/2060/2060 2034/2034/2034 2039/2039/2039
f 2198/2198/2198 2209/2209/2209 2210/2210/2210
f 2198/2198/2198 2200/2200/2200 2209/2209/2209
f 2037/2037/2037 2039/2039/2039 2067/2067/2067
f 2037/2037/2037 2067/2067/2067 2072/2072/2072
f 2072/2072/2072 2036/2036/2036 2037/2037/2037
f 2200/2200/2200 2191/2191/2191 2199/2199/2199
f 2036/2036/2036 1935/1935/1935 1938/1938/1938
f 1935/1935/1935 2036/2036/2036 2065/2065/2065
f 1959/1959/1959 2076/2076/2076 2077/2077/2077
f 2128/2128/2128 2174/2174/2174 2114/2114/2114
f 2114/2114/2114 2103/2103/2103 2115/2115/2115
f 979/979/979 981/981/981 982/982/982
f 979/979/979 982/982/982 1104/1104/1104
f 1103/1103/1103 1102/1102/1102 1106/1106/1106
f 1123/1123/1123 1154/1154/1154 1149/1149/1149
f 1149/1149/1149 1154/1154/1154 1168/1168/1168
f 1013/1013/1013 1073/1073/1073 1025/1025/1025
f 1072/1072/1072 1025/1025/1025 1073/1073/1073
f 1180/1180/1180 1186/1186/1186 1184/1184/1184
f 1186/1186/1186 1190/1190/1190 1189/1189/1189
f 1095/1095/1095 1120/1120/1120 1122/1122/1122
f 1122/1122/1122 1137/1137/1137 1095/1095/1095
f 1635/1635/1635 1638/1638/1638 1657/1657/1657
f 1142/1142/1142 1137/1137/1137 1122/1122/1122
f 1137/1137/1137 1142/1142/1142 1145/1145/1145
f 1638/1638/1638 1641/1641/1641 1653/1653/1653
f 1646/1646/1646 1641/1641/1641 1628/1628/1628
f 2354/2354/2354 2355/2355/2355 2346/2346/2346
f 1392/1392/1392 1413/1413/1413 1619/1619/1619
f 1413/1413/1413 1414/1414/1414 1619/1619/1619
f 1414/1414/1414 1350/1350/1350 1417/1417/1417
f 2336/2336/2336 2359/2359/2359 2342/2342/2342
f 1310/1310/1310 1350/1350/1350 1278/1278/1278
f 2342/2342/2342 2359/2359/2359 2362/2362/2362
f 1309/1309/1309 1310/1310/1310 1278/1278/1278
f 1499/1499/1499 1309/1309/1309 1460/1460/1460
f 1580/1580/1580 1460/1460/1460 1579/1579/1579
f 1921/1921/1921 1805/1805/1805 1812/1812/1812
f 2293/2293/2293 2262/2262/2262 2291/2291/2291
f 1806/1806/1806 1805/1805/1805 1921/1921/1921
f 2293/2293/2293 2259/2259/2259 2262/2262/2262
f 507/507/507 492/492/492 506/506/506
f 2224/2224/2224 2227/2227/2227 2241/2241/2241
f 501/501/501 500/500/500 482/482/482
f 2073/2073/2073 2061/2061/2061 2111/2111/2111
f 2204/2204/2204 2226/2226/2226 2222/2222/2222
f 2214/2214/2214 2226/2226/2226 2204/2204/2204
f 2059/2059/2059 2058/2058/2058 2057/2057/2057
f 2038/2038/2038 2060/2060/2060 2039/2039/2039
f 2039/2039/2039 1975/1975/1975 2038/2038/2038
f 1941/1941/1941 1975/1975/1975 2039/2039/2039
f 1941/1941/1941 2039/2039/2039 2037/2037/2037
f 2066/2066/2066 1933/1933/1933 2065/2065/2065
f 2174/2174/2174 2167/2167/2167 2114/2114/2114
f 1959/1959/1959 2069/2069/2069 2076/2076/2076
f 2114/2114/2114 2070/2070/2070 2103/2103/2103
f 2114/2114/2114 2115/2115/2115 2128/2128/2128
f 978/978/978 980/980/980 983/983/983
f 982/982/982 1103/1103/1103 1104/1104/1104
f 1132/1132/1132 1123/1123/1123 1149/1149/1149
f 995/995/995 993/993/993 1011/1011/1011
f 1178/1178/1178 1180/1180/1180 1184/1184/1184
f 1071/1071/1071 1072/1072/1072 1098/1098/1098
f 1436/1436/1436 1629/1629/1629 1628/1628/1628
f 1616/1616/1616 1619/1619/1619 1629/1629/1629
f 1413/1413/1413 1339/1339/1339 1350/1350/1350
f 1414/1414/1414 1413/1413/1413 1350/1350/1350
f 1278/1278/1278 1350/1350/1350 1339/1339/1339
f 2240/2240/2240 2224/2224/2224 2241/2241/2241
f 2061/2061/2061 2099/2099/2099 2111/2111/2111
f 2223/2223/2223 2221/2221/2221 2222/2222/2222
f 2204/2204/2204 2222/2222/2222 2205/2205/2205
f 2205/2205/2205 2222/2222/2222 2221/2221/2221
f 2198/2198/2198 2214/2214/2214 2202/2202/2202
f 2214/2214/2214 2198/2198/2198 2210/2210/2210
f 2191/2191/2191 2200/2200/2200 2198/2198/2198
f 2190/2190/2190 2199/2199/2199 2191/2191/2191
f 1934/1934/1934 1933/1933/1933 2066/2066/2066
f 1934/1934/1934 2066/2066/2066 2069/2069/2069
f 2070/2070/2070 1959/1959/1959 2077/2077/2077
f 984/984/984 983/983/983 980/980/980
f 982/982/982 1102/1102/1102 1103/1103/1103
f 1168/1168/1168 1154/1154/1154 1148/1148/1148
f 1148/1148/1148 1175/1175/1175 1168/1168/1168
f 1175/1175/1175 1148/1148/1148 1173/1173/1173
f 1193/1193/1193 1190/1190/1190 1186/1186/1186
f 1638/1638/1638 1642/1642/1642 1641/1641/1641
f 1641/1641/1641 1625/1625/1625 1632/1632/1632
f 1632/1632/1632 1628/1628/1628 1641/1641/1641
f 1442/1442/1442 1436/1436/1436 1628/1628/1628
f 2333/2333/2333 2331/2331/2331 2346/2346/2346
f 1629/1629/1629 1436/1436/1436 1616/1616/1616
f 1616/1616/1616 1392/1392/1392 1619/1619/1619
f 2376/2376/2376 2377/2377/2377 2378/2378/2378
f 1392/1392/1392 1339/1339/1339 1413/1413/1413
f 2340/2340/2340 2341/2341/2341 2343/2343/2343
f 2336/2336/2336 2341/2341/2341 2340/2340/2340
f 1920/1920/1920 1801/1801/1801 1819/1819/1819
f 1812/1812/1812 1801/1801/1801 1920/1920/1920
f 1559/1559/1559 1579/1579/1579 1460/1460/1460
f 2258/2258/2258 2243/2243/2243 2259/2259/2259
f 2258/2258/2258 2241/2241/2241 2243/2243/2243
f 2225/2225/2225 2227/2227/2227 2224/2224/2224
f 2061/2061/2061 2073/2073/2073 2057/2057/2057
f 2058/2058/2058 2059/2059/2059 2030/2030/2030
f 2030/2030/2030 2059/2059/2059 2034/2034/2034
f 2038/2038/2038 2034/2034/2034 2060/2060/2060
f 1941/1941/1941 2037/2037/2037 2036/2036/2036
f 1939/1939/1939 1941/1941/1941 2036/2036/2036
f 1939/1939/1939 2036/2036/2036 1938/1938/1938
f 2190/2190/2190 2176/2176/2176 2167/2167/2167
f 2065/2065/2065 1933/1933/1933 1935/1935/1935
f 2075/2075/2075 2070/2070/2070 2114/2114/2114
f 2103/2103/2103 2070/2070/2070 2077/2077/2077
f 982/982/982 981/981/981 978/978/978
f 985/985/985 984/984/984 980/980/980
f 1123/1123/1123 1132/1132/1132 1102/1102/1102
f 995/995/995 992/992/992 993/993/993
f 1012/1012/1012 1013/1013/1013 1005/1005/1005
f 1173/1173/1173 1180/1180/1180 1178/1178/1178
f 1072/1072/1072 1071/1071/1071 1025/1025/1025
f 1180/1180/1180 1181/1181/1181 1186/1186/1186
f 1652/1652/1652 1651/1651/1651 1647/1647/1647
f 1095/1095/1095 1094/1094/1094 1120/1120/1120
f 1636/1636/1636 1638/1638/1638 1635/1635/1635
f 1136/1136/1136 1137/1137/1137 1145/1145/1145
f 1095/1095/1095 1137/1137/1137 1136/1136/1136
f 1641/1641/1641 1624/1624/1624 1625/1625/1625
f 1632/1632/1632 1625/1625/1625 1628/1628/1628
f 2331/2331/2331 2354/2354/2354 2346/2346/2346
f 1616/1616/1616 1436/1436/1436 1392/1392/1392
f 1436/1436/1436 1388/1388/1388 1392/1392/1392
f 2342/2342/2342 2341/2341/2341 2336/2336/2336
f 1273/1273/1273 1309/1309/1309 1278/1278/1278
f 1615/1615/1615 1559/1559/1559 1545/1545/1545
f 2260/2260/2260 2241/2241/2241 2258/2258/2258
f 2270/2270/2270 2240/2240/2240 2241/2241/2241
f 2240/2240/2240 2238/2238/2238 2224/2224/2224
f 492/492/492 500/500/500 506/506/506
f 2225/2225/2225 2224/2224/2224 2223/2223/2223
f 2214/2214/2214 2204/2204/2204 2202/2202/2202
f 2191/2191/2191 2178/2178/2178 2190/2190/2190
f 1934/1934/1934 2069/2069/2069 1959/1959/1959
f 991/991/991 993/993/993 992/992/992
f 1012/1012/1012 1005/1005/1005 995/995/995
f 1643/1643/1643 1637/1637/1637 1647/1647/1647
f 1120/1120/1120 1094/1094/1094 1069/1069/1069
f 1637/1637/1637 1635/1635/1635 1647/1647/1647
f 1092/1092/1092 1095/1095/1095 1135/1135/1135
f 1636/1636/1636 1624/1624/1624 1638/1638/1638
f 1136/1136/1136 1135/1135/1135 1095/1095/1095
f 1624/1624/1624 1642/1642/1642 1638/1638/1638
f 1145/1145/1145 1135/1135/1135 1136/1136/1136
f 1642/1642/1642 1624/1624/1624 1641/1641/1641
f 1145/1145/1145 1161/1161/1161 1157/1157/1157
f 1160/1160/1160 1161/1161/1161 1145/1145/1145
f 1161/1161/1161 1160/1160/1160 1162/1162/1162
f 1625/1625/1625 1453/1453/1453 1628/1628/1628
f 1453/1453/1453 1442/1442/1442 1628/1628/1628
f 2377/2377/2377 2379/2379/2379 2380/2380/2380
f 2376/2376/2376 2379/2379/2379 2377/2377/2377
f 1388/1388/1388 1391/1391/1391 1392/1392/1392
f 1391/1391/1391 1338/1338/1338 1392/1392/1392
f 1392/1392/1392 1338/1338/1338 1339/1339/1339
f 1338/1338/1338 1278/1278/1278 1339/1339/1339
f 1273/1273/1273 1278/1278/1278 1272/1272/1272
f 1809/1809/1809 1819/1819/1819 1799/1799/1799
f 1801/1801/1801 1799/1799/1799 1819/1819/1819
f 1460/1460/1460 1309/1309/1309 1273/1273/1273
f 1812/1812/1812 1782/1782/1782 1801/1801/1801
f 2260/2260/2260 2258/2258/2258 2259/2259/2259
f 2270/2270/2270 2241/2241/2241 2260/2260/2260
f 1813/1813/1813 1807/1807/1807 1806/1806/1806
f 2224/2224/2224 2238/2238/2238 2237/2237/2237
f 2220/2220/2220 2223/2223/2223 2224/2224/2224
f 2220/2220/2220 2221/2221/2221 2223/2223/2223
f 2205/2205/2205 2221/2221/2221 2206/2206/2206
f 2202/2202/2202 2204/2204/2204 2201/2201/2201
f 1975/1975/1975 2034/2034/2034 2038/2038/2038
f 1941/1941/1941 1943/1943/1943 1975/1975/1975
f 2178/2178/2178 2176/2176/2176 2190/2190/2190
f 2167/2167/2167 2126/2126/2126 2114/2114/2114
f 1934/1934/1934 1931/1931/1931 1933/1933/1933
f 983/983/983 982/982/982 978/978/978
f 991/991/991 989/989/989 985/985/985
f 989/989/989 988/988/988 985/985/985
f 1001/1001/1001 1123/1123/1123 1102/1102/1102
f 1173/1173/1173 1174/1174/1174 1180/1180/1180
f 1070/1070/1070 1025/1025/1025 1071/1071/1071
f 1625/1625/1625 1454/1454/1454 1453/1453/1453
f 2380/2380/2380 2379/2379/2379 2381/2381/2381
f 1442/1442/1442 1389/1389/1389 1436/1436/1436
f 1388/1388/1388 1436/1436/1436 1389/1389/1389
f 2343/2343/2343 2345/2345/2345 2340/2340/2340
f 1391/1391/1391 1388/1388/1388 1338/1338/1338
f 1272/1272/1272 1278/1278/1278 1338/1338/1338
f 1285/1285/1285 1460/1460/1460 1273/1273/1273
f 1545/1545/1545 1559/1559/1559 1460/1460/1460
f 1812/1812/1812 1805/1805/1805 1782/1782/1782
f 1814/1814/1814 1815/1815/1815 1796/1796/1796
f 2061/2061/2061 2064/2064/2064 2099/2099/2099
f 2055/2055/2055 2061/2061/2061 2057/2057/2057
f 2201/2201/2201 2204/2204/2204 2205/2205/2205
f 2191/2191/2191 2198/2198/2198 2178/2178/2178
f 1937/1937/1937 1939/1939/1939 1938/1938/1938
f 1937/1937/1937 1938/1938/1938 1935/1935/1935
f 1932/1932/1932 1935/1935/1935 1933/1933/1933
f 1957/1957/1957 1934/1934/1934 1959/1959/1959
f 2114/2114/2114 2074/2074/2074 2075/2075/2075
f 2112/2112/2112 2114/2114/2114 2126/2126/2126
f 1959/1959/1959 2070/2070/2070 1957/1957/1957
f 1102/1102/1102 982/982/982 1001/1001/1001
f 985/985/985 987/987/987 984/984/984
f 1123/1123/1123 1001/1001/1001 1148/1148/1148
f 1123/1123/1123 1148/1148/1148 1154/1154/1154
f 992/992/992 995/995/995 996/996/996
f 995/995/995 1005/1005/1005 1004/1004/1004
f 1152/1152/1152 1173/1173/1173 1148/1148/1148
f 1174/1174/1174 1181/1181/1181 1180/1180/1180
f 1025/1025/1025 1070/1070/1070 1028/1028/1028
f 1640/1640/1640 1647/1647/1647 1651/1651/1651
f 1640/1640/1640 1639/1639/1639 1647/1647/1647
f 1639/1639/1639 1643/1643/1643 1647/1647/1647
f 1455/1455/1455 1625/1625/1625 1624/1624/1624
f 1446/1446/1446 1422/1422/1422 1442/1442/1442
f 2380/2380/2380 2381/2381/2381 2382/2382/2382
f 2341/2341/2341 2344/2344/2344 2343/2343/2343
f 1303/1303/1303 1272/1272/1272 1338/1338/1338
f 1819/1819/1819 1802/1802/1802 1817/1817/1817
f 1259/1259/1259 1273/1273/1273 1272/1272/1272
f 1809/1809/1809 1804/1804/1804 1819/1819/1819
f 1259/1259/1259 1285/1285/1285 1273/1273/1273
f 1489/1489/1489 1545/1545/1545 1460/1460/1460
f 1778/1778/1778 1805/1805/1805 1806/1806/1806
f 1562/1562/1562 1615/1615/1615 1545/1545/1545
f 1807/1807/1807 1800/1800/1800 1806/1806/1806
f 1813/1813/1813 1797/1797/1797 1807/1807/1807
f 2271/2271/2271 2240/2240/2240 2270/2270/2270
f 2224/2224/2224 2237/2237/2237 2220/2220/2220
f 1826/1826/1826 1815/1815/1815 1827/1827/1827
f 2217/2217/2217 2221/2221/2221 2220/2220/2220
f 2055/2055/2055 2056/2056/2056 2061/2061/2061
f 2057/2057/2057 2058/2058/2058 2030/2030/2030
f 2203/2203/2203 2201/2201/2201 2205/2205/2205
f 1976/1976/1976 1980/1980/1980 2034/2034/2034
f 1975/1975/1975 1943/1943/1943 1956/1956/1956
f 1935/1935/1935 1936/1936/1936 1937/1937/1937
f 2074/2074/2074 1957/1957/1957 2070/2070/2070
f 2075/2075/2075 2074/2074/2074 2070/2070/2070
f 2074/2074/2074 2114/2114/2114 2113/2113/2113
f 2113/2113/2113 2114/2114/2114 2112/2112/2112
f 1001/1001/1001 982/982/982 983/983/983
f 984/984/984 987/987/987 983/983/983
f 991/991/991 992/992/992 989/989/989
f 1152/1152/1152 1174/1174/1174 1173/1173/1173
f 1181/1181/1181 1176/1176/1176 1182/1182/1182
f 1182/1182/1182 1183/1183/1183 1181/1181/1181
f 1028/1028/1028 1070/1070/1070 1060/1060/1060
f 1639/1639/1639 1637/1637/1637 1643/1643/1643
f 1069/1069/1069 1049/1049/1049 1068/1068/1068
f 1094/1094/1094 1049/1049/1049 1069/1069/1069
f 1627/1627/1627 1635/1635/1635 1637/1637/1637
f 1095/1095/1095 1049/1049/1049 1094/1094/1094
f 1092/1092/1092 1049/1049/1049 1095/1095/1095
f 1635/1635/1635 1624/1624/1624 1636/1636/1636
f 1456/1456/1456 1455/1455/1455 1624/1624/1624
f 1145/1145/1145 1157/1157/1157 1135/1135/1135
f 1453/1453/1453 1446/1446/1446 1442/1442/1442
f 1422/1422/1422 1389/1389/1389 1442/1442/1442
f 1346/1346/1346 1388/1388/1388 1389/1389/1389
f 1346/1346/1346 1338/1338/1338 1388/1388/1388
f 1346/1346/1346 1303/1303/1303 1338/1338/1338
f 1804/1804/1804 1802/1802/1802 1819/1819/1819
f 1488/1488/1488 1460/1460/1460 1285/1285/1285
f 1489/1489/1489 1460/1460/1460 1488/1488/1488
f 1489/1489/1489 1562/1562/1562 1545/1545/1545
f 2271/2271/2271 2270/2270/2270 2260/2260/2260
f 1800/1800/1800 1778/1778/1778 1806/1806/1806
f 2271/2271/2271 2238/2238/2238 2240/2240/2240
f 1814/1814/1814 1797/1797/1797 1813/1813/1813
f 1796/1796/1796 1798/1798/1798 1814/1814/1814
f 1796/1796/1796 1815/1815/1815 1793/1793/1793
f 1793/1793/1793 1815/1815/1815 1826/1826/1826
f 2061/2061/2061 2063/2063/2063 2064/2064/2064
f 2056/2056/2056 2063/2063/2063 2061/2061/2061
f 2219/2219/2219 2217/2217/2217 2220/2220/2220
f 2057/2057/2057 2029/2029/2029 2055/2055/2055
f 2030/2030/2030 2029/2029/2029 2057/2057/2057
f 2034/2034/2034 1980/1980/1980 2030/2030/2030
f 2201/2201/2201 2189/2189/2189 2202/2202/2202
f 1976/1976/1976 2034/2034/2034 1975/1975/1975
f 2189/2189/2189 2198/2198/2198 2202/2202/2202
f 2176/2176/2176 2166/2166/2166 2167/2167/2167
f 2166/2166/2166 2176/2176/2176 2178/2178/2178
f 1936/1936/1936 1935/1935/1935 1927/1927/1927
f 1935/1935/1935 1932/1932/1932 1927/1927/1927
f 1931/1931/1931 1932/1932/1932 1933/1933/1933
f 1931/1931/1931 1934/1934/1934 1957/1957/1957
f 987/987/987 985/985/985 988/988/988
f 1001/1001/1001 1105/1105/1105 1148/1148/1148
f 996/996/996 989/989/989 992/992/992
f 995/995/995 1004/1004/1004 996/996/996
f 1174/1174/1174 1176/1176/1176 1181/1181/1181
f 1027/1027/1027 1025/1025/1025 1028/1028/1028
f 1640/1640/1640 1627/1627/1627 1639/1639/1639
f 1069/1069/1069 1068/1068/1068 1070/1070/1070
f 1639/1639/1639 1627/1627/1627 1637/1637/1637
f 1626/1626/1626 1624/1624/1624 1635/1635/1635
f 1455/1455/1455 1454/1454/1454 1625/1625/1625
f 1454/1454/1454 1421/1421/1421 1453/1453/1453
f 1421/1421/1421 1446/1446/1446 1453/1453/1453
f 1422/1422/1422 1390/1390/1390 1389/1389/1389
f 1354/1354/1354 1346/1346/1346 1389/1389/1389
f 2343/2343/2343 2344/2344/2344 2345/2345/2345
f 1303/1303/1303 1263/1263/1263 1272/1272/1272
f 1263/1263/1263 1259/1259/1259 1272/1272/1272
f 1489/1489/1489 1488/1488/1488 1285/1285/1285
f 1807/1807/1807 1797/1797/1797 1800/1800/1800
f 2272/2272/2272 2238/2238/2238 2271/2271/2271
f 1798/1798/1798 1797/1797/1797 1814/1814/1814
f 1980/1980/1980 1979/1979/1979 2030/2030/2030
f 1975/1975/1975 1956/1956/1956 1976/1976/1976
f 1937/1937/1937 1936/1936/1936 1939/1939/1939
f 1927/1927/1927 1932/1932/1932 1931/1931/1931
f 2167/2167/2167 2107/2107/2107 2112/2112/2112
f 2107/2107/2107 2167/2167/2167 2166/2166/2166
f 2112/2112/2112 2126/2126/2126 2167/2167/2167
f 1957/1957/1957 2074/2074/2074 1967/1967/1967
f 983/983/983 999/999/999 1001/1001/1001
f 988/988/988 989/989/989 990/990/990
f 1001/1001/1001 1002/1002/1002 1105/1105/1105
f 1152/1152/1152 1148/1148/1148 1105/1105/1105
f 1005/1005/1005 1013/1013/1013 1004/1004/1004
f 1634/1634/1634 1627/1627/1627 1640/1640/1640
f 1627/1627/1627 1626/1626/1626 1635/1635/1635
f 1139/1139/1139 1138/1138/1138 1135/1135/1135
f 1135/1135/1135 1157/1157/1157 1139/1139/1139
f 1455/1455/1455 1419/1419/1419 1454/1454/1454
f 1419/1419/1419 1421/1421/1421 1454/1454/1454
f 1161/1161/1161 1139/1139/1139 1157/1157/1157
f 2380/2380/2380 2383/2383/2383 2384/2384/2384
f 1446/1446/1446 1421/1421/1421 1422/1422/1422
f 2382/2382/2382 2383/2383/2383 2380/2380/2380
f 1422/1422/1422 1421/1421/1421 1390/1390/1390
f 1390/1390/1390 1354/1354/1354 1389/1389/1389
f 2345/2345/2345 2344/2344/2344 2357/2357/2357
f 1817/1817/1817 1802/1802/1802 1790/1790/1790
f 1799/1799/1799 1804/1804/1804 1809/1809/1809
f 1801/1801/1801 1776/1776/1776 1799/1799/1799
f 1782/1782/1782 1776/1776/1776 1801/1801/1801
f 1502/1502/1502 1489/1489/1489 1285/1285/1285
f 1782/1782/1782 1805/1805/1805 1778/1778/1778
f 1797/1797/1797 1798/1798/1798 1796/1796/1796
f 2239/2239/2239 2238/2238/2238 2272/2272/2272
f 2239/2239/2239 2237/2237/2237 2238/2238/2238
f 2239/2239/2239 2220/2220/2220 2237/2237/2237
f 2029/2029/2029 2032/2032/2032 2055/2055/2055
f 2208/2208/2208 2221/2221/2221 2217/2217/2217
f 2208/2208/2208 2206/2206/2206 2221/2221/2221
f 2198/2198/2198 2179/2179/2179 2178/2178/2178
f 1944/1944/1944 1956/1956/1956 1943/1943/1943
f 1941/1941/1941 1942/1942/1942 1943/1943/1943
f 2112/2112/2112 2088/2088/2088 2074/2074/2074
f 1930/1930/1930 1931/1931/1931 1957/1957/1957
f 1967/1967/1967 1960/1960/1960 1957/1957/1957
f 2074/2074/2074 2113/2113/2113 2112/2112/2112
f 1002/1002/1002 1001/1001/1001 999/999/999
f 989/989/989 996/996/996 1003/1003/1003
f 1166/1166/1166 1174/1174/1174 1152/1152/1152
f 1013/1013/1013 1022/1022/1022 1004/1004/1004
f 1025/1025/1025 1022/1022/1022 1013/1013/1013
f 1166/1166/1166 1176/1176/1176 1174/1174/1174
f 1634/1634/1634 1621/1621/1621 1627/1627/1627
f 1054/1054/1054 1060/1060/1060 1070/1070/1070
f 1626/1626/1626 1457/1457/1457 1624/1624/1624
f 1457/1457/1457 1456/1456/1456 1624/1624/1624
f 1135/1135/1135 1138/1138/1138 1092/1092/1092
f 1419/1419/1419 1390/1390/1390 1421/1421/1421
f 1328/1328/1328 1346/1346/1346 1354/1354/1354
f 1328/1328/1328 1303/1303/1303 1346/1346/1346
f 1808/1808/1808 1820/1820/1820 1817/1817/1817
f 1808/1808/1808 1817/1817/1817 1790/1790/1790
f 1804/1804/1804 1799/1799/1799 1802/1802/1802
f 1780/1780/1780 1802/1802/1802 1799/1799/1799
f 1285/1285/1285 1501/1501/1501 1502/1502/1502
f 1502/1502/1502 1562/1562/1562 1489/1489/1489
f 1541/1541/1541 1594/1594/1594 1562/1562/1562
f 1800/1800/1800 1774/1774/1774 1778/1778/1778
f 1774/1774/1774 1800/1800/1800 1797/1797/1797
f 1796/1796/1796 1774/1774/1774 1797/1797/1797
f 1793/1793/1793 1771/1771/1771 1796/1796/1796
f 2219/2219/2219 2220/2220/2220 2239/2239/2239
f 2205/2205/2205 2206/2206/2206 2197/2197/2197
f 2197/2197/2197 2203/2203/2203 2205/2205/2205
f 1980/1980/1980 1956/1956/1956 1979/1979/1979
f 1976/1976/1976 1956/1956/1956 1980/1980/1980
f 2198/2198/2198 2189/2189/2189 2179/2179/2179
f 2178/2178/2178 2164/2164/2164 2166/2166/2166
f 1940/1940/1940 1942/1942/1942 1941/1941/1941
f 1940/1940/1940 1941/1941/1941 1939/1939/1939
f 1936/1936/1936 1940/1940/1940 1939/1939/1939
f 1930/1930/1930 1927/1927/1927 1931/1931/1931
f 1960/1960/1960 1967/1967/1967 2074/2074/2074
f 987/987/987 988/988/988 999/999/999
f 987/987/987 999/999/999 983/983/983
f 989/989/989 997/997/997 990/990/990
f 997/997/997 988/988/988 990/990/990
f 1105/1105/1105 1107/1107/1107 1133/1133/1133
f 1133/1133/1133 1152/1152/1152 1105/1105/1105
f 1133/1133/1133 1107/1107/1107 1152/1152/1152
f 989/989/989 1010/1010/1010 1000/1000/1000
f 1153/1153/1153 1166/1166/1166 1152/1152/1152
f 1634/1634/1634 1633/1633/1633 1621/1621/1621
f 1060/1060/1060 1037/1037/1037 1028/1028/1028
f 1060/1060/1060 1054/1054/1054 1037/1037/1037
f 1614/1614/1614 1627/1627/1627 1621/1621/1621
f 1614/1614/1614 1457/1457/1457 1627/1627/1627
f 1627/1627/1627 1457/1457/1457 1626/1626/1626
f 1144/1144/1144 1092/1092/1092 1139/1139/1139
f 1139/1139/1139 1092/1092/1092 1138/1138/1138
f 1427/1427/1427 1455/1455/1455 1456/1456/1456
f 1419/1419/1419 1418/1418/1418 1390/1390/1390
f 1418/1418/1418 1372/1372/1372 1390/1390/1390
f 2383/2383/2383 2385/2385/2385 2384/2384/2384
f 1372/1372/1372 1371/1371/1371 1390/1390/1390
f 1354/1354/1354 1390/1390/1390 1371/1371/1371
f 2344/2344/2344 2358/2358/2358 2357/2357/2357
f 1818/1818/1818 1830/1830/1830 1820/1820/1820
f 1263/1263/1263 1303/1303/1303 1262/1262/1262
f 1799/1799/1799 1777/1777/1777 1780/1780/1780
f 1501/1501/1501 1285/1285/1285 1291/1291/1291
f 1539/1539/1539 1562/1562/1562 1502/1502/1502
f 1539/1539/1539 1541/1541/1541 1562/1562/1562
f 1541/1541/1541 1595/1595/1595 1594/1594/1594
f 1774/1774/1774 1796/1796/1796 1771/1771/1771
f 2056/2056/2056 2062/2062/2062 2063/2063/2063
f 2032/2032/2032 2062/2062/2062 2056/2056/2056
f 2055/2055/2055 2032/2032/2032 2056/2056/2056
f 2218/2218/2218 2217/2217/2217 2219/2219/2219
f 2218/2218/2218 2207/2207/2207 2217/2217/2217
f 2217/2217/2217 2207/2207/2207 2208/2208/2208
f 2207/2207/2207 2206/2206/2206 2208/2208/2208
f 2207/2207/2207 2197/2197/2197 2206/2206/2206
f 1979/1979/1979 1977/1977/1977 2030/2030/2030
f 2201/2201/2201 2203/2203/2203 2197/2197/2197
f 2189/2189/2189 2201/2201/2201 2193/2193/2193
f 1956/1956/1956 1977/1977/1977 1979/1979/1979
f 2178/2178/2178 2179/2179/2179 2177/2177/2177
f 1943/1943/1943 1942/1942/1942 1944/1944/1944
f 1930/1930/1930 1953/1953/1953 1928/1928/1928
f 1953/1953/1953 1930/1930/1930 1957/1957/1957
f 1958/1958/1958 1953/1953/1953 1957/1957/1957
f 2074/2074/2074 2088/2088/2088 1960/1960/1960
f 1958/1958/1958 1957/1957/1957 1960/1960/1960
f 997/997/997 989/989/989 1000/1000/1000
f 1152/1152/1152 1107/1107/1107 1153/1153/1153
f 989/989/989 1003/1003/1003 1010/1010/1010
f 996/996/996 1004/1004/1004 1003/1003/1003
f 1457/1457/1457 1427/1427/1427 1456/1456/1456
f 1427/1427/1427 1419/1419/1419 1455/1455/1455
f 1139/1139/1139 1161/1161/1161 1144/1144/1144
f 1349/1349/1349 1354/1354/1354 1371/1371/1371
f 1328/1328/1328 1275/1275/1275 1303/1303/1303
f 1808/1808/1808 1818/1818/1818 1820/1820/1820
f 1275/1275/1275 1262/1262/1262 1303/1303/1303
f 1262/1262/1262 1259/1259/1259 1263/1263/1263
f 1260/1260/1260 1259/1259/1259 1262/1262/1262
f 1259/1259/1259 1291/1291/1291 1285/1285/1285
f 1777/1777/1777 1799/1799/1799 1776/1776/1776
f 1782/1782/1782 1761/1761/1761 1776/1776/1776
f 1539/1539/1539 1502/1502/1502 1501/1501/1501
f 2275/2275/2275 2239/2239/2239 2272/2272/2272
f 1793/1793/1793 1792/1792/1792 1771/1771/1771
f 2275/2275/2275 2219/2219/2219 2239/2239/2239
f 2063/2063/2063 2062/2062/2062 2094/2094/2094
f 2218/2218/2218 2219/2219/2219 2267/2267/2267
f 2022/2022/2022 2028/2028/2028 2029/2029/2029
f 2028/2028/2028 2032/2032/2032 2029/2029/2029
f 2029/2029/2029 1986/1986/1986 2022/2022/2022
f 2031/2031/2031 1986/1986/1986 2029/2029/2029
f 1986/1986/1986 2031/2031/2031 2030/2030/2030
f 2030/2030/2030 2031/2031/2031 2029/2029/2029
f 2030/2030/2030 1977/1977/1977 1986/1986/1986
f 1974/1974/1974 1977/1977/1977 1956/1956/1956
f 2177/2177/2177 2179/2179/2179 2189/2189/2189
f 2163/2163/2163 2178/2178/2178 2177/2177/2177
f 2164/2164/2164 2178/2178/2178 2163/2163/2163
f 1929/1929/1929 1936/1936/1936 1927/1927/1927
f 1927/1927/1927 1930/1930/1930 1928/1928/1928
f 2088/2088/2088 2112/2112/2112 2107/2107/2107
f 988/988/988 998/998/998 999/999/999
f 1166/1166/1166 1172/1172/1172 1176/1176/1176
f 1025/1025/1025 1027/1027/1027 1023/1023/1023
f 1633/1633/1633 1631/1631/1631 1623/1623/1623
f 1068/1068/1068 1054/1054/1054 1070/1070/1070
f 1092/1092/1092 1059/1059/1059 1049/1049/1049
f 1614/1614/1614 1440/1440/1440 1457/1457/1457
f 1440/1440/1440 1428/1428/1428 1457/1457/1457
f 1428/1428/1428 1427/1427/1427 1457/1457/1457
f 2386/2386/2386 2384/2384/2384 2385/2385/2385
f 1419/1419/1419 1372/1372/1372 1418/1418/1418
f 1349/1349/1349 1371/1371/1371 1372/1372/1372
f 1349/1349/1349 1328/1328/1328 1354/1354/1354
f 1790/1790/1790 1802/1802/1802 1780/1780/1780
f 1259/1259/1259 1293/1293/1293 1291/1291/1291
f 1782/1782/1782 1778/1778/1778 1761/1761/1761
f 1501/1501/1501 1291/1291/1291 1293/1293/1293
f 1778/1778/1778 1731/1731/1731 1761/1761/1761
f 1731/1731/1731 1778/1778/1778 1775/1775/1775
f 1731/1731/1731 1775/1775/1775 1774/1774/1774
f 1774/1774/1774 1775/1775/1775 1778/1778/1778
f 2275/2275/2275 2267/2267/2267 2219/2219/2219
f 2207/2207/2207 2211/2211/2211 2197/2197/2197
f 2193/2193/2193 2201/2201/2201 2197/2197/2197
f 1946/1946/1946 1956/1956/1956 1944/1944/1944
f 1946/1946/1946 1944/1944/1944 1942/1942/1942
f 2132/2132/2132 2107/2107/2107 2166/2166/2166
f 2132/2132/2132 2166/2166/2166 2164/2164/2164
f 2000/2000/2000 1960/1960/1960 2088/2088/2088
f 988/988/988 997/997/997 998/998/998
f 999/999/999 1009/1009/1009 1002/1002/1002
f 1107/1107/1107 1166/1166/1166 1153/1153/1153
f 1004/1004/1004 1022/1022/1022 1021/1021/1021
f 1023/1023/1023 1022/1022/1022 1025/1025/1025
f 1623/1623/1623 1621/1621/1621 1633/1633/1633
f 1623/1623/1623 1451/1451/1451 1621/1621/1621
f 1093/1093/1093 1059/1059/1059 1092/1092/1092
f 1092/1092/1092 1144/1144/1144 1093/1093/1093
f 1427/1427/1427 1387/1387/1387 1419/1419/1419
f 1387/1387/1387 1372/1372/1372 1419/1419/1419
f 1387/1387/1387 1349/1349/1349 1372/1372/1372
f 1821/1821/1821 1918/1918/1918 1830/1830/1830
f 1785/1785/1785 1830/1830/1830 1818/1818/1818
f 1259/1259/1259 1260/1260/1260 1257/1257/1257
f 1258/1258/1258 1259/1259/1259 1257/1257/1257
f 1258/1258/1258 1293/1293/1293 1259/1259/1259
f 1541/1541/1541 1539/1539/1539 1501/1501/1501
f 1542/1542/1542 1593/1593/1593 1595/1595/1595
f 1771/1771/1771 1762/1762/1762 1774/1774/1774
f 1772/1772/1772 1771/1771/1771 1792/1792/1792
f 2276/2276/2276 2267/2267/2267 2275/2275/2275
f 2043/2043/2043 2068/2068/2068 2062/2062/2062
f 2032/2032/2032 2043/2043/2043 2062/2062/2062
f 2235/2235/2235 2218/2218/2218 2267/2267/2267
f 1977/1977/1977 1974/1974/1974 1986/1986/1986
f 2189/2189/2189 2193/2193/2193 2183/2183/2183
f 2189/2189/2189 2185/2185/2185 2177/2177/2177
f 1940/1940/1940 1950/1950/1950 1942/1942/1942
f 1936/1936/1936 1950/1950/1950 1940/1940/1940
f 1951/1951/1951 1950/1950/1950 1936/1936/1936
f 1927/1927/1927 1928/1928/1928 1929/1929/1929
f 2000/2000/2000 2088/2088/2088 2107/2107/2107
f 1953/1953/1953 1958/1958/1958 1960/1960/1960
f 1009/1009/1009 1107/1107/1107 1105/1105/1105
f 1166/1166/1166 1167/1167/1167 1172/1172/1172
f 1028/1028/1028 1031/1031/1031 1027/1027/1027
f 1028/1028/1028 1036/1036/1036 1031/1031/1031
f 1037/1037/1037 1036/1036/1036 1028/1028/1028
f 1451/1451/1451 1450/1450/1450 1621/1621/1621
f 1054/1054/1054 1068/1068/1068 1049/1049/1049
f 1614/1614/1614 1441/1441/1441 1440/1440/1440
f 1441/1441/1441 1404/1404/1404 1440/1440/1440
f 1440/1440/1440 1404/1404/1404 1428/1428/1428
f 1427/1427/1427 1403/1403/1403 1387/1387/1387
f 1144/1144/1144 1171/1171/1171 1100/1100/1100
f 2385/2385/2385 2387/2387/2387 2386/2386/2386
f 1360/1360/1360 1349/1349/1349 1387/1387/1387
f 1320/1320/1320 1328/1328/1328 1349/1349/1349
f 1785/1785/1785 1821/1821/1821 1830/1830/1830
f 1275/1275/1275 1328/1328/1328 1320/1320/1320
f 1761/1761/1761 1742/1742/1742 1776/1776/1776
f 1479/1479/1479 1541/1541/1541 1501/1501/1501
f 1774/1774/1774 1741/1741/1741 1731/1731/1731
f 1762/1762/1762 1741/1741/1741 1774/1774/1774
f 1542/1542/1542 1595/1595/1595 1541/1541/1541
f 1779/1779/1779 1763/1763/1763 1772/1772/1772
f 2235/2235/2235 2267/2267/2267 2276/2276/2276
f 2028/2028/2028 2043/2043/2043 2032/2032/2032
f 2211/2211/2211 2207/2207/2207 2235/2235/2235
f 2235/2235/2235 2207/2207/2207 2218/2218/2218
f 2196/2196/2196 2193/2193/2193 2197/2197/2197
f 1946/1946/1946 1974/1974/1974 1956/1956/1956
f 2183/2183/2183 2185/2185/2185 2189/2189/2189
f 1942/1942/1942 1947/1947/1947 1946/1946/1946
f 1942/1942/1942 1950/1950/1950 1949/1949/1949
f 1945/1945/1945 1936/1936/1936 1929/1929/1929
f 1952/1952/1952 1928/1928/1928 1953/1953/1953
f 1002/1002/1002 1009/1009/1009 1105/1105/1105
f 1000/1000/1000 1006/1006/1006 997/997/997
f 1009/1009/1009 1091/1091/1091 1107/1107/1107
f 1091/1091/1091 1129/1129/1129 1107/1107/1107
f 1107/1107/1107 1129/1129/1129 1166/1166/1166
f 1010/1010/1010 1003/1003/1003 1004/1004/1004
f 1129/1129/1129 1167/1167/1167 1166/1166/1166
f 1022/1022/1022 1023/1023/1023 1021/1021/1021
f 1623/1623/1623 1452/1452/1452 1451/1451/1451
f 1037/1037/1037 1054/1054/1054 1039/1039/1039
f 1450/1450/1450 1447/1447/1447 1614/1614/1614
f 1621/1621/1621 1450/1450/1450 1614/1614/1614
f 1447/1447/1447 1441/1441/1441 1614/1614/1614
f 1428/1428/1428 1404/1404/1404 1427/1427/1427
f 1427/1427/1427 1404/1404/1404 1403/1403/1403
f 1404/1404/1404 1360/1360/1360 1403/1403/1403
f 1360/1360/1360 1387/1387/1387 1403/1403/1403
f 1360/1360/1360 1337/1337/1337 1349/1349/1349
f 1337/1337/1337 1320/1320/1320 1349/1349/1349
f 1818/1818/1818 1808/1808/1808 1785/1785/1785
f 1274/1274/1274 1275/1275/1275 1320/1320/1320
f 1808/1808/1808 1790/1790/1790 1785/1785/1785
f 1780/1780/1780 1733/1733/1733 1790/1790/1790
f 1257/1257/1257 1260/1260/1260 1262/1262/1262
f 1479/1479/1479 1293/1293/1293 1258/1258/1258
f 1731/1731/1731 1732/1732/1732 1761/1761/1761
f 1479/1479/1479 1501/1501/1501 1293/1293/1293
f 1592/1592/1592 1610/1610/1610 1593/1593/1593
f 2001/2001/2001 2022/2022/2022 1986/1986/1986
f 1987/1987/1987 2001/2001/2001 1986/1986/1986
f 1974/1974/1974 1987/1987/1987 1986/1986/1986
f 2182/2182/2182 2193/2193/2193 2196/2196/2196
f 2182/2182/2182 2183/2183/2183 2193/2193/2193
f 1947/1947/1947 1969/1969/1969 1946/1946/1946
f 1942/1942/1942 1948/1948/1948 1947/1947/1947
f 1948/1948/1948 1942/1942/1942 1949/1949/1949
f 1951/1951/1951 1936/1936/1936 1945/1945/1945
f 1929/1929/1929 1928/1928/1928 1952/1952/1952
f 2000/2000/2000 2107/2107/2107 2071/2071/2071
f 997/997/997 1006/1006/1006 1008/1008/1008
f 1000/1000/1000 1010/1010/1010 1020/1020/1020
f 1631/1631/1631 1622/1622/1622 1623/1623/1623
f 1623/1623/1623 1622/1622/1622 1452/1452/1452
f 1447/1447/1447 1420/1420/1420 1441/1441/1441
f 1059/1059/1059 1045/1045/1045 1049/1049/1049
f 1425/1425/1425 1405/1405/1405 1441/1441/1441
f 1420/1420/1420 1425/1425/1425 1441/1441/1441
f 1441/1441/1441 1405/1405/1405 1404/1404/1404
f 1093/1093/1093 1144/1144/1144 1100/1100/1100
f 1405/1405/1405 1360/1360/1360 1404/1404/1404
f 2383/2383/2383 2387/2387/2387 2385/2385/2385
f 1360/1360/1360 1342/1342/1342 1337/1337/1337
f 1274/1274/1274 1257/1257/1257 1275/1275/1275
f 1257/1257/1257 1262/1262/1262 1275/1275/1275
f 1254/1254/1254 1258/1258/1258 1257/1257/1257
f 1730/1730/1730 1777/1777/1777 1776/1776/1776
f 1730/1730/1730 1776/1776/1776 1742/1742/1742
f 1258/1258/1258 1500/1500/1500 1479/1479/1479
f 1290/1290/1290 1500/1500/1500 1258/1258/1258
f 1542/1542/1542 1541/1541/1541 1479/1479/1479
f 1737/1737/1737 1741/1741/1741 1762/1762/1762
f 1771/1771/1771 1737/1737/1737 1762/1762/1762
f 1547/1547/1547 1593/1593/1593 1542/1542/1542
f 1771/1771/1771 1763/1763/1763 1737/1737/1737
f 1772/1772/1772 1763/1763/1763 1771/1771/1771
f 2028/2028/2028 2053/2053/2053 2043/2043/2043
f 2035/2035/2035 2053/2053/2053 2028/2028/2028
f 2277/2277/2277 2235/2235/2235 2278/2278/2278
f 2277/2277/2277 2211/2211/2211 2235/2235/2235
f 2022/2022/2022 2026/2026/2026 2028/2028/2028
f 2001/2001/2001 2026/2026/2026 2022/2022/2022
f 2212/2212/2212 2197/2197/2197 2211/2211/2211
f 1946/1946/1946 1973/1973/1973 1974/1974/1974
f 1946/1946/1946 1969/1969/1969 1973/1973/1973
f 2183/2183/2183 2177/2177/2177 2185/2185/2185
f 2117/2117/2117 2164/2164/2164 2163/2163/2163
f 2117/2117/2117 2107/2107/2107 2132/2132/2132
f 2117/2117/2117 2132/2132/2132 2164/2164/2164
f 2116/2116/2116 2071/2071/2071 2107/2107/2107
f 1953/1953/1953 1954/1954/1954 1952/1952/1952
f 1961/1961/1961 1953/1953/1953 1960/1960/1960
f 2000/2000/2000 1961/1961/1961 1960/1960/1960
f 1007/1007/1007 998/998/998 997/997/997
f 998/998/998 1007/1007/1007 999/999/999
f 1010/1010/1010 1004/1004/1004 1020/1020/1020
f 1167/1167/1167 1129/1129/1129 1147/1147/1147
f 1004/1004/1004 1021/1021/1021 1020/1020/1020
f 1023/1023/1023 1027/1027/1027 1030/1030/1030
f 1622/1622/1622 1448/1448/1448 1452/1452/1452
f 1037/1037/1037 1039/1039/1039 1038/1038/1038
f 1039/1039/1039 1054/1054/1054 1049/1049/1049
f 1450/1450/1450 1451/1451/1451 1447/1447/1447
f 1425/1425/1425 1420/1420/1420 1405/1405/1405
f 1821/1821/1821 1822/1822/1822 1918/1918/1918
f 1319/1319/1319 1320/1320/1320 1337/1337/1337
f 1319/1319/1319 1274/1274/1274 1320/1320/1320
f 1790/1790/1790 1733/1733/1733 1785/1785/1785
f 1254/1254/1254 1290/1290/1290 1258/1258/1258
f 1732/1732/1732 1730/1730/1730 1742/1742/1742
f 1732/1732/1732 1742/1742/1742 1761/1761/1761
f 1542/1542/1542 1479/1479/1479 1500/1500/1500
f 1737/1737/1737 1728/1728/1728 1741/1741/1741
f 1546/1546/1546 1593/1593/1593 1547/1547/1547
f 1763/1763/1763 1739/1739/1739 1737/1737/1737
f 1546/1546/1546 1592/1592/1592 1593/1593/1593
f 2276/2276/2276 2278/2278/2278 2235/2235/2235
f 2212/2212/2212 2211/2211/2211 2277/2277/2277
f 1987/1987/1987 1988/1988/1988 2001/2001/2001
f 1988/1988/1988 1987/1987/1987 1974/1974/1974
f 1990/1990/1990 1988/1988/1988 1974/1974/1974
f 1985/1985/1985 1990/1990/1990 1974/1974/1974
f 2194/2194/2194 2182/2182/2182 2196/2196/2196
f 1973/1973/1973 1985/1985/1985 1974/1974/1974
f 2161/2161/2161 2177/2177/2177 2182/2182/2182
f 2182/2182/2182 2177/2177/2177 2183/2183/2183
f 1949/1949/1949 1950/1950/1950 1951/1951/1951
f 2161/2161/2161 2163/2163/2163 2177/2177/2177
f 2107/2107/2107 2117/2117/2117 2116/2116/2116
f 1945/1945/1945 1929/1929/1929 1952/1952/1952
f 1961/1961/1961 2000/2000/2000 2071/2071/2071
f 997/997/997 1008/1008/1008 1007/1007/1007
f 1000/1000/1000 1020/1020/1020 1026/1026/1026
f 1023/1023/1023 1024/1024/1024 1021/1021/1021
f 1618/1618/1618 1617/1617/1617 1622/1622/1622
f 1622/1622/1622 1617/1617/1617 1448/1448/1448
f 1031/1031/1031 1030/1030/1030 1027/1027/1027
f 1036/1036/1036 1030/1030/1030 1031/1031/1031
f 1036/1036/1036 1037/1037/1037 1030/1030/1030
f 1431/1431/1431 1430/1430/1430 1447/1447/1447
f 1451/1451/1451 1431/1431/1431 1447/1447/1447
f 1045/1045/1045 1039/1039/1039 1049/1049/1049
f 1447/1447/1447 1430/1430/1430 1420/1420/1420
f 1430/1430/1430 1410/1410/1410 1420/1420/1420
f 1380/1380/1380 1405/1405/1405 1420/1420/1420
f 1410/1410/1410 1380/1380/1380 1420/1420/1420
f 1405/1405/1405 1367/1367/1367 1360/1360/1360
f 1342/1342/1342 1319/1319/1319 1337/1337/1337
f 1822/1822/1822 1821/1821/1821 1803/1803/1803
f 1784/1784/1784 1785/1785/1785 1733/1733/1733
f 1257/1257/1257 1274/1274/1274 1256/1256/1256
f 1777/1777/1777 1730/1730/1730 1780/1780/1780
f 1254/1254/1254 1257/1257/1257 1256/1256/1256
f 1741/1741/1741 1728/1728/1728 1731/1731/1731
f 1763/1763/1763 1738/1738/1738 1739/1739/1739
f 1591/1591/1591 1610/1610/1610 1592/1592/1592
f 1591/1591/1591 1611/1611/1611 1610/1610/1610
f 1768/1768/1768 1767/1767/1767 1763/1763/1763
f 1591/1591/1591 1604/1604/1604 1611/1611/1611
f 2001/2001/2001 1988/1988/1988 2026/2026/2026
f 1947/1947/1947 1948/1948/1948 1969/1969/1969
f 1949/1949/1949 1951/1951/1951 1968/1968/1968
f 2116/2116/2116 2117/2117/2117 2163/2163/2163
f 1954/1954/1954 1953/1953/1953 1961/1961/1961
f 1961/1961/1961 2071/2071/2071 2042/2042/2042
f 1007/1007/1007 1015/1015/1015 999/999/999
f 1008/1008/1008 1006/1006/1006 1014/1014/1014
f 1101/1101/1101 1129/1129/1129 1091/1091/1091
f 1026/1026/1026 1006/1006/1006 1000/1000/1000
f 1129/1129/1129 1101/1101/1101 1147/1147/1147
f 1024/1024/1024 1020/1020/1020 1021/1021/1021
f 1030/1030/1030 1024/1024/1024 1023/1023/1023
f 1448/1448/1448 1431/1431/1431 1452/1452/1452
f 1431/1431/1431 1451/1451/1451 1452/1452/1452
f 1431/1431/1431 1410/1410/1410 1430/1430/1430
f 1059/1059/1059 1093/1093/1093 1058/1058/1058
f 1058/1058/1058 1093/1093/1093 1100/1100/1100
f 1405/1405/1405 1380/1380/1380 1367/1367/1367
f 1367/1367/1367 1355/1355/1355 1360/1360/1360
f 1355/1355/1355 1342/1342/1342 1360/1360/1360
f 1317/1317/1317 1342/1342/1342 1340/1340/1340
f 1317/1317/1317 1319/1319/1319 1342/1342/1342
f 1317/1317/1317 1307/1307/1307 1319/1319/1319
f 1785/1785/1785 1803/1803/1803 1821/1821/1821
f 1307/1307/1307 1274/1274/1274 1319/1319/1319
f 1266/1266/1266 1256/1256/1256 1274/1274/1274
f 1733/1733/1733 1780/1780/1780 1730/1730/1730
f 1732/1732/1732 1695/1695/1695 1730/1730/1730
f 1254/1254/1254 1289/1289/1289 1290/1290/1290
f 1695/1695/1695 1732/1732/1732 1731/1731/1731
f 1485/1485/1485 1290/1290/1290 1289/1289/1289
f 1503/1503/1503 1290/1290/1290 1485/1485/1485
f 1503/1503/1503 1500/1500/1500 1290/1290/1290
f 1737/1737/1737 1716/1716/1716 1728/1728/1728
f 1546/1546/1546 1547/1547/1547 1542/1542/1542
f 1738/1738/1738 1737/1737/1737 1739/1739/1739
f 1546/1546/1546 1591/1591/1591 1592/1592/1592
f 1763/1763/1763 1735/1735/1735 1738/1738/1738
f 1767/1767/1767 1735/1735/1735 1763/1763/1763
f 2026/2026/2026 2035/2035/2035 2028/2028/2028
f 2215/2215/2215 2196/2196/2196 2197/2197/2197
f 1968/1968/1968 1948/1948/1948 1949/1949/1949
f 1945/1945/1945 1971/1971/1971 1951/1951/1951
f 1955/1955/1955 1945/1945/1945 1952/1952/1952
f 1961/1961/1961 1963/1963/1963 1954/1954/1954
f 999/999/999 1017/1017/1017 1009/1009/1009
f 1101/1101/1101 1126/1126/1126 1147/1147/1147
f 1618/1618/1618 1443/1443/1443 1617/1617/1617
f 1617/1617/1617 1443/1443/1443 1448/1448/1448
f 1443/1443/1443 1431/1431/1431 1448/1448/1448
f 1030/1030/1030 1037/1037/1037 1038/1038/1038
f 1431/1431/1431 1426/1426/1426 1410/1410/1410
f 1410/1410/1410 1385/1385/1385 1380/1380/1380
f 1058/1058/1058 1100/1100/1100 1055/1055/1055
f 2388/2388/2388 2387/2387/2387 2383/2383/2383
f 1283/1283/1283 1266/1266/1266 1274/1274/1274
f 1283/1283/1283 1274/1274/1274 1307/1307/1307
f 1715/1715/1715 1733/1733/1733 1730/1730/1730
f 1255/1255/1255 1254/1254/1254 1256/1256/1256
f 1253/1253/1253 1254/1254/1254 1255/1255/1255
f 1253/1253/1253 1289/1289/1289 1254/1254/1254
f 1695/1695/1695 1731/1731/1731 1710/1710/1710
f 1728/1728/1728 1710/1710/1710 1731/1731/1731
f 1520/1520/1520 1500/1500/1500 1503/1503/1503
f 1543/1543/1543 1500/1500/1500 1520/1520/1520
f 1543/1543/1543 1542/1542/1542 1500/1500/1500
f 1738/1738/1738 1716/1716/1716 1737/1737/1737
f 1543/1543/1543 1546/1546/1546 1542/1542/1542
f 1988/1988/1988 2021/2021/2021 2026/2026/2026
f 2215/2215/2215 2197/2197/2197 2213/2213/2213
f 2213/2213/2213 2197/2197/2197 2212/2212/2212
f 2194/2194/2194 2196/2196/2196 2215/2215/2215
f 1973/1973/1973 1983/1983/1983 1985/1985/1985
f 2188/2188/2188 2182/2182/2182 2194/2194/2194
f 1983/1983/1983 1973/1973/1973 1969/1969/1969
f 1971/1971/1971 2008/2008/2008 1951/1951/1951
f 2161/2161/2161 2116/2116/2116 2163/2163/2163
f 1955/1955/1955 1952/1952/1952 1964/1964/1964
f 2102/2102/2102 2071/2071/2071 2116/2116/2116
f 1962/1962/1962 1952/1952/1952 1954/1954/1954
f 1954/1954/1954 1963/1963/1963 1962/1962/1962
f 2086/2086/2086 2042/2042/2042 2071/2071/2071
f 1007/1007/1007 1008/1008/1008 1015/1015/1015
f 1015/1015/1015 1017/1017/1017 999/999/999
f 1017/1017/1017 1018/1018/1018 1009/1009/1009
f 1009/1009/1009 1018/1018/1018 1091/1091/1091
f 1016/1016/1016 1015/1015/1015 1008/1008/1008
f 1443/1443/1443 1426/1426/1426 1431/1431/1431
f 1030/1030/1030 1038/1038/1038 1040/1040/1040
f 1038/1038/1038 1039/1039/1039 1040/1040/1040
f 1380/1380/1380 1370/1370/1370 1367/1367/1367
f 1159/1159/1159 1100/1100/1100 1171/1171/1171
f 1370/1370/1370 1340/1340/1340 1367/1367/1367
f 1340/1340/1340 1355/1355/1355 1367/1367/1367
f 2387/2387/2387 2388/2388/2388 2392/2392/2392
f 1340/1340/1340 1342/1342/1342 1355/1355/1355
f 1822/1822/1822 1824/1824/1824 1918/1918/1918
f 1794/1794/1794 1822/1822/1822 1803/1803/1803
f 1478/1478/1478 1485/1485/1485 1289/1289/1289
f 1485/1485/1485 1520/1520/1520 1503/1503/1503
f 1719/1719/1719 1716/1716/1716 1738/1738/1738
f 1520/1520/1520 1546/1546/1546 1543/1543/1543
f 1719/1719/1719 1738/1738/1738 1735/1735/1735
f 1546/1546/1546 1556/1556/1556 1591/1591/1591
f 1585/1585/1585 1591/1591/1591 1556/1556/1556
f 1604/1604/1604 1591/1591/1591 1585/1585/1585
f 1735/1735/1735 1767/1767/1767 1746/1746/1746
f 2277/2277/2277 2213/2213/2213 2212/2212/2212
f 1602/1602/1602 1612/1612/1612 1604/1604/1604
f 1970/1970/1970 1978/1978/1978 1969/1969/1969
f 1948/1948/1948 1968/1968/1968 1969/1969/1969
f 1951/1951/1951 2006/2006/2006 1968/1968/1968
f 2173/2173/2173 2161/2161/2161 2182/2182/2182
f 2116/2116/2116 2161/2161/2161 2160/2160/2160
f 1945/1945/1945 1965/1965/1965 1971/1971/1971
f 1964/1964/1964 1952/1952/1952 1962/1962/1962
f 2086/2086/2086 2071/2071/2071 2102/2102/2102
f 1963/1963/1963 1961/1961/1961 1966/1966/1966
f 1999/1999/1999 1961/1961/1961 2012/2012/2012
f 1018/1018/1018 1101/1101/1101 1091/1091/1091
f 1126/1126/1126 1165/1165/1165 1147/1147/1147
f 1030/1030/1030 1041/1041/1041 1024/1024/1024
f 1030/1030/1030 1040/1040/1040 1041/1041/1041
f 1443/1443/1443 1429/1429/1429 1426/1426/1426
f 1429/1429/1429 1409/1409/1409 1426/1426/1426
f 1412/1412/1412 1411/1411/1411 1410/1410/1410
f 1426/1426/1426 1412/1412/1412 1410/1410/1410
f 1045/1045/1045 1059/1059/1059 1058/1058/1058
f 1385/1385/1385 1379/1379/1379 1380/1380/1380
f 1370/1370/1370 1380/1380/1380 1379/1379/1379
f 2383/2383/2383 2389/2389/2389 2388/2388/2388
f 1340/1340/1340 1327/1327/1327 1317/1317/1317
f 1283/1283/1283 1307/1307/1307 1317/1317/1317
f 1733/1733/1733 1675/1675/1675 1677/1677/1677
f 1715/1715/1715 1675/1675/1675 1733/1733/1733
f 1695/1695/1695 1715/1715/1715 1730/1730/1730
f 1695/1695/1695 1710/1710/1710 1696/1696/1696
f 1504/1504/1504 1485/1485/1485 1478/1478/1478
f 1716/1716/1716 1710/1710/1710 1728/1728/1728
f 1520/1520/1520 1485/1485/1485 1504/1504/1504
f 1719/1719/1719 1735/1735/1735 1734/1734/1734
f 1746/1746/1746 1734/1734/1734 1735/1735/1735
f 1600/1600/1600 1604/1604/1604 1585/1585/1585
f 1587/1587/1587 1604/1604/1604 1600/1600/1600
f 1767/1767/1767 1760/1760/1760 1746/1746/1746
f 1587/1587/1587 1602/1602/1602 1604/1604/1604
f 2021/2021/2021 2027/2027/2027 2026/2026/2026
f 2021/2021/2021 1988/1988/1988 1990/1990/1990
f 1990/1990/1990 1985/1985/1985 2002/2002/2002
f 2216/2216/2216 2194/2194/2194 2215/2215/2215
f 1983/1983/1983 2002/2002/2002 1985/1985/1985
f 1983/1983/1983 1969/1969/1969 1978/1978/1978
f 1970/1970/1970 1983/1983/1983 1978/1978/1978
f 1970/1970/1970 1969/1969/1969 1968/1968/1968
f 2173/2173/2173 2182/2182/2182 2184/2184/2184
f 1951/1951/1951 2008/2008/2008 2006/2006/2006
f 2134/2134/2134 2116/2116/2116 2160/2160/2160
f 2102/2102/2102 2116/2116/2116 2123/2123/2123
f 1965/1965/1965 1945/1945/1945 1964/1964/1964
f 1964/1964/1964 1945/1945/1945 1955/1955/1955
f 2086/2086/2086 2102/2102/2102 2123/2123/2123
f 1966/1966/1966 1961/1961/1961 1999/1999/1999
f 1090/1090/1090 1101/1101/1101 1018/1018/1018
f 1090/1090/1090 1126/1126/1126 1101/1101/1101
f 1008/1008/1008 1014/1014/1014 1019/1019/1019
f 1061/1061/1061 1026/1026/1026 1020/1020/1020
f 1061/1061/1061 1029/1029/1029 1026/1026/1026
f 1445/1445/1445 1444/1444/1444 1618/1618/1618
f 1618/1618/1618 1444/1444/1444 1443/1443/1443
f 1444/1444/1444 1416/1416/1416 1443/1443/1443
f 1041/1041/1041 1065/1065/1065 1024/1024/1024
f 1443/1443/1443 1416/1416/1416 1408/1408/1408
f 1443/1443/1443 1408/1408/1408 1429/1429/1429
f 1409/1409/1409 1411/1411/1411 1412/1412/1412
f 1426/1426/1426 1409/1409/1409 1412/1412/1412
f 1411/1411/1411 1386/1386/1386 1410/1410/1410
f 1410/1410/1410 1386/1386/1386 1385/1385/1385
f 1055/1055/1055 1048/1048/1048 1058/1058/1058
f 1100/1100/1100 1097/1097/1097 1055/1055/1055
f 1356/1356/1356 1370/1370/1370 1379/1379/1379
f 1100/1100/1100 1159/1159/1159 1097/1097/1097
f 1356/1356/1356 1340/1340/1340 1370/1370/1370
f 1340/1340/1340 1356/1356/1356 1351/1351/1351
f 2393/2393/2393 2389/2389/2389 2383/2383/2383
f 1318/1318/1318 1327/1327/1327 1340/1340/1340
f 1318/1318/1318 1317/1317/1317 1327/1327/1327
f 1318/1318/1318 1283/1283/1283 1317/1317/1317
f 1785/1785/1785 1783/1783/1783 1803/1803/1803
f 1784/1784/1784 1783/1783/1783 1785/1785/1785
f 1266/1266/1266 1283/1283/1283 1282/1282/1282
f 1246/1246/1246 1255/1255/1255 1256/1256/1256
f 1289/1289/1289 1464/1464/1464 1478/1478/1478
f 1697/1697/1697 1710/1710/1710 1716/1716/1716
f 1531/1531/1531 1546/1546/1546 1504/1504/1504
f 1546/1546/1546 1520/1520/1520 1504/1504/1504
f 1704/1704/1704 1716/1716/1716 1719/1719/1719
f 1719/1719/1719 1717/1717/1717 1704/1704/1704
f 1734/1734/1734 1717/1717/1717 1719/1719/1719
f 1587/1587/1587 1600/1600/1600 1585/1585/1585
f 1747/1747/1747 1746/1746/1746 1760/1760/1760
f 2213/2213/2213 2216/2216/2216 2215/2215/2215
f 2021/2021/2021 1990/1990/1990 2002/2002/2002
f 2192/2192/2192 2194/2194/2194 2216/2216/2216
f 2192/2192/2192 2188/2188/2188 2194/2194/2194
f 2003/2003/2003 2002/2002/2002 1983/1983/1983
f 1968/1968/1968 2003/2003/2003 1983/1983/1983
f 1970/1970/1970 1968/1968/1968 1983/1983/1983
f 2188/2188/2188 2184/2184/2184 2182/2182/2182
f 2018/2018/2018 2006/2006/2006 2008/2008/2008
f 1971/1971/1971 1989/1989/1989 2008/2008/2008
f 1971/1971/1971 1965/1965/1965 1981/1981/1981
f 1964/1964/1964 1981/1981/1981 1965/1965/1965
f 2134/2134/2134 2123/2123/2123 2116/2116/2116
f 1962/1962/1962 1972/1972/1972 1964/1964/1964
f 2012/2012/2012 1961/1961/1961 2042/2042/2042
f 2012/2012/2012 2042/2042/2042 2086/2086/2086
f 1018/1018/1018 1017/1017/1017 1079/1079/1079
f 1016/1016/1016 1008/1008/1008 1019/1019/1019
f 1018/1018/1018 1079/1079/1079 1090/1090/1090
f 1126/1126/1126 1090/1090/1090 1125/1125/1125
f 1029/1029/1029 1014/1014/1014 1006/1006/1006
f 1125/1125/1125 1124/1124/1124 1126/1126/1126
f 1029/1029/1029 1006/1006/1006 1026/1026/1026
f 1429/1429/1429 1408/1408/1408 1409/1409/1409
f 1386/1386/1386 1409/1409/1409 1408/1408/1408
f 1042/1042/1042 1040/1040/1040 1039/1039/1039
f 1039/1039/1039 1043/1043/1043 1042/1042/1042
f 1386/1386/1386 1411/1411/1411 1409/1409/1409
f 1058/1058/1058 1047/1047/1047 1045/1045/1045
f 1365/1365/1365 1385/1385/1385 1386/1386/1386
f 1048/1048/1048 1047/1047/1047 1058/1058/1058
f 1365/1365/1365 1356/1356/1356 1385/1385/1385
f 1356/1356/1356 1379/1379/1379 1385/1385/1385
f 2392/2392/2392 2388/2388/2388 2391/2391/2391
f 1341/1341/1341 1351/1351/1351 1356/1356/1356
f 1341/1341/1341 1340/1340/1340 1351/1351/1351
f 1318/1318/1318 1340/1340/1340 1341/1341/1341
f 1308/1308/1308 1283/1283/1283 1318/1318/1318
f 1783/1783/1783 1794/1794/1794 1803/1803/1803
f 1784/1784/1784 1733/1733/1733 1740/1740/1740
f 1677/1677/1677 1729/1729/1729 1733/1733/1733
f 1261/1261/1261 1256/1256/1256 1266/1266/1266
f 1246/1246/1246 1256/1256/1256 1261/1261/1261
f 1715/1715/1715 1676/1676/1676 1675/1675/1675
f 1246/1246/1246 1253/1253/1253 1255/1255/1255
f 1674/1674/1674 1676/1676/1676 1715/1715/1715
f 1250/1250/1250 1253/1253/1253 1246/1246/1246
f 1695/1695/1695 1674/1674/1674 1715/1715/1715
f 1250/1250/1250 1289/1289/1289 1253/1253/1253
f 1464/1464/1464 1289/1289/1289 1250/1250/1250
f 1464/1464/1464 1496/1496/1496 1478/1478/1478
f 1697/1697/1697 1696/1696/1696 1710/1710/1710
f 1496/1496/1496 1504/1504/1504 1478/1478/1478
f 1716/1716/1716 1704/1704/1704 1697/1697/1697
f 1530/1530/1530 1546/1546/1546 1531/1531/1531
f 1556/1556/1556 1546/1546/1546 1530/1530/1530
f 1555/1555/1555 1556/1556/1556 1530/1530/1530
f 1556/1556/1556 1555/1555/1555 1585/1585/1585
f 1747/1747/1747 1722/1722/1722 1746/1746/1746
f 1722/1722/1722 1734/1734/1734 1746/1746/1746
f 1748/1748/1748 1747/1747/1747 1760/1760/1760
f 1721/1721/1721 1747/1747/1747 1748/1748/1748
f 2021/2021/2021 2002/2002/2002 2023/2023/2023
f 1968/1968/1968 2004/2004/2004 2003/2003/2003
f 1968/1968/1968 2005/2005/2005 2004/2004/2004
f 2005/2005/2005 1968/1968/1968 2006/2006/2006
f 2173/2173/2173 2184/2184/2184 2188/2188/2188
f 1989/1989/1989 2019/2019/2019 2008/2008/2008
f 2160/2160/2160 2161/2161/2161 2173/2173/2173
f 1971/1971/1971 1981/1981/1981 1989/1989/1989
f 2144/2144/2144 2134/2134/2134 2160/2160/2160
f 1981/1981/1981 1964/1964/1964 1982/1982/1982
f 2122/2122/2122 2086/2086/2086 2123/2123/2123
f 1972/1972/1972 1962/1962/1962 1963/1963/1963
f 1963/1963/1963 1991/1991/1991 1992/1992/1992
f 1966/1966/1966 1991/1991/1991 1963/1963/1963
f 2012/2012/2012 2086/2086/2086 2050/2050/2050
f 1991/1991/1991 1966/1966/1966 1999/1999/1999
f 1015/1015/1015 1034/1034/1034 1017/1017/1017
f 1016/1016/1016 1032/1032/1032 1015/1015/1015
f 1019/1019/1019 1014/1014/1014 1029/1029/1029
f 1124/1124/1124 1150/1150/1150 1126/1126/1126
f 1150/1150/1150 1165/1165/1165 1126/1126/1126
f 1613/1613/1613 1435/1435/1435 1445/1445/1445
f 1435/1435/1435 1416/1416/1416 1445/1445/1445
f 1416/1416/1416 1444/1444/1444 1445/1445/1445
f 1080/1080/1080 1020/1020/1020 1024/1024/1024
f 1080/1080/1080 1061/1061/1061 1020/1020/1020
f 1024/1024/1024 1065/1065/1065 1080/1080/1080
f 1040/1040/1040 1074/1074/1074 1041/1041/1041
f 1415/1415/1415 1384/1384/1384 1408/1408/1408
f 1416/1416/1416 1415/1415/1415 1408/1408/1408
f 1384/1384/1384 1382/1382/1382 1408/1408/1408
f 1382/1382/1382 1386/1386/1386 1408/1408/1408
f 1042/1042/1042 1043/1043/1043 1040/1040/1040
f 1040/1040/1040 1043/1043/1043 1052/1052/1052
f 1386/1386/1386 1382/1382/1382 1383/1383/1383
f 1046/1046/1046 1045/1045/1045 1047/1047/1047
f 1044/1044/1044 1045/1045/1045 1046/1046/1046
f 1044/1044/1044 1039/1039/1039 1045/1045/1045
f 1386/1386/1386 1383/1383/1383 1365/1365/1365
f 1341/1341/1341 1329/1329/1329 1318/1318/1318
f 1822/1822/1822 1823/1823/1823 1824/1824/1824
f 1308/1308/1308 1318/1318/1318 1329/1329/1329
f 1794/1794/1794 1823/1823/1823 1822/1822/1822
f 1282/1282/1282 1283/1283/1283 1308/1308/1308
f 1784/1784/1784 1740/1740/1740 1783/1783/1783
f 1261/1261/1261 1266/1266/1266 1282/1282/1282
f 1247/1247/1247 1250/1250/1250 1246/1246/1246
f 1673/1673/1673 1674/1674/1674 1695/1695/1695
f 1465/1465/1465 1464/1464/1464 1250/1250/1250
f 1497/1497/1497 1496/1496/1496 1464/1464/1464
f 1697/1697/1697 1681/1681/1681 1696/1696/1696
f 1704/1704/1704 1698/1698/1698 1697/1697/1697
f 1530/1530/1530 1531/1531/1531 1504/1504/1504
f 1704/1704/1704 1717/1717/1717 1700/1700/1700
f 1554/1554/1554 1585/1585/1585 1555/1555/1555
f 1734/1734/1734 1722/1722/1722 1717/1717/1717
f 1554/1554/1554 1587/1587/1587 1585/1585/1585
f 1722/1722/1722 1747/1747/1747 1721/1721/1721
f 1602/1602/1602 1608/1608/1608 1612/1612/1612
f 2003/2003/2003 2023/2023/2023 2002/2002/2002
f 2188/2188/2188 2192/2192/2192 2180/2180/2180
f 1607/1607/1607 1609/1609/1609 1608/1608/1608
f 2004/2004/2004 2005/2005/2005 2003/2003/2003
f 2018/2018/2018 2008/2008/2008 2019/2019/2019
f 2168/2168/2168 2173/2173/2173 2188/2188/2188
f 2168/2168/2168 2162/2162/2162 2173/2173/2173
f 2162/2162/2162 2160/2160/2160 2173/2173/2173
f 1989/1989/1989 1981/1981/1981 2019/2019/2019
f 2162/2162/2162 2144/2144/2144 2160/2160/2160
f 1982/1982/1982 1997/1997/1997 1981/1981/1981
f 2134/2134/2134 2121/2121/2121 2123/2123/2123
f 1982/1982/1982 1964/1964/1964 1984/1984/1984
f 1972/1972/1972 1984/1984/1984 1964/1964/1964
f 2122/2122/2122 2123/2123/2123 2121/2121/2121
f 2011/2011/2011 1991/1991/1991 1999/1999/1999
f 2011/2011/2011 1999/1999/1999 2012/2012/2012
f 1033/1033/1033 1032/1032/1032 1016/1016/1016
f 1015/1015/1015 1032/1032/1032 1035/1035/1035
f 1033/1033/1033 1016/1016/1016 1019/1019/1019
f 1061/1061/1061 1062/1062/1062 1029/1029/1029
f 1062/1062/1062 1019/1019/1019 1029/1029/1029
f 1435/1435/1435 1406/1406/1406 1416/1416/1416
f 1061/1061/1061 1080/1080/1080 1062/1062/1062
f 1074/1074/1074 1065/1065/1065 1041/1041/1041
f 1415/1415/1415 1416/1416/1416 1384/1384/1384
f 1044/1044/1044 1043/1043/1043 1039/1039/1039
f 1383/1383/1383 1382/1382/1382 1365/1365/1365
f 1365/1365/1365 1352/1352/1352 1356/1356/1356
f 1352/1352/1352 1341/1341/1341 1356/1356/1356
f 1352/1352/1352 1348/1348/1348 1341/1341/1341
f 1348/1348/1348 1343/1343/1343 1341/1341/1341
f 1924/1924/1924 1825/1825/1825 1917/1917/1917
f 2388/2388/2388 2390/2390/2390 2391/2391/2391
f 1343/1343/1343 1329/1329/1329 1341/1341/1341
f 1824/1824/1824 1823/1823/1823 1919/1919/1919
f 1783/1783/1783 1769/1769/1769 1794/1794/1794
f 1246/1246/1246 1261/1261/1261 1240/1240/1240
f 1241/1241/1241 1246/1246/1246 1240/1240/1240
f 1675/1675/1675 1676/1676/1676 1674/1674/1674
f 1247/1247/1247 1246/1246/1246 1241/1241/1241
f 1241/1241/1241 1250/1250/1250 1247/1247/1247
f 1241/1241/1241 1251/1251/1251 1250/1250/1250
f 1682/1682/1682 1695/1695/1695 1696/1696/1696
f 1673/1673/1673 1695/1695/1695 1682/1682/1682
f 1696/1696/1696 1681/1681/1681 1682/1682/1682
f 1496/1496/1496 1497/1497/1497 1504/1504/1504
f 1530/1530/1530 1504/1504/1504 1497/1497/1497
f 1554/1554/1554 1555/1555/1555 1530/1530/1530
f 1721/1721/1721 1717/1717/1717 1722/1722/1722
f 1586/1586/1586 1554/1554/1554 1558/1558/1558
f 1586/1586/1586 1587/1587/1587 1554/1554/1554
f 1589/1589/1589 1587/1587/1587 1586/1586/1586
f 1587/1587/1587 1589/1589/1589 1602/1602/1602
f 1745/1745/1745 1721/1721/1721 1748/1748/1748
f 1608/1608/1608 1603/1603/1603 1589/1589/1589
f 1589/1589/1589 1603/1603/1603 1602/1602/1602
f 1603/1603/1603 1608/1608/1608 1602/1602/1602
f 1601/1601/1601 1607/1607/1607 1608/1608/1608
f 2003/2003/2003 2024/2024/2024 2023/2023/2023
f 2005/2005/2005 2007/2007/2007 2003/2003/2003
f 2180/2180/2180 2186/2186/2186 2188/2188/2188
f 2186/2186/2186 2168/2168/2168 2188/2188/2188
f 2005/2005/2005 2006/2006/2006 2018/2018/2018
f 2144/2144/2144 2121/2121/2121 2134/2134/2134
f 1995/1995/1995 1982/1982/1982 1984/1984/1984
f 2121/2121/2121 2086/2086/2086 2122/2122/2122
f 1993/1993/1993 1963/1963/1963 1992/1992/1992
f 1993/1993/1993 1992/1992/1992 1991/1991/1991
f 2078/2078/2078 2050/2050/2050 2086/2086/2086
f 1998/1998/1998 1991/1991/1991 2011/2011/2011
f 2011/2011/2011 2012/2012/2012 2050/2050/2050
f 1035/1035/1035 1034/1034/1034 1015/1015/1015
f 1090/1090/1090 1079/1079/1079 1017/1017/1017
f 1034/1034/1034 1035/1035/1035 1017/1017/1017
f 1124/1124/1124 1125/1125/1125 1090/1090/1090
f 1033/1033/1033 1019/1019/1019 1064/1064/1064
f 1124/1124/1124 1155/1155/1155 1158/1158/1158
f 1124/1124/1124 1158/1158/1158 1150/1150/1150
f 1435/1435/1435 1434/1434/1434 1406/1406/1406
f 1406/1406/1406 1384/1384/1384 1416/1416/1416
f 1052/1052/1052 1076/1076/1076 1040/1040/1040
f 1384/1384/1384 1364/1364/1364 1382/1382/1382
f 1364/1364/1364 1365/1365/1365 1382/1382/1382
f 1364/1364/1364 1352/1352/1352 1365/1365/1365
f 1097/1097/1097 1057/1057/1057 1055/1055/1055
f 1352/1352/1352 1334/1334/1334 1348/1348/1348
f 1334/1334/1334 1343/1343/1343 1348/1348/1348
f 2390/2390/2390 2388/2388/2388 2389/2389/2389
f 1334/1334/1334 1329/1329/1329 1343/1343/1343
f 1334/1334/1334 1313/1313/1313 1329/1329/1329
f 1825/1825/1825 1919/1919/1919 1823/1823/1823
f 1313/1313/1313 1308/1308/1308 1329/1329/1329
f 1281/1281/1281 1261/1261/1261 1282/1282/1282
f 1281/1281/1281 1282/1282/1282 1308/1308/1308
f 1783/1783/1783 1740/1740/1740 1769/1769/1769
f 1733/1733/1733 1729/1729/1729 1740/1740/1740
f 1677/1677/1677 1713/1713/1713 1729/1729/1729
f 1240/1240/1240 1261/1261/1261 1238/1238/1238
f 1239/1239/1239 1241/1241/1241 1240/1240/1240
f 1252/1252/1252 1251/1251/1251 1241/1241/1241
f 1251/1251/1251 1465/1465/1465 1250/1250/1250
f 1493/1493/1493 1464/1464/1464 1465/1465/1465
f 1493/1493/1493 1497/1497/1497 1464/1464/1464
f 1698/1698/1698 1681/1681/1681 1697/1697/1697
f 1704/1704/1704 1681/1681/1681 1698/1698/1698
f 1700/1700/1700 1680/1680/1680 1704/1704/1704
f 1526/1526/1526 1530/1530/1530 1497/1497/1497
f 1525/1525/1525 1530/1530/1530 1526/1526/1526
f 1525/1525/1525 1554/1554/1554 1530/1530/1530
f 1717/1717/1717 1708/1708/1708 1700/1700/1700
f 1718/1718/1718 1708/1708/1708 1717/1717/1717
f 1721/1721/1721 1718/1718/1718 1717/1717/1717
f 1736/1736/1736 1720/1720/1720 1721/1721/1721
f 1589/1589/1589 1586/1586/1586 1558/1558/1558
f 1745/1745/1745 1736/1736/1736 1721/1721/1721
f 1745/1745/1745 1764/1764/1764 1744/1744/1744
f 1745/1745/1745 1765/1765/1765 1764/1764/1764
f 1589/1589/1589 1590/1590/1590 1608/1608/1608
f 1590/1590/1590 1601/1601/1601 1608/1608/1608
f 2003/2003/2003 2020/2020/2020 2024/2024/2024
f 2020/2020/2020 2003/2003/2003 2007/2007/2007
f 2040/2040/2040 2018/2018/2018 2019/2019/2019
f 2010/2010/2010 2033/2033/2033 2019/2019/2019
f 2019/2019/2019 1997/1997/1997 2010/2010/2010
f 1997/1997/1997 2019/2019/2019 1981/1981/1981
f 2168/2168/2168 2145/2145/2145 2144/2144/2144
f 2168/2168/2168 2144/2144/2144 2162/2162/2162
f 1982/1982/1982 1996/1996/1996 1997/1997/1997
f 2137/2137/2137 2144/2144/2144 2145/2145/2145
f 1996/1996/1996 1982/1982/1982 1995/1995/1995
f 2137/2137/2137 2124/2124/2124 2121/2121/2121
f 2137/2137/2137 2121/2121/2121 2144/2144/2144
f 1994/1994/1994 1984/1984/1984 1972/1972/1972
f 2087/2087/2087 2089/2089/2089 2121/2121/2121
f 2121/2121/2121 2089/2089/2089 2086/2086/2086
f 1994/1994/1994 1972/1972/1972 1963/1963/1963
f 1994/1994/1994 1963/1963/1963 1993/1993/1993
f 1993/1993/1993 1991/1991/1991 1998/1998/1998
f 2087/2087/2087 2078/2078/2078 2086/2086/2086
f 2087/2087/2087 2086/2086/2086 2089/2089/2089
f 2017/2017/2017 2011/2011/2011 2050/2050/2050
f 1017/1017/1017 1084/1084/1084 1090/1090/1090
f 1090/1090/1090 1108/1108/1108 1124/1124/1124
f 1062/1062/1062 1063/1063/1063 1019/1019/1019
f 1033/1033/1033 1064/1064/1064 1078/1078/1078
f 1019/1019/1019 1063/1063/1063 1064/1064/1064
f 1434/1434/1434 1402/1402/1402 1406/1406/1406
f 1080/1080/1080 1113/1113/1113 1114/1114/1114
f 1406/1406/1406 1378/1378/1378 1384/1384/1384
f 1363/1363/1363 1384/1384/1384 1378/1378/1378
f 1076/1076/1076 1077/1077/1077 1040/1040/1040
f 1044/1044/1044 1046/1046/1046 1051/1051/1051
f 1363/1363/1363 1364/1364/1364 1384/1384/1384
f 1352/1352/1352 1364/1364/1364 1363/1363/1363
f 1334/1334/1334 1352/1352/1352 1335/1335/1335
f 1335/1335/1335 1315/1315/1315 1334/1334/1334
f 1315/1315/1315 1313/1313/1313 1334/1334/1334
f 1758/1758/1758 1794/1794/1794 1769/1769/1769
f 1281/1281/1281 1308/1308/1308 1305/1305/1305
f 1713/1713/1713 1740/1740/1740 1729/1729/1729
f 1238/1238/1238 1261/1261/1261 1245/1245/1245
f 1675/1675/1675 1671/1671/1671 1677/1677/1677
f 1675/1675/1675 1674/1674/1674 1667/1667/1667
f 1252/1252/1252 1465/1465/1465 1251/1251/1251
f 1682/1682/1682 1681/1681/1681 1673/1673/1673
f 1494/1494/1494 1493/1493/1493 1465/1465/1465
f 1465/1465/1465 1495/1495/1495 1494/1494/1494
f 1681/1681/1681 1704/1704/1704 1680/1680/1680
f 1493/1493/1493 1494/1494/1494 1497/1497/1497
f 1525/1525/1525 1526/1526/1526 1497/1497/1497
f 1525/1525/1525 1497/1497/1497 1494/1494/1494
f 1537/1537/1537 1554/1554/1554 1525/1525/1525
f 1537/1537/1537 1558/1558/1558 1554/1554/1554
f 1721/1721/1721 1708/1708/1708 1718/1718/1718
f 1720/1720/1720 1708/1708/1708 1721/1721/1721
f 1736/1736/1736 1745/1745/1745 1707/1707/1707
f 1744/1744/1744 1707/1707/1707 1745/1745/1745
f 2020/2020/2020 2007/2007/2007 2005/2005/2005
f 2018/2018/2018 2020/2020/2020 2005/2005/2005
f 2169/2169/2169 2186/2186/2186 2180/2180/2180
f 2169/2169/2169 2168/2168/2168 2186/2186/2186
f 2137/2137/2137 2168/2168/2168 2169/2169/2169
f 2010/2010/2010 1997/1997/1997 1996/1996/1996
f 2137/2137/2137 2145/2145/2145 2168/2168/2168
f 1996/1996/1996 1995/1995/1995 1984/1984/1984
f 2124/2124/2124 2087/2087/2087 2121/2121/2121
f 1994/1994/1994 1993/1993/1993 2013/2013/2013
f 2013/2013/2013 1993/1993/1993 1998/1998/1998
f 2013/2013/2013 2011/2011/2011 2014/2014/2014
f 2013/2013/2013 1998/1998/1998 2011/2011/2011
f 2017/2017/2017 2050/2050/2050 2078/2078/2078
f 1083/1083/1083 1017/1017/1017 1035/1035/1035
f 1084/1084/1084 1017/1017/1017 1083/1083/1083
f 1108/1108/1108 1090/1090/1090 1084/1084/1084
f 1066/1066/1066 1033/1033/1033 1081/1081/1081
f 1066/1066/1066 1032/1032/1032 1033/1033/1033
f 1032/1032/1032 1066/1066/1066 1035/1035/1035
f 1131/1131/1131 1155/1155/1155 1124/1124/1124
f 1393/1393/1393 1402/1402/1402 1434/1434/1434
f 1080/1080/1080 1114/1114/1114 1088/1088/1088
f 1378/1378/1378 1406/1406/1406 1402/1402/1402
f 1378/1378/1378 1402/1402/1402 1393/1393/1393
f 1113/1113/1113 1080/1080/1080 1065/1065/1065
f 1040/1040/1040 1089/1089/1089 1074/1074/1074
f 1050/1050/1050 1043/1043/1043 1044/1044/1044
f 1050/1050/1050 1052/1052/1052 1043/1043/1043
f 1052/1052/1052 1077/1077/1077 1076/1076/1076
f 1040/1040/1040 1077/1077/1077 1082/1082/1082
f 1044/1044/1044 1051/1051/1051 1050/1050/1050
f 1363/1363/1363 1353/1353/1353 1352/1352/1352
f 1055/1055/1055 1046/1046/1046 1048/1048/1048
f 1047/1047/1047 1048/1048/1048 1046/1046/1046
f 1347/1347/1347 1335/1335/1335 1352/1352/1352
f 1097/1097/1097 1117/1117/1117 1057/1057/1057
f 1825/1825/1825 1823/1823/1823 1794/1794/1794
f 1313/1313/1313 1305/1305/1305 1308/1308/1308
f 1269/1269/1269 1261/1261/1261 1281/1281/1281
f 1264/1264/1264 1261/1261/1261 1269/1269/1269
f 1264/1264/1264 1245/1245/1245 1261/1261/1261
f 1677/1677/1677 1671/1671/1671 1712/1712/1712
f 1677/1677/1677 1712/1712/1712 1713/1713/1713
f 1667/1667/1667 1671/1671/1671 1675/1675/1675
f 1238/1238/1238 1239/1239/1239 1240/1240/1240
f 1248/1248/1248 1241/1241/1241 1239/1239/1239
f 1252/1252/1252 1241/1241/1241 1248/1248/1248
f 1673/1673/1673 1668/1668/1668 1674/1674/1674
f 1668/1668/1668 1673/1673/1673 1669/1669/1669
f 1252/1252/1252 1466/1466/1466 1465/1465/1465
f 1467/1467/1467 1465/1465/1465 1466/1466/1466
f 1681/1681/1681 1680/1680/1680 1673/1673/1673
f 1467/1467/1467 1495/1495/1495 1465/1465/1465
f 1683/1683/1683 1680/1680/1680 1700/1700/1700
f 1537/1537/1537 1525/1525/1525 1494/1494/1494
f 1708/1708/1708 1720/1720/1720 1709/1709/1709
f 1537/1537/1537 1557/1557/1557 1558/1558/1558
f 1709/1709/1709 1720/1720/1720 1736/1736/1736
f 1557/1557/1557 1552/1552/1552 1558/1558/1558
f 1552/1552/1552 1589/1589/1589 1558/1558/1558
f 1552/1552/1552 1590/1590/1590 1589/1589/1589
f 1764/1764/1764 1743/1743/1743 1744/1744/1744
f 2040/2040/2040 2020/2020/2020 2018/2018/2018
f 2019/2019/2019 2041/2041/2041 2040/2040/2040
f 2033/2033/2033 2041/2041/2041 2019/2019/2019
f 2152/2152/2152 2169/2169/2169 2180/2180/2180
f 2152/2152/2152 2137/2137/2137 2169/2169/2169
f 1996/1996/1996 1984/1984/1984 2009/2009/2009
f 2009/2009/2009 1984/1984/1984 1994/1994/1994
f 2130/2130/2130 2124/2124/2124 2137/2137/2137
f 2016/2016/2016 1994/1994/1994 2013/2013/2013
f 2014/2014/2014 2011/2011/2011 2017/2017/2017
f 1108/1108/1108 1131/1131/1131 1124/1124/1124
f 1066/1066/1066 1081/1081/1081 1035/1035/1035
f 1086/1086/1086 1064/1064/1064 1063/1063/1063
f 1437/1437/1437 1434/1434/1434 1438/1438/1438
f 1086/1086/1086 1063/1063/1063 1062/1062/1062
f 1393/1393/1393 1437/1437/1437 1438/1438/1438
f 1437/1437/1437 1393/1393/1393 1434/1434/1434
f 1062/1062/1062 1080/1080/1080 1088/1088/1088
f 1089/1089/1089 1113/1113/1113 1074/1074/1074
f 1113/1113/1113 1065/1065/1065 1074/1074/1074
f 1366/1366/1366 1361/1361/1361 1378/1378/1378
f 1393/1393/1393 1366/1366/1366 1378/1378/1378
f 1361/1361/1361 1353/1353/1353 1378/1378/1378
f 1040/1040/1040 1082/1082/1082 1089/1089/1089
f 1353/1353/1353 1363/1363/1363 1378/1378/1378
f 1057/1057/1057 1056/1056/1056 1055/1055/1055
f 1055/1055/1055 1056/1056/1056 1053/1053/1053
f 1046/1046/1046 1055/1055/1055 1053/1053/1053
f 1353/1353/1353 1347/1347/1347 1352/1352/1352
f 1117/1117/1117 1099/1099/1099 1057/1057/1057
f 1917/1917/1917 1825/1825/1825 1811/1811/1811
f 1794/1794/1794 1795/1795/1795 1825/1825/1825
f 1794/1794/1794 1773/1773/1773 1795/1795/1795
f 1794/1794/1794 1758/1758/1758 1773/1773/1773
f 1305/1305/1305 1313/1313/1313 1315/1315/1315
f 1756/1756/1756 1769/1769/1769 1740/1740/1740
f 1713/1713/1713 1750/1750/1750 1740/1740/1740
f 1750/1750/1750 1756/1756/1756 1740/1740/1740
f 1712/1712/1712 1750/1750/1750 1713/1713/1713
f 1668/1668/1668 1667/1667/1667 1674/1674/1674
f 1248/1248/1248 1466/1466/1466 1252/1252/1252
f 1669/1669/1669 1673/1673/1673 1672/1672/1672
f 1680/1680/1680 1672/1672/1672 1673/1673/1673
f 1672/1672/1672 1680/1680/1680 1683/1683/1683
f 1683/1683/1683 1700/1700/1700 1699/1699/1699
f 1694/1694/1694 1683/1683/1683 1699/1699/1699
f 1700/1700/1700 1694/1694/1694 1699/1699/1699
f 1494/1494/1494 1515/1515/1515 1537/1537/1537
f 1694/1694/1694 1700/1700/1700 1708/1708/1708
f 1552/1552/1552 1557/1557/1557 1537/1537/1537
f 1709/1709/1709 1736/1736/1736 1707/1707/1707
f 1744/1744/1744 1743/1743/1743 1707/1707/1707
f 1575/1575/1575 1582/1582/1582 1590/1590/1590
f 1764/1764/1764 1751/1751/1751 1743/1743/1743
f 1582/1582/1582 1601/1601/1601 1590/1590/1590
f 2090/2090/2090 2020/2020/2020 2040/2040/2040
f 2033/2033/2033 2025/2025/2025 2041/2041/2041
f 1606/1606/1606 1605/1605/1605 1607/1607/1607
f 1606/1606/1606 1607/1607/1607 1582/1582/1582
f 1582/1582/1582 1607/1607/1607 1601/1601/1601
f 2181/2181/2181 2171/2171/2171 2180/2180/2180
f 2171/2171/2171 2152/2152/2152 2180/2180/2180
f 2010/2010/2010 2025/2025/2025 2033/2033/2033
f 2025/2025/2025 2010/2010/2010 2015/2015/2015
f 2010/2010/2010 1996/1996/1996 2015/2015/2015
f 2009/2009/2009 2015/2015/2015 1996/1996/1996
f 2015/2015/2015 2009/2009/2009 1994/1994/1994
f 2015/2015/2015 1994/1994/1994 2016/2016/2016
f 2152/2152/2152 2130/2130/2130 2137/2137/2137
f 2015/2015/2015 2016/2016/2016 2013/2013/2013
f 2047/2047/2047 2013/2013/2013 2046/2046/2046
f 1134/1134/1134 1131/1131/1131 1108/1108/1108
f 1078/1078/1078 1064/1064/1064 1086/1086/1086
f 1432/1432/1432 1407/1407/1407 1438/1438/1438
f 1407/1407/1407 1393/1393/1393 1438/1438/1438
f 1088/1088/1088 1086/1086/1086 1062/1062/1062
f 1086/1086/1086 1087/1087/1087 1078/1078/1078
f 1113/1113/1113 1089/1089/1089 1116/1116/1116
f 1082/1082/1082 1077/1077/1077 1052/1052/1052
f 1046/1046/1046 1053/1053/1053 1051/1051/1051
f 1052/1052/1052 1050/1050/1050 1082/1082/1082
f 1336/1336/1336 1347/1347/1347 1353/1353/1353
f 1336/1336/1336 1335/1335/1335 1347/1347/1347
f 1825/1825/1825 1773/1773/1773 1811/1811/1811
f 1315/1315/1315 1335/1335/1335 1336/1336/1336
f 1795/1795/1795 1773/1773/1773 1825/1825/1825
f 1304/1304/1304 1315/1315/1315 1316/1316/1316
f 1756/1756/1756 1758/1758/1758 1769/1769/1769
f 1305/1305/1305 1315/1315/1315 1304/1304/1304
f 1264/1264/1264 1269/1269/1269 1281/1281/1281
f 1711/1711/1711 1712/1712/1712 1671/1671/1671
f 1711/1711/1711 1671/1671/1671 1679/1679/1679
f 1242/1242/1242 1239/1239/1239 1238/1238/1238
f 1249/1249/1249 1248/1248/1248 1239/1239/1239
f 1466/1466/1466 1248/1248/1248 1295/1295/1295
f 1495/1495/1495 1467/1467/1467 1466/1466/1466
f 1683/1683/1683 1693/1693/1693 1692/1692/1692
f 1683/1683/1683 1694/1694/1694 1693/1693/1693
f 1515/1515/1515 1494/1494/1494 1495/1495/1495
f 1693/1693/1693 1694/1694/1694 1708/1708/1708
f 1515/1515/1515 1552/1552/1552 1537/1537/1537
f 1707/1707/1707 1708/1708/1708 1709/1709/1709
f 1707/1707/1707 1743/1743/1743 1727/1727/1727
f 1575/1575/1575 1590/1590/1590 1552/1552/1552
f 1751/1751/1751 1723/1723/1723 1743/1743/1743
f 1764/1764/1764 1723/1723/1723 1751/1751/1751
f 1723/1723/1723 1764/1764/1764 1766/1766/1766
f 2091/2091/2091 2090/2090/2090 2040/2040/2040
f 1583/1583/1583 1584/1584/1584 1582/1582/1582
f 2041/2041/2041 2025/2025/2025 2040/2040/2040
f 1584/1584/1584 1605/1605/1605 1582/1582/1582
f 1605/1605/1605 1606/1606/1606 1582/1582/1582
f 2171/2171/2171 2151/2151/2151 2152/2152/2152
f 2151/2151/2151 2130/2130/2130 2152/2152/2152
f 2013/2013/2013 2047/2047/2047 2015/2015/2015
f 2125/2125/2125 2124/2124/2124 2130/2130/2130
f 2013/2013/2013 2014/2014/2014 2044/2044/2044
f 2044/2044/2044 2014/2014/2014 2017/2017/2017
f 2044/2044/2044 2017/2017/2017 2078/2078/2078
f 2084/2084/2084 2078/2078/2078 2087/2087/2087
f 2084/2084/2084 2087/2087/2087 2124/2124/2124
f 2084/2084/2084 2124/2124/2124 2125/2125/2125
f 1081/1081/1081 1096/1096/1096 1035/1035/1035
f 1083/1083/1083 1035/1035/1035 1096/1096/1096
f 1407/1407/1407 1366/1366/1366 1393/1393/1393
f 1114/1114/1114 1086/1086/1086 1088/1088/1088
f 1128/1128/1128 1113/1113/1113 1116/1116/1116
f 1127/1127/1127 1113/1113/1113 1128/1128/1128
f 1114/1114/1114 1113/1113/1113 1127/1127/1127
f 1345/1345/1345 1361/1361/1361 1366/1366/1366
f 1345/1345/1345 1353/1353/1353 1361/1361/1361
f 1127/1127/1127 1128/1128/1128 1114/1114/1114
f 1345/1345/1345 1336/1336/1336 1353/1353/1353
f 1085/1085/1085 1050/1050/1050 1051/1051/1051
f 1112/1112/1112 1089/1089/1089 1082/1082/1082
f 1345/1345/1345 1332/1332/1332 1336/1336/1336
f 1057/1057/1057 1075/1075/1075 1056/1056/1056
f 1322/1322/1322 1336/1336/1336 1332/1332/1332
f 1322/1322/1322 1315/1315/1315 1336/1336/1336
f 1316/1316/1316 1315/1315/1315 1322/1322/1322
f 1304/1304/1304 1281/1281/1281 1305/1305/1305
f 1750/1750/1750 1749/1749/1749 1756/1756/1756
f 1280/1280/1280 1264/1264/1264 1281/1281/1281
f 1280/1280/1280 1281/1281/1281 1279/1279/1279
f 1712/1712/1712 1749/1749/1749 1750/1750/1750
f 1671/1671/1671 1664/1664/1664 1679/1679/1679
f 1667/1667/1667 1664/1664/1664 1671/1671/1671
f 1668/1668/1668 1666/1666/1666 1667/1667/1667
f 1667/1667/1667 1666/1666/1666 1662/1662/1662
f 1669/1669/1669 1666/1666/1666 1668/1668/1668
f 1295/1295/1295 1248/1248/1248 1249/1249/1249
f 1666/1666/1666 1669/1669/1669 1672/1672/1672
f 1481/1481/1481 1466/1466/1466 1295/1295/1295
f 1685/1685/1685 1672/1672/1672 1683/1683/1683
f 1481/1481/1481 1495/1495/1495 1466/1466/1466
f 1683/1683/1683 1692/1692/1692 1685/1685/1685
f 1514/1514/1514 1515/1515/1515 1495/1495/1495
f 1514/1514/1514 1495/1495/1495 1481/1481/1481
f 1692/1692/1692 1693/1693/1693 1707/1707/1707
f 1523/1523/1523 1515/1515/1515 1514/1514/1514
f 1707/1707/1707 1693/1693/1693 1708/1708/1708
f 1523/1523/1523 1552/1552/1552 1515/1515/1515
f 1523/1523/1523 1551/1551/1551 1552/1552/1552
f 1551/1551/1551 1575/1575/1575 1552/1552/1552
f 1723/1723/1723 1707/1707/1707 1727/1727/1727
f 1551/1551/1551 1582/1582/1582 1575/1575/1575
f 1743/1743/1743 1723/1723/1723 1727/1727/1727
f 2090/2090/2090 2091/2091/2091 2085/2085/2085
f 2085/2085/2085 2091/2091/2091 2040/2040/2040
f 2025/2025/2025 2085/2085/2085 2040/2040/2040
f 2054/2054/2054 2085/2085/2085 2025/2025/2025
f 1583/1583/1583 1605/1605/1605 1584/1584/1584
f 2172/2172/2172 2171/2171/2171 2187/2187/2187
f 2187/2187/2187 2171/2171/2171 2181/2181/2181
f 2054/2054/2054 2025/2025/2025 2048/2048/2048
f 2048/2048/2048 2025/2025/2025 2047/2047/2047
f 2172/2172/2172 2151/2151/2151 2171/2171/2171
f 2025/2025/2025 2015/2015/2015 2047/2047/2047
f 2049/2049/2049 2047/2047/2047 2046/2046/2046
f 2045/2045/2045 2046/2046/2046 2013/2013/2013
f 2045/2045/2045 2013/2013/2013 2044/2044/2044
f 1083/1083/1083 1108/1108/1108 1084/1084/1084
f 1083/1083/1083 1096/1096/1096 1108/1108/1108
f 1078/1078/1078 1081/1081/1081 1033/1033/1033
f 1369/1369/1369 1366/1366/1366 1407/1407/1407
f 1115/1115/1115 1086/1086/1086 1114/1114/1114
f 1369/1369/1369 1357/1357/1357 1366/1366/1366
f 1114/1114/1114 1141/1141/1141 1115/1115/1115
f 1357/1357/1357 1345/1345/1345 1366/1366/1366
f 1141/1141/1141 1114/1114/1114 1128/1128/1128
f 1915/1915/1915 1885/1885/1885 1904/1904/1904
f 1050/1050/1050 1085/1085/1085 1082/1082/1082
f 1057/1057/1057 1099/1099/1099 1075/1075/1075
f 1321/1321/1321 1322/1322/1322 1332/1332/1332
f 1755/1755/1755 1811/1811/1811 1773/1773/1773
f 1755/1755/1755 1773/1773/1773 1758/1758/1758
f 1304/1304/1304 1321/1321/1321 1312/1312/1312
f 1304/1304/1304 1316/1316/1316 1322/1322/1322
f 1321/1321/1321 1304/1304/1304 1322/1322/1322
f 1756/1756/1756 1753/1753/1753 1758/1758/1758
f 1753/1753/1753 1756/1756/1756 1749/1749/1749
f 1279/1279/1279 1281/1281/1281 1304/1304/1304
f 1749/1749/1749 1712/1712/1712 1711/1711/1711
f 1264/1264/1264 1280/1280/1280 1279/1279/1279
f 1679/1679/1679 1670/1670/1670 1711/1711/1711
f 1244/1244/1244 1245/1245/1245 1264/1264/1264
f 1679/1679/1679 1664/1664/1664 1670/1670/1670
f 1244/1244/1244 1238/1238/1238 1245/1245/1245
f 1243/1243/1243 1242/1242/1242 1238/1238/1238
f 1243/1243/1243 1238/1238/1238 1244/1244/1244
f 1662/1662/1662 1664/1664/1664 1667/1667/1667
f 1288/1288/1288 1249/1249/1249 1239/1239/1239
f 1288/1288/1288 1295/1295/1295 1249/1249/1249
f 1470/1470/1470 1295/1295/1295 1288/1288/1288
f 1481/1481/1481 1295/1295/1295 1470/1470/1470
f 1672/1672/1672 1685/1685/1685 1686/1686/1686
f 1470/1470/1470 1490/1490/1490 1481/1481/1481
f 1523/1523/1523 1514/1514/1514 1481/1481/1481
f 1707/1707/1707 1686/1686/1686 1692/1692/1692
f 1686/1686/1686 1707/1707/1707 1706/1706/1706
f 1706/1706/1706 1707/1707/1707 1705/1705/1705
f 1707/1707/1707 1723/1723/1723 1701/1701/1701
f 1766/1766/1766 1701/1701/1701 1723/1723/1723
f 2100/2100/2100 2090/2090/2090 2085/2085/2085
f 2054/2054/2054 2100/2100/2100 2085/2085/2085
f 1568/1568/1568 1582/1582/1582 1551/1551/1551
f 1568/1568/1568 1583/1583/1583 1582/1582/1582
f 1569/1569/1569 1598/1598/1598 1583/1583/1583
f 1569/1569/1569 1583/1583/1583 1568/1568/1568
f 2048/2048/2048 2047/2047/2047 2049/2049/2049
f 2149/2149/2149 2151/2151/2151 2172/2172/2172
f 2127/2127/2127 2130/2130/2130 2149/2149/2149
f 2149/2149/2149 2130/2130/2130 2151/2151/2151
f 2082/2082/2082 2045/2045/2045 2044/2044/2044
f 2127/2127/2127 2084/2084/2084 2125/2125/2125
f 2127/2127/2127 2125/2125/2125 2130/2130/2130
f 2044/2044/2044 2078/2078/2078 2083/2083/2083
f 2083/2083/2083 2078/2078/2078 2084/2084/2084
f 1096/1096/1096 1081/1081/1081 1109/1109/1109
f 1111/1111/1111 1078/1078/1078 1087/1087/1087
f 1078/1078/1078 1111/1111/1111 1110/1110/1110
f 1369/1369/1369 1407/1407/1407 1432/1432/1432
f 1432/1432/1432 1398/1398/1398 1368/1368/1368
f 1399/1399/1399 1432/1432/1432 1368/1368/1368
f 1399/1399/1399 1369/1369/1369 1432/1432/1432
f 1357/1357/1357 1344/1344/1344 1345/1345/1345
f 1067/1067/1067 1051/1051/1051 1053/1053/1053
f 1053/1053/1053 1056/1056/1056 1075/1075/1075
f 1112/1112/1112 1082/1082/1082 1085/1085/1085
f 1344/1344/1344 1332/1332/1332 1345/1345/1345
f 1085/1085/1085 1051/1051/1051 1118/1118/1118
f 1915/1915/1915 1905/1905/1905 1885/1885/1885
f 1326/1326/1326 1332/1332/1332 1344/1344/1344
f 1112/1112/1112 1140/1140/1140 1089/1089/1089
f 1140/1140/1140 1116/1116/1116 1089/1089/1089
f 1811/1811/1811 1755/1755/1755 1829/1829/1829
f 1326/1326/1326 1321/1321/1321 1332/1332/1332
f 1753/1753/1753 1755/1755/1755 1758/1758/1758
f 1312/1312/1312 1306/1306/1306 1304/1304/1304
f 1753/1753/1753 1749/1749/1749 1752/1752/1752
f 1279/1279/1279 1304/1304/1304 1306/1306/1306
f 1711/1711/1711 1752/1752/1752 1749/1749/1749
f 1277/1277/1277 1264/1264/1264 1279/1279/1279
f 1714/1714/1714 1711/1711/1711 1670/1670/1670
f 1265/1265/1265 1244/1244/1244 1264/1264/1264
f 1265/1265/1265 1264/1264/1264 1276/1276/1276
f 1670/1670/1670 1664/1664/1664 1663/1663/1663
f 1287/1287/1287 1288/1288/1288 1239/1239/1239
f 1672/1672/1672 1678/1678/1678 1666/1666/1666
f 1462/1462/1462 1470/1470/1470 1288/1288/1288
f 1672/1672/1672 1686/1686/1686 1678/1678/1678
f 1686/1686/1686 1685/1685/1685 1692/1692/1692
f 1522/1522/1522 1523/1523/1523 1481/1481/1481
f 1522/1522/1522 1481/1481/1481 1490/1490/1490
f 1705/1705/1705 1686/1686/1686 1706/1706/1706
f 1550/1550/1550 1551/1551/1551 1523/1523/1523
f 1550/1550/1550 1523/1523/1523 1522/1522/1522
f 1705/1705/1705 1707/1707/1707 1701/1701/1701
f 1550/1550/1550 1568/1568/1568 1551/1551/1551
f 2136/2136/2136 2100/2100/2100 2054/2054/2054
f 1550/1550/1550 1569/1569/1569 1568/1568/1568
f 2048/2048/2048 2080/2080/2080 2054/2054/2054
f 2080/2080/2080 2048/2048/2048 2081/2081/2081
f 2049/2049/2049 2046/2046/2046 2051/2051/2051
f 2051/2051/2051 2046/2046/2046 2045/2045/2045
f 2051/2051/2051 2045/2045/2045 2052/2052/2052
f 2082/2082/2082 2052/2052/2052 2045/2045/2045
f 2082/2082/2082 2044/2044/2044 2083/2083/2083
f 2150/2150/2150 2127/2127/2127 2149/2149/2149
f 1134/1134/1134 1108/1108/1108 1096/1096/1096
f 1109/1109/1109 1081/1081/1081 1078/1078/1078
f 1109/1109/1109 1078/1078/1078 1110/1110/1110
f 1581/1581/1581 1511/1511/1511 1432/1432/1432
f 1087/1087/1087 1086/1086/1086 1130/1130/1130
f 1130/1130/1130 1086/1086/1086 1115/1115/1115
f 1368/1368/1368 1369/1369/1369 1399/1399/1399
f 1146/1146/1146 1130/1130/1130 1115/1115/1115
f 1344/1344/1344 1357/1357/1357 1369/1369/1369
f 1368/1368/1368 1344/1344/1344 1369/1369/1369
f 1141/1141/1141 1146/1146/1146 1115/1115/1115
f 1075/1075/1075 1067/1067/1067 1053/1053/1053
f 1067/1067/1067 1119/1119/1119 1051/1051/1051
f 1051/1051/1051 1119/1119/1119 1118/1118/1118
f 1140/1140/1140 1112/1112/1112 1085/1085/1085
f 1118/1118/1118 1140/1140/1140 1085/1085/1085
f 1903/1903/1903 1904/1904/1904 1885/1885/1885
f 1067/1067/1067 1075/1075/1075 1119/1119/1119
f 1915/1915/1915 1906/1906/1906 1905/1905/1905
f 1326/1326/1326 1325/1325/1325 1321/1321/1321
f 1759/1759/1759 1829/1829/1829 1755/1755/1755
f 1325/1325/1325 1312/1312/1312 1321/1321/1321
f 1298/1298/1298 1306/1306/1306 1312/1312/1312
f 1298/1298/1298 1279/1279/1279 1306/1306/1306
f 1711/1711/1711 1757/1757/1757 1752/1752/1752
f 1757/1757/1757 1711/1711/1711 1714/1714/1714
f 1276/1276/1276 1277/1277/1277 1279/1279/1279
f 1276/1276/1276 1264/1264/1264 1277/1277/1277
f 1724/1724/1724 1714/1714/1714 1670/1670/1670
f 1725/1725/1725 1724/1724/1724 1670/1670/1670
f 1670/1670/1670 1690/1690/1690 1725/1725/1725
f 1663/1663/1663 1690/1690/1690 1670/1670/1670
f 1662/1662/1662 1663/1663/1663 1664/1664/1664
f 1242/1242/1242 1287/1287/1287 1239/1239/1239
f 1665/1665/1665 1663/1663/1663 1662/1662/1662
f 1461/1461/1461 1288/1288/1288 1287/1287/1287
f 1461/1461/1461 1462/1462/1462 1288/1288/1288
f 1666/1666/1666 1678/1678/1678 1665/1665/1665
f 1461/1461/1461 1470/1470/1470 1462/1462/1462
f 1461/1461/1461 1491/1491/1491 1470/1470/1470
f 1490/1490/1490 1470/1470/1470 1491/1491/1491
f 1678/1678/1678 1686/1686/1686 1684/1684/1684
f 1684/1684/1684 1686/1686/1686 1701/1701/1701
f 1705/1705/1705 1701/1701/1701 1686/1686/1686
f 1702/1702/1702 1766/1766/1766 1703/1703/1703
f 1703/1703/1703 1766/1766/1766 1781/1781/1781
f 1701/1701/1701 1766/1766/1766 1702/1702/1702
f 2153/2153/2153 2090/2090/2090 2100/2100/2100
f 1521/1521/1521 1548/1548/1548 1550/1550/1550
f 1550/1550/1550 1522/1522/1522 1521/1521/1521
f 1548/1548/1548 1563/1563/1563 1550/1550/1550
f 2054/2054/2054 2080/2080/2080 2136/2136/2136
f 1563/1563/1563 1569/1569/1569 1550/1550/1550
f 1563/1563/1563 1598/1598/1598 1569/1569/1569
f 2081/2081/2081 2049/2049/2049 2079/2079/2079
f 2049/2049/2049 2081/2081/2081 2048/2048/2048
f 2170/2170/2170 2150/2150/2150 2172/2172/2172
f 2172/2172/2172 2150/2150/2150 2149/2149/2149
f 2082/2082/2082 2092/2092/2092 2051/2051/2051
f 2148/2148/2148 2150/2150/2150 2170/2170/2170
f 2052/2052/2052 2082/2082/2082 2051/2051/2051
f 2148/2148/2148 2127/2127/2127 2150/2150/2150
f 2083/2083/2083 2095/2095/2095 2082/2082/2082
f 2101/2101/2101 2084/2084/2084 2127/2127/2127
f 1424/1424/1424 1432/1432/1432 1511/1511/1511
f 1398/1398/1398 1432/1432/1432 1433/1433/1433
f 1109/1109/1109 1151/1151/1151 1096/1096/1096
f 1433/1433/1433 1432/1432/1432 1424/1424/1424
f 1111/1111/1111 1087/1087/1087 1130/1130/1130
f 1903/1903/1903 1885/1885/1885 1886/1886/1886
f 1344/1344/1344 1333/1333/1333 1326/1326/1326
f 1333/1333/1333 1325/1325/1325 1326/1326/1326
f 1829/1829/1829 1759/1759/1759 1894/1894/1894
f 1849/1849/1849 1885/1885/1885 1905/1905/1905
f 1906/1906/1906 1828/1828/1828 1896/1896/1896
f 1885/1885/1885 1849/1849/1849 1863/1863/1863
f 1755/1755/1755 1754/1754/1754 1759/1759/1759
f 1905/1905/1905 1906/1906/1906 1896/1896/1896
f 1325/1325/1325 1311/1311/1311 1312/1312/1312
f 1753/1753/1753 1754/1754/1754 1755/1755/1755
f 1896/1896/1896 1828/1828/1828 1791/1791/1791
f 1311/1311/1311 1298/1298/1298 1312/1312/1312
f 1754/1754/1754 1753/1753/1753 1752/1752/1752
f 1754/1754/1754 1752/1752/1752 1757/1757/1757
f 1297/1297/1297 1279/1279/1279 1298/1298/1298
f 1757/1757/1757 1714/1714/1714 1724/1724/1724
f 1297/1297/1297 1276/1276/1276 1279/1279/1279
f 1788/1788/1788 1786/1786/1786 1789/1789/1789
f 1725/1725/1725 1788/1788/1788 1724/1724/1724
f 1816/1816/1816 1789/1789/1789 1786/1786/1786
f 1267/1267/1267 1265/1265/1265 1276/1276/1276
f 1788/1788/1788 1725/1725/1725 1786/1786/1786
f 1267/1267/1267 1244/1244/1244 1265/1265/1265
f 1786/1786/1786 1725/1725/1725 1690/1690/1690
f 1243/1243/1243 1244/1244/1244 1267/1267/1267
f 1268/1268/1268 1242/1242/1242 1243/1243/1243
f 1242/1242/1242 1286/1286/1286 1287/1287/1287
f 1666/1666/1666 1665/1665/1665 1662/1662/1662
f 1684/1684/1684 1665/1665/1665 1678/1678/1678
f 1492/1492/1492 1461/1461/1461 1477/1477/1477
f 1492/1492/1492 1491/1491/1491 1461/1461/1461
f 1490/1490/1490 1491/1491/1491 1492/1492/1492
f 1521/1521/1521 1490/1490/1490 1492/1492/1492
f 2153/2153/2153 2100/2100/2100 2158/2158/2158
f 1521/1521/1521 1522/1522/1522 1490/1490/1490
f 2158/2158/2158 2100/2100/2100 2154/2154/2154
f 2136/2136/2136 2154/2154/2154 2100/2100/2100
f 2154/2154/2154 2136/2136/2136 2080/2080/2080
f 2080/2080/2080 2081/2081/2081 2079/2079/2079
f 1564/1564/1564 1596/1596/1596 1598/1598/1598
f 1564/1564/1564 1598/1598/1598 1563/1563/1563
f 2079/2079/2079 2049/2049/2049 2051/2051/2051
f 1596/1596/1596 1599/1599/1599 1598/1598/1598
f 2051/2051/2051 2092/2092/2092 2093/2093/2093
f 2092/2092/2092 2082/2082/2082 2093/2093/2093
f 2093/2093/2093 2082/2082/2082 2095/2095/2095
f 2096/2096/2096 2084/2084/2084 2101/2101/2101
f 2095/2095/2095 2083/2083/2083 2084/2084/2084
f 2095/2095/2095 2084/2084/2084 2096/2096/2096
f 2147/2147/2147 2101/2101/2101 2148/2148/2148
f 2148/2148/2148 2101/2101/2101 2127/2127/2127
f 1913/1913/1913 1901/1901/1901 1898/1898/1898
f 1424/1424/1424 1398/1398/1398 1433/1433/1433
f 1358/1358/1358 1368/1368/1368 1398/1398/1398
f 1358/1358/1358 1344/1344/1344 1368/1368/1368
f 1358/1358/1358 1330/1330/1330 1344/1344/1344
f 1902/1902/1902 1886/1886/1886 1901/1901/1901
f 1330/1330/1330 1333/1333/1333 1344/1344/1344
f 1886/1886/1886 1902/1902/1902 1903/1903/1903
f 1916/1916/1916 1894/1894/1894 1893/1893/1893
f 1886/1886/1886 1885/1885/1885 1854/1854/1854
f 1325/1325/1325 1333/1333/1333 1330/1330/1330
f 1893/1893/1893 1906/1906/1906 1916/1916/1916
f 1863/1863/1863 1854/1854/1854 1885/1885/1885
f 1828/1828/1828 1906/1906/1906 1893/1893/1893
f 1759/1759/1759 1770/1770/1770 1894/1894/1894
f 1894/1894/1894 1770/1770/1770 1893/1893/1893
f 1759/1759/1759 1754/1754/1754 1770/1770/1770
f 1893/1893/1893 1892/1892/1892 1828/1828/1828
f 1895/1895/1895 1905/1905/1905 1896/1896/1896
f 1905/1905/1905 1895/1895/1895 1849/1849/1849
f 1893/1893/1893 1770/1770/1770 1892/1892/1892
f 1892/1892/1892 1789/1789/1789 1828/1828/1828
f 1791/1791/1791 1895/1895/1895 1896/1896/1896
f 1892/1892/1892 1770/1770/1770 1789/1789/1789
f 1754/1754/1754 1757/1757/1757 1770/1770/1770
f 1828/1828/1828 1789/1789/1789 1816/1816/1816
f 1297/1297/1297 1298/1298/1298 1311/1311/1311
f 1770/1770/1770 1724/1724/1724 1788/1788/1788
f 1770/1770/1770 1788/1788/1788 1789/1789/1789
f 1724/1724/1724 1770/1770/1770 1757/1757/1757
f 1828/1828/1828 1816/1816/1816 1791/1791/1791
f 1284/1284/1284 1267/1267/1267 1276/1276/1276
f 1268/1268/1268 1243/1243/1243 1267/1267/1267
f 1270/1270/1270 1242/1242/1242 1268/1268/1268
f 1687/1687/1687 1663/1663/1663 1665/1665/1665
f 1270/1270/1270 1286/1286/1286 1242/1242/1242
f 1286/1286/1286 1461/1461/1461 1287/1287/1287
f 1459/1459/1459 1461/1461/1461 1286/1286/1286
f 1684/1684/1684 1687/1687/1687 1665/1665/1665
f 1688/1688/1688 1687/1687/1687 1684/1684/1684
f 1476/1476/1476 1461/1461/1461 1459/1459/1459
f 1476/1476/1476 1477/1477/1477 1461/1461/1461
f 1691/1691/1691 1684/1684/1684 1703/1703/1703
f 1498/1498/1498 1477/1477/1477 1476/1476/1476
f 1684/1684/1684 1701/1701/1701 1702/1702/1702
f 1684/1684/1684 1702/1702/1702 1703/1703/1703
f 1498/1498/1498 1492/1492/1492 1477/1477/1477
f 1703/1703/1703 1781/1781/1781 1832/1832/1832
f 1833/1833/1833 1832/1832/1832 1837/1837/1837
f 1498/1498/1498 1521/1521/1521 1492/1492/1492
f 1519/1519/1519 1521/1521/1521 1498/1498/1498
f 1836/1836/1836 1833/1833/1833 1837/1837/1837
f 1519/1519/1519 1538/1538/1538 1548/1548/1548
f 1519/1519/1519 1548/1548/1548 1521/1521/1521
f 2080/2080/2080 2138/2138/2138 2154/2154/2154
f 1538/1538/1538 1563/1563/1563 1548/1548/1548
f 2079/2079/2079 2138/2138/2138 2080/2080/2080
f 1538/1538/1538 1564/1564/1564 1563/1563/1563
f 1560/1560/1560 1564/1564/1564 1538/1538/1538
f 2098/2098/2098 2051/2051/2051 2097/2097/2097
f 2165/2165/2165 2146/2146/2146 2148/2148/2148
f 1560/1560/1560 1596/1596/1596 1564/1564/1564
f 2097/2097/2097 2051/2051/2051 2093/2093/2093
f 2131/2131/2131 2101/2101/2101 2135/2135/2135
f 2135/2135/2135 2101/2101/2101 2146/2146/2146
f 2133/2133/2133 2093/2093/2093 2095/2095/2095
f 2095/2095/2095 2096/2096/2096 2131/2131/2131
f 2131/2131/2131 2096/2096/2096 2101/2101/2101
f 2101/2101/2101 2147/2147/2147 2146/2146/2146
f 2146/2146/2146 2147/2147/2147 2148/2148/2148
f 1164/1164/1164 1151/1151/1151 1109/1109/1109
f 1163/1163/1163 1109/1109/1109 1110/1110/1110
f 1163/1163/1163 1164/1164/1164 1109/1109/1109
f 1909/1909/1909 1914/1914/1914 1913/1913/1913
f 1913/1913/1913 1910/1910/1910 1909/1909/1909
f 1913/1913/1913 1898/1898/1898 1910/1910/1910
f 1887/1887/1887 1901/1901/1901 1886/1886/1886
f 1314/1314/1314 1325/1325/1325 1330/1330/1330
f 1325/1325/1325 1314/1314/1314 1311/1311/1311
f 1297/1297/1297 1311/1311/1311 1314/1314/1314
f 1845/1845/1845 1849/1849/1849 1895/1895/1895
f 1849/1849/1849 1848/1848/1848 1863/1863/1863
f 1791/1791/1791 1787/1787/1787 1895/1895/1895
f 1299/1299/1299 1276/1276/1276 1297/1297/1297
f 1299/1299/1299 1284/1284/1284 1276/1276/1276
f 1786/1786/1786 1791/1791/1791 1816/1816/1816
f 1786/1786/1786 1787/1787/1787 1791/1791/1791
f 1268/1268/1268 1267/1267/1267 1284/1284/1284
f 1786/1786/1786 1689/1689/1689 1726/1726/1726
f 1690/1690/1690 1689/1689/1689 1786/1786/1786
f 1663/1663/1663 1687/1687/1687 1689/1689/1689
f 1663/1663/1663 1689/1689/1689 1690/1690/1690
f 1294/1294/1294 1296/1296/1296 1286/1286/1286
f 1294/1294/1294 1286/1286/1286 1270/1270/1270
f 1296/1296/1296 1459/1459/1459 1286/1286/1286
f 1482/1482/1482 1476/1476/1476 1459/1459/1459
f 1691/1691/1691 1688/1688/1688 1684/1684/1684
f 1691/1691/1691 1832/1832/1832 1831/1831/1831
f 1831/1831/1831 1832/1832/1832 1833/1833/1833
f 1832/1832/1832 1691/1691/1691 1703/1703/1703
f 1482/1482/1482 1507/1507/1507 1498/1498/1498
f 1482/1482/1482 1498/1498/1498 1476/1476/1476
f 1507/1507/1507 1519/1519/1519 1498/1498/1498
f 1507/1507/1507 1536/1536/1536 1538/1538/1538
f 1538/1538/1538 1519/1519/1519 1507/1507/1507
f 1536/1536/1536 1560/1560/1560 1538/1538/1538
f 2098/2098/2098 2079/2079/2079 2051/2051/2051
f 2098/2098/2098 2097/2097/2097 2093/2093/2093
f 2098/2098/2098 2093/2093/2093 2133/2133/2133
f 2143/2143/2143 2133/2133/2133 2095/2095/2095
f 1511/1511/1511 1423/1423/1423 1424/1424/1424
f 1423/1423/1423 1362/1362/1362 1424/1424/1424
f 1898/1898/1898 1909/1909/1909 1910/1910/1910
f 1424/1424/1424 1362/1362/1362 1398/1398/1398
f 1362/1362/1362 1358/1358/1358 1398/1398/1398
f 1898/1898/1898 1901/1901/1901 1887/1887/1887
f 1887/1887/1887 1888/1888/1888 1898/1898/1898
f 1359/1359/1359 1314/1314/1314 1358/1358/1358
f 1314/1314/1314 1330/1330/1330 1358/1358/1358
f 1848/1848/1848 1854/1854/1854 1863/1863/1863
f 1314/1314/1314 1299/1299/1299 1297/1297/1297
f 1845/1845/1845 1848/1848/1848 1849/1849/1849
f 1848/1848/1848 1845/1845/1845 1847/1847/1847
f 1299/1299/1299 1268/1268/1268 1284/1284/1284
f 1787/1787/1787 1845/1845/1845 1895/1895/1895
f 1843/1843/1843 1845/1845/1845 1787/1787/1787
f 1300/1300/1300 1268/1268/1268 1299/1299/1299
f 1787/1787/1787 1842/1842/1842 1843/1843/1843
f 1786/1786/1786 1726/1726/1726 1787/1787/1787
f 1268/1268/1268 1271/1271/1271 1270/1270/1270
f 1292/1292/1292 1271/1271/1271 1268/1268/1268
f 1292/1292/1292 1270/1270/1270 1271/1271/1271
f 1726/1726/1726 1810/1810/1810 1787/1787/1787
f 1787/1787/1787 1838/1838/1838 1842/1842/1842
f 1787/1787/1787 1810/1810/1810 1838/1838/1838
f 1842/1842/1842 1839/1839/1839 1843/1843/1843
f 1689/1689/1689 1687/1687/1687 1726/1726/1726
f 1842/1842/1842 1838/1838/1838 1839/1839/1839
f 1726/1726/1726 1687/1687/1687 1810/1810/1810
f 1810/1810/1810 1831/1831/1831 1838/1838/1838
f 1687/1687/1687 1688/1688/1688 1810/1810/1810
f 1688/1688/1688 1691/1691/1691 1810/1810/1810
f 1463/1463/1463 1459/1459/1459 1296/1296/1296
f 1831/1831/1831 1810/1810/1810 1691/1691/1691
f 1463/1463/1463 1483/1483/1483 1482/1482/1482
f 1463/1463/1463 1482/1482/1482 1459/1459/1459
f 1834/1834/1834 1831/1831/1831 1833/1833/1833
f 1833/1833/1833 1836/1836/1836 1835/1835/1835
f 1482/1482/1482 1513/1513/1513 1507/1507/1507
f 1513/1513/1513 1536/1536/1536 1507/1507/1507
f 2142/2142/2142 2138/2138/2138 2079/2079/2079
f 2142/2142/2142 2079/2079/2079 2141/2141/2141
f 1513/1513/1513 1553/1553/1553 1560/1560/1560
f 1513/1513/1513 1560/1560/1560 1536/1536/1536
f 2079/2079/2079 2098/2098/2098 2141/2141/2141
f 1561/1561/1561 1560/1560/1560 1553/1553/1553
f 2135/2135/2135 2140/2140/2140 2139/2139/2139
f 1553/1553/1553 1596/1596/1596 1561/1561/1561
f 1561/1561/1561 1596/1596/1596 1560/1560/1560
f 2141/2141/2141 2098/2098/2098 2133/2133/2133
f 2159/2159/2159 2135/2135/2135 2165/2165/2165
f 1553/1553/1553 1597/1597/1597 1596/1596/1596
f 2139/2139/2139 2143/2143/2143 2095/2095/2095
f 2139/2139/2139 2095/2095/2095 2131/2131/2131
f 2139/2139/2139 2131/2131/2131 2135/2135/2135
f 2135/2135/2135 2146/2146/2146 2165/2165/2165
f 1912/1912/1912 1909/1909/1909 1911/1911/1911
f 1900/1900/1900 1909/1909/1909 1898/1898/1898
f 1911/1911/1911 1909/1909/1909 1900/1900/1900
f 1535/1535/1535 1534/1534/1534 1511/1511/1511
f 1534/1534/1534 1423/1423/1423 1511/1511/1511
f 1362/1362/1362 1423/1423/1423 1375/1375/1375
f 1359/1359/1359 1358/1358/1358 1362/1362/1362
f 1887/1887/1887 1886/1886/1886 1870/1870/1870
f 1897/1897/1897 1898/1898/1898 1880/1880/1880
f 1898/1898/1898 1888/1888/1888 1880/1880/1880
f 1359/1359/1359 1362/1362/1362 1314/1314/1314
f 1854/1854/1854 1870/1870/1870 1886/1886/1886
f 1888/1888/1888 1887/1887/1887 1870/1870/1870
f 1331/1331/1331 1314/1314/1314 1362/1362/1362
f 1323/1323/1323 1314/1314/1314 1331/1331/1331
f 1323/1323/1323 1299/1299/1299 1314/1314/1314
f 1324/1324/1324 1299/1299/1299 1323/1323/1323
f 1324/1324/1324 1302/1302/1302 1299/1299/1299
f 1845/1845/1845 1846/1846/1846 1847/1847/1847
f 1301/1301/1301 1299/1299/1299 1302/1302/1302
f 1301/1301/1301 1300/1300/1300 1299/1299/1299
f 1301/1301/1301 1292/1292/1292 1268/1268/1268
f 1301/1301/1301 1268/1268/1268 1300/1300/1300
f 1841/1841/1841 1845/1845/1845 1843/1843/1843
f 1294/1294/1294 1270/1270/1270 1292/1292/1292
f 1841/1841/1841 1843/1843/1843 1839/1839/1839
f 1397/1397/1397 1296/1296/1296 1294/1294/1294
f 1397/1397/1397 1463/1463/1463 1296/1296/1296
f 1834/1834/1834 1838/1838/1838 1831/1831/1831
f 1463/1463/1463 1484/1484/1484 1483/1483/1483
f 1484/1484/1484 1506/1506/1506 1482/1482/1482
f 1484/1484/1484 1482/1482/1482 1483/1483/1483
f 1833/1833/1833 1835/1835/1835 1834/1834/1834
f 1834/1834/1834 1835/1835/1835 1844/1844/1844
f 1506/1506/1506 1513/1513/1513 1482/1482/1482
f 1506/1506/1506 1544/1544/1544 1513/1513/1513
f 2157/2157/2157 2142/2142/2142 2141/2141/2141
f 2157/2157/2157 2141/2141/2141 2156/2156/2156
f 1544/1544/1544 1553/1553/1553 1513/1513/1513
f 2156/2156/2156 2141/2141/2141 2133/2133/2133
f 2156/2156/2156 2133/2133/2133 2155/2155/2155
f 1884/1884/1884 1899/1899/1899 1907/1907/1907
f 2155/2155/2155 2133/2133/2133 2143/2143/2143
f 2159/2159/2159 2139/2139/2139 2140/2140/2140
f 2159/2159/2159 2140/2140/2140 2135/2135/2135
f 1878/1878/1878 1899/1899/1899 1884/1884/1884
f 1900/1900/1900 1898/1898/1898 1897/1897/1897
f 1578/1578/1578 1576/1576/1576 1534/1534/1534
f 1534/1534/1534 1576/1576/1576 1516/1516/1516
f 1423/1423/1423 1373/1373/1373 1375/1375/1375
f 1449/1449/1449 1373/1373/1373 1423/1423/1423
f 1897/1897/1897 1880/1880/1880 1890/1890/1890
f 1375/1375/1375 1373/1373/1373 1362/1362/1362
f 1373/1373/1373 1331/1331/1331 1362/1362/1362
f 1854/1854/1854 1847/1847/1847 1870/1870/1870
f 1848/1848/1848 1847/1847/1847 1854/1854/1854
f 1870/1870/1870 1847/1847/1847 1861/1861/1861
f 1324/1324/1324 1323/1323/1323 1331/1331/1331
f 1324/1324/1324 1301/1301/1301 1302/1302/1302
f 1845/1845/1845 1841/1841/1841 1846/1846/1846
f 1301/1301/1301 1377/1377/1377 1292/1292/1292
f 1377/1377/1377 1294/1294/1294 1292/1292/1292
f 1377/1377/1377 1397/1397/1397 1294/1294/1294
f 1838/1838/1838 1840/1840/1840 1839/1839/1839
f 1471/1471/1471 1472/1472/1472 1463/1463/1463
f 1471/1471/1471 1463/1463/1463 1397/1397/1397
f 1834/1834/1834 1840/1840/1840 1838/1838/1838
f 1472/1472/1472 1484/1484/1484 1463/1463/1463
f 1840/1840/1840 1834/1834/1834 1844/1844/1844
f 1506/1506/1506 1484/1484/1484 1472/1472/1472
f 1852/1852/1852 1840/1840/1840 1844/1844/1844
f 1840/1840/1840 1852/1852/1852 1851/1851/1851
f 1533/1533/1533 1544/1544/1544 1506/1506/1506
f 1851/1851/1851 1852/1852/1852 1858/1858/1858
f 1544/1544/1544 1573/1573/1573 1574/1574/1574
f 1544/1544/1544 1574/1574/1574 1553/1553/1553
f 2139/2139/2139 2155/2155/2155 2143/2143/2143
f 1908/1908/1908 1881/1881/1881 1907/1907/1907
f 1868/1868/1868 1878/1878/1878 1872/1872/1872
f 1881/1881/1881 1884/1884/1884 1907/1907/1907
f 1872/1872/1872 1878/1878/1878 1884/1884/1884
f 1449/1449/1449 1423/1423/1423 1534/1534/1534
f 1534/1534/1534 1516/1516/1516 1449/1449/1449
f 1897/1897/1897 1890/1890/1890 1900/1900/1900
f 1394/1394/1394 1374/1374/1374 1373/1373/1373
f 1374/1374/1374 1331/1331/1331 1373/1373/1373
f 1888/1888/1888 1870/1870/1870 1880/1880/1880
f 1394/1394/1394 1331/1331/1331 1374/1374/1374
f 1880/1880/1880 1870/1870/1870 1879/1879/1879
f 1394/1394/1394 1376/1376/1376 1331/1331/1331
f 1861/1861/1861 1875/1875/1875 1870/1870/1870
f 1376/1376/1376 1324/1324/1324 1331/1331/1331
f 1376/1376/1376 1301/1301/1301 1324/1324/1324
f 1846/1846/1846 1861/1861/1861 1847/1847/1847
f 1376/1376/1376 1395/1395/1395 1301/1301/1301
f 1395/1395/1395 1377/1377/1377 1301/1301/1301
f 1396/1396/1396 1377/1377/1377 1395/1395/1395
f 1396/1396/1396 1400/1400/1400 1377/1377/1377
f 1841/1841/1841 1855/1855/1855 1846/1846/1846
f 1839/1839/1839 1840/1840/1840 1841/1841/1841
f 1400/1400/1400 1401/1401/1401 1397/1397/1397
f 1400/1400/1400 1397/1397/1397 1377/1377/1377
f 1401/1401/1401 1471/1471/1471 1397/1397/1397
f 1841/1841/1841 1840/1840/1840 1850/1850/1850
f 1857/1857/1857 1841/1841/1841 1850/1850/1850
f 1471/1471/1471 1480/1480/1480 1472/1472/1472
f 1840/1840/1840 1851/1851/1851 1850/1850/1850
f 1480/1480/1480 1512/1512/1512 1472/1472/1472
f 1850/1850/1850 1851/1851/1851 1853/1853/1853
f 1512/1512/1512 1506/1506/1506 1472/1472/1472
f 1512/1512/1512 1532/1532/1532 1506/1506/1506
f 1540/1540/1540 1532/1532/1532 1512/1512/1512
f 1858/1858/1858 1853/1853/1853 1851/1851/1851
f 1532/1532/1532 1533/1533/1533 1506/1506/1506
f 1853/1853/1853 1859/1859/1859 1864/1864/1864
f 1532/1532/1532 1540/1540/1540 1544/1544/1544
f 1532/1532/1532 1544/1544/1544 1533/1533/1533
f 1853/1853/1853 1858/1858/1858 1859/1859/1859
f 1864/1864/1864 1869/1869/1869 1872/1872/1872
f 1872/1872/1872 1884/1884/1884 1881/1881/1881
f 1571/1571/1571 1544/1544/1544 1540/1540/1540
f 1868/1868/1868 1859/1859/1859 1858/1858/1858
f 1859/1859/1859 1868/1868/1868 1864/1864/1864
f 1864/1864/1864 1868/1868/1868 1869/1869/1869
f 1869/1869/1869 1868/1868/1868 1872/1872/1872
f 1571/1571/1571 1573/1573/1573 1544/1544/1544
f 1516/1516/1516 1576/1576/1576 1549/1549/1549
f 1549/1549/1549 1576/1576/1576 1577/1577/1577
f 1449/1449/1449 1458/1458/1458 1373/1373/1373
f 1458/1458/1458 1394/1394/1394 1373/1373/1373
f 1549/1549/1549 1517/1517/1517 1516/1516/1516
f 1516/1516/1516 1458/1458/1458 1449/1449/1449
f 1516/1516/1516 1517/1517/1517 1458/1458/1458
f 1880/1880/1880 1879/1879/1879 1890/1890/1890
f 1890/1890/1890 1891/1891/1891 1889/1889/1889
f 1875/1875/1875 1879/1879/1879 1870/1870/1870
f 1890/1890/1890 1879/1879/1879 1891/1891/1891
f 1458/1458/1458 1376/1376/1376 1394/1394/1394
f 1889/1889/1889 1891/1891/1891 1879/1879/1879
f 1458/1458/1458 1396/1396/1396 1395/1395/1395
f 1458/1458/1458 1518/1518/1518 1396/1396/1396
f 1458/1458/1458 1395/1395/1395 1376/1376/1376
f 1861/1861/1861 1846/1846/1846 1862/1862/1862
f 1861/1861/1861 1862/1862/1862 1874/1874/1874
f 1861/1861/1861 1874/1874/1874 1875/1875/1875
f 1874/1874/1874 1862/1862/1862 1867/1867/1867
f 1473/1473/1473 1401/1401/1401 1396/1396/1396
f 1401/1401/1401 1400/1400/1400 1396/1396/1396
f 1473/1473/1473 1471/1471/1471 1401/1401/1401
f 1855/1855/1855 1862/1862/1862 1846/1846/1846
f 1855/1855/1855 1856/1856/1856 1862/1862/1862
f 1862/1862/1862 1856/1856/1856 1866/1866/1866
f 1867/1867/1867 1862/1862/1862 1866/1866/1866
f 1856/1856/1856 1855/1855/1855 1841/1841/1841
f 1486/1486/1486 1480/1480/1480 1471/1471/1471
f 1857/1857/1857 1856/1856/1856 1841/1841/1841
f 1486/1486/1486 1487/1487/1487 1480/1480/1480
f 1856/1856/1856 1857/1857/1857 1866/1866/1866
f 1866/1866/1866 1860/1860/1860 1865/1865/1865
f 1866/1866/1866 1865/1865/1865 1871/1871/1871
f 1529/1529/1529 1505/1505/1505 1487/1487/1487
f 1866/1866/1866 1857/1857/1857 1860/1860/1860
f 1487/1487/1487 1505/1505/1505 1480/1480/1480
f 1853/1853/1853 1857/1857/1857 1850/1850/1850
f 1860/1860/1860 1857/1857/1857 1853/1853/1853
f 1505/1505/1505 1512/1512/1512 1480/1480/1480
f 1865/1865/1865 1860/1860/1860 1864/1864/1864
f 1505/1505/1505 1527/1527/1527 1512/1512/1512
f 1529/1529/1529 1527/1527/1527 1505/1505/1505
f 1529/1529/1529 1540/1540/1540 1527/1527/1527
f 1527/1527/1527 1540/1540/1540 1512/1512/1512
f 1860/1860/1860 1853/1853/1853 1864/1864/1864
f 1529/1529/1529 1570/1570/1570 1540/1540/1540
f 1865/1865/1865 1864/1864/1864 1871/1871/1871
f 1883/1883/1883 1871/1871/1871 1882/1882/1882
f 1570/1570/1570 1571/1571/1571 1540/1540/1540
f 1872/1872/1872 1871/1871/1871 1864/1864/1864
f 1871/1871/1871 1872/1872/1872 1881/1881/1881
f 1871/1871/1871 1881/1881/1881 1882/1882/1882
f 1474/1474/1474 1517/1517/1517 1549/1549/1549
f 1567/1567/1567 1549/1549/1549 1577/1577/1577
f 1517/1517/1517 1474/1474/1474 1458/1458/1458
f 1879/1879/1879 1877/1877/1877 1889/1889/1889
f 1474/1474/1474 1518/1518/1518 1458/1458/1458
f 1474/1474/1474 1396/1396/1396 1518/1518/1518
f 1567/1567/1567 1566/1566/1566 1549/1549/1549
f 1508/1508/1508 1475/1475/1475 1474/1474/1474
f 1474/1474/1474 1473/1473/1473 1396/1396/1396
f 1879/1879/1879 1875/1875/1875 1877/1877/1877
f 1549/1549/1549 1510/1510/1510 1474/1474/1474
f 1549/1549/1549 1566/1566/1566 1510/1510/1510
f 1874/1874/1874 1876/1876/1876 1875/1875/1875
f 1875/1875/1875 1876/1876/1876 1877/1877/1877
f 1474/1474/1474 1475/1475/1475 1473/1473/1473
f 1474/1474/1474 1510/1510/1510 1508/1508/1508
f 1874/1874/1874 1867/1867/1867 1866/1866/1866
f 1475/1475/1475 1471/1471/1471 1473/1473/1473
f 1876/1876/1876 1874/1874/1874 1873/1873/1873
f 1508/1508/1508 1486/1486/1486 1475/1475/1475
f 1486/1486/1486 1471/1471/1471 1475/1475/1475
f 1874/1874/1874 1866/1866/1866 1873/1873/1873
f 1566/1566/1566 1572/1572/1572 1565/1565/1565
f 1565/1565/1565 1524/1524/1524 1566/1566/1566
f 1508/1508/1508 1487/1487/1487 1486/1486/1486
f 1566/1566/1566 1524/1524/1524 1510/1510/1510
f 1510/1510/1510 1509/1509/1509 1508/1508/1508
f 1508/1508/1508 1509/1509/1509 1487/1487/1487
f 1510/1510/1510 1524/1524/1524 1509/1509/1509
f 1524/1524/1524 1487/1487/1487 1509/1509/1509
f 1866/1866/1866 1871/1871/1871 1873/1873/1873
f 1524/1524/1524 1529/1529/1529 1487/1487/1487
f 1565/1565/1565 1529/1529/1529 1524/1524/1524
f 1572/1572/1572 1588/1588/1588 1570/1570/1570
f 1572/1572/1572 1570/1570/1570 1529/1529/1529
f 1572/1572/1572 1529/1529/1529 1565/1565/1565
